ppm,hz,total_with_exchange,total_carbon_bound,exchangeable pool (H2O/OH/COOH),AcOH CH3
1.90003,152.32,0.074152,0.016283,0.057869,0.016170
1.90023,152.34,0.074197,0.016319,0.057878,0.016206
1.90043,152.35,0.074243,0.016355,0.057888,0.016242
1.90063,152.37,0.074288,0.016391,0.057897,0.016278
1.90083,152.39,0.074334,0.016427,0.057907,0.016314
1.90103,152.40,0.074380,0.016464,0.057916,0.016351
1.90123,152.42,0.074426,0.016500,0.057925,0.016387
1.90143,152.43,0.074472,0.016537,0.057935,0.016424
1.90163,152.45,0.074518,0.016574,0.057944,0.016461
1.90183,152.47,0.074564,0.016611,0.057954,0.016497
1.90203,152.48,0.074611,0.016648,0.057963,0.016534
1.90223,152.50,0.074657,0.016685,0.057972,0.016572
1.90243,152.51,0.074704,0.016722,0.057982,0.016609
1.90263,152.53,0.074751,0.016759,0.057991,0.016646
1.90283,152.55,0.074798,0.016797,0.058001,0.016684
1.90303,152.56,0.074845,0.016835,0.058010,0.016721
1.90323,152.58,0.074892,0.016872,0.058019,0.016759
1.90343,152.59,0.074939,0.016910,0.058029,0.016797
1.90363,152.61,0.074987,0.016948,0.058038,0.016835
1.90383,152.63,0.075034,0.016987,0.058048,0.016873
1.90403,152.64,0.075082,0.017025,0.058057,0.016911
1.90423,152.66,0.075130,0.017063,0.058067,0.016950
1.90443,152.67,0.075178,0.017102,0.058076,0.016988
1.90463,152.69,0.075226,0.017141,0.058085,0.017027
1.90483,152.71,0.075274,0.017179,0.058095,0.017066
1.90503,152.72,0.075323,0.017218,0.058104,0.017105
1.90523,152.74,0.075371,0.017257,0.058114,0.017144
1.90543,152.75,0.075420,0.017297,0.058123,0.017183
1.90563,152.77,0.075469,0.017336,0.058133,0.017222
1.90583,152.79,0.075518,0.017375,0.058142,0.017262
1.90603,152.80,0.075567,0.017415,0.058152,0.017301
1.90623,152.82,0.075616,0.017455,0.058161,0.017341
1.90643,152.83,0.075665,0.017495,0.058170,0.017381
1.90663,152.85,0.075715,0.017535,0.058180,0.017421
1.90683,152.87,0.075764,0.017575,0.058189,0.017461
1.90703,152.88,0.075814,0.017615,0.058199,0.017501
1.90723,152.90,0.075864,0.017656,0.058208,0.017542
1.90743,152.91,0.075914,0.017696,0.058218,0.017582
1.90763,152.93,0.075964,0.017737,0.058227,0.017623
1.90783,152.95,0.076015,0.017778,0.058237,0.017664
1.90803,152.96,0.076065,0.017819,0.058246,0.017705
1.90823,152.98,0.076116,0.017860,0.058256,0.017746
1.90843,153.00,0.076167,0.017901,0.058265,0.017787
1.90863,153.01,0.076217,0.017943,0.058275,0.017829
1.90883,153.03,0.076269,0.017984,0.058284,0.017870
1.90903,153.04,0.076320,0.018026,0.058294,0.017912
1.90923,153.06,0.076371,0.018068,0.058303,0.017954
1.90943,153.08,0.076423,0.018110,0.058313,0.017996
1.90963,153.09,0.076474,0.018152,0.058322,0.018038
1.90983,153.11,0.076526,0.018195,0.058332,0.018080
1.91003,153.12,0.076578,0.018237,0.058341,0.018123
1.91023,153.14,0.076630,0.018280,0.058351,0.018165
1.91043,153.16,0.076682,0.018322,0.058360,0.018208
1.91063,153.17,0.076735,0.018365,0.058370,0.018251
1.91083,153.19,0.076787,0.018408,0.058379,0.018294
1.91103,153.20,0.076840,0.018452,0.058389,0.018337
1.91123,153.22,0.076893,0.018495,0.058398,0.018381
1.91143,153.24,0.076946,0.018539,0.058408,0.018424
1.91163,153.25,0.076999,0.018582,0.058417,0.018468
1.91183,153.27,0.077053,0.018626,0.058427,0.018512
1.91203,153.28,0.077106,0.018670,0.058436,0.018556
1.91223,153.30,0.077160,0.018714,0.058446,0.018600
1.91243,153.32,0.077214,0.018759,0.058455,0.018644
1.91263,153.33,0.077268,0.018803,0.058465,0.018688
1.91283,153.35,0.077322,0.018848,0.058474,0.018733
1.91303,153.36,0.077376,0.018892,0.058484,0.018778
1.91323,153.38,0.077431,0.018937,0.058493,0.018823
1.91343,153.40,0.077485,0.018983,0.058503,0.018868
1.91363,153.41,0.077540,0.019028,0.058512,0.018913
1.91383,153.43,0.077595,0.019073,0.058522,0.018958
1.91403,153.44,0.077650,0.019119,0.058532,0.019004
1.91423,153.46,0.077706,0.019165,0.058541,0.019050
1.91443,153.48,0.077761,0.019211,0.058551,0.019096
1.91463,153.49,0.077817,0.019257,0.058560,0.019142
1.91483,153.51,0.077873,0.019303,0.058570,0.019188
1.91503,153.52,0.077929,0.019349,0.058579,0.019234
1.91523,153.54,0.077985,0.019396,0.058589,0.019281
1.91543,153.56,0.078041,0.019443,0.058598,0.019328
1.91563,153.57,0.078098,0.019490,0.058608,0.019375
1.91583,153.59,0.078154,0.019537,0.058618,0.019422
1.91603,153.60,0.078211,0.019584,0.058627,0.019469
1.91623,153.62,0.078268,0.019631,0.058637,0.019516
1.91643,153.64,0.078325,0.019679,0.058646,0.019564
1.91663,153.65,0.078383,0.019727,0.058656,0.019612
1.91683,153.67,0.078440,0.019775,0.058665,0.019660
1.91703,153.68,0.078498,0.019823,0.058675,0.019708
1.91723,153.70,0.078556,0.019871,0.058685,0.019756
1.91743,153.72,0.078614,0.019920,0.058694,0.019805
1.91763,153.73,0.078672,0.019969,0.058704,0.019853
1.91783,153.75,0.078731,0.020017,0.058713,0.019902
1.91803,153.76,0.078789,0.020066,0.058723,0.019951
1.91823,153.78,0.078848,0.020116,0.058732,0.020000
1.91843,153.80,0.078907,0.020165,0.058742,0.020050
1.91863,153.81,0.078966,0.020215,0.058752,0.020099
1.91883,153.83,0.079026,0.020264,0.058761,0.020149
1.91903,153.84,0.079085,0.020314,0.058771,0.020199
1.91923,153.86,0.079145,0.020365,0.058780,0.020249
1.91943,153.88,0.079205,0.020415,0.058790,0.020299
1.91963,153.89,0.079265,0.020465,0.058800,0.020350
1.91983,153.91,0.079325,0.020516,0.058809,0.020401
1.92003,153.93,0.079386,0.020567,0.058819,0.020451
1.92023,153.94,0.079447,0.020618,0.058829,0.020502
1.92043,153.96,0.079508,0.020669,0.058838,0.020554
1.92063,153.97,0.079569,0.020721,0.058848,0.020605
1.92083,153.99,0.079630,0.020773,0.058857,0.020657
1.92103,154.01,0.079691,0.020824,0.058867,0.020709
1.92123,154.02,0.079753,0.020876,0.058877,0.020761
1.92143,154.04,0.079815,0.020929,0.058886,0.020813
1.92163,154.05,0.079877,0.020981,0.058896,0.020865
1.92183,154.07,0.079939,0.021034,0.058906,0.020918
1.92203,154.09,0.080002,0.021087,0.058915,0.020971
1.92223,154.10,0.080064,0.021140,0.058925,0.021024
1.92243,154.12,0.080127,0.021193,0.058934,0.021077
1.92263,154.13,0.080190,0.021246,0.058944,0.021130
1.92283,154.15,0.080254,0.021300,0.058954,0.021184
1.92303,154.17,0.080317,0.021354,0.058963,0.021238
1.92323,154.18,0.080381,0.021408,0.058973,0.021292
1.92343,154.20,0.080445,0.021462,0.058983,0.021346
1.92363,154.21,0.080509,0.021517,0.058992,0.021401
1.92383,154.23,0.080573,0.021571,0.059002,0.021455
1.92403,154.25,0.080638,0.021626,0.059012,0.021510
1.92423,154.26,0.080703,0.021681,0.059021,0.021565
1.92443,154.28,0.080768,0.021737,0.059031,0.021620
1.92463,154.29,0.080833,0.021792,0.059041,0.021676
1.92483,154.31,0.080898,0.021848,0.059050,0.021732
1.92503,154.33,0.080964,0.021904,0.059060,0.021788
1.92523,154.34,0.081030,0.021960,0.059070,0.021844
1.92543,154.36,0.081096,0.022016,0.059079,0.021900
1.92563,154.37,0.081162,0.022073,0.059089,0.021957
1.92583,154.39,0.081229,0.022130,0.059099,0.022013
1.92603,154.41,0.081295,0.022187,0.059108,0.022070
1.92623,154.42,0.081362,0.022244,0.059118,0.022128
1.92643,154.44,0.081429,0.022302,0.059128,0.022185
1.92663,154.45,0.081497,0.022359,0.059138,0.022243
1.92683,154.47,0.081564,0.022417,0.059147,0.022301
1.92703,154.49,0.081632,0.022475,0.059157,0.022359
1.92723,154.50,0.081700,0.022534,0.059167,0.022417
1.92743,154.52,0.081769,0.022592,0.059176,0.022476
1.92763,154.53,0.081837,0.022651,0.059186,0.022535
1.92783,154.55,0.081906,0.022710,0.059196,0.022594
1.92803,154.57,0.081975,0.022770,0.059205,0.022653
1.92823,154.58,0.082044,0.022829,0.059215,0.022712
1.92843,154.60,0.082114,0.022889,0.059225,0.022772
1.92863,154.61,0.082184,0.022949,0.059235,0.022832
1.92883,154.63,0.082254,0.023009,0.059244,0.022892
1.92903,154.65,0.082324,0.023070,0.059254,0.022953
1.92923,154.66,0.082394,0.023131,0.059264,0.023014
1.92943,154.68,0.082465,0.023191,0.059273,0.023075
1.92963,154.69,0.082536,0.023253,0.059283,0.023136
1.92983,154.71,0.082607,0.023314,0.059293,0.023197
1.93003,154.73,0.082678,0.023376,0.059303,0.023259
1.93023,154.74,0.082750,0.023438,0.059312,0.023321
1.93043,154.76,0.082822,0.023500,0.059322,0.023383
1.93063,154.77,0.082894,0.023562,0.059332,0.023445
1.93083,154.79,0.082967,0.023625,0.059342,0.023508
1.93103,154.81,0.083039,0.023688,0.059351,0.023571
1.93123,154.82,0.083112,0.023751,0.059361,0.023634
1.93143,154.84,0.083186,0.023815,0.059371,0.023698
1.93163,154.86,0.083259,0.023878,0.059381,0.023761
1.93183,154.87,0.083333,0.023942,0.059390,0.023825
1.93203,154.89,0.083407,0.024007,0.059400,0.023889
1.93223,154.90,0.083481,0.024071,0.059410,0.023954
1.93243,154.92,0.083555,0.024136,0.059420,0.024019
1.93263,154.94,0.083630,0.024201,0.059429,0.024084
1.93283,154.95,0.083705,0.024266,0.059439,0.024149
1.93303,154.97,0.083781,0.024332,0.059449,0.024214
1.93323,154.98,0.083856,0.024397,0.059459,0.024280
1.93343,155.00,0.083932,0.024464,0.059468,0.024346
1.93363,155.02,0.084008,0.024530,0.059478,0.024412
1.93383,155.03,0.084084,0.024596,0.059488,0.024479
1.93403,155.05,0.084161,0.024663,0.059498,0.024546
1.93423,155.06,0.084238,0.024730,0.059508,0.024613
1.93443,155.08,0.084315,0.024798,0.059517,0.024680
1.93463,155.10,0.084393,0.024866,0.059527,0.024748
1.93483,155.11,0.084471,0.024934,0.059537,0.024816
1.93503,155.13,0.084549,0.025002,0.059547,0.024884
1.93523,155.14,0.084627,0.025070,0.059557,0.024953
1.93543,155.16,0.084706,0.025139,0.059566,0.025022
1.93563,155.18,0.084784,0.025208,0.059576,0.025091
1.93583,155.19,0.084864,0.025278,0.059586,0.025160
1.93603,155.21,0.084943,0.025347,0.059596,0.025230
1.93623,155.22,0.085023,0.025417,0.059606,0.025300
1.93643,155.24,0.085103,0.025488,0.059615,0.025370
1.93663,155.26,0.085183,0.025558,0.059625,0.025440
1.93683,155.27,0.085264,0.025629,0.059635,0.025511
1.93703,155.29,0.085345,0.025700,0.059645,0.025582
1.93723,155.30,0.085426,0.025772,0.059655,0.025654
1.93743,155.32,0.085508,0.025843,0.059664,0.025725
1.93763,155.34,0.085590,0.025915,0.059674,0.025797
1.93783,155.35,0.085672,0.025988,0.059684,0.025870
1.93803,155.37,0.085754,0.026060,0.059694,0.025942
1.93823,155.38,0.085837,0.026133,0.059704,0.026015
1.93843,155.40,0.085920,0.026207,0.059714,0.026089
1.93863,155.42,0.086004,0.026280,0.059723,0.026162
1.93883,155.43,0.086087,0.026354,0.059733,0.026236
1.93903,155.45,0.086172,0.026428,0.059743,0.026310
1.93923,155.46,0.086256,0.026503,0.059753,0.026385
1.93943,155.48,0.086341,0.026578,0.059763,0.026459
1.93963,155.50,0.086426,0.026653,0.059773,0.026535
1.93983,155.51,0.086511,0.026728,0.059783,0.026610
1.94003,155.53,0.086597,0.026804,0.059792,0.026686
1.94023,155.54,0.086682,0.026880,0.059802,0.026762
1.94043,155.56,0.086769,0.026957,0.059812,0.026838
1.94063,155.58,0.086855,0.027033,0.059822,0.026915
1.94083,155.59,0.086942,0.027111,0.059832,0.026992
1.94103,155.61,0.087030,0.027188,0.059842,0.027070
1.94123,155.62,0.087117,0.027266,0.059852,0.027147
1.94143,155.64,0.087205,0.027344,0.059861,0.027225
1.94163,155.66,0.087294,0.027422,0.059871,0.027304
1.94183,155.67,0.087382,0.027501,0.059881,0.027382
1.94203,155.69,0.087471,0.027580,0.059891,0.027462
1.94223,155.70,0.087561,0.027660,0.059901,0.027541
1.94243,155.72,0.087650,0.027739,0.059911,0.027621
1.94263,155.74,0.087740,0.027820,0.059921,0.027701
1.94283,155.75,0.087831,0.027900,0.059931,0.027781
1.94303,155.77,0.087921,0.027981,0.059940,0.027862
1.94323,155.79,0.088012,0.028062,0.059950,0.027943
1.94343,155.80,0.088104,0.028144,0.059960,0.028025
1.94363,155.82,0.088196,0.028226,0.059970,0.028107
1.94383,155.83,0.088288,0.028308,0.059980,0.028189
1.94403,155.85,0.088380,0.028390,0.059990,0.028272
1.94423,155.87,0.088473,0.028473,0.060000,0.028355
1.94443,155.88,0.088567,0.028557,0.060010,0.028438
1.94463,155.90,0.088660,0.028641,0.060020,0.028522
1.94483,155.91,0.088754,0.028725,0.060030,0.028606
1.94503,155.93,0.088849,0.028809,0.060039,0.028690
1.94523,155.95,0.088943,0.028894,0.060049,0.028775
1.94543,155.96,0.089038,0.028979,0.060059,0.028860
1.94563,155.98,0.089134,0.029065,0.060069,0.028946
1.94583,155.99,0.089230,0.029151,0.060079,0.029032
1.94603,156.01,0.089326,0.029237,0.060089,0.029118
1.94623,156.03,0.089423,0.029324,0.060099,0.029205
1.94643,156.04,0.089520,0.029411,0.060109,0.029292
1.94663,156.06,0.089617,0.029498,0.060119,0.029379
1.94683,156.07,0.089715,0.029586,0.060129,0.029467
1.94703,156.09,0.089813,0.029675,0.060139,0.029555
1.94723,156.11,0.089912,0.029763,0.060149,0.029644
1.94743,156.12,0.090011,0.029852,0.060159,0.029733
1.94763,156.14,0.090111,0.029942,0.060169,0.029823
1.94783,156.15,0.090210,0.030032,0.060179,0.029912
1.94803,156.17,0.090311,0.030122,0.060188,0.030003
1.94823,156.19,0.090411,0.030213,0.060198,0.030093
1.94843,156.20,0.090512,0.030304,0.060208,0.030184
1.94863,156.22,0.090614,0.030396,0.060218,0.030276
1.94883,156.23,0.090716,0.030488,0.060228,0.030368
1.94903,156.25,0.090818,0.030580,0.060238,0.030460
1.94923,156.27,0.090921,0.030673,0.060248,0.030553
1.94943,156.28,0.091024,0.030766,0.060258,0.030646
1.94963,156.30,0.091128,0.030860,0.060268,0.030740
1.94983,156.31,0.091232,0.030954,0.060278,0.030834
1.95003,156.33,0.091336,0.031048,0.060288,0.030928
1.95023,156.35,0.091441,0.031143,0.060298,0.031023
1.95043,156.36,0.091547,0.031238,0.060308,0.031119
1.95063,156.38,0.091652,0.031334,0.060318,0.031214
1.95083,156.39,0.091759,0.031431,0.060328,0.031311
1.95103,156.41,0.091865,0.031527,0.060338,0.031407
1.95123,156.43,0.091972,0.031624,0.060348,0.031505
1.95143,156.44,0.092080,0.031722,0.060358,0.031602
1.95163,156.46,0.092188,0.031820,0.060368,0.031700
1.95183,156.47,0.092297,0.031919,0.060378,0.031799
1.95203,156.49,0.092406,0.032018,0.060388,0.031898
1.95223,156.51,0.092515,0.032117,0.060398,0.031997
1.95243,156.52,0.092625,0.032217,0.060408,0.032097
1.95263,156.54,0.092735,0.032317,0.060418,0.032197
1.95283,156.55,0.092846,0.032418,0.060428,0.032298
1.95303,156.57,0.092958,0.032519,0.060438,0.032399
1.95323,156.59,0.093069,0.032621,0.060448,0.032501
1.95343,156.60,0.093182,0.032723,0.060458,0.032603
1.95363,156.62,0.093294,0.032826,0.060468,0.032706
1.95383,156.63,0.093408,0.032929,0.060478,0.032809
1.95403,156.65,0.093521,0.033033,0.060488,0.032913
1.95423,156.67,0.093636,0.033137,0.060498,0.033017
1.95443,156.68,0.093750,0.033242,0.060508,0.033122
1.95463,156.70,0.093866,0.033347,0.060518,0.033227
1.95483,156.72,0.093981,0.033453,0.060528,0.033333
1.95503,156.73,0.094098,0.033559,0.060538,0.033439
1.95523,156.75,0.094214,0.033666,0.060548,0.033546
1.95543,156.76,0.094332,0.033773,0.060558,0.033653
1.95563,156.78,0.094449,0.033881,0.060568,0.033760
1.95583,156.80,0.094568,0.033989,0.060579,0.033869
1.95603,156.81,0.094687,0.034098,0.060589,0.033977
1.95623,156.83,0.094806,0.034207,0.060599,0.034087
1.95643,156.84,0.094926,0.034317,0.060609,0.034196
1.95663,156.86,0.095046,0.034427,0.060619,0.034307
1.95683,156.88,0.095167,0.034538,0.060629,0.034418
1.95703,156.89,0.095289,0.034650,0.060639,0.034529
1.95723,156.91,0.095411,0.034762,0.060649,0.034641
1.95743,156.92,0.095533,0.034874,0.060659,0.034754
1.95763,156.94,0.095656,0.034987,0.060669,0.034867
1.95783,156.96,0.095780,0.035101,0.060679,0.034980
1.95803,156.97,0.095904,0.035215,0.060689,0.035094
1.95823,156.99,0.096029,0.035330,0.060699,0.035209
1.95843,157.00,0.096155,0.035445,0.060709,0.035324
1.95863,157.02,0.096281,0.035561,0.060719,0.035440
1.95883,157.04,0.096407,0.035677,0.060730,0.035557
1.95903,157.05,0.096534,0.035794,0.060740,0.035673
1.95923,157.07,0.096662,0.035912,0.060750,0.035791
1.95943,157.08,0.096790,0.036030,0.060760,0.035909
1.95963,157.10,0.096919,0.036149,0.060770,0.036028
1.95983,157.12,0.097048,0.036268,0.060780,0.036147
1.96003,157.13,0.097178,0.036388,0.060790,0.036267
1.96023,157.15,0.097309,0.036509,0.060800,0.036388
1.96043,157.16,0.097440,0.036630,0.060810,0.036509
1.96063,157.18,0.097572,0.036752,0.060820,0.036630
1.96083,157.20,0.097704,0.036874,0.060831,0.036753
1.96103,157.21,0.097838,0.036997,0.060841,0.036876
1.96123,157.23,0.097971,0.037120,0.060851,0.036999
1.96143,157.24,0.098106,0.037245,0.060861,0.037123
1.96163,157.26,0.098240,0.037369,0.060871,0.037248
1.96183,157.28,0.098376,0.037495,0.060881,0.037373
1.96203,157.29,0.098512,0.037621,0.060891,0.037500
1.96223,157.31,0.098649,0.037748,0.060901,0.037626
1.96243,157.32,0.098787,0.037875,0.060912,0.037754
1.96263,157.34,0.098925,0.038003,0.060922,0.037881
1.96283,157.36,0.099063,0.038132,0.060932,0.038010
1.96303,157.37,0.099203,0.038261,0.060942,0.038139
1.96323,157.39,0.099343,0.038391,0.060952,0.038269
1.96343,157.40,0.099484,0.038522,0.060962,0.038400
1.96363,157.42,0.099625,0.038653,0.060972,0.038531
1.96383,157.44,0.099767,0.038785,0.060983,0.038663
1.96403,157.45,0.099910,0.038917,0.060993,0.038796
1.96423,157.47,0.100054,0.039051,0.061003,0.038929
1.96443,157.48,0.100198,0.039185,0.061013,0.039063
1.96463,157.50,0.100343,0.039319,0.061023,0.039198
1.96483,157.52,0.100488,0.039455,0.061033,0.039333
1.96503,157.53,0.100634,0.039591,0.061043,0.039469
1.96523,157.55,0.100781,0.039728,0.061054,0.039606
1.96543,157.56,0.100929,0.039865,0.061064,0.039743
1.96563,157.58,0.101077,0.040003,0.061074,0.039882
1.96583,157.60,0.101227,0.040142,0.061084,0.040020
1.96603,157.61,0.101376,0.040282,0.061094,0.040160
1.96623,157.63,0.101527,0.040423,0.061104,0.040300
1.96643,157.64,0.101678,0.040564,0.061115,0.040442
1.96663,157.66,0.101830,0.040706,0.061125,0.040583
1.96683,157.68,0.101983,0.040848,0.061135,0.040726
1.96703,157.69,0.102137,0.040992,0.061145,0.040869
1.96723,157.71,0.102291,0.041136,0.061155,0.041014
1.96743,157.73,0.102446,0.041281,0.061166,0.041158
1.96763,157.74,0.102602,0.041426,0.061176,0.041304
1.96783,157.76,0.102759,0.041573,0.061186,0.041450
1.96803,157.77,0.102916,0.041720,0.061196,0.041598
1.96823,157.79,0.103074,0.041868,0.061206,0.041746
1.96843,157.81,0.103233,0.042017,0.061217,0.041894
1.96863,157.82,0.103393,0.042166,0.061227,0.042044
1.96883,157.84,0.103554,0.042317,0.061237,0.042194
1.96903,157.85,0.103715,0.042468,0.061247,0.042345
1.96923,157.87,0.103877,0.042620,0.061257,0.042497
1.96943,157.89,0.104040,0.042773,0.061268,0.042650
1.96963,157.90,0.104204,0.042926,0.061278,0.042804
1.96983,157.92,0.104369,0.043081,0.061288,0.042958
1.97003,157.93,0.104534,0.043236,0.061298,0.043114
1.97023,157.95,0.104701,0.043392,0.061309,0.043270
1.97043,157.97,0.104868,0.043549,0.061319,0.043427
1.97063,157.98,0.105036,0.043707,0.061329,0.043584
1.97083,158.00,0.105205,0.043866,0.061339,0.043743
1.97103,158.01,0.105375,0.044025,0.061350,0.043903
1.97123,158.03,0.105546,0.044186,0.061360,0.044063
1.97143,158.05,0.105717,0.044347,0.061370,0.044224
1.97163,158.06,0.105890,0.044509,0.061380,0.044387
1.97183,158.08,0.106063,0.044672,0.061391,0.044550
1.97203,158.09,0.106237,0.044836,0.061401,0.044714
1.97223,158.11,0.106412,0.045001,0.061411,0.044879
1.97243,158.13,0.106589,0.045167,0.061421,0.045044
1.97263,158.14,0.106766,0.045334,0.061432,0.045211
1.97283,158.16,0.106943,0.045502,0.061442,0.045379
1.97303,158.17,0.107122,0.045670,0.061452,0.045547
1.97323,158.19,0.107302,0.045840,0.061462,0.045717
1.97343,158.21,0.107483,0.046010,0.061473,0.045887
1.97363,158.22,0.107665,0.046182,0.061483,0.046059
1.97383,158.24,0.107847,0.046354,0.061493,0.046231
1.97403,158.25,0.108031,0.046527,0.061503,0.046404
1.97423,158.27,0.108215,0.046702,0.061514,0.046579
1.97443,158.29,0.108401,0.046877,0.061524,0.046754
1.97463,158.30,0.108588,0.047053,0.061534,0.046930
1.97483,158.32,0.108775,0.047231,0.061545,0.047107
1.97503,158.33,0.108964,0.047409,0.061555,0.047286
1.97523,158.35,0.109153,0.047588,0.061565,0.047465
1.97543,158.37,0.109344,0.047769,0.061575,0.047645
1.97563,158.38,0.109536,0.047950,0.061586,0.047827
1.97583,158.40,0.109728,0.048132,0.061596,0.048009
1.97603,158.41,0.109922,0.048316,0.061606,0.048192
1.97623,158.43,0.110117,0.048500,0.061617,0.048377
1.97643,158.45,0.110313,0.048686,0.061627,0.048562
1.97663,158.46,0.110510,0.048872,0.061637,0.048749
1.97683,158.48,0.110708,0.049060,0.061648,0.048937
1.97703,158.49,0.110907,0.049249,0.061658,0.049125
1.97723,158.51,0.111107,0.049439,0.061668,0.049315
1.97743,158.53,0.111308,0.049630,0.061679,0.049506
1.97763,158.54,0.111511,0.049822,0.061689,0.049698
1.97783,158.56,0.111714,0.050015,0.061699,0.049891
1.97803,158.57,0.111919,0.050209,0.061710,0.050085
1.97823,158.59,0.112125,0.050405,0.061720,0.050281
1.97843,158.61,0.112331,0.050601,0.061730,0.050477
1.97863,158.62,0.112540,0.050799,0.061741,0.050675
1.97883,158.64,0.112749,0.050998,0.061751,0.050874
1.97903,158.66,0.112959,0.051198,0.061761,0.051074
1.97923,158.67,0.113171,0.051399,0.061772,0.051275
1.97943,158.69,0.113384,0.051602,0.061782,0.051478
1.97963,158.70,0.113597,0.051805,0.061792,0.051681
1.97983,158.72,0.113813,0.052010,0.061803,0.051886
1.98003,158.74,0.114029,0.052216,0.061813,0.052092
1.98023,158.75,0.114247,0.052423,0.061823,0.052299
1.98043,158.77,0.114466,0.052632,0.061834,0.052508
1.98063,158.78,0.114686,0.052842,0.061844,0.052717
1.98083,158.80,0.114907,0.053053,0.061854,0.052928
1.98103,158.82,0.115130,0.053265,0.061865,0.053141
1.98123,158.83,0.115354,0.053478,0.061875,0.053354
1.98143,158.85,0.115579,0.053693,0.061886,0.053569
1.98163,158.86,0.115805,0.053909,0.061896,0.053785
1.98183,158.88,0.116033,0.054127,0.061906,0.054003
1.98203,158.90,0.116262,0.054346,0.061917,0.054221
1.98223,158.91,0.116493,0.054566,0.061927,0.054441
1.98243,158.93,0.116725,0.054787,0.061937,0.054663
1.98263,158.94,0.116958,0.055010,0.061948,0.054885
1.98283,158.96,0.117192,0.055234,0.061958,0.055110
1.98303,158.98,0.117428,0.055460,0.061969,0.055335
1.98323,158.99,0.117665,0.055686,0.061979,0.055562
1.98343,159.01,0.117904,0.055915,0.061989,0.055790
1.98363,159.02,0.118144,0.056144,0.062000,0.056020
1.98383,159.04,0.118386,0.056375,0.062010,0.056251
1.98403,159.06,0.118629,0.056608,0.062021,0.056483
1.98423,159.07,0.118873,0.056842,0.062031,0.056717
1.98443,159.09,0.119119,0.057077,0.062042,0.056953
1.98463,159.10,0.119366,0.057314,0.062052,0.057190
1.98483,159.12,0.119615,0.057553,0.062062,0.057428
1.98503,159.14,0.119865,0.057792,0.062073,0.057668
1.98523,159.15,0.120117,0.058034,0.062083,0.057909
1.98543,159.17,0.120370,0.058277,0.062094,0.058152
1.98563,159.18,0.120625,0.058521,0.062104,0.058396
1.98583,159.20,0.120881,0.058767,0.062114,0.058642
1.98603,159.22,0.121139,0.059014,0.062125,0.058890
1.98623,159.23,0.121399,0.059264,0.062135,0.059139
1.98643,159.25,0.121660,0.059514,0.062146,0.059389
1.98663,159.26,0.121923,0.059766,0.062156,0.059641
1.98683,159.28,0.122187,0.060020,0.062167,0.059895
1.98703,159.30,0.122453,0.060276,0.062177,0.060151
1.98723,159.31,0.122720,0.060533,0.062188,0.060408
1.98743,159.33,0.122989,0.060791,0.062198,0.060666
1.98763,159.34,0.123260,0.061052,0.062208,0.060927
1.98783,159.36,0.123533,0.061314,0.062219,0.061189
1.98803,159.38,0.123807,0.061577,0.062229,0.061452
1.98823,159.39,0.124083,0.061843,0.062240,0.061718
1.98843,159.41,0.124360,0.062110,0.062250,0.061985
1.98863,159.42,0.124640,0.062379,0.062261,0.062254
1.98883,159.44,0.124921,0.062650,0.062271,0.062524
1.98903,159.46,0.125204,0.062922,0.062282,0.062797
1.98923,159.47,0.125488,0.063196,0.062292,0.063071
1.98943,159.49,0.125775,0.063472,0.062303,0.063347
1.98963,159.50,0.126063,0.063750,0.062313,0.063624
1.98983,159.52,0.126353,0.064029,0.062324,0.063904
1.99003,159.54,0.126645,0.064311,0.062334,0.064185
1.99023,159.55,0.126939,0.064594,0.062345,0.064469
1.99043,159.57,0.127234,0.064879,0.062355,0.064754
1.99063,159.59,0.127532,0.065166,0.062366,0.065041
1.99083,159.60,0.127831,0.065455,0.062376,0.065330
1.99103,159.62,0.128133,0.065746,0.062387,0.065621
1.99123,159.63,0.128436,0.066039,0.062397,0.065913
1.99143,159.65,0.128741,0.066334,0.062408,0.066208
1.99163,159.67,0.129049,0.066631,0.062418,0.066505
1.99183,159.68,0.129358,0.066929,0.062429,0.066803
1.99203,159.70,0.129669,0.067230,0.062439,0.067104
1.99223,159.71,0.129982,0.067533,0.062450,0.067407
1.99243,159.73,0.130298,0.067838,0.062460,0.067712
1.99263,159.75,0.130615,0.068144,0.062471,0.068019
1.99283,159.76,0.130935,0.068453,0.062481,0.068327
1.99303,159.78,0.131256,0.068765,0.062492,0.068639
1.99323,159.79,0.131580,0.069078,0.062502,0.068952
1.99343,159.81,0.131906,0.069393,0.062513,0.069267
1.99363,159.83,0.132234,0.069711,0.062523,0.069584
1.99383,159.84,0.132564,0.070030,0.062534,0.069904
1.99403,159.86,0.132896,0.070352,0.062544,0.070226
1.99423,159.87,0.133231,0.070676,0.062555,0.070550
1.99443,159.89,0.133568,0.071002,0.062566,0.070876
1.99463,159.91,0.133907,0.071331,0.062576,0.071205
1.99483,159.92,0.134249,0.071662,0.062587,0.071536
1.99503,159.94,0.134592,0.071995,0.062597,0.071869
1.99523,159.95,0.134938,0.072331,0.062608,0.072204
1.99543,159.97,0.135287,0.072668,0.062618,0.072542
1.99563,159.99,0.135637,0.073009,0.062629,0.072882
1.99583,160.00,0.135991,0.073351,0.062639,0.073225
1.99603,160.02,0.136346,0.073696,0.062650,0.073570
1.99623,160.03,0.136704,0.074044,0.062661,0.073917
1.99643,160.05,0.137065,0.074393,0.062671,0.074267
1.99663,160.07,0.137428,0.074746,0.062682,0.074619
1.99683,160.08,0.137793,0.075101,0.062692,0.074974
1.99703,160.10,0.138161,0.075458,0.062703,0.075332
1.99723,160.11,0.138531,0.075818,0.062713,0.075691
1.99743,160.13,0.138905,0.076181,0.062724,0.076054
1.99763,160.15,0.139280,0.076546,0.062735,0.076419
1.99783,160.16,0.139659,0.076913,0.062745,0.076787
1.99803,160.18,0.140040,0.077284,0.062756,0.077157
1.99823,160.19,0.140423,0.077657,0.062766,0.077530
1.99843,160.21,0.140810,0.078033,0.062777,0.077906
1.99863,160.23,0.141199,0.078411,0.062788,0.078284
1.99883,160.24,0.141591,0.078792,0.062798,0.078666
1.99903,160.26,0.141985,0.079176,0.062809,0.079050
1.99923,160.27,0.142383,0.079563,0.062819,0.079436
1.99943,160.29,0.142783,0.079953,0.062830,0.079826
1.99963,160.31,0.143186,0.080345,0.062841,0.080218
1.99983,160.32,0.143592,0.080741,0.062851,0.080614
2.00003,160.34,0.144001,0.081139,0.062862,0.081012
2.00023,160.35,0.144413,0.081540,0.062873,0.081413
2.00043,160.37,0.144828,0.081945,0.062883,0.081818
2.00063,160.39,0.145246,0.082352,0.062894,0.082225
2.00083,160.40,0.145667,0.082762,0.062904,0.082635
2.00103,160.42,0.146091,0.083176,0.062915,0.083048
2.00123,160.43,0.146518,0.083592,0.062926,0.083465
2.00143,160.45,0.146948,0.084012,0.062936,0.083884
2.00163,160.47,0.147381,0.084434,0.062947,0.084307
2.00183,160.48,0.147818,0.084860,0.062958,0.084733
2.00203,160.50,0.148258,0.085289,0.062968,0.085162
2.00223,160.52,0.148701,0.085722,0.062979,0.085594
2.00243,160.53,0.149147,0.086157,0.062990,0.086030
2.00263,160.55,0.149597,0.086596,0.063000,0.086469
2.00283,160.56,0.150050,0.087039,0.063011,0.086911
2.00303,160.58,0.150506,0.087484,0.063022,0.087357
2.00323,160.60,0.150966,0.087934,0.063032,0.087806
2.00343,160.61,0.151429,0.088386,0.063043,0.088259
2.00363,160.63,0.151896,0.088842,0.063054,0.088715
2.00383,160.64,0.152366,0.089302,0.063064,0.089174
2.00403,160.66,0.152840,0.089765,0.063075,0.089637
2.00423,160.68,0.153317,0.090232,0.063086,0.090104
2.00443,160.69,0.153798,0.090702,0.063096,0.090575
2.00463,160.71,0.154283,0.091176,0.063107,0.091049
2.00483,160.72,0.154772,0.091654,0.063118,0.091526
2.00503,160.74,0.155264,0.092136,0.063128,0.092008
2.00523,160.76,0.155760,0.092621,0.063139,0.092493
2.00543,160.77,0.156260,0.093110,0.063150,0.092982
2.00563,160.79,0.156764,0.093603,0.063160,0.093475
2.00583,160.80,0.157271,0.094100,0.063171,0.093972
2.00603,160.82,0.157783,0.094601,0.063182,0.094473
2.00623,160.84,0.158298,0.095106,0.063192,0.094978
2.00643,160.85,0.158818,0.095615,0.063203,0.095487
2.00663,160.87,0.159342,0.096128,0.063214,0.096000
2.00683,160.88,0.159870,0.096645,0.063225,0.096517
2.00703,160.90,0.160402,0.097166,0.063235,0.097038
2.00723,160.92,0.160938,0.097692,0.063246,0.097564
2.00743,160.93,0.161478,0.098222,0.063257,0.098093
2.00763,160.95,0.162023,0.098756,0.063267,0.098627
2.00783,160.96,0.162572,0.099294,0.063278,0.099166
2.00803,160.98,0.163126,0.099837,0.063289,0.099709
2.00823,161.00,0.163684,0.100384,0.063300,0.100256
2.00843,161.01,0.164246,0.100936,0.063310,0.100808
2.00863,161.03,0.164813,0.101492,0.063321,0.101364
2.00883,161.04,0.165385,0.102053,0.063332,0.101925
2.00903,161.06,0.165961,0.102619,0.063343,0.102490
2.00923,161.08,0.166542,0.103189,0.063353,0.103060
2.00943,161.09,0.167128,0.103764,0.063364,0.103635
2.00963,161.11,0.167718,0.104343,0.063375,0.104215
2.00983,161.12,0.168314,0.104928,0.063386,0.104800
2.01003,161.14,0.168914,0.105518,0.063396,0.105389
2.01023,161.16,0.169519,0.106112,0.063407,0.105983
2.01043,161.17,0.170129,0.106712,0.063418,0.106583
2.01063,161.19,0.170745,0.107316,0.063429,0.107187
2.01083,161.20,0.171365,0.107926,0.063439,0.107797
2.01103,161.22,0.171991,0.108541,0.063450,0.108412
2.01123,161.24,0.172622,0.109161,0.063461,0.109032
2.01143,161.25,0.173258,0.109786,0.063472,0.109657
2.01163,161.27,0.173899,0.110417,0.063482,0.110288
2.01183,161.28,0.174546,0.111053,0.063493,0.110924
2.01203,161.30,0.175199,0.111695,0.063504,0.111566
2.01223,161.32,0.175857,0.112342,0.063515,0.112213
2.01243,161.33,0.176520,0.112995,0.063526,0.112866
2.01263,161.35,0.177190,0.113653,0.063536,0.113524
2.01283,161.36,0.177865,0.114317,0.063547,0.114188
2.01303,161.38,0.178545,0.114987,0.063558,0.114858
2.01323,161.40,0.179232,0.115663,0.063569,0.115534
2.01343,161.41,0.179925,0.116345,0.063580,0.116216
2.01363,161.43,0.180624,0.117033,0.063590,0.116904
2.01383,161.45,0.181328,0.117727,0.063601,0.117598
2.01403,161.46,0.182039,0.118427,0.063612,0.118298
2.01423,161.48,0.182756,0.119134,0.063623,0.119004
2.01443,161.49,0.183480,0.119846,0.063634,0.119717
2.01463,161.51,0.184210,0.120565,0.063644,0.120436
2.01483,161.53,0.184946,0.121291,0.063655,0.121161
2.01503,161.54,0.185689,0.122023,0.063666,0.121893
2.01523,161.56,0.186438,0.122761,0.063677,0.122632
2.01543,161.57,0.187194,0.123507,0.063688,0.123377
2.01563,161.59,0.187957,0.124259,0.063699,0.124129
2.01583,161.61,0.188727,0.125018,0.063709,0.124888
2.01603,161.62,0.189504,0.125783,0.063720,0.125654
2.01623,161.64,0.190287,0.126556,0.063731,0.126427
2.01643,161.65,0.191078,0.127336,0.063742,0.127207
2.01663,161.67,0.191876,0.128123,0.063753,0.127994
2.01683,161.69,0.192682,0.128918,0.063764,0.128788
2.01703,161.70,0.193494,0.129720,0.063775,0.129590
2.01723,161.72,0.194314,0.130529,0.063785,0.130399
2.01743,161.73,0.195142,0.131346,0.063796,0.131216
2.01763,161.75,0.195977,0.132170,0.063807,0.132040
2.01783,161.77,0.196820,0.133002,0.063818,0.132872
2.01803,161.78,0.197671,0.133842,0.063829,0.133712
2.01823,161.80,0.198530,0.134690,0.063840,0.134560
2.01843,161.81,0.199397,0.135546,0.063851,0.135416
2.01863,161.83,0.200272,0.136410,0.063861,0.136280
2.01883,161.85,0.201155,0.137283,0.063872,0.137153
2.01903,161.86,0.202046,0.138163,0.063883,0.138033
2.01923,161.88,0.202946,0.139052,0.063894,0.138922
2.01943,161.89,0.203855,0.139950,0.063905,0.139820
2.01963,161.91,0.204772,0.140856,0.063916,0.140726
2.01983,161.93,0.205698,0.141771,0.063927,0.141641
2.02003,161.94,0.206633,0.142695,0.063938,0.142565
2.02023,161.96,0.207577,0.143628,0.063949,0.143498
2.02043,161.97,0.208530,0.144570,0.063959,0.144440
2.02063,161.99,0.209492,0.145521,0.063970,0.145391
2.02083,162.01,0.210463,0.146482,0.063981,0.146352
2.02103,162.02,0.211444,0.147452,0.063992,0.147322
2.02123,162.04,0.212435,0.148432,0.064003,0.148301
2.02143,162.05,0.213435,0.149421,0.064014,0.149291
2.02163,162.07,0.214445,0.150421,0.064025,0.150290
2.02183,162.09,0.215466,0.151430,0.064036,0.151299
2.02203,162.10,0.216496,0.152449,0.064047,0.152319
2.02223,162.12,0.217536,0.153479,0.064058,0.153348
2.02243,162.13,0.218587,0.154519,0.064069,0.154388
2.02263,162.15,0.219649,0.155569,0.064079,0.155439
2.02283,162.17,0.220721,0.156630,0.064090,0.156500
2.02303,162.18,0.221804,0.157702,0.064101,0.157572
2.02323,162.20,0.222897,0.158785,0.064112,0.158655
2.02343,162.21,0.224002,0.159879,0.064123,0.159749
2.02363,162.23,0.225119,0.160984,0.064134,0.160854
2.02383,162.25,0.226246,0.162101,0.064145,0.161970
2.02403,162.26,0.227385,0.163229,0.064156,0.163099
2.02423,162.28,0.228536,0.164369,0.064167,0.164238
2.02443,162.29,0.229699,0.165521,0.064178,0.165390
2.02463,162.31,0.230874,0.166685,0.064189,0.166554
2.02483,162.33,0.232061,0.167861,0.064200,0.167730
2.02503,162.34,0.233260,0.169050,0.064211,0.168919
2.02523,162.36,0.234472,0.170251,0.064222,0.170120
2.02543,162.37,0.235697,0.171464,0.064233,0.171333
2.02563,162.39,0.236935,0.172691,0.064244,0.172560
2.02583,162.41,0.238185,0.173931,0.064255,0.173800
2.02603,162.42,0.239449,0.175184,0.064266,0.175052
2.02623,162.44,0.240727,0.176450,0.064277,0.176319
2.02643,162.46,0.242018,0.177730,0.064288,0.177599
2.02663,162.47,0.243323,0.179024,0.064299,0.178893
2.02683,162.49,0.244642,0.180332,0.064310,0.180201
2.02703,162.50,0.245975,0.181654,0.064321,0.181523
2.02723,162.52,0.247323,0.182991,0.064332,0.182860
2.02743,162.54,0.248685,0.184342,0.064343,0.184211
2.02763,162.55,0.250062,0.185709,0.064354,0.185577
2.02783,162.57,0.251455,0.187090,0.064365,0.186959
2.02803,162.58,0.252862,0.188487,0.064376,0.188355
2.02823,162.60,0.254285,0.189899,0.064387,0.189767
2.02843,162.62,0.255724,0.191327,0.064398,0.191195
2.02863,162.63,0.257179,0.192771,0.064409,0.192639
2.02883,162.65,0.258651,0.194231,0.064420,0.194099
2.02903,162.66,0.260138,0.195708,0.064431,0.195576
2.02923,162.68,0.261643,0.197201,0.064442,0.197069
2.02943,162.70,0.263164,0.198711,0.064453,0.198580
2.02963,162.71,0.264703,0.200239,0.064464,0.200107
2.02983,162.73,0.266259,0.201784,0.064475,0.201652
2.03003,162.74,0.267833,0.203347,0.064486,0.203215
2.03023,162.76,0.269424,0.204928,0.064497,0.204796
2.03043,162.78,0.271035,0.206527,0.064508,0.206395
2.03063,162.79,0.272663,0.208144,0.064519,0.208012
2.03083,162.81,0.274311,0.209781,0.064530,0.209649
2.03103,162.82,0.275978,0.211437,0.064541,0.211305
2.03123,162.84,0.277664,0.213112,0.064552,0.212980
2.03143,162.86,0.279370,0.214807,0.064563,0.214675
2.03163,162.87,0.281096,0.216522,0.064574,0.216390
2.03183,162.89,0.282842,0.218257,0.064585,0.218125
2.03203,162.90,0.284609,0.220013,0.064596,0.219881
2.03223,162.92,0.286398,0.221790,0.064607,0.221658
2.03243,162.94,0.288207,0.223589,0.064618,0.223456
2.03263,162.95,0.290038,0.225409,0.064630,0.225277
2.03283,162.97,0.291891,0.227251,0.064641,0.227119
2.03303,162.98,0.293767,0.229115,0.064652,0.228983
2.03323,163.00,0.295665,0.231003,0.064663,0.230870
2.03343,163.02,0.297587,0.232913,0.064674,0.232781
2.03363,163.03,0.299532,0.234847,0.064685,0.234715
2.03383,163.05,0.301501,0.236805,0.064696,0.236672
2.03403,163.06,0.303494,0.238787,0.064707,0.238654
2.03423,163.08,0.305511,0.240793,0.064718,0.240661
2.03443,163.10,0.307554,0.242825,0.064729,0.242692
2.03463,163.11,0.309623,0.244882,0.064740,0.244750
2.03483,163.13,0.311717,0.246965,0.064752,0.246833
2.03503,163.14,0.313837,0.249075,0.064763,0.248942
2.03523,163.16,0.315984,0.251211,0.064774,0.251078
2.03543,163.18,0.318159,0.253374,0.064785,0.253241
2.03563,163.19,0.320361,0.255565,0.064796,0.255432
2.03583,163.21,0.322591,0.257784,0.064807,0.257651
2.03603,163.22,0.324850,0.260032,0.064818,0.259899
2.03623,163.24,0.327138,0.262309,0.064829,0.262176
2.03643,163.26,0.329455,0.264615,0.064840,0.264482
2.03663,163.27,0.331803,0.266952,0.064852,0.266819
2.03683,163.29,0.334181,0.269319,0.064863,0.269186
2.03703,163.30,0.336591,0.271717,0.064874,0.271584
2.03723,163.32,0.339032,0.274147,0.064885,0.274014
2.03743,163.34,0.341505,0.276609,0.064896,0.276476
2.03763,163.35,0.344011,0.279104,0.064907,0.278971
2.03783,163.37,0.346551,0.281632,0.064918,0.281499
2.03803,163.39,0.349124,0.284194,0.064930,0.284061
2.03823,163.40,0.351732,0.286791,0.064941,0.286658
2.03843,163.42,0.354375,0.289423,0.064952,0.289290
2.03863,163.43,0.357054,0.292091,0.064963,0.291958
2.03883,163.45,0.359769,0.294795,0.064974,0.294662
2.03903,163.47,0.362522,0.297536,0.064985,0.297403
2.03923,163.48,0.365312,0.300315,0.064996,0.300182
2.03943,163.50,0.368141,0.303133,0.065008,0.303000
2.03963,163.51,0.371008,0.305990,0.065019,0.305856
2.03983,163.53,0.373916,0.308886,0.065030,0.308753
2.04003,163.55,0.376864,0.311823,0.065041,0.311690
2.04023,163.56,0.379854,0.314801,0.065052,0.314668
2.04043,163.58,0.382885,0.317822,0.065064,0.317688
2.04063,163.59,0.385960,0.320885,0.065075,0.320752
2.04083,163.61,0.389078,0.323992,0.065086,0.323859
2.04103,163.63,0.392241,0.327144,0.065097,0.327010
2.04123,163.64,0.395449,0.330340,0.065108,0.330207
2.04143,163.66,0.398703,0.333583,0.065119,0.333450
2.04163,163.67,0.402004,0.336874,0.065131,0.336740
2.04183,163.69,0.405353,0.340212,0.065142,0.340078
2.04203,163.71,0.408751,0.343598,0.065153,0.343465
2.04223,163.72,0.412199,0.347035,0.065164,0.346901
2.04243,163.74,0.415698,0.350522,0.065175,0.350389
2.04263,163.75,0.419248,0.354062,0.065187,0.353928
2.04283,163.77,0.422851,0.357654,0.065198,0.357520
2.04303,163.79,0.426508,0.361299,0.065209,0.361165
2.04323,163.80,0.430220,0.365000,0.065220,0.364866
2.04343,163.82,0.433988,0.368756,0.065232,0.368622
2.04363,163.83,0.437812,0.372570,0.065243,0.372436
2.04383,163.85,0.441695,0.376441,0.065254,0.376307
2.04403,163.87,0.445637,0.380372,0.065265,0.380238
2.04423,163.88,0.449640,0.384364,0.065277,0.384230
2.04443,163.90,0.453705,0.388417,0.065288,0.388283
2.04463,163.91,0.457832,0.392533,0.065299,0.392399
2.04483,163.93,0.462023,0.396713,0.065310,0.396579
2.04503,163.95,0.466281,0.400959,0.065321,0.400825
2.04523,163.96,0.470605,0.405272,0.065333,0.405138
2.04543,163.98,0.474997,0.409653,0.065344,0.409519
2.04563,163.99,0.479459,0.414104,0.065355,0.413969
2.04583,164.01,0.483992,0.418625,0.065367,0.418491
2.04603,164.03,0.488598,0.423220,0.065378,0.423086
2.04623,164.04,0.493278,0.427888,0.065389,0.427754
2.04643,164.06,0.498033,0.432633,0.065400,0.432498
2.04663,164.07,0.502866,0.437454,0.065412,0.437320
2.04683,164.09,0.507778,0.442355,0.065423,0.442220
2.04703,164.11,0.512770,0.447336,0.065434,0.447201
2.04723,164.12,0.517845,0.452399,0.065445,0.452265
2.04743,164.14,0.523003,0.457547,0.065457,0.457412
2.04763,164.15,0.528248,0.462780,0.065468,0.462645
2.04783,164.17,0.533580,0.468101,0.065479,0.467966
2.04803,164.19,0.539002,0.473512,0.065491,0.473377
2.04823,164.20,0.544516,0.479014,0.065502,0.478880
2.04843,164.22,0.550124,0.484610,0.065513,0.484476
2.04863,164.23,0.555827,0.490302,0.065524,0.490168
2.04883,164.25,0.561628,0.496092,0.065536,0.495957
2.04903,164.27,0.567529,0.501982,0.065547,0.501847
2.04923,164.28,0.573532,0.507974,0.065558,0.507839
2.04943,164.30,0.579640,0.514070,0.065570,0.513935
2.04963,164.32,0.585855,0.520274,0.065581,0.520139
2.04983,164.33,0.592179,0.526587,0.065592,0.526452
2.05003,164.35,0.598615,0.533012,0.065604,0.532877
2.05023,164.36,0.605166,0.539551,0.065615,0.539416
2.05043,164.38,0.611833,0.546207,0.065626,0.546072
2.05063,164.40,0.618621,0.552983,0.065638,0.552848
2.05083,164.41,0.625530,0.559881,0.065649,0.559746
2.05103,164.43,0.632566,0.566905,0.065660,0.566770
2.05123,164.44,0.639729,0.574058,0.065672,0.573922
2.05143,164.46,0.647024,0.581341,0.065683,0.581206
2.05163,164.48,0.654454,0.588759,0.065694,0.588624
2.05183,164.49,0.662021,0.596315,0.065706,0.596180
2.05203,164.51,0.669729,0.604012,0.065717,0.603876
2.05223,164.52,0.677581,0.611852,0.065728,0.611717
2.05243,164.54,0.685581,0.619841,0.065740,0.619706
2.05263,164.56,0.693732,0.627981,0.065751,0.627846
2.05283,164.57,0.702039,0.636276,0.065762,0.636141
2.05303,164.59,0.710504,0.644730,0.065774,0.644595
2.05323,164.60,0.719132,0.653347,0.065785,0.653211
2.05343,164.62,0.727927,0.662130,0.065797,0.661995
2.05363,164.64,0.736892,0.671084,0.065808,0.670949
2.05383,164.65,0.746033,0.680214,0.065819,0.680078
2.05403,164.67,0.755353,0.689522,0.065831,0.689387
2.05423,164.68,0.764857,0.699015,0.065842,0.698879
2.05443,164.70,0.774550,0.708696,0.065853,0.708560
2.05463,164.72,0.784436,0.718571,0.065865,0.718435
2.05483,164.73,0.794520,0.728644,0.065876,0.728508
2.05503,164.75,0.804807,0.738920,0.065888,0.738784
2.05523,164.76,0.815303,0.749404,0.065899,0.749268
2.05543,164.78,0.826013,0.760103,0.065910,0.759967
2.05563,164.80,0.836943,0.771021,0.065922,0.770885
2.05583,164.81,0.848097,0.782164,0.065933,0.782028
2.05603,164.83,0.859482,0.793538,0.065945,0.793402
2.05623,164.84,0.871105,0.805149,0.065956,0.805013
2.05643,164.86,0.882970,0.817003,0.065967,0.816867
2.05663,164.88,0.895085,0.829107,0.065979,0.828970
2.05683,164.89,0.907457,0.841467,0.065990,0.841330
2.05703,164.91,0.920091,0.854090,0.066002,0.853953
2.05723,164.92,0.932996,0.866983,0.066013,0.866846
2.05743,164.94,0.946178,0.880153,0.066025,0.880017
2.05763,164.96,0.959644,0.893608,0.066036,0.893472
2.05783,164.97,0.973403,0.907356,0.066047,0.907219
2.05803,164.99,0.987463,0.921404,0.066059,0.921267
2.05823,165.00,1.001831,0.935760,0.066070,0.935624
2.05843,165.02,1.016515,0.950434,0.066082,0.950297
2.05863,165.04,1.031526,0.965433,0.066093,0.965296
2.05883,165.05,1.046871,0.980766,0.066105,0.980630
2.05903,165.07,1.062559,0.996443,0.066116,0.996307
2.05923,165.08,1.078601,1.012474,0.066128,1.012337
2.05943,165.10,1.095006,1.028867,0.066139,1.028731
2.05963,165.12,1.111785,1.045634,0.066151,1.045497
2.05983,165.13,1.128946,1.062784,0.066162,1.062648
2.06003,165.15,1.146502,1.080329,0.066173,1.080192
2.06023,165.16,1.164463,1.098279,0.066185,1.098142
2.06043,165.18,1.182841,1.116645,0.066196,1.116508
2.06063,165.20,1.201648,1.135440,0.066208,1.135303
2.06083,165.21,1.220895,1.154675,0.066219,1.154538
2.06103,165.23,1.240594,1.174364,0.066231,1.174227
2.06123,165.25,1.260760,1.194518,0.066242,1.194381
2.06143,165.26,1.281404,1.215151,0.066254,1.215014
2.06163,165.28,1.302542,1.236276,0.066265,1.236139
2.06183,165.29,1.324185,1.257908,0.066277,1.257771
2.06203,165.31,1.346350,1.280062,0.066288,1.279924
2.06223,165.33,1.369050,1.302751,0.066300,1.302613
2.06243,165.34,1.392302,1.325991,0.066311,1.325853
2.06263,165.36,1.416120,1.349797,0.066323,1.349660
2.06283,165.37,1.440521,1.374187,0.066334,1.374050
2.06303,165.39,1.465522,1.399176,0.066346,1.399039
2.06323,165.41,1.491139,1.424782,0.066357,1.424644
2.06343,165.42,1.517390,1.451021,0.066369,1.450884
2.06363,165.44,1.544293,1.477913,0.066380,1.477775
2.06383,165.45,1.571866,1.505474,0.066392,1.505337
2.06403,165.47,1.600129,1.533726,0.066403,1.533588
2.06423,165.49,1.629100,1.562685,0.066415,1.562548
2.06443,165.50,1.658800,1.592373,0.066427,1.592236
2.06463,165.52,1.689248,1.622810,0.066438,1.622673
2.06483,165.53,1.720466,1.654017,0.066450,1.653879
2.06503,165.55,1.752475,1.686014,0.066461,1.685876
2.06523,165.57,1.785296,1.718824,0.066473,1.718686
2.06543,165.58,1.818952,1.752468,0.066484,1.752330
2.06563,165.60,1.853464,1.786969,0.066496,1.786831
2.06583,165.61,1.888857,1.822349,0.066507,1.822212
2.06603,165.63,1.925152,1.858633,0.066519,1.858495
2.06623,165.65,1.962374,1.895844,0.066530,1.895706
2.06643,165.66,2.000547,1.934005,0.066542,1.933867
2.06663,165.68,2.039694,1.973141,0.066554,1.973003
2.06683,165.69,2.079841,2.013276,0.066565,2.013138
2.06703,165.71,2.121011,2.054434,0.066577,2.054296
2.06723,165.73,2.163229,2.096641,0.066588,2.096503
2.06743,165.74,2.206521,2.139921,0.066600,2.139783
2.06763,165.76,2.250910,2.184298,0.066611,2.184160
2.06783,165.77,2.296420,2.229797,0.066623,2.229659
2.06803,165.79,2.343078,2.276443,0.066635,2.276305
2.06823,165.81,2.390905,2.324259,0.066646,2.324121
2.06843,165.82,2.439926,2.373269,0.066658,2.373130
2.06863,165.84,2.490164,2.423495,0.066669,2.423356
2.06883,165.85,2.541640,2.474959,0.066681,2.474821
2.06903,165.87,2.594376,2.527683,0.066693,2.527545
2.06923,165.89,2.648391,2.581687,0.066704,2.581549
2.06943,165.90,2.703705,2.636990,0.066716,2.636851
2.06963,165.92,2.760335,2.693607,0.066727,2.693469
2.06983,165.93,2.818295,2.751556,0.066739,2.751418
2.07003,165.95,2.877600,2.810849,0.066751,2.810711
2.07023,165.97,2.938260,2.871498,0.066762,2.871359
2.07043,165.98,3.000283,2.933509,0.066774,2.933371
2.07063,166.00,3.063676,2.996890,0.066786,2.996752
2.07083,166.01,3.128439,3.061642,0.066797,3.061503
2.07103,166.03,3.194571,3.127762,0.066809,3.127623
2.07123,166.05,3.262066,3.195246,0.066820,3.195107
2.07143,166.06,3.330914,3.264082,0.066832,3.263943
2.07163,166.08,3.401098,3.334255,0.066844,3.334116
2.07183,166.09,3.472599,3.405744,0.066855,3.405605
2.07203,166.11,3.545388,3.478521,0.066867,3.478382
2.07223,166.13,3.619432,3.552553,0.066879,3.552414
2.07243,166.14,3.694690,3.627799,0.066890,3.627661
2.07263,166.16,3.771113,3.704211,0.066902,3.704072
2.07283,166.17,3.848644,3.781731,0.066914,3.781592
2.07303,166.19,3.927218,3.860293,0.066925,3.860154
2.07323,166.21,4.006760,3.939823,0.066937,3.939684
2.07343,166.22,4.087184,4.020235,0.066949,4.020096
2.07363,166.24,4.168395,4.101435,0.066960,4.101295
2.07383,166.26,4.250286,4.183314,0.066972,4.183175
2.07403,166.27,4.332739,4.265755,0.066984,4.265616
2.07423,166.29,4.415624,4.348629,0.066995,4.348490
2.07443,166.30,4.498799,4.431792,0.067007,4.431653
2.07463,166.32,4.582110,4.515091,0.067019,4.514952
2.07483,166.34,4.665388,4.598358,0.067030,4.598218
2.07503,166.35,4.748455,4.681413,0.067042,4.681273
2.07523,166.37,4.831117,4.764063,0.067054,4.763923
2.07543,166.38,4.913169,4.846104,0.067066,4.845964
2.07563,166.40,4.994396,4.927319,0.067077,4.927179
2.07583,166.42,5.074568,5.007479,0.067089,5.007340
2.07603,166.43,5.153448,5.086347,0.067101,5.086208
2.07623,166.45,5.230786,5.163674,0.067112,5.163535
2.07643,166.46,5.306328,5.239204,0.067124,5.239064
2.07663,166.48,5.379808,5.312673,0.067136,5.312533
2.07683,166.50,5.450960,5.383812,0.067148,5.383672
2.07703,166.51,5.519509,5.452350,0.067159,5.452210
2.07723,166.53,5.585184,5.518013,0.067171,5.517874
2.07743,166.54,5.647712,5.580529,0.067183,5.580390
2.07763,166.56,5.706823,5.639629,0.067194,5.639489
2.07783,166.58,5.762254,5.695048,0.067206,5.694908
2.07803,166.59,5.813750,5.746533,0.067218,5.746393
2.07823,166.61,5.861068,5.793838,0.067230,5.793698
2.07843,166.62,5.903976,5.836734,0.067241,5.836594
2.07863,166.64,5.942261,5.875008,0.067253,5.874868
2.07883,166.66,5.975728,5.908463,0.067265,5.908323
2.07903,166.67,6.004205,5.936928,0.067277,5.936788
2.07923,166.69,6.027540,5.960251,0.067288,5.960111
2.07943,166.70,6.045609,5.978309,0.067300,5.978169
2.07963,166.72,6.058316,5.991004,0.067312,5.990864
2.07983,166.74,6.065591,5.998267,0.067324,5.998127
2.08003,166.75,6.067393,6.000058,0.067335,5.999918
2.08023,166.77,6.063715,5.996367,0.067347,5.996227
2.08043,166.78,6.054575,5.987216,0.067359,5.987075
2.08063,166.80,6.040023,5.972652,0.067371,5.972512
2.08083,166.82,6.020139,5.952757,0.067383,5.952616
2.08103,166.83,5.995030,5.927636,0.067394,5.927495
2.08123,166.85,5.964829,5.897423,0.067406,5.897282
2.08143,166.86,5.929694,5.862276,0.067418,5.862136
2.08163,166.88,5.889807,5.822377,0.067430,5.822237
2.08183,166.90,5.845369,5.777927,0.067442,5.777787
2.08203,166.91,5.796600,5.729146,0.067453,5.729006
2.08223,166.93,5.743735,5.676270,0.067465,5.676129
2.08243,166.94,5.687022,5.619545,0.067477,5.619405
2.08263,166.96,5.626720,5.559231,0.067489,5.559091
2.08283,166.98,5.563094,5.495594,0.067501,5.495453
2.08303,166.99,5.496415,5.428903,0.067512,5.428762
2.08323,167.01,5.426957,5.359432,0.067524,5.359291
2.08343,167.02,5.354991,5.287455,0.067536,5.287314
2.08363,167.04,5.280789,5.213241,0.067548,5.213100
2.08383,167.06,5.204619,5.137059,0.067560,5.136918
2.08403,167.07,5.126741,5.059169,0.067572,5.059028
2.08423,167.09,5.047409,4.979826,0.067583,4.979685
2.08443,167.10,4.966868,4.899273,0.067595,4.899132
2.08463,167.12,4.885354,4.817747,0.067607,4.817606
2.08483,167.14,4.803090,4.735471,0.067619,4.735330
2.08503,167.15,4.720288,4.652658,0.067631,4.652517
2.08523,167.17,4.637151,4.569508,0.067643,4.569367
2.08543,167.19,4.553865,4.486211,0.067654,4.486070
2.08563,167.20,4.470607,4.402941,0.067666,4.402800
2.08583,167.22,4.387539,4.319861,0.067678,4.319720
2.08603,167.23,4.304812,4.237122,0.067690,4.236981
2.08623,167.25,4.222563,4.154861,0.067702,4.154720
2.08643,167.27,4.140919,4.073205,0.067714,4.073064
2.08663,167.28,4.059993,3.992267,0.067726,3.992126
2.08683,167.30,3.979888,3.912151,0.067738,3.912009
2.08703,167.31,3.900696,3.832947,0.067749,3.832806
2.08723,167.33,3.822499,3.754738,0.067761,3.754597
2.08743,167.35,3.745369,3.677596,0.067773,3.677454
2.08763,167.36,3.669367,3.601582,0.067785,3.601441
2.08783,167.38,3.594549,3.526752,0.067797,3.526610
2.08803,167.39,3.520959,3.453150,0.067809,3.453009
2.08823,167.41,3.448637,3.380816,0.067821,3.380675
2.08843,167.43,3.377614,3.309781,0.067833,3.309639
2.08863,167.44,3.307914,3.240069,0.067845,3.239927
2.08883,167.46,3.239557,3.171701,0.067856,3.171559
2.08903,167.47,3.172557,3.104689,0.067868,3.104547
2.08923,167.49,3.106923,3.039042,0.067880,3.038901
2.08943,167.51,3.042659,2.974766,0.067892,2.974624
2.08963,167.52,2.979765,2.911861,0.067904,2.911719
2.08983,167.54,2.918238,2.850322,0.067916,2.850180
2.09003,167.55,2.858073,2.790145,0.067928,2.790003
2.09023,167.57,2.799259,2.731319,0.067940,2.731177
2.09043,167.59,2.741786,2.673834,0.067952,2.673692
2.09063,167.60,2.685638,2.617674,0.067964,2.617532
2.09083,167.62,2.630799,2.562824,0.067976,2.562681
2.09103,167.63,2.577253,2.509266,0.067988,2.509123
2.09123,167.65,2.524980,2.456980,0.068000,2.456838
2.09143,167.67,2.473959,2.405948,0.068012,2.405805
2.09163,167.68,2.424170,2.356146,0.068024,2.356004
2.09183,167.70,2.375589,2.307553,0.068035,2.307411
2.09203,167.71,2.328193,2.260146,0.068047,2.260003
2.09223,167.73,2.281959,2.213900,0.068059,2.213758
2.09243,167.75,2.236864,2.168793,0.068071,2.168650
2.09263,167.76,2.192882,2.124799,0.068083,2.124656
2.09283,167.78,2.149989,2.081894,0.068095,2.081751
2.09303,167.79,2.108160,2.040053,0.068107,2.039910
2.09323,167.81,2.067371,1.999252,0.068119,1.999110
2.09343,167.83,2.027598,1.959466,0.068131,1.959324
2.09363,167.84,1.988815,1.920671,0.068143,1.920529
2.09383,167.86,1.950998,1.882843,0.068155,1.882700
2.09403,167.87,1.914123,1.845956,0.068167,1.845813
2.09423,167.89,1.878167,1.809988,0.068179,1.809845
2.09443,167.91,1.843106,1.774915,0.068191,1.774772
2.09463,167.92,1.808917,1.740714,0.068203,1.740571
2.09483,167.94,1.775577,1.707362,0.068215,1.707219
2.09503,167.95,1.743063,1.674836,0.068227,1.674693
2.09523,167.97,1.711355,1.643116,0.068239,1.642973
2.09543,167.99,1.680430,1.612178,0.068251,1.612035
2.09563,168.00,1.650267,1.582003,0.068263,1.581860
2.09583,168.02,1.620845,1.552570,0.068275,1.552427
2.09603,168.03,1.592146,1.523858,0.068287,1.523715
2.09623,168.05,1.564148,1.495848,0.068299,1.495705
2.09643,168.07,1.536832,1.468521,0.068311,1.468378
2.09663,168.08,1.510181,1.441858,0.068323,1.441715
2.09683,168.10,1.484175,1.415840,0.068335,1.415697
2.09703,168.12,1.458798,1.390450,0.068347,1.390307
2.09723,168.13,1.434030,1.365671,0.068359,1.365528
2.09743,168.15,1.409857,1.341485,0.068371,1.341342
2.09763,168.16,1.386260,1.317877,0.068384,1.317733
2.09783,168.18,1.363225,1.294830,0.068396,1.294686
2.09803,168.20,1.340736,1.272328,0.068408,1.272185
2.09823,168.21,1.318777,1.250357,0.068420,1.250214
2.09843,168.23,1.297334,1.228903,0.068432,1.228759
2.09863,168.24,1.276393,1.207949,0.068444,1.207806
2.09883,168.26,1.255940,1.187484,0.068456,1.187340
2.09903,168.28,1.235961,1.167493,0.068468,1.167349
2.09923,168.29,1.216443,1.147963,0.068480,1.147819
2.09943,168.31,1.197374,1.128882,0.068492,1.128738
2.09963,168.32,1.178741,1.110237,0.068504,1.110093
2.09983,168.34,1.160533,1.092016,0.068516,1.091873
2.10004,168.36,1.142737,1.074208,0.068528,1.074065
2.10024,168.37,1.125342,1.056802,0.068540,1.056658
2.10044,168.39,1.108339,1.039786,0.068553,1.039642
2.10064,168.40,1.091715,1.023150,0.068565,1.023006
2.10084,168.42,1.075460,1.006883,0.068577,1.006739
2.10104,168.44,1.059565,0.990977,0.068589,0.990832
2.10124,168.45,1.044020,0.975420,0.068601,0.975275
2.10144,168.47,1.028816,0.960203,0.068613,0.960059
2.10164,168.48,1.013943,0.945318,0.068625,0.945174
2.10184,168.50,0.999393,0.930756,0.068637,0.930611
2.10204,168.52,0.985157,0.916507,0.068649,0.916363
2.10224,168.53,0.971226,0.902564,0.068661,0.902420
2.10244,168.55,0.957593,0.888919,0.068674,0.888775
2.10264,168.56,0.944249,0.875564,0.068686,0.875419
2.10284,168.58,0.931188,0.862490,0.068698,0.862346
2.10304,168.60,0.918402,0.849692,0.068710,0.849547
2.10324,168.61,0.905883,0.837161,0.068722,0.837016
2.10344,168.63,0.893624,0.824890,0.068734,0.824746
2.10364,168.64,0.881620,0.812874,0.068746,0.812729
2.10384,168.66,0.869863,0.801105,0.068759,0.800960
2.10404,168.68,0.858347,0.789577,0.068771,0.789432
2.10424,168.69,0.847066,0.778284,0.068783,0.778139
2.10444,168.71,0.836014,0.767219,0.068795,0.767075
2.10464,168.72,0.825185,0.756378,0.068807,0.756234
2.10484,168.74,0.814574,0.745755,0.068819,0.745610
2.10504,168.76,0.804174,0.735343,0.068831,0.735198
2.10524,168.77,0.793982,0.725138,0.068844,0.724993
2.10544,168.79,0.783990,0.715134,0.068856,0.714990
2.10564,168.80,0.774196,0.705328,0.068868,0.705183
2.10584,168.82,0.764592,0.695712,0.068880,0.695567
2.10604,168.84,0.755176,0.686284,0.068892,0.686139
2.10624,168.85,0.745943,0.677038,0.068905,0.676893
2.10644,168.87,0.736887,0.667970,0.068917,0.667825
2.10664,168.88,0.728005,0.659076,0.068929,0.658931
2.10684,168.90,0.719292,0.650351,0.068941,0.650206
2.10704,168.92,0.710744,0.641791,0.068953,0.641646
2.10724,168.93,0.702358,0.633393,0.068966,0.633247
2.10744,168.95,0.694129,0.625152,0.068978,0.625006
2.10764,168.96,0.686055,0.617065,0.068990,0.616919
2.10784,168.98,0.678130,0.609128,0.069002,0.608982
2.10804,169.00,0.670352,0.601337,0.069014,0.601192
2.10824,169.01,0.662716,0.593690,0.069027,0.593544
2.10844,169.03,0.655221,0.586182,0.069039,0.586037
2.10864,169.05,0.647862,0.578811,0.069051,0.578666
2.10884,169.06,0.640637,0.571574,0.069063,0.571428
2.10904,169.08,0.633542,0.564466,0.069075,0.564321
2.10924,169.09,0.626574,0.557486,0.069088,0.557341
2.10944,169.11,0.619731,0.550631,0.069100,0.550485
2.10964,169.13,0.613009,0.543897,0.069112,0.543751
2.10984,169.14,0.606406,0.537281,0.069124,0.537136
2.11004,169.16,0.599919,0.530782,0.069137,0.530636
2.11024,169.17,0.593545,0.524397,0.069149,0.524251
2.11044,169.19,0.587283,0.518122,0.069161,0.517976
2.11064,169.21,0.581129,0.511956,0.069173,0.511810
2.11084,169.22,0.575082,0.505896,0.069186,0.505750
2.11104,169.24,0.569138,0.499940,0.069198,0.499794
2.11124,169.25,0.563295,0.494085,0.069210,0.493939
2.11144,169.27,0.557552,0.488329,0.069222,0.488183
2.11164,169.29,0.551906,0.482671,0.069235,0.482525
2.11184,169.30,0.546355,0.477108,0.069247,0.476962
2.11204,169.32,0.540897,0.471637,0.069259,0.471491
2.11224,169.33,0.535529,0.466258,0.069272,0.466112
2.11244,169.35,0.530251,0.460967,0.069284,0.460821
2.11264,169.37,0.525060,0.455764,0.069296,0.455618
2.11284,169.38,0.519954,0.450646,0.069308,0.450500
2.11304,169.40,0.514932,0.445611,0.069321,0.445465
2.11324,169.41,0.509992,0.440659,0.069333,0.440512
2.11344,169.43,0.505131,0.435786,0.069345,0.435639
2.11364,169.45,0.500349,0.430991,0.069358,0.430845
2.11384,169.46,0.495644,0.426274,0.069370,0.426127
2.11404,169.48,0.491013,0.421631,0.069382,0.421484
2.11424,169.49,0.486456,0.417062,0.069395,0.416915
2.11444,169.51,0.481972,0.412565,0.069407,0.412418
2.11464,169.53,0.477558,0.408139,0.069419,0.407992
2.11484,169.54,0.473213,0.403781,0.069432,0.403635
2.11504,169.56,0.468936,0.399492,0.069444,0.399345
2.11524,169.57,0.464725,0.395269,0.069456,0.395122
2.11544,169.59,0.460580,0.391111,0.069469,0.390965
2.11564,169.61,0.456498,0.387017,0.069481,0.386870
2.11584,169.62,0.452479,0.382986,0.069493,0.382839
2.11604,169.64,0.448521,0.379016,0.069506,0.378869
2.11624,169.65,0.444623,0.375105,0.069518,0.374958
2.11644,169.67,0.440784,0.371254,0.069530,0.371107
2.11664,169.69,0.437003,0.367461,0.069543,0.367314
2.11684,169.70,0.433279,0.363724,0.069555,0.363577
2.11704,169.72,0.429610,0.360042,0.069567,0.359895
2.11724,169.73,0.425995,0.356416,0.069580,0.356268
2.11744,169.75,0.422434,0.352842,0.069592,0.352695
2.11764,169.77,0.418925,0.349321,0.069604,0.349174
2.11784,169.78,0.415468,0.345851,0.069617,0.345704
2.11804,169.80,0.412061,0.342432,0.069629,0.342285
2.11824,169.81,0.408704,0.339062,0.069642,0.338915
2.11844,169.83,0.405395,0.335741,0.069654,0.335594
2.11864,169.85,0.402134,0.332468,0.069666,0.332320
2.11884,169.86,0.398920,0.329241,0.069679,0.329093
2.11904,169.88,0.395751,0.326060,0.069691,0.325913
2.11924,169.89,0.392628,0.322924,0.069703,0.322777
2.11944,169.91,0.389548,0.319832,0.069716,0.319685
2.11964,169.93,0.386512,0.316784,0.069728,0.316636
2.11984,169.94,0.383519,0.313778,0.069741,0.313631
2.12004,169.96,0.380568,0.310814,0.069753,0.310667
2.12024,169.98,0.377657,0.307892,0.069766,0.307744
2.12044,169.99,0.374787,0.305009,0.069778,0.304861
2.12064,170.01,0.371957,0.302166,0.069790,0.302019
2.12084,170.02,0.369165,0.299362,0.069803,0.299214
2.12104,170.04,0.366412,0.296596,0.069815,0.296449
2.12124,170.06,0.363696,0.293868,0.069828,0.293720
2.12144,170.07,0.361017,0.291177,0.069840,0.291029
2.12164,170.09,0.358374,0.288522,0.069852,0.288374
2.12184,170.10,0.355767,0.285902,0.069865,0.285754
2.12204,170.12,0.353195,0.283317,0.069877,0.283169
2.12224,170.14,0.350657,0.280767,0.069890,0.280619
2.12244,170.15,0.348153,0.278250,0.069902,0.278102
2.12264,170.17,0.345682,0.275767,0.069915,0.275619
2.12284,170.18,0.343243,0.273316,0.069927,0.273168
2.12304,170.20,0.340837,0.270897,0.069940,0.270749
2.12324,170.22,0.338462,0.268510,0.069952,0.268362
2.12344,170.23,0.336118,0.266154,0.069965,0.266005
2.12364,170.25,0.333805,0.263828,0.069977,0.263679
2.12384,170.26,0.331521,0.261532,0.069990,0.261383
2.12404,170.28,0.329267,0.259265,0.070002,0.259117
2.12424,170.30,0.327042,0.257027,0.070014,0.256879
2.12444,170.31,0.324845,0.254818,0.070027,0.254670
2.12464,170.33,0.322676,0.252637,0.070039,0.252488
2.12484,170.34,0.320535,0.250483,0.070052,0.250334
2.12504,170.36,0.318421,0.248356,0.070064,0.248208
2.12524,170.38,0.316333,0.246256,0.070077,0.246108
2.12544,170.39,0.314272,0.244182,0.070089,0.244034
2.12564,170.41,0.312236,0.242134,0.070102,0.241985
2.12584,170.42,0.310226,0.240111,0.070114,0.239962
2.12604,170.44,0.308240,0.238113,0.070127,0.237964
2.12624,170.46,0.306279,0.236140,0.070139,0.235991
2.12644,170.47,0.304342,0.234190,0.070152,0.234041
2.12664,170.49,0.302429,0.232265,0.070164,0.232116
2.12684,170.50,0.300539,0.230362,0.070177,0.230214
2.12704,170.52,0.298673,0.228483,0.070190,0.228334
2.12724,170.54,0.296829,0.226627,0.070202,0.226478
2.12744,170.55,0.295007,0.224792,0.070215,0.224643
2.12764,170.57,0.293207,0.222980,0.070227,0.222831
2.12784,170.58,0.291428,0.221189,0.070240,0.221040
2.12804,170.60,0.289671,0.219419,0.070252,0.219270
2.12824,170.62,0.287935,0.217670,0.070265,0.217521
2.12844,170.63,0.286219,0.215942,0.070277,0.215793
2.12864,170.65,0.284524,0.214234,0.070290,0.214085
2.12884,170.66,0.282849,0.212546,0.070302,0.212397
2.12904,170.68,0.281193,0.210878,0.070315,0.210729
2.12924,170.70,0.279556,0.209229,0.070328,0.209080
2.12944,170.71,0.277939,0.207599,0.070340,0.207450
2.12964,170.73,0.276341,0.205988,0.070353,0.205838
2.12984,170.74,0.274760,0.204395,0.070365,0.204246
2.13004,170.76,0.273198,0.202821,0.070378,0.202671
2.13024,170.78,0.271654,0.201264,0.070390,0.201115
2.13044,170.79,0.270128,0.199725,0.070403,0.199576
2.13064,170.81,0.268619,0.198204,0.070416,0.198054
2.13084,170.82,0.267127,0.196699,0.070428,0.196550
2.13104,170.84,0.265653,0.195212,0.070441,0.195062
2.13124,170.86,0.264194,0.193741,0.070453,0.193591
2.13144,170.87,0.262753,0.192287,0.070466,0.192137
2.13164,170.89,0.261327,0.190848,0.070479,0.190698
2.13184,170.90,0.259917,0.189426,0.070491,0.189276
2.13204,170.92,0.258523,0.188019,0.070504,0.187869
2.13224,170.94,0.257144,0.186628,0.070516,0.186478
2.13244,170.95,0.255781,0.185252,0.070529,0.185102
2.13264,170.97,0.254433,0.183891,0.070542,0.183741
2.13284,170.99,0.253099,0.182545,0.070554,0.182395
2.13304,171.00,0.251780,0.181213,0.070567,0.181063
2.13324,171.02,0.250475,0.179896,0.070579,0.179746
2.13344,171.03,0.249185,0.178593,0.070592,0.178443
2.13364,171.05,0.247909,0.177304,0.070605,0.177154
2.13384,171.07,0.246646,0.176029,0.070617,0.175878
2.13404,171.08,0.245397,0.174767,0.070630,0.174617
2.13424,171.10,0.244161,0.173519,0.070643,0.173368
2.13444,171.11,0.242939,0.172284,0.070655,0.172133
2.13464,171.13,0.241729,0.171061,0.070668,0.170911
2.13484,171.15,0.240533,0.169852,0.070681,0.169702
2.13504,171.16,0.239349,0.168656,0.070693,0.168505
2.13524,171.18,0.238178,0.167472,0.070706,0.167321
2.13544,171.19,0.237018,0.166300,0.070719,0.166149
2.13564,171.21,0.235872,0.165140,0.070731,0.164990
2.13584,171.23,0.234737,0.163993,0.070744,0.163842
2.13604,171.24,0.233614,0.162857,0.070757,0.162706
2.13624,171.26,0.232502,0.161733,0.070769,0.161582
2.13644,171.27,0.231402,0.160620,0.070782,0.160469
2.13664,171.29,0.230314,0.159519,0.070795,0.159368
2.13684,171.31,0.229236,0.158429,0.070807,0.158278
2.13704,171.32,0.228170,0.157350,0.070820,0.157199
2.13724,171.34,0.227114,0.156282,0.070833,0.156131
2.13744,171.35,0.226070,0.155224,0.070845,0.155073
2.13764,171.37,0.225036,0.154177,0.070858,0.154026
2.13784,171.39,0.224012,0.153141,0.070871,0.152990
2.13804,171.40,0.222999,0.152115,0.070884,0.151964
2.13824,171.42,0.221996,0.151099,0.070896,0.150948
2.13844,171.43,0.221003,0.150094,0.070909,0.149943
2.13864,171.45,0.220020,0.149098,0.070922,0.148947
2.13884,171.47,0.219047,0.148112,0.070934,0.147961
2.13904,171.48,0.218083,0.147136,0.070947,0.146984
2.13924,171.50,0.217129,0.146169,0.070960,0.146018
2.13944,171.51,0.216184,0.145212,0.070973,0.145060
2.13964,171.53,0.215249,0.144264,0.070985,0.144112
2.13984,171.55,0.214323,0.143325,0.070998,0.143173
2.14004,171.56,0.213406,0.142395,0.071011,0.142244
2.14024,171.58,0.212498,0.141474,0.071024,0.141323
2.14044,171.59,0.211599,0.140563,0.071036,0.140411
2.14064,171.61,0.210708,0.139659,0.071049,0.139508
2.14084,171.63,0.209827,0.138765,0.071062,0.138613
2.14104,171.64,0.208953,0.137879,0.071075,0.137727
2.14124,171.66,0.208088,0.137001,0.071087,0.136849
2.14144,171.67,0.207232,0.136132,0.071100,0.135980
2.14164,171.69,0.206383,0.135270,0.071113,0.135119
2.14184,171.71,0.205543,0.134417,0.071126,0.134265
2.14204,171.72,0.204711,0.133572,0.071139,0.133420
2.14224,171.74,0.203886,0.132735,0.071151,0.132583
2.14244,171.75,0.203070,0.131906,0.071164,0.131754
2.14264,171.77,0.202261,0.131084,0.071177,0.130932
2.14284,171.79,0.201460,0.130270,0.071190,0.130118
2.14304,171.80,0.200666,0.129463,0.071202,0.129311
2.14324,171.82,0.199879,0.128664,0.071215,0.128512
2.14344,171.83,0.199100,0.127872,0.071228,0.127720
2.14364,171.85,0.198329,0.127088,0.071241,0.126936
2.14384,171.87,0.197564,0.126310,0.071254,0.126158
2.14404,171.88,0.196807,0.125540,0.071267,0.125388
2.14424,171.90,0.196056,0.124777,0.071279,0.124624
2.14444,171.92,0.195312,0.124020,0.071292,0.123868
2.14464,171.93,0.194576,0.123271,0.071305,0.123118
2.14484,171.95,0.193845,0.122528,0.071318,0.122375
2.14504,171.96,0.193122,0.121791,0.071331,0.121639
2.14524,171.98,0.192405,0.121062,0.071343,0.120909
2.14544,172.00,0.191695,0.120339,0.071356,0.120186
2.14564,172.01,0.190991,0.119622,0.071369,0.119469
2.14584,172.03,0.190293,0.118911,0.071382,0.118759
2.14604,172.04,0.189602,0.118207,0.071395,0.118055
2.14624,172.06,0.188917,0.117509,0.071408,0.117357
2.14644,172.08,0.188238,0.116818,0.071421,0.116665
2.14664,172.09,0.187565,0.116132,0.071433,0.115979
2.14684,172.11,0.186899,0.115452,0.071446,0.115299
2.14704,172.12,0.186238,0.114778,0.071459,0.114625
2.14724,172.14,0.185582,0.114110,0.071472,0.113957
2.14744,172.16,0.184933,0.113448,0.071485,0.113295
2.14764,172.17,0.184290,0.112792,0.071498,0.112639
2.14784,172.19,0.183652,0.112141,0.071511,0.111988
2.14804,172.20,0.183019,0.111496,0.071524,0.111343
2.14824,172.22,0.182393,0.110856,0.071536,0.110703
2.14844,172.24,0.181771,0.110222,0.071549,0.110069
2.14864,172.25,0.181155,0.109593,0.071562,0.109440
2.14884,172.27,0.180545,0.108970,0.071575,0.108816
2.14904,172.28,0.179939,0.108351,0.071588,0.108198
2.14924,172.30,0.179339,0.107738,0.071601,0.107585
2.14944,172.32,0.178744,0.107131,0.071614,0.106977
2.14964,172.33,0.178155,0.106528,0.071627,0.106374
2.14984,172.35,0.177570,0.105930,0.071640,0.105777
2.15004,172.36,0.176990,0.105338,0.071653,0.105184
2.15024,172.38,0.176415,0.104750,0.071665,0.104596
2.15044,172.40,0.175845,0.104167,0.071678,0.104013
2.15064,172.41,0.175280,0.103589,0.071691,0.103435
2.15084,172.43,0.174720,0.103016,0.071704,0.102862
2.15104,172.44,0.174165,0.102447,0.071717,0.102294
2.15124,172.46,0.173614,0.101884,0.071730,0.101730
2.15144,172.48,0.173067,0.101324,0.071743,0.101170
2.15164,172.49,0.172526,0.100770,0.071756,0.100616
2.15184,172.51,0.171989,0.100220,0.071769,0.100066
2.15204,172.52,0.171456,0.099674,0.071782,0.099520
2.15224,172.54,0.170928,0.099133,0.071795,0.098979
2.15244,172.56,0.170404,0.098596,0.071808,0.098442
2.15264,172.57,0.169884,0.098063,0.071821,0.097909
2.15284,172.59,0.169369,0.097535,0.071834,0.097381
2.15304,172.60,0.168858,0.097011,0.071847,0.096857
2.15324,172.62,0.168351,0.096491,0.071860,0.096337
2.15344,172.64,0.167849,0.095976,0.071873,0.095822
2.15364,172.65,0.167350,0.095464,0.071886,0.095310
2.15384,172.67,0.166855,0.094957,0.071899,0.094802
2.15404,172.68,0.166365,0.094453,0.071912,0.094299
2.15424,172.70,0.165879,0.093954,0.071925,0.093800
2.15444,172.72,0.165396,0.093458,0.071938,0.093304
2.15464,172.73,0.164917,0.092967,0.071951,0.092812
2.15484,172.75,0.164443,0.092479,0.071964,0.092324
2.15504,172.76,0.163972,0.091995,0.071977,0.091841
2.15524,172.78,0.163505,0.091515,0.071990,0.091360
2.15544,172.80,0.163041,0.091038,0.072003,0.090884
2.15564,172.81,0.162581,0.090566,0.072016,0.090411
2.15584,172.83,0.162125,0.090097,0.072029,0.089942
2.15604,172.85,0.161673,0.089631,0.072042,0.089476
2.15624,172.86,0.161224,0.089169,0.072055,0.089015
2.15644,172.88,0.160779,0.088711,0.072068,0.088556
2.15664,172.89,0.160337,0.088256,0.072081,0.088101
2.15684,172.91,0.159899,0.087805,0.072094,0.087650
2.15704,172.93,0.159464,0.087357,0.072107,0.087202
2.15724,172.94,0.159032,0.086913,0.072120,0.086758
2.15744,172.96,0.158604,0.086471,0.072133,0.086316
2.15764,172.97,0.158180,0.086034,0.072146,0.085879
2.15784,172.99,0.157758,0.085599,0.072159,0.085444
2.15804,173.01,0.157340,0.085168,0.072172,0.085013
2.15824,173.02,0.156925,0.084740,0.072185,0.084585
2.15844,173.04,0.156514,0.084315,0.072198,0.084160
2.15864,173.05,0.156105,0.083894,0.072211,0.083739
2.15884,173.07,0.155700,0.083475,0.072224,0.083320
2.15904,173.09,0.155298,0.083060,0.072238,0.082905
2.15924,173.10,0.154899,0.082648,0.072251,0.082492
2.15944,173.12,0.154502,0.082239,0.072264,0.082083
2.15964,173.13,0.154109,0.081833,0.072277,0.081677
2.15984,173.15,0.153719,0.081429,0.072290,0.081274
2.16004,173.17,0.153332,0.081029,0.072303,0.080874
2.16024,173.18,0.152948,0.080632,0.072316,0.080476
2.16044,173.20,0.152567,0.080238,0.072329,0.080082
2.16064,173.21,0.152189,0.079846,0.072342,0.079691
2.16084,173.23,0.151813,0.079458,0.072355,0.079302
2.16104,173.25,0.151440,0.079072,0.072368,0.078916
2.16124,173.26,0.151070,0.078689,0.072382,0.078533
2.16144,173.28,0.150703,0.078309,0.072395,0.078153
2.16164,173.29,0.150339,0.077931,0.072408,0.077775
2.16184,173.31,0.149977,0.077556,0.072421,0.077400
2.16204,173.33,0.149618,0.077184,0.072434,0.077028
2.16224,173.34,0.149262,0.076815,0.072447,0.076659
2.16244,173.36,0.148909,0.076448,0.072460,0.076292
2.16264,173.37,0.148558,0.076084,0.072474,0.075928
2.16284,173.39,0.148209,0.075723,0.072487,0.075566
2.16304,173.41,0.147863,0.075364,0.072500,0.075207
2.16324,173.42,0.147520,0.075007,0.072513,0.074851
2.16344,173.44,0.147179,0.074653,0.072526,0.074497
2.16364,173.45,0.146841,0.074302,0.072539,0.074145
2.16384,173.47,0.146505,0.073953,0.072552,0.073796
2.16404,173.49,0.146172,0.073606,0.072566,0.073450
2.16424,173.50,0.145841,0.073262,0.072579,0.073106
2.16444,173.52,0.145512,0.072921,0.072592,0.072764
2.16464,173.53,0.145186,0.072581,0.072605,0.072425
2.16484,173.55,0.144863,0.072244,0.072618,0.072088
2.16504,173.57,0.144541,0.071910,0.072631,0.071753
2.16524,173.58,0.144222,0.071577,0.072645,0.071421
2.16544,173.60,0.143905,0.071247,0.072658,0.071091
2.16564,173.61,0.143591,0.070920,0.072671,0.070763
2.16584,173.63,0.143278,0.070594,0.072684,0.070437
2.16604,173.65,0.142968,0.070271,0.072697,0.070114
2.16624,173.66,0.142661,0.069950,0.072711,0.069793
2.16644,173.68,0.142355,0.069631,0.072724,0.069474
2.16664,173.69,0.142051,0.069314,0.072737,0.069157
2.16684,173.71,0.141750,0.069000,0.072750,0.068843
2.16704,173.73,0.141451,0.068688,0.072763,0.068530
2.16724,173.74,0.141154,0.068377,0.072777,0.068220
2.16744,173.76,0.140859,0.068069,0.072790,0.067912
2.16764,173.78,0.140566,0.067763,0.072803,0.067606
2.16784,173.79,0.140275,0.067459,0.072816,0.067302
2.16804,173.81,0.139987,0.067157,0.072830,0.067000
2.16824,173.82,0.139700,0.066857,0.072843,0.066700
2.16844,173.84,0.139415,0.066559,0.072856,0.066402
2.16864,173.86,0.139132,0.066263,0.072869,0.066106
2.16884,173.87,0.138852,0.065969,0.072883,0.065812
2.16904,173.89,0.138573,0.065677,0.072896,0.065519
2.16924,173.90,0.138296,0.065387,0.072909,0.065229
2.16944,173.92,0.138021,0.065099,0.072922,0.064941
2.16964,173.94,0.137748,0.064812,0.072936,0.064655
2.16984,173.95,0.137477,0.064528,0.072949,0.064370
2.17004,173.97,0.137207,0.064245,0.072962,0.064088
2.17024,173.98,0.136940,0.063965,0.072975,0.063807
2.17044,174.00,0.136674,0.063686,0.072989,0.063528
2.17064,174.02,0.136411,0.063409,0.073002,0.063251
2.17084,174.03,0.136149,0.063133,0.073015,0.062975
2.17104,174.05,0.135889,0.062860,0.073029,0.062702
2.17124,174.06,0.135630,0.062588,0.073042,0.062430
2.17144,174.08,0.135373,0.062318,0.073055,0.062160
2.17164,174.10,0.135119,0.062050,0.073069,0.061892
2.17184,174.11,0.134865,0.061784,0.073082,0.061625
2.17204,174.13,0.134614,0.061519,0.073095,0.061361
2.17224,174.14,0.134364,0.061256,0.073108,0.061098
2.17244,174.16,0.134116,0.060994,0.073122,0.060836
2.17264,174.18,0.133870,0.060735,0.073135,0.060576
2.17284,174.19,0.133625,0.060477,0.073148,0.060318
2.17304,174.21,0.133382,0.060220,0.073162,0.060062
2.17324,174.22,0.133140,0.059965,0.073175,0.059807
2.17344,174.24,0.132901,0.059712,0.073188,0.059554
2.17364,174.26,0.132662,0.059461,0.073202,0.059302
2.17384,174.27,0.132426,0.059211,0.073215,0.059052
2.17404,174.29,0.132191,0.058962,0.073228,0.058804
2.17424,174.30,0.131957,0.058715,0.073242,0.058557
2.17444,174.32,0.131725,0.058470,0.073255,0.058311
2.17464,174.34,0.131495,0.058226,0.073269,0.058068
2.17484,174.35,0.131266,0.057984,0.073282,0.057825
2.17504,174.37,0.131038,0.057743,0.073295,0.057584
2.17524,174.38,0.130812,0.057504,0.073309,0.057345
2.17544,174.40,0.130588,0.057266,0.073322,0.057107
2.17564,174.42,0.130365,0.057030,0.073335,0.056871
2.17584,174.43,0.130144,0.056795,0.073349,0.056636
2.17604,174.45,0.129924,0.056562,0.073362,0.056403
2.17624,174.46,0.129705,0.056330,0.073375,0.056171
2.17644,174.48,0.129488,0.056099,0.073389,0.055940
2.17664,174.50,0.129272,0.055870,0.073402,0.055711
2.17684,174.51,0.129058,0.055642,0.073416,0.055483
2.17704,174.53,0.128845,0.055416,0.073429,0.055257
2.17724,174.54,0.128633,0.055191,0.073442,0.055032
2.17744,174.56,0.128423,0.054967,0.073456,0.054808
2.17764,174.58,0.128214,0.054745,0.073469,0.054586
2.17784,174.59,0.128007,0.054524,0.073483,0.054365
2.17804,174.61,0.127801,0.054305,0.073496,0.054145
2.17824,174.62,0.127596,0.054086,0.073510,0.053927
2.17844,174.64,0.127393,0.053870,0.073523,0.053710
2.17864,174.66,0.127190,0.053654,0.073536,0.053494
2.17884,174.67,0.126989,0.053440,0.073550,0.053280
2.17904,174.69,0.126790,0.053227,0.073563,0.053067
2.17924,174.71,0.126592,0.053015,0.073577,0.052855
2.17944,174.72,0.126395,0.052804,0.073590,0.052645
2.17964,174.74,0.126199,0.052595,0.073604,0.052435
2.17984,174.75,0.126004,0.052387,0.073617,0.052227
2.18004,174.77,0.125811,0.052180,0.073631,0.052020
2.18024,174.79,0.125619,0.051975,0.073644,0.051815
2.18044,174.80,0.125428,0.051770,0.073657,0.051610
2.18064,174.82,0.125238,0.051567,0.073671,0.051407
2.18084,174.83,0.125050,0.051365,0.073684,0.051205
2.18104,174.85,0.124862,0.051165,0.073698,0.051005
2.18124,174.87,0.124676,0.050965,0.073711,0.050805
2.18144,174.88,0.124491,0.050767,0.073725,0.050606
2.18164,174.90,0.124308,0.050569,0.073738,0.050409
2.18184,174.91,0.124125,0.050373,0.073752,0.050213
2.18204,174.93,0.123944,0.050178,0.073765,0.050018
2.18224,174.95,0.123763,0.049984,0.073779,0.049824
2.18244,174.96,0.123584,0.049792,0.073792,0.049631
2.18264,174.98,0.123406,0.049600,0.073806,0.049440
2.18284,174.99,0.123229,0.049410,0.073819,0.049249
2.18304,175.01,0.123053,0.049220,0.073833,0.049060
2.18324,175.03,0.122878,0.049032,0.073846,0.048871
2.18344,175.04,0.122704,0.048845,0.073860,0.048684
2.18364,175.06,0.122532,0.048658,0.073873,0.048498
2.18384,175.07,0.122360,0.048473,0.073887,0.048313
2.18404,175.09,0.122190,0.048289,0.073900,0.048129
2.18424,175.11,0.122020,0.048106,0.073914,0.047946
2.18444,175.12,0.121852,0.047924,0.073927,0.047764
2.18464,175.14,0.121684,0.047743,0.073941,0.047583
2.18484,175.15,0.121518,0.047564,0.073955,0.047403
2.18504,175.17,0.121353,0.047385,0.073968,0.047224
2.18524,175.19,0.121188,0.047207,0.073982,0.047046
2.18544,175.20,0.121025,0.047030,0.073995,0.046869
2.18564,175.22,0.120863,0.046854,0.074009,0.046693
2.18584,175.23,0.120701,0.046679,0.074022,0.046518
2.18604,175.25,0.120541,0.046505,0.074036,0.046344
2.18624,175.27,0.120382,0.046332,0.074049,0.046171
2.18644,175.28,0.120223,0.046160,0.074063,0.045999
2.18664,175.30,0.120066,0.045989,0.074077,0.045828
2.18684,175.31,0.119909,0.045819,0.074090,0.045658
2.18704,175.33,0.119754,0.045650,0.074104,0.045489
2.18724,175.35,0.119599,0.045482,0.074117,0.045320
2.18744,175.36,0.119446,0.045315,0.074131,0.045153
2.18764,175.38,0.119293,0.045148,0.074145,0.044987
2.18784,175.39,0.119141,0.044983,0.074158,0.044821
2.18804,175.41,0.118990,0.044818,0.074172,0.044657
2.18824,175.43,0.118840,0.044655,0.074185,0.044493
2.18844,175.44,0.118691,0.044492,0.074199,0.044330
2.18864,175.46,0.118543,0.044330,0.074213,0.044168
2.18884,175.47,0.118395,0.044169,0.074226,0.044007
2.18904,175.49,0.118249,0.044009,0.074240,0.043847
2.18924,175.51,0.118103,0.043850,0.074253,0.043688
2.18944,175.52,0.117959,0.043692,0.074267,0.043530
2.18964,175.54,0.117815,0.043534,0.074281,0.043372
2.18984,175.55,0.117672,0.043377,0.074294,0.043215
2.19004,175.57,0.117530,0.043222,0.074308,0.043060
2.19024,175.59,0.117388,0.043067,0.074322,0.042905
2.19044,175.60,0.117248,0.042913,0.074335,0.042750
2.19064,175.62,0.117108,0.042759,0.074349,0.042597
2.19084,175.63,0.116969,0.042607,0.074363,0.042445
2.19104,175.65,0.116831,0.042455,0.074376,0.042293
2.19124,175.67,0.116694,0.042304,0.074390,0.042142
2.19144,175.68,0.116558,0.042154,0.074404,0.041992
2.19164,175.70,0.116422,0.042005,0.074417,0.041843
2.19184,175.72,0.116288,0.041857,0.074431,0.041694
2.19204,175.73,0.116154,0.041709,0.074445,0.041547
2.19224,175.75,0.116020,0.041562,0.074458,0.041400
2.19244,175.76,0.115888,0.041416,0.074472,0.041253
2.19264,175.78,0.115756,0.041271,0.074486,0.041108
2.19284,175.80,0.115625,0.041126,0.074499,0.040963
2.19304,175.81,0.115495,0.040982,0.074513,0.040820
2.19324,175.83,0.115366,0.040839,0.074527,0.040677
2.19344,175.84,0.115237,0.040697,0.074540,0.040534
2.19364,175.86,0.115110,0.040555,0.074554,0.040393
2.19384,175.88,0.114983,0.040415,0.074568,0.040252
2.19404,175.89,0.114856,0.040275,0.074582,0.040112
2.19424,175.91,0.114731,0.040135,0.074595,0.039972
2.19444,175.92,0.114606,0.039997,0.074609,0.039834
2.19464,175.94,0.114481,0.039859,0.074623,0.039696
2.19484,175.96,0.114358,0.039721,0.074637,0.039558
2.19504,175.97,0.114235,0.039585,0.074650,0.039422
2.19524,175.99,0.114113,0.039449,0.074664,0.039286
2.19544,176.00,0.113992,0.039314,0.074678,0.039151
2.19564,176.02,0.113871,0.039180,0.074691,0.039016
2.19584,176.04,0.113751,0.039046,0.074705,0.038883
2.19604,176.05,0.113632,0.038913,0.074719,0.038750
2.19624,176.07,0.113513,0.038781,0.074733,0.038617
2.19644,176.08,0.113396,0.038649,0.074747,0.038486
2.19664,176.10,0.113278,0.038518,0.074760,0.038355
2.19684,176.12,0.113162,0.038388,0.074774,0.038224
2.19704,176.13,0.113046,0.038258,0.074788,0.038094
2.19724,176.15,0.112931,0.038129,0.074802,0.037965
2.19744,176.16,0.112816,0.038001,0.074815,0.037837
2.19764,176.18,0.112702,0.037873,0.074829,0.037709
2.19784,176.20,0.112589,0.037746,0.074843,0.037582
2.19804,176.21,0.112476,0.037620,0.074857,0.037456
2.19824,176.23,0.112364,0.037494,0.074871,0.037330
2.19844,176.24,0.112253,0.037369,0.074884,0.037205
2.19864,176.26,0.112142,0.037244,0.074898,0.037080
2.19884,176.28,0.112032,0.037120,0.074912,0.036956
2.19904,176.29,0.111923,0.036997,0.074926,0.036833
2.19924,176.31,0.111814,0.036874,0.074940,0.036710
2.19944,176.32,0.111706,0.036752,0.074953,0.036588
2.19964,176.34,0.111598,0.036631,0.074967,0.036467
2.19984,176.36,0.111491,0.036510,0.074981,0.036346
2.20004,176.37,0.111385,0.036390,0.074995,0.036225
2.20024,176.39,0.111279,0.036270,0.075009,0.036106
2.20044,176.40,0.111174,0.036151,0.075023,0.035987
2.20064,176.42,0.111069,0.036033,0.075036,0.035868
2.20084,176.44,0.110965,0.035915,0.075050,0.035750
2.20104,176.45,0.110861,0.035797,0.075064,0.035633
2.20124,176.47,0.110759,0.035681,0.075078,0.035516
2.20144,176.48,0.110656,0.035564,0.075092,0.035400
2.20164,176.50,0.110555,0.035449,0.075106,0.035284
2.20184,176.52,0.110453,0.035334,0.075120,0.035169
2.20204,176.53,0.110353,0.035219,0.075133,0.035055
2.20224,176.55,0.110253,0.035105,0.075147,0.034941
2.20244,176.56,0.110153,0.034992,0.075161,0.034827
2.20264,176.58,0.110054,0.034879,0.075175,0.034714
2.20284,176.60,0.109956,0.034767,0.075189,0.034602
2.20304,176.61,0.109858,0.034655,0.075203,0.034490
2.20324,176.63,0.109761,0.034544,0.075217,0.034379
2.20344,176.65,0.109664,0.034434,0.075231,0.034269
2.20364,176.66,0.109568,0.034323,0.075244,0.034158
2.20384,176.68,0.109472,0.034214,0.075258,0.034049
2.20404,176.69,0.109377,0.034105,0.075272,0.033940
2.20424,176.71,0.109282,0.033996,0.075286,0.033831
2.20444,176.73,0.109188,0.033888,0.075300,0.033723
2.20464,176.74,0.109095,0.033781,0.075314,0.033615
2.20484,176.76,0.109002,0.033674,0.075328,0.033508
2.20504,176.77,0.108909,0.033567,0.075342,0.033402
2.20524,176.79,0.108817,0.033461,0.075356,0.033296
2.20544,176.81,0.108726,0.033356,0.075370,0.033190
2.20564,176.82,0.108635,0.033251,0.075384,0.033085
2.20584,176.84,0.108544,0.033146,0.075398,0.032981
2.20604,176.85,0.108454,0.033043,0.075412,0.032877
2.20624,176.87,0.108365,0.032939,0.075426,0.032773
2.20644,176.89,0.108275,0.032836,0.075439,0.032670
2.20664,176.90,0.108187,0.032734,0.075453,0.032568
2.20684,176.92,0.108099,0.032631,0.075467,0.032466
2.20704,176.93,0.108011,0.032530,0.075481,0.032364
2.20724,176.95,0.107924,0.032429,0.075495,0.032263
2.20744,176.97,0.107838,0.032328,0.075509,0.032162
2.20764,176.98,0.107751,0.032228,0.075523,0.032062
2.20784,177.00,0.107666,0.032128,0.075537,0.031962
2.20804,177.01,0.107580,0.032029,0.075551,0.031863
2.20824,177.03,0.107496,0.031931,0.075565,0.031764
2.20844,177.05,0.107411,0.031832,0.075579,0.031666
2.20864,177.06,0.107328,0.031734,0.075593,0.031568
2.20884,177.08,0.107244,0.031637,0.075607,0.031471
2.20904,177.09,0.107161,0.031540,0.075621,0.031374
2.20924,177.11,0.107079,0.031444,0.075635,0.031277
2.20944,177.13,0.106997,0.031348,0.075649,0.031181
2.20964,177.14,0.106915,0.031252,0.075663,0.031086
2.20984,177.16,0.106834,0.031157,0.075677,0.030990
2.21004,177.17,0.106753,0.031062,0.075691,0.030896
2.21024,177.19,0.106673,0.030968,0.075705,0.030801
2.21044,177.21,0.106593,0.030874,0.075719,0.030707
2.21064,177.22,0.106514,0.030781,0.075733,0.030614
2.21084,177.24,0.106435,0.030688,0.075747,0.030521
2.21104,177.25,0.106356,0.030595,0.075761,0.030428
2.21124,177.27,0.106278,0.030503,0.075775,0.030336
2.21144,177.29,0.106201,0.030411,0.075790,0.030244
2.21164,177.30,0.106123,0.030320,0.075804,0.030153
2.21184,177.32,0.106046,0.030229,0.075818,0.030062
2.21204,177.33,0.105970,0.030138,0.075832,0.029971
2.21224,177.35,0.105894,0.030048,0.075846,0.029881
2.21244,177.37,0.105818,0.029959,0.075860,0.029791
2.21264,177.38,0.105743,0.029869,0.075874,0.029702
2.21284,177.40,0.105668,0.029780,0.075888,0.029613
2.21304,177.41,0.105594,0.029692,0.075902,0.029525
2.21324,177.43,0.105520,0.029604,0.075916,0.029437
2.21344,177.45,0.105446,0.029516,0.075930,0.029349
2.21364,177.46,0.105373,0.029429,0.075944,0.029261
2.21384,177.48,0.105300,0.029342,0.075958,0.029174
2.21404,177.49,0.105228,0.029255,0.075973,0.029088
2.21424,177.51,0.105156,0.029169,0.075987,0.029002
2.21444,177.53,0.105084,0.029083,0.076001,0.028916
2.21464,177.54,0.105013,0.028998,0.076015,0.028830
2.21484,177.56,0.104942,0.028913,0.076029,0.028745
2.21504,177.58,0.104872,0.028828,0.076043,0.028661
2.21524,177.59,0.104801,0.028744,0.076057,0.028576
2.21544,177.61,0.104732,0.028660,0.076071,0.028492
2.21564,177.62,0.104662,0.028577,0.076086,0.028409
2.21584,177.64,0.104593,0.028494,0.076100,0.028326
2.21604,177.66,0.104525,0.028411,0.076114,0.028243
2.21624,177.67,0.104456,0.028328,0.076128,0.028160
2.21644,177.69,0.104388,0.028246,0.076142,0.028078
2.21664,177.70,0.104321,0.028165,0.076156,0.027997
2.21684,177.72,0.104254,0.028083,0.076170,0.027915
2.21704,177.74,0.104187,0.028002,0.076185,0.027834
2.21724,177.75,0.104120,0.027922,0.076199,0.027753
2.21744,177.77,0.104054,0.027841,0.076213,0.027673
2.21764,177.78,0.103988,0.027761,0.076227,0.027593
2.21784,177.80,0.103923,0.027682,0.076241,0.027513
2.21804,177.82,0.103858,0.027602,0.076255,0.027434
2.21824,177.83,0.103793,0.027524,0.076270,0.027355
2.21844,177.85,0.103729,0.027445,0.076284,0.027277
2.21864,177.86,0.103665,0.027367,0.076298,0.027198
2.21884,177.88,0.103601,0.027289,0.076312,0.027120
2.21904,177.90,0.103538,0.027211,0.076326,0.027043
2.21924,177.91,0.103475,0.027134,0.076341,0.026965
2.21944,177.93,0.103412,0.027057,0.076355,0.026888
2.21964,177.94,0.103349,0.026981,0.076369,0.026812
2.21984,177.96,0.103287,0.026904,0.076383,0.026735
2.22004,177.98,0.103226,0.026828,0.076397,0.026660
2.22024,177.99,0.103164,0.026753,0.076412,0.026584
2.22044,178.01,0.103103,0.026677,0.076426,0.026509
2.22064,178.02,0.103043,0.026602,0.076440,0.026434
2.22084,178.04,0.102982,0.026528,0.076454,0.026359
2.22104,178.06,0.102922,0.026454,0.076469,0.026284
2.22124,178.07,0.102862,0.026379,0.076483,0.026210
2.22144,178.09,0.102803,0.026306,0.076497,0.026137
2.22164,178.10,0.102744,0.026232,0.076511,0.026063
2.22184,178.12,0.102685,0.026159,0.076526,0.025990
2.22204,178.14,0.102626,0.026087,0.076540,0.025917
2.22224,178.15,0.102568,0.026014,0.076554,0.025845
2.22244,178.17,0.102510,0.025942,0.076568,0.025772
2.22264,178.18,0.102453,0.025870,0.076583,0.025701
2.22284,178.20,0.102395,0.025798,0.076597,0.025629
2.22304,178.22,0.102338,0.025727,0.076611,0.025558
2.22324,178.23,0.102282,0.025656,0.076625,0.025487
2.22344,178.25,0.102225,0.025586,0.076640,0.025416
2.22364,178.26,0.102169,0.025515,0.076654,0.025345
2.22384,178.28,0.102113,0.025445,0.076668,0.025275
2.22404,178.30,0.102058,0.025375,0.076683,0.025205
2.22424,178.31,0.102003,0.025306,0.076697,0.025136
2.22444,178.33,0.101948,0.025237,0.076711,0.025067
2.22464,178.34,0.101893,0.025168,0.076726,0.024998
2.22484,178.36,0.101839,0.025099,0.076740,0.024929
2.22504,178.38,0.101785,0.025031,0.076754,0.024861
2.22524,178.39,0.101731,0.024962,0.076768,0.024792
2.22544,178.41,0.101677,0.024895,0.076783,0.024725
2.22564,178.42,0.101624,0.024827,0.076797,0.024657
2.22584,178.44,0.101571,0.024760,0.076811,0.024590
2.22604,178.46,0.101519,0.024693,0.076826,0.024523
2.22624,178.47,0.101466,0.024626,0.076840,0.024456
2.22644,178.49,0.101414,0.024560,0.076855,0.024389
2.22664,178.51,0.101362,0.024494,0.076869,0.024323
2.22684,178.52,0.101311,0.024428,0.076883,0.024257
2.22704,178.54,0.101260,0.024362,0.076898,0.024192
2.22724,178.55,0.101209,0.024297,0.076912,0.024126
2.22744,178.57,0.101158,0.024232,0.076926,0.024061
2.22764,178.59,0.101107,0.024167,0.076941,0.023996
2.22784,178.60,0.101057,0.024102,0.076955,0.023931
2.22804,178.62,0.101007,0.024038,0.076969,0.023867
2.22824,178.63,0.100958,0.023974,0.076984,0.023803
2.22844,178.65,0.100908,0.023910,0.076998,0.023739
2.22864,178.67,0.100859,0.023846,0.077013,0.023676
2.22884,178.68,0.100810,0.023783,0.077027,0.023612
2.22904,178.70,0.100761,0.023720,0.077041,0.023549
2.22924,178.71,0.100713,0.023657,0.077056,0.023486
2.22944,178.73,0.100665,0.023595,0.077070,0.023424
2.22964,178.75,0.100617,0.023532,0.077085,0.023361
2.22984,178.76,0.100569,0.023470,0.077099,0.023299
2.23004,178.78,0.100522,0.023409,0.077113,0.023237
2.23024,178.79,0.100475,0.023347,0.077128,0.023176
2.23044,178.81,0.100428,0.023286,0.077142,0.023115
2.23064,178.83,0.100381,0.023225,0.077157,0.023053
2.23084,178.84,0.100335,0.023164,0.077171,0.022993
2.23104,178.86,0.100289,0.023103,0.077186,0.022932
2.23124,178.87,0.100243,0.023043,0.077200,0.022872
2.23144,178.89,0.100197,0.022983,0.077214,0.022811
2.23164,178.91,0.100152,0.022923,0.077229,0.022752
2.23184,178.92,0.100107,0.022863,0.077243,0.022692
2.23204,178.94,0.100062,0.022804,0.077258,0.022632
2.23224,178.95,0.100017,0.022745,0.077272,0.022573
2.23244,178.97,0.099973,0.022686,0.077287,0.022514
2.23264,178.99,0.099929,0.022627,0.077301,0.022455
2.23284,179.00,0.099885,0.022569,0.077316,0.022397
2.23304,179.02,0.099841,0.022511,0.077330,0.022339
2.23324,179.03,0.099797,0.022453,0.077345,0.022281
2.23344,179.05,0.099754,0.022395,0.077359,0.022223
2.23364,179.07,0.099711,0.022337,0.077374,0.022165
2.23384,179.08,0.099668,0.022280,0.077388,0.022108
2.23404,179.10,0.099625,0.022223,0.077403,0.022051
2.23424,179.11,0.099583,0.022166,0.077417,0.021994
2.23444,179.13,0.099541,0.022109,0.077432,0.021937
2.23464,179.15,0.099499,0.022053,0.077446,0.021880
2.23484,179.16,0.099457,0.021997,0.077461,0.021824
2.23504,179.18,0.099416,0.021941,0.077475,0.021768
2.23524,179.19,0.099374,0.021885,0.077490,0.021712
2.23544,179.21,0.099333,0.021829,0.077504,0.021657
2.23564,179.23,0.099293,0.021774,0.077519,0.021601
2.23584,179.24,0.099252,0.021719,0.077533,0.021546
2.23604,179.26,0.099212,0.021664,0.077548,0.021491
2.23624,179.27,0.099171,0.021609,0.077562,0.021436
2.23644,179.29,0.099131,0.021554,0.077577,0.021382
2.23664,179.31,0.099092,0.021500,0.077592,0.021327
2.23684,179.32,0.099052,0.021446,0.077606,0.021273
2.23704,179.34,0.099013,0.021392,0.077621,0.021219
2.23724,179.35,0.098974,0.021338,0.077635,0.021165
2.23744,179.37,0.098935,0.021285,0.077650,0.021112
2.23764,179.39,0.098896,0.021232,0.077664,0.021058
2.23784,179.40,0.098857,0.021178,0.077679,0.021005
2.23804,179.42,0.098819,0.021126,0.077694,0.020952
2.23824,179.44,0.098781,0.021073,0.077708,0.020900
2.23844,179.45,0.098743,0.021020,0.077723,0.020847
2.23864,179.47,0.098705,0.020968,0.077737,0.020795
2.23884,179.48,0.098668,0.020916,0.077752,0.020743
2.23904,179.50,0.098630,0.020864,0.077766,0.020691
2.23924,179.52,0.098593,0.020812,0.077781,0.020639
2.23944,179.53,0.098556,0.020761,0.077796,0.020587
2.23964,179.55,0.098520,0.020709,0.077810,0.020536
2.23984,179.56,0.098483,0.020658,0.077825,0.020485
2.24004,179.58,0.098447,0.020607,0.077840,0.020434
2.24024,179.60,0.098411,0.020557,0.077854,0.020383
2.24044,179.61,0.098375,0.020506,0.077869,0.020332
2.24064,179.63,0.098339,0.020456,0.077883,0.020282
2.24084,179.64,0.098304,0.020405,0.077898,0.020232
2.24104,179.66,0.098268,0.020355,0.077913,0.020182
2.24124,179.68,0.098233,0.020306,0.077927,0.020132
2.24144,179.69,0.098198,0.020256,0.077942,0.020082
2.24164,179.71,0.098163,0.020207,0.077957,0.020033
2.24184,179.72,0.098129,0.020157,0.077971,0.019983
2.24204,179.74,0.098094,0.020108,0.077986,0.019934
2.24224,179.76,0.098060,0.020059,0.078001,0.019885
2.24244,179.77,0.098026,0.020011,0.078015,0.019836
2.24264,179.79,0.097992,0.019962,0.078030,0.019788
2.24284,179.80,0.097958,0.019914,0.078045,0.019739
2.24304,179.82,0.097925,0.019865,0.078059,0.019691
2.24324,179.84,0.097892,0.019817,0.078074,0.019643
2.24344,179.85,0.097858,0.019770,0.078089,0.019595
2.24364,179.87,0.097825,0.019722,0.078103,0.019547
2.24384,179.88,0.097793,0.019674,0.078118,0.019500
2.24404,179.90,0.097760,0.019627,0.078133,0.019453
2.24424,179.92,0.097728,0.019580,0.078148,0.019405
2.24444,179.93,0.097695,0.019533,0.078162,0.019358
2.24464,179.95,0.097663,0.019486,0.078177,0.019311
2.24484,179.96,0.097631,0.019440,0.078192,0.019265
2.24504,179.98,0.097600,0.019393,0.078206,0.019218
2.24524,180.00,0.097568,0.019347,0.078221,0.019172
2.24544,180.01,0.097537,0.019301,0.078236,0.019126
2.24564,180.03,0.097505,0.019255,0.078251,0.019080
2.24584,180.04,0.097474,0.019209,0.078265,0.019034
2.24604,180.06,0.097443,0.019163,0.078280,0.018988
2.24624,180.08,0.097413,0.019118,0.078295,0.018943
2.24644,180.09,0.097382,0.019072,0.078310,0.018897
2.24664,180.11,0.097352,0.019027,0.078324,0.018852
2.24684,180.12,0.097322,0.018982,0.078339,0.018807
2.24704,180.14,0.097291,0.018938,0.078354,0.018762
2.24724,180.16,0.097262,0.018893,0.078369,0.018717
2.24744,180.17,0.097232,0.018848,0.078383,0.018673
2.24764,180.19,0.097202,0.018804,0.078398,0.018629
2.24784,180.20,0.097173,0.018760,0.078413,0.018584
2.24804,180.22,0.097144,0.018716,0.078428,0.018540
2.24824,180.24,0.097115,0.018672,0.078443,0.018496
2.24844,180.25,0.097086,0.018628,0.078457,0.018453
2.24864,180.27,0.097057,0.018585,0.078472,0.018409
2.24884,180.28,0.097028,0.018541,0.078487,0.018365
2.24904,180.30,0.097000,0.018498,0.078502,0.018322
2.24924,180.32,0.096972,0.018455,0.078517,0.018279
2.24944,180.33,0.096943,0.018412,0.078531,0.018236
2.24964,180.35,0.096915,0.018369,0.078546,0.018193
2.24984,180.36,0.096888,0.018327,0.078561,0.018151
2.25004,180.38,0.096860,0.018284,0.078576,0.018108
2.25024,180.40,0.096832,0.018242,0.078591,0.018066
2.25044,180.41,0.096805,0.018200,0.078606,0.018023
2.25064,180.43,0.096778,0.018157,0.078620,0.017981
2.25084,180.45,0.096751,0.018116,0.078635,0.017939
2.25104,180.46,0.096724,0.018074,0.078650,0.017897
2.25124,180.48,0.096697,0.018032,0.078665,0.017856
2.25144,180.49,0.096671,0.017991,0.078680,0.017814
2.25164,180.51,0.096644,0.017949,0.078695,0.017773
2.25184,180.53,0.096618,0.017908,0.078710,0.017732
2.25204,180.54,0.096592,0.017867,0.078724,0.017691
2.25224,180.56,0.096566,0.017826,0.078739,0.017650
2.25244,180.57,0.096540,0.017786,0.078754,0.017609
2.25264,180.59,0.096514,0.017745,0.078769,0.017568
2.25284,180.61,0.096489,0.017704,0.078784,0.017528
2.25304,180.62,0.096463,0.017664,0.078799,0.017487
2.25324,180.64,0.096438,0.017624,0.078814,0.017447
2.25344,180.65,0.096413,0.017584,0.078829,0.017407
2.25364,180.67,0.096388,0.017544,0.078844,0.017367
2.25384,180.69,0.096363,0.017504,0.078859,0.017327
2.25404,180.70,0.096338,0.017465,0.078873,0.017288
2.25424,180.72,0.096313,0.017425,0.078888,0.017248
2.25444,180.73,0.096289,0.017386,0.078903,0.017209
2.25464,180.75,0.096265,0.017347,0.078918,0.017169
2.25484,180.77,0.096241,0.017307,0.078933,0.017130
2.25504,180.78,0.096217,0.017268,0.078948,0.017091
2.25524,180.80,0.096193,0.017230,0.078963,0.017052
2.25544,180.81,0.096169,0.017191,0.078978,0.017013
2.25564,180.83,0.096145,0.017152,0.078993,0.016975
2.25584,180.85,0.096122,0.017114,0.079008,0.016936
2.25604,180.86,0.096098,0.017076,0.079023,0.016898
2.25624,180.88,0.096075,0.017037,0.079038,0.016860
2.25644,180.89,0.096052,0.016999,0.079053,0.016822
2.25664,180.91,0.096029,0.016961,0.079068,0.016784
2.25684,180.93,0.096006,0.016924,0.079083,0.016746
2.25704,180.94,0.095984,0.016886,0.079098,0.016708
2.25724,180.96,0.095961,0.016849,0.079113,0.016671
2.25744,180.97,0.095939,0.016811,0.079128,0.016633
2.25764,180.99,0.095916,0.016774,0.079143,0.016596
2.25784,181.01,0.095894,0.016737,0.079158,0.016559
2.25804,181.02,0.095872,0.016700,0.079173,0.016522
2.25824,181.04,0.095850,0.016663,0.079188,0.016485
2.25844,181.05,0.095829,0.016626,0.079203,0.016448
2.25864,181.07,0.095807,0.016589,0.079218,0.016411
2.25884,181.09,0.095785,0.016553,0.079233,0.016374
2.25904,181.10,0.095764,0.016516,0.079248,0.016338
2.25924,181.12,0.095743,0.016480,0.079263,0.016302
2.25944,181.13,0.095722,0.016444,0.079278,0.016265
2.25964,181.15,0.095701,0.016408,0.079293,0.016229
2.25984,181.17,0.095680,0.016372,0.079308,0.016193
2.26004,181.18,0.095659,0.016336,0.079323,0.016157
2.26024,181.20,0.095638,0.016300,0.079338,0.016122
2.26044,181.21,0.095618,0.016265,0.079353,0.016086
2.26064,181.23,0.095597,0.016229,0.079368,0.016051
2.26084,181.25,0.095577,0.016194,0.079383,0.016015
2.26104,181.26,0.095557,0.016159,0.079398,0.015980
2.26124,181.28,0.095537,0.016124,0.079413,0.015945
2.26144,181.29,0.095517,0.016089,0.079428,0.015910
2.26164,181.31,0.095497,0.016054,0.079443,0.015875
2.26184,181.33,0.095477,0.016019,0.079458,0.015840
2.26204,181.34,0.095458,0.015984,0.079473,0.015805
2.26224,181.36,0.095438,0.015950,0.079489,0.015771
2.26244,181.38,0.095419,0.015916,0.079504,0.015736
2.26264,181.39,0.095400,0.015881,0.079519,0.015702
2.26284,181.41,0.095381,0.015847,0.079534,0.015668
2.26304,181.42,0.095362,0.015813,0.079549,0.015634
2.26324,181.44,0.095343,0.015779,0.079564,0.015600
2.26344,181.46,0.095324,0.015745,0.079579,0.015566
2.26364,181.47,0.095306,0.015711,0.079594,0.015532
2.26384,181.49,0.095287,0.015678,0.079609,0.015498
2.26404,181.50,0.095269,0.015644,0.079625,0.015465
2.26424,181.52,0.095250,0.015611,0.079640,0.015431
2.26444,181.54,0.095232,0.015577,0.079655,0.015398
2.26464,181.55,0.095214,0.015544,0.079670,0.015364
2.26484,181.57,0.095196,0.015511,0.079685,0.015331
2.26504,181.58,0.095178,0.015478,0.079700,0.015298
2.26524,181.60,0.095161,0.015445,0.079715,0.015265
2.26544,181.62,0.095143,0.015413,0.079731,0.015233
2.26564,181.63,0.095126,0.015380,0.079746,0.015200
2.26584,181.65,0.095108,0.015347,0.079761,0.015167
2.26604,181.66,0.095091,0.015315,0.079776,0.015135
2.26624,181.68,0.095074,0.015282,0.079791,0.015102
2.26644,181.70,0.095057,0.015250,0.079806,0.015070
2.26664,181.71,0.095040,0.015218,0.079822,0.015038
2.26684,181.73,0.095023,0.015186,0.079837,0.015006
2.26704,181.74,0.095006,0.015154,0.079852,0.014974
2.26724,181.76,0.094989,0.015122,0.079867,0.014942
2.26744,181.78,0.094973,0.015090,0.079882,0.014910
2.26764,181.79,0.094956,0.015059,0.079898,0.014878
2.26784,181.81,0.094940,0.015027,0.079913,0.014847
2.26804,181.82,0.094924,0.014996,0.079928,0.014815
2.26824,181.84,0.094908,0.014965,0.079943,0.014784
2.26844,181.86,0.094892,0.014933,0.079958,0.014753
2.26864,181.87,0.094876,0.014902,0.079974,0.014721
2.26884,181.89,0.094860,0.014871,0.079989,0.014690
2.26904,181.90,0.094844,0.014840,0.080004,0.014659
2.26924,181.92,0.094829,0.014809,0.080019,0.014628
2.26944,181.94,0.094813,0.014779,0.080035,0.014598
2.26964,181.95,0.094798,0.014748,0.080050,0.014567
2.26984,181.97,0.094783,0.014717,0.080065,0.014536
2.27004,181.98,0.094767,0.014687,0.080080,0.014506
2.27024,182.00,0.094752,0.014657,0.080096,0.014475
2.27044,182.02,0.094737,0.014626,0.080111,0.014445
2.27064,182.03,0.094722,0.014596,0.080126,0.014415
2.27084,182.05,0.094708,0.014566,0.080141,0.014385
2.27104,182.06,0.094693,0.014536,0.080157,0.014355
2.27124,182.08,0.094678,0.014506,0.080172,0.014325
2.27144,182.10,0.094664,0.014476,0.080187,0.014295
2.27164,182.11,0.094649,0.014447,0.080203,0.014265
2.27184,182.13,0.094635,0.014417,0.080218,0.014235
2.27204,182.14,0.094621,0.014388,0.080233,0.014206
2.27224,182.16,0.094607,0.014358,0.080248,0.014176
2.27244,182.18,0.094593,0.014329,0.080264,0.014147
2.27264,182.19,0.094579,0.014300,0.080279,0.014118
2.27284,182.21,0.094565,0.014270,0.080294,0.014089
2.27304,182.22,0.094551,0.014241,0.080310,0.014059
2.27324,182.24,0.094538,0.014212,0.080325,0.014030
2.27344,182.26,0.094524,0.014184,0.080340,0.014001
2.27364,182.27,0.094510,0.014155,0.080356,0.013973
2.27384,182.29,0.094497,0.014126,0.080371,0.013944
2.27404,182.31,0.094484,0.014097,0.080386,0.013915
2.27424,182.32,0.094471,0.014069,0.080402,0.013887
2.27444,182.34,0.094458,0.014041,0.080417,0.013858
2.27464,182.35,0.094445,0.014012,0.080432,0.013830
2.27484,182.37,0.094432,0.013984,0.080448,0.013801
2.27504,182.39,0.094419,0.013956,0.080463,0.013773
2.27524,182.40,0.094406,0.013928,0.080479,0.013745
2.27544,182.42,0.094394,0.013900,0.080494,0.013717
2.27564,182.43,0.094381,0.013872,0.080509,0.013689
2.27584,182.45,0.094369,0.013844,0.080525,0.013661
2.27604,182.47,0.094356,0.013816,0.080540,0.013633
2.27624,182.48,0.094344,0.013788,0.080555,0.013606
2.27644,182.50,0.094332,0.013761,0.080571,0.013578
2.27664,182.51,0.094320,0.013733,0.080586,0.013550
2.27684,182.53,0.094308,0.013706,0.080602,0.013523
2.27704,182.55,0.094296,0.013679,0.080617,0.013496
2.27724,182.56,0.094284,0.013651,0.080633,0.013468
2.27744,182.58,0.094272,0.013624,0.080648,0.013441
2.27764,182.59,0.094261,0.013597,0.080663,0.013414
2.27784,182.61,0.094249,0.013570,0.080679,0.013387
2.27804,182.63,0.094238,0.013543,0.080694,0.013360
2.27824,182.64,0.094226,0.013516,0.080710,0.013333
2.27844,182.66,0.094215,0.013490,0.080725,0.013306
2.27864,182.67,0.094204,0.013463,0.080741,0.013280
2.27884,182.69,0.094192,0.013436,0.080756,0.013253
2.27904,182.71,0.094181,0.013410,0.080771,0.013226
2.27924,182.72,0.094170,0.013384,0.080787,0.013200
2.27944,182.74,0.094160,0.013357,0.080802,0.013174
2.27964,182.75,0.094149,0.013331,0.080818,0.013147
2.27984,182.77,0.094138,0.013305,0.080833,0.013121
2.28004,182.79,0.094127,0.013279,0.080849,0.013095
2.28024,182.80,0.094117,0.013253,0.080864,0.013069
2.28044,182.82,0.094106,0.013227,0.080880,0.013043
2.28064,182.83,0.094096,0.013201,0.080895,0.013017
2.28084,182.85,0.094086,0.013175,0.080911,0.012991
2.28104,182.87,0.094075,0.013149,0.080926,0.012965
2.28124,182.88,0.094065,0.013124,0.080942,0.012939
2.28144,182.90,0.094055,0.013098,0.080957,0.012914
2.28164,182.91,0.094045,0.013072,0.080973,0.012888
2.28184,182.93,0.094035,0.013047,0.080988,0.012863
2.28204,182.95,0.094025,0.013022,0.081004,0.012837
2.28224,182.96,0.094016,0.012996,0.081019,0.012812
2.28244,182.98,0.094006,0.012971,0.081035,0.012787
2.28264,182.99,0.093996,0.012946,0.081050,0.012762
2.28284,183.01,0.093987,0.012921,0.081066,0.012736
2.28304,183.03,0.093978,0.012896,0.081081,0.012711
2.28324,183.04,0.093968,0.012871,0.081097,0.012687
2.28344,183.06,0.093959,0.012846,0.081113,0.012662
2.28364,183.07,0.093950,0.012822,0.081128,0.012637
2.28384,183.09,0.093941,0.012797,0.081144,0.012612
2.28404,183.11,0.093932,0.012772,0.081159,0.012587
2.28424,183.12,0.093923,0.012748,0.081175,0.012563
2.28444,183.14,0.093914,0.012723,0.081190,0.012538
2.28464,183.15,0.093905,0.012699,0.081206,0.012514
2.28484,183.17,0.093896,0.012675,0.081222,0.012490
2.28504,183.19,0.093887,0.012650,0.081237,0.012465
2.28524,183.20,0.093879,0.012626,0.081253,0.012441
2.28544,183.22,0.093870,0.012602,0.081268,0.012417
2.28564,183.24,0.093862,0.012578,0.081284,0.012393
2.28584,183.25,0.093854,0.012554,0.081300,0.012369
2.28604,183.27,0.093845,0.012530,0.081315,0.012345
2.28624,183.28,0.093837,0.012506,0.081331,0.012321
2.28644,183.30,0.093829,0.012483,0.081346,0.012297
2.28664,183.32,0.093821,0.012459,0.081362,0.012273
2.28684,183.33,0.093813,0.012435,0.081378,0.012250
2.28704,183.35,0.093805,0.012412,0.081393,0.012226
2.28724,183.36,0.093797,0.012388,0.081409,0.012202
2.28744,183.38,0.093789,0.012365,0.081425,0.012179
2.28764,183.40,0.093782,0.012341,0.081440,0.012156
2.28784,183.41,0.093774,0.012318,0.081456,0.012132
2.28804,183.43,0.093766,0.012295,0.081471,0.012109
2.28824,183.44,0.093759,0.012272,0.081487,0.012086
2.28844,183.46,0.093752,0.012249,0.081503,0.012063
2.28864,183.48,0.093744,0.012226,0.081518,0.012040
2.28884,183.49,0.093737,0.012203,0.081534,0.012017
2.28904,183.51,0.093730,0.012180,0.081550,0.011994
2.28924,183.52,0.093723,0.012157,0.081565,0.011971
2.28944,183.54,0.093716,0.012134,0.081581,0.011948
2.28964,183.56,0.093709,0.012112,0.081597,0.011925
2.28984,183.57,0.093702,0.012089,0.081613,0.011903
2.29004,183.59,0.093695,0.012066,0.081628,0.011880
2.29024,183.60,0.093688,0.012044,0.081644,0.011857
2.29044,183.62,0.093681,0.012022,0.081660,0.011835
2.29064,183.64,0.093675,0.011999,0.081675,0.011812
2.29084,183.65,0.093668,0.011977,0.081691,0.011790
2.29104,183.67,0.093661,0.011955,0.081707,0.011768
2.29124,183.68,0.093655,0.011932,0.081723,0.011746
2.29144,183.70,0.093649,0.011910,0.081738,0.011723
2.29164,183.72,0.093642,0.011888,0.081754,0.011701
2.29184,183.73,0.093636,0.011866,0.081770,0.011679
2.29204,183.75,0.093630,0.011844,0.081786,0.011657
2.29224,183.76,0.093624,0.011823,0.081801,0.011635
2.29244,183.78,0.093618,0.011801,0.081817,0.011614
2.29264,183.80,0.093612,0.011779,0.081833,0.011592
2.29284,183.81,0.093606,0.011757,0.081849,0.011570
2.29304,183.83,0.093600,0.011736,0.081864,0.011548
2.29324,183.84,0.093594,0.011714,0.081880,0.011527
2.29344,183.86,0.093588,0.011693,0.081896,0.011505
2.29364,183.88,0.093583,0.011671,0.081912,0.011484
2.29384,183.89,0.093577,0.011650,0.081927,0.011462
2.29404,183.91,0.093572,0.011629,0.081943,0.011441
2.29424,183.92,0.093566,0.011607,0.081959,0.011420
2.29444,183.94,0.093561,0.011586,0.081975,0.011398
2.29464,183.96,0.093556,0.011565,0.081991,0.011377
2.29484,183.97,0.093550,0.011544,0.082006,0.011356
2.29504,183.99,0.093545,0.011523,0.082022,0.011335
2.29524,184.00,0.093540,0.011502,0.082038,0.011314
2.29544,184.02,0.093535,0.011481,0.082054,0.011293
2.29564,184.04,0.093530,0.011460,0.082070,0.011272
2.29584,184.05,0.093525,0.011439,0.082086,0.011251
2.29604,184.07,0.093520,0.011419,0.082101,0.011230
2.29624,184.08,0.093515,0.011398,0.082117,0.011210
2.29644,184.10,0.093510,0.011377,0.082133,0.011189
2.29664,184.12,0.093506,0.011357,0.082149,0.011168
2.29684,184.13,0.093501,0.011336,0.082165,0.011148
2.29704,184.15,0.093496,0.011316,0.082181,0.011127
2.29724,184.16,0.093492,0.011295,0.082196,0.011107
2.29744,184.18,0.093487,0.011275,0.082212,0.011087
2.29764,184.20,0.093483,0.011255,0.082228,0.011066
2.29784,184.21,0.093479,0.011235,0.082244,0.011046
2.29804,184.23,0.093474,0.011214,0.082260,0.011026
2.29824,184.25,0.093470,0.011194,0.082276,0.011006
2.29844,184.26,0.093466,0.011174,0.082292,0.010985
2.29864,184.28,0.093462,0.011154,0.082308,0.010965
2.29884,184.29,0.093458,0.011134,0.082324,0.010945
2.29904,184.31,0.093454,0.011114,0.082339,0.010925
2.29924,184.33,0.093450,0.011095,0.082355,0.010906
2.29944,184.34,0.093446,0.011075,0.082371,0.010886
2.29964,184.36,0.093442,0.011055,0.082387,0.010866
2.29984,184.37,0.093439,0.011035,0.082403,0.010846
2.30004,184.39,0.093435,0.011016,0.082419,0.010827
2.30024,184.41,0.093431,0.010996,0.082435,0.010807
2.30044,184.42,0.093428,0.010977,0.082451,0.010787
2.30064,184.44,0.093424,0.010957,0.082467,0.010768
2.30084,184.45,0.093421,0.010938,0.082483,0.010748
2.30104,184.47,0.093417,0.010919,0.082499,0.010729
2.30124,184.49,0.093414,0.010899,0.082515,0.010710
2.30144,184.50,0.093411,0.010880,0.082531,0.010690
2.30164,184.52,0.093407,0.010861,0.082547,0.010671
2.30184,184.53,0.093404,0.010842,0.082563,0.010652
2.30204,184.55,0.093401,0.010823,0.082579,0.010633
2.30224,184.57,0.093398,0.010804,0.082595,0.010614
2.30244,184.58,0.093395,0.010785,0.082611,0.010595
2.30264,184.60,0.093392,0.010766,0.082627,0.010576
2.30284,184.61,0.093389,0.010747,0.082643,0.010557
2.30304,184.63,0.093386,0.010728,0.082659,0.010538
2.30324,184.65,0.093384,0.010709,0.082675,0.010519
2.30344,184.66,0.093381,0.010690,0.082691,0.010500
2.30364,184.68,0.093378,0.010672,0.082707,0.010481
2.30384,184.69,0.093376,0.010653,0.082723,0.010463
2.30404,184.71,0.093373,0.010634,0.082739,0.010444
2.30424,184.73,0.093371,0.010616,0.082755,0.010425
2.30444,184.74,0.093368,0.010597,0.082771,0.010407
2.30464,184.76,0.093366,0.010579,0.082787,0.010388
2.30484,184.77,0.093363,0.010561,0.082803,0.010370
2.30504,184.79,0.093361,0.010542,0.082819,0.010352
2.30524,184.81,0.093359,0.010524,0.082835,0.010333
2.30544,184.82,0.093357,0.010506,0.082851,0.010315
2.30564,184.84,0.093354,0.010488,0.082867,0.010297
2.30584,184.85,0.093352,0.010469,0.082883,0.010279
2.30604,184.87,0.093350,0.010451,0.082899,0.010260
2.30624,184.89,0.093348,0.010433,0.082915,0.010242
2.30644,184.90,0.093346,0.010415,0.082931,0.010224
2.30664,184.92,0.093345,0.010397,0.082947,0.010206
2.30684,184.93,0.093343,0.010379,0.082963,0.010188
2.30704,184.95,0.093341,0.010362,0.082979,0.010170
2.30724,184.97,0.093339,0.010344,0.082996,0.010152
2.30744,184.98,0.093338,0.010326,0.083012,0.010135
2.30764,185.00,0.093336,0.010308,0.083028,0.010117
2.30784,185.01,0.093334,0.010291,0.083044,0.010099
2.30804,185.03,0.093333,0.010273,0.083060,0.010081
2.30824,185.05,0.093332,0.010255,0.083076,0.010064
2.30844,185.06,0.093330,0.010238,0.083092,0.010046
2.30864,185.08,0.093329,0.010220,0.083108,0.010029
2.30884,185.09,0.093327,0.010203,0.083124,0.010011
2.30904,185.11,0.093326,0.010186,0.083141,0.009994
2.30924,185.13,0.093325,0.010168,0.083157,0.009976
2.30944,185.14,0.093324,0.010151,0.083173,0.009959
2.30964,185.16,0.093323,0.010134,0.083189,0.009942
2.30984,185.18,0.093322,0.010117,0.083205,0.009924
2.31004,185.19,0.093321,0.010099,0.083221,0.009907
2.31024,185.21,0.093320,0.010082,0.083238,0.009890
2.31044,185.22,0.093319,0.010065,0.083254,0.009873
2.31064,185.24,0.093318,0.010048,0.083270,0.009856
2.31084,185.26,0.093317,0.010031,0.083286,0.009839
2.31104,185.27,0.093316,0.010014,0.083302,0.009822
2.31124,185.29,0.093316,0.009997,0.083318,0.009805
2.31144,185.30,0.093315,0.009980,0.083335,0.009788
2.31164,185.32,0.093314,0.009964,0.083351,0.009771
2.31184,185.34,0.093314,0.009947,0.083367,0.009754
2.31204,185.35,0.093313,0.009930,0.083383,0.009737
2.31224,185.37,0.093313,0.009913,0.083399,0.009721
2.31244,185.38,0.093312,0.009897,0.083416,0.009704
2.31264,185.40,0.093312,0.009880,0.083432,0.009687
2.31284,185.42,0.093312,0.009864,0.083448,0.009671
2.31304,185.43,0.093311,0.009847,0.083464,0.009654
2.31324,185.45,0.093311,0.009831,0.083481,0.009638
2.31344,185.46,0.093311,0.009814,0.083497,0.009621
2.31364,185.48,0.093311,0.009798,0.083513,0.009605
2.31384,185.50,0.093311,0.009782,0.083529,0.009588
2.31404,185.51,0.093311,0.009765,0.083546,0.009572
2.31424,185.53,0.093311,0.009749,0.083562,0.009556
2.31444,185.54,0.093311,0.009733,0.083578,0.009539
2.31464,185.56,0.093311,0.009717,0.083594,0.009523
2.31484,185.58,0.093311,0.009700,0.083611,0.009507
2.31504,185.59,0.093311,0.009684,0.083627,0.009491
2.31524,185.61,0.093312,0.009668,0.083643,0.009475
2.31544,185.62,0.093312,0.009652,0.083659,0.009459
2.31564,185.64,0.093312,0.009636,0.083676,0.009443
2.31584,185.66,0.093312,0.009620,0.083692,0.009427
2.31604,185.67,0.093313,0.009605,0.083708,0.009411
2.31624,185.69,0.093313,0.009589,0.083725,0.009395
2.31644,185.70,0.093314,0.009573,0.083741,0.009379
2.31664,185.72,0.093314,0.009557,0.083757,0.009363
2.31684,185.74,0.093315,0.009541,0.083774,0.009347
2.31704,185.75,0.093316,0.009526,0.083790,0.009332
2.31724,185.77,0.093316,0.009510,0.083806,0.009316
2.31744,185.78,0.093317,0.009494,0.083823,0.009300
2.31764,185.80,0.093318,0.009479,0.083839,0.009285
2.31784,185.82,0.093319,0.009463,0.083855,0.009269
2.31804,185.83,0.093320,0.009448,0.083872,0.009254
2.31824,185.85,0.093320,0.009432,0.083888,0.009238
2.31844,185.86,0.093321,0.009417,0.083904,0.009223
2.31864,185.88,0.093322,0.009402,0.083921,0.009207
2.31884,185.90,0.093323,0.009386,0.083937,0.009192
2.31904,185.91,0.093325,0.009371,0.083953,0.009176
2.31924,185.93,0.093326,0.009356,0.083970,0.009161
2.31944,185.94,0.093327,0.009341,0.083986,0.009146
2.31964,185.96,0.093328,0.009325,0.084003,0.009131
2.31984,185.98,0.093329,0.009310,0.084019,0.009115
2.32004,185.99,0.093331,0.009295,0.084035,0.009100
2.32024,186.01,0.093332,0.009280,0.084052,0.009085
2.32044,186.02,0.093333,0.009265,0.084068,0.009070
2.32064,186.04,0.093335,0.009250,0.084085,0.009055
2.32084,186.06,0.093336,0.009235,0.084101,0.009040
2.32104,186.07,0.093338,0.009220,0.084117,0.009025
2.32124,186.09,0.093339,0.009205,0.084134,0.009010
2.32144,186.11,0.093341,0.009190,0.084150,0.008995
2.32164,186.12,0.093342,0.009176,0.084167,0.008980
2.32184,186.14,0.093344,0.009161,0.084183,0.008965
2.32204,186.15,0.093346,0.009146,0.084200,0.008951
2.32224,186.17,0.093348,0.009131,0.084216,0.008936
2.32244,186.19,0.093349,0.009117,0.084233,0.008921
2.32264,186.20,0.093351,0.009102,0.084249,0.008906
2.32284,186.22,0.093353,0.009088,0.084265,0.008892
2.32304,186.23,0.093355,0.009073,0.084282,0.008877
2.32324,186.25,0.093357,0.009059,0.084298,0.008863
2.32344,186.27,0.093359,0.009044,0.084315,0.008848
2.32364,186.28,0.093361,0.009030,0.084331,0.008834
2.32384,186.30,0.093363,0.009015,0.084348,0.008819
2.32404,186.31,0.093365,0.009001,0.084364,0.008805
2.32424,186.33,0.093367,0.008987,0.084381,0.008790
2.32444,186.35,0.093370,0.008972,0.084397,0.008776
2.32464,186.36,0.093372,0.008958,0.084414,0.008762
2.32484,186.38,0.093374,0.008944,0.084430,0.008747
2.32504,186.39,0.093376,0.008930,0.084447,0.008733
2.32524,186.41,0.093379,0.008915,0.084463,0.008719
2.32544,186.43,0.093381,0.008901,0.084480,0.008705
2.32564,186.44,0.093384,0.008887,0.084496,0.008691
2.32584,186.46,0.093386,0.008873,0.084513,0.008676
2.32604,186.47,0.093389,0.008859,0.084530,0.008662
2.32624,186.49,0.093391,0.008845,0.084546,0.008648
2.32644,186.51,0.093394,0.008831,0.084563,0.008634
2.32664,186.52,0.093396,0.008817,0.084579,0.008620
2.32684,186.54,0.093399,0.008803,0.084596,0.008606
2.32704,186.55,0.093402,0.008790,0.084612,0.008592
2.32724,186.57,0.093405,0.008776,0.084629,0.008579
2.32744,186.59,0.093407,0.008762,0.084645,0.008565
2.32764,186.60,0.093410,0.008748,0.084662,0.008551
2.32784,186.62,0.093413,0.008734,0.084679,0.008537
2.32804,186.63,0.093416,0.008721,0.084695,0.008523
2.32824,186.65,0.093419,0.008707,0.084712,0.008510
2.32844,186.67,0.093422,0.008693,0.084728,0.008496
2.32864,186.68,0.093425,0.008680,0.084745,0.008482
2.32884,186.70,0.093428,0.008666,0.084762,0.008469
2.32904,186.71,0.093431,0.008653,0.084778,0.008455
2.32924,186.73,0.093434,0.008639,0.084795,0.008442
2.32944,186.75,0.093437,0.008626,0.084812,0.008428
2.32964,186.76,0.093441,0.008612,0.084828,0.008415
2.32984,186.78,0.093444,0.008599,0.084845,0.008401
2.33004,186.79,0.093447,0.008586,0.084861,0.008388
2.33024,186.81,0.093450,0.008572,0.084878,0.008374
2.33044,186.83,0.093454,0.008559,0.084895,0.008361
2.33064,186.84,0.093457,0.008546,0.084911,0.008348
2.33084,186.86,0.093461,0.008533,0.084928,0.008334
2.33104,186.87,0.093464,0.008519,0.084945,0.008321
2.33124,186.89,0.093468,0.008506,0.084961,0.008308
2.33144,186.91,0.093471,0.008493,0.084978,0.008295
2.33164,186.92,0.093475,0.008480,0.084995,0.008282
2.33184,186.94,0.093478,0.008467,0.085011,0.008269
2.33204,186.95,0.093482,0.008454,0.085028,0.008255
2.33224,186.97,0.093486,0.008441,0.085045,0.008242
2.33244,186.99,0.093489,0.008428,0.085061,0.008229
2.33264,187.00,0.093493,0.008415,0.085078,0.008216
2.33284,187.02,0.093497,0.008402,0.085095,0.008203
2.33304,187.04,0.093501,0.008389,0.085112,0.008190
2.33324,187.05,0.093505,0.008376,0.085128,0.008177
2.33344,187.07,0.093509,0.008364,0.085145,0.008165
2.33364,187.08,0.093512,0.008351,0.085162,0.008152
2.33384,187.10,0.093516,0.008338,0.085178,0.008139
2.33404,187.12,0.093520,0.008325,0.085195,0.008126
2.33424,187.13,0.093524,0.008313,0.085212,0.008113
2.33444,187.15,0.093529,0.008300,0.085229,0.008101
2.33464,187.16,0.093533,0.008287,0.085245,0.008088
2.33484,187.18,0.093537,0.008275,0.085262,0.008075
2.33504,187.20,0.093541,0.008262,0.085279,0.008063
2.33524,187.21,0.093545,0.008249,0.085296,0.008050
2.33544,187.23,0.093549,0.008237,0.085313,0.008037
2.33564,187.24,0.093554,0.008224,0.085329,0.008025
2.33584,187.26,0.093558,0.008212,0.085346,0.008012
2.33604,187.28,0.093562,0.008200,0.085363,0.008000
2.33624,187.29,0.093567,0.008187,0.085380,0.007987
2.33644,187.31,0.093571,0.008175,0.085396,0.007975
2.33664,187.32,0.093576,0.008162,0.085413,0.007963
2.33684,187.34,0.093580,0.008150,0.085430,0.007950
2.33704,187.36,0.093585,0.008138,0.085447,0.007938
2.33724,187.37,0.093589,0.008126,0.085464,0.007925
2.33744,187.39,0.093594,0.008113,0.085481,0.007913
2.33764,187.40,0.093598,0.008101,0.085497,0.007901
2.33784,187.42,0.093603,0.008089,0.085514,0.007889
2.33804,187.44,0.093608,0.008077,0.085531,0.007876
2.33824,187.45,0.093612,0.008065,0.085548,0.007864
2.33844,187.47,0.093617,0.008053,0.085565,0.007852
2.33864,187.48,0.093622,0.008040,0.085582,0.007840
2.33884,187.50,0.093627,0.008028,0.085598,0.007828
2.33904,187.52,0.093632,0.008016,0.085615,0.007816
2.33924,187.53,0.093637,0.008004,0.085632,0.007804
2.33944,187.55,0.093642,0.007993,0.085649,0.007792
2.33964,187.56,0.093646,0.007981,0.085666,0.007780
2.33984,187.58,0.093651,0.007969,0.085683,0.007768
2.34004,187.60,0.093656,0.007957,0.085700,0.007756
2.34024,187.61,0.093662,0.007945,0.085717,0.007744
2.34044,187.63,0.093667,0.007933,0.085733,0.007732
2.34064,187.64,0.093672,0.007921,0.085750,0.007720
2.34084,187.66,0.093677,0.007910,0.085767,0.007708
2.34104,187.68,0.093682,0.007898,0.085784,0.007697
2.34124,187.69,0.093687,0.007886,0.085801,0.007685
2.34144,187.71,0.093692,0.007875,0.085818,0.007673
2.34164,187.72,0.093698,0.007863,0.085835,0.007661
2.34184,187.74,0.093703,0.007851,0.085852,0.007650
2.34204,187.76,0.093708,0.007840,0.085869,0.007638
2.34224,187.77,0.093714,0.007828,0.085886,0.007626
2.34244,187.79,0.093719,0.007817,0.085903,0.007615
2.34264,187.80,0.093725,0.007805,0.085920,0.007603
2.34284,187.82,0.093730,0.007794,0.085937,0.007592
2.34304,187.84,0.093736,0.007782,0.085954,0.007580
2.34324,187.85,0.093741,0.007771,0.085970,0.007569
2.34344,187.87,0.093747,0.007759,0.085987,0.007557
2.34364,187.88,0.093752,0.007748,0.086004,0.007546
2.34384,187.90,0.093758,0.007736,0.086021,0.007534
2.34404,187.92,0.093764,0.007725,0.086038,0.007523
2.34424,187.93,0.093769,0.007714,0.086055,0.007512
2.34444,187.95,0.093775,0.007703,0.086072,0.007500
2.34464,187.97,0.093781,0.007691,0.086089,0.007489
2.34484,187.98,0.093786,0.007680,0.086106,0.007478
2.34504,188.00,0.093792,0.007669,0.086123,0.007466
2.34524,188.01,0.093798,0.007658,0.086140,0.007455
2.34544,188.03,0.093804,0.007647,0.086157,0.007444
2.34564,188.05,0.093810,0.007635,0.086174,0.007433
2.34584,188.06,0.093816,0.007624,0.086191,0.007422
2.34604,188.08,0.093822,0.007613,0.086209,0.007410
2.34624,188.09,0.093828,0.007602,0.086226,0.007399
2.34644,188.11,0.093834,0.007591,0.086243,0.007388
2.34664,188.13,0.093840,0.007580,0.086260,0.007377
2.34684,188.14,0.093846,0.007569,0.086277,0.007366
2.34704,188.16,0.093852,0.007558,0.086294,0.007355
2.34724,188.17,0.093858,0.007547,0.086311,0.007344
2.34744,188.19,0.093864,0.007536,0.086328,0.007333
2.34764,188.21,0.093870,0.007525,0.086345,0.007322
2.34784,188.22,0.093877,0.007515,0.086362,0.007311
2.34804,188.24,0.093883,0.007504,0.086379,0.007300
2.34824,188.25,0.093889,0.007493,0.086396,0.007290
2.34844,188.27,0.093896,0.007482,0.086413,0.007279
2.34864,188.29,0.093902,0.007471,0.086430,0.007268
2.34884,188.30,0.093908,0.007461,0.086448,0.007257
2.34904,188.32,0.093915,0.007450,0.086465,0.007246
2.34924,188.33,0.093921,0.007439,0.086482,0.007236
2.34944,188.35,0.093928,0.007429,0.086499,0.007225
2.34964,188.37,0.093934,0.007418,0.086516,0.007214
2.34984,188.38,0.093941,0.007407,0.086533,0.007203
