ppm,hz,total_with_exchange,total_carbon_bound,exchangeable pool (H2O/OH/COOH),EGDA CH3
1.90003,152.32,0.070901,0.009165,0.061736,0.009106
1.90023,152.34,0.070926,0.009180,0.061747,0.009121
1.90043,152.35,0.070952,0.009195,0.061757,0.009136
1.90063,152.37,0.070978,0.009210,0.061767,0.009151
1.90083,152.39,0.071003,0.009226,0.061778,0.009166
1.90103,152.40,0.071029,0.009241,0.061788,0.009182
1.90123,152.42,0.071055,0.009256,0.061798,0.009197
1.90143,152.43,0.071080,0.009272,0.061809,0.009213
1.90163,152.45,0.071106,0.009287,0.061819,0.009228
1.90183,152.47,0.071132,0.009303,0.061830,0.009243
1.90203,152.48,0.071158,0.009318,0.061840,0.009259
1.90223,152.50,0.071184,0.009334,0.061850,0.009275
1.90243,152.51,0.071210,0.009349,0.061861,0.009290
1.90263,152.53,0.071236,0.009365,0.061871,0.009306
1.90283,152.55,0.071262,0.009381,0.061881,0.009321
1.90303,152.56,0.071288,0.009396,0.061892,0.009337
1.90323,152.58,0.071314,0.009412,0.061902,0.009353
1.90343,152.59,0.071340,0.009428,0.061912,0.009369
1.90363,152.61,0.071367,0.009444,0.061923,0.009385
1.90383,152.63,0.071393,0.009460,0.061933,0.009400
1.90403,152.64,0.071419,0.009476,0.061944,0.009416
1.90423,152.66,0.071446,0.009492,0.061954,0.009432
1.90443,152.67,0.071472,0.009508,0.061964,0.009448
1.90463,152.69,0.071498,0.009524,0.061975,0.009464
1.90483,152.71,0.071525,0.009540,0.061985,0.009480
1.90503,152.72,0.071551,0.009556,0.061996,0.009497
1.90523,152.74,0.071578,0.009572,0.062006,0.009513
1.90543,152.75,0.071605,0.009588,0.062016,0.009529
1.90563,152.77,0.071631,0.009604,0.062027,0.009545
1.90583,152.79,0.071658,0.009621,0.062037,0.009561
1.90603,152.80,0.071685,0.009637,0.062048,0.009578
1.90623,152.82,0.071712,0.009653,0.062058,0.009594
1.90643,152.83,0.071738,0.009670,0.062069,0.009611
1.90663,152.85,0.071765,0.009686,0.062079,0.009627
1.90683,152.87,0.071792,0.009703,0.062089,0.009643
1.90703,152.88,0.071819,0.009719,0.062100,0.009660
1.90723,152.90,0.071846,0.009736,0.062110,0.009677
1.90743,152.91,0.071873,0.009753,0.062121,0.009693
1.90763,152.93,0.071900,0.009769,0.062131,0.009710
1.90783,152.95,0.071928,0.009786,0.062142,0.009727
1.90803,152.96,0.071955,0.009803,0.062152,0.009743
1.90823,152.98,0.071982,0.009820,0.062162,0.009760
1.90843,153.00,0.072009,0.009836,0.062173,0.009777
1.90863,153.01,0.072037,0.009853,0.062183,0.009794
1.90883,153.03,0.072064,0.009870,0.062194,0.009811
1.90903,153.04,0.072091,0.009887,0.062204,0.009828
1.90923,153.06,0.072119,0.009904,0.062215,0.009845
1.90943,153.08,0.072146,0.009921,0.062225,0.009862
1.90963,153.09,0.072174,0.009938,0.062236,0.009879
1.90983,153.11,0.072202,0.009956,0.062246,0.009896
1.91003,153.12,0.072229,0.009973,0.062257,0.009913
1.91023,153.14,0.072257,0.009990,0.062267,0.009931
1.91043,153.16,0.072285,0.010007,0.062277,0.009948
1.91063,153.17,0.072313,0.010025,0.062288,0.009965
1.91083,153.19,0.072341,0.010042,0.062298,0.009983
1.91103,153.20,0.072368,0.010060,0.062309,0.010000
1.91123,153.22,0.072396,0.010077,0.062319,0.010017
1.91143,153.24,0.072424,0.010095,0.062330,0.010035
1.91163,153.25,0.072452,0.010112,0.062340,0.010052
1.91183,153.27,0.072481,0.010130,0.062351,0.010070
1.91203,153.28,0.072509,0.010147,0.062361,0.010088
1.91223,153.30,0.072537,0.010165,0.062372,0.010105
1.91243,153.32,0.072565,0.010183,0.062382,0.010123
1.91263,153.33,0.072593,0.010201,0.062393,0.010141
1.91283,153.35,0.072622,0.010218,0.062403,0.010159
1.91303,153.36,0.072650,0.010236,0.062414,0.010177
1.91323,153.38,0.072679,0.010254,0.062424,0.010195
1.91343,153.40,0.072707,0.010272,0.062435,0.010213
1.91363,153.41,0.072736,0.010290,0.062445,0.010231
1.91383,153.43,0.072764,0.010308,0.062456,0.010249
1.91403,153.44,0.072793,0.010326,0.062466,0.010267
1.91423,153.46,0.072822,0.010345,0.062477,0.010285
1.91443,153.48,0.072850,0.010363,0.062487,0.010303
1.91463,153.49,0.072879,0.010381,0.062498,0.010321
1.91483,153.51,0.072908,0.010399,0.062509,0.010340
1.91503,153.52,0.072937,0.010418,0.062519,0.010358
1.91523,153.54,0.072966,0.010436,0.062530,0.010376
1.91543,153.56,0.072995,0.010455,0.062540,0.010395
1.91563,153.57,0.073024,0.010473,0.062551,0.010413
1.91583,153.59,0.073053,0.010492,0.062561,0.010432
1.91603,153.60,0.073082,0.010510,0.062572,0.010451
1.91623,153.62,0.073111,0.010529,0.062582,0.010469
1.91643,153.64,0.073141,0.010548,0.062593,0.010488
1.91663,153.65,0.073170,0.010567,0.062603,0.010507
1.91683,153.67,0.073199,0.010585,0.062614,0.010526
1.91703,153.68,0.073229,0.010604,0.062625,0.010544
1.91723,153.70,0.073258,0.010623,0.062635,0.010563
1.91743,153.72,0.073288,0.010642,0.062646,0.010582
1.91763,153.73,0.073317,0.010661,0.062656,0.010601
1.91783,153.75,0.073347,0.010680,0.062667,0.010620
1.91803,153.76,0.073377,0.010699,0.062677,0.010639
1.91823,153.78,0.073407,0.010719,0.062688,0.010659
1.91843,153.80,0.073436,0.010738,0.062699,0.010678
1.91863,153.81,0.073466,0.010757,0.062709,0.010697
1.91883,153.83,0.073496,0.010776,0.062720,0.010716
1.91903,153.84,0.073526,0.010796,0.062730,0.010736
1.91923,153.86,0.073556,0.010815,0.062741,0.010755
1.91943,153.88,0.073586,0.010835,0.062751,0.010775
1.91963,153.89,0.073616,0.010854,0.062762,0.010794
1.91983,153.91,0.073647,0.010874,0.062773,0.010814
1.92003,153.93,0.073677,0.010894,0.062783,0.010833
1.92023,153.94,0.073707,0.010913,0.062794,0.010853
1.92043,153.96,0.073737,0.010933,0.062804,0.010873
1.92063,153.97,0.073768,0.010953,0.062815,0.010893
1.92083,153.99,0.073798,0.010973,0.062826,0.010913
1.92103,154.01,0.073829,0.010993,0.062836,0.010932
1.92123,154.02,0.073859,0.011013,0.062847,0.010952
1.92143,154.04,0.073890,0.011033,0.062858,0.010972
1.92163,154.05,0.073921,0.011053,0.062868,0.010993
1.92183,154.07,0.073952,0.011073,0.062879,0.011013
1.92203,154.09,0.073982,0.011093,0.062889,0.011033
1.92223,154.10,0.074013,0.011113,0.062900,0.011053
1.92243,154.12,0.074044,0.011134,0.062911,0.011073
1.92263,154.13,0.074075,0.011154,0.062921,0.011094
1.92283,154.15,0.074106,0.011174,0.062932,0.011114
1.92303,154.17,0.074137,0.011195,0.062943,0.011135
1.92323,154.18,0.074169,0.011215,0.062953,0.011155
1.92343,154.20,0.074200,0.011236,0.062964,0.011176
1.92363,154.21,0.074231,0.011257,0.062975,0.011196
1.92383,154.23,0.074262,0.011277,0.062985,0.011217
1.92403,154.25,0.074294,0.011298,0.062996,0.011238
1.92423,154.26,0.074325,0.011319,0.063007,0.011259
1.92443,154.28,0.074357,0.011340,0.063017,0.011279
1.92463,154.29,0.074388,0.011361,0.063028,0.011300
1.92483,154.31,0.074420,0.011382,0.063039,0.011321
1.92503,154.33,0.074452,0.011403,0.063049,0.011342
1.92523,154.34,0.074484,0.011424,0.063060,0.011363
1.92543,154.36,0.074515,0.011445,0.063071,0.011385
1.92563,154.37,0.074547,0.011466,0.063081,0.011406
1.92583,154.39,0.074579,0.011487,0.063092,0.011427
1.92603,154.41,0.074611,0.011509,0.063103,0.011448
1.92623,154.42,0.074643,0.011530,0.063113,0.011470
1.92643,154.44,0.074676,0.011552,0.063124,0.011491
1.92663,154.45,0.074708,0.011573,0.063135,0.011513
1.92683,154.47,0.074740,0.011595,0.063145,0.011534
1.92703,154.49,0.074772,0.011616,0.063156,0.011556
1.92723,154.50,0.074805,0.011638,0.063167,0.011578
1.92743,154.52,0.074837,0.011660,0.063177,0.011599
1.92763,154.53,0.074870,0.011682,0.063188,0.011621
1.92783,154.55,0.074902,0.011704,0.063199,0.011643
1.92803,154.57,0.074935,0.011725,0.063210,0.011665
1.92823,154.58,0.074968,0.011747,0.063220,0.011687
1.92843,154.60,0.075000,0.011770,0.063231,0.011709
1.92863,154.61,0.075033,0.011792,0.063242,0.011731
1.92883,154.63,0.075066,0.011814,0.063252,0.011753
1.92903,154.65,0.075099,0.011836,0.063263,0.011776
1.92923,154.66,0.075132,0.011858,0.063274,0.011798
1.92943,154.68,0.075165,0.011881,0.063285,0.011820
1.92963,154.69,0.075199,0.011903,0.063295,0.011843
1.92983,154.71,0.075232,0.011926,0.063306,0.011865
1.93003,154.73,0.075265,0.011948,0.063317,0.011888
1.93023,154.74,0.075299,0.011971,0.063327,0.011911
1.93043,154.76,0.075332,0.011994,0.063338,0.011933
1.93063,154.77,0.075366,0.012017,0.063349,0.011956
1.93083,154.79,0.075399,0.012039,0.063360,0.011979
1.93103,154.81,0.075433,0.012062,0.063370,0.012002
1.93123,154.82,0.075466,0.012085,0.063381,0.012025
1.93143,154.84,0.075500,0.012108,0.063392,0.012048
1.93163,154.86,0.075534,0.012131,0.063403,0.012071
1.93183,154.87,0.075568,0.012155,0.063413,0.012094
1.93203,154.89,0.075602,0.012178,0.063424,0.012117
1.93223,154.90,0.075636,0.012201,0.063435,0.012140
1.93243,154.92,0.075670,0.012224,0.063446,0.012164
1.93263,154.94,0.075704,0.012248,0.063457,0.012187
1.93283,154.95,0.075739,0.012271,0.063467,0.012211
1.93303,154.97,0.075773,0.012295,0.063478,0.012234
1.93323,154.98,0.075808,0.012319,0.063489,0.012258
1.93343,155.00,0.075842,0.012342,0.063500,0.012282
1.93363,155.02,0.075877,0.012366,0.063510,0.012305
1.93383,155.03,0.075911,0.012390,0.063521,0.012329
1.93403,155.05,0.075946,0.012414,0.063532,0.012353
1.93423,155.06,0.075981,0.012438,0.063543,0.012377
1.93443,155.08,0.076016,0.012462,0.063554,0.012401
1.93463,155.10,0.076050,0.012486,0.063564,0.012425
1.93483,155.11,0.076085,0.012510,0.063575,0.012449
1.93503,155.13,0.076121,0.012535,0.063586,0.012474
1.93523,155.14,0.076156,0.012559,0.063597,0.012498
1.93543,155.16,0.076191,0.012583,0.063608,0.012522
1.93563,155.18,0.076226,0.012608,0.063618,0.012547
1.93583,155.19,0.076262,0.012632,0.063629,0.012571
1.93603,155.21,0.076297,0.012657,0.063640,0.012596
1.93623,155.22,0.076333,0.012682,0.063651,0.012621
1.93643,155.24,0.076368,0.012706,0.063662,0.012646
1.93663,155.26,0.076404,0.012731,0.063673,0.012670
1.93683,155.27,0.076440,0.012756,0.063683,0.012695
1.93703,155.29,0.076475,0.012781,0.063694,0.012720
1.93723,155.30,0.076511,0.012806,0.063705,0.012745
1.93743,155.32,0.076547,0.012831,0.063716,0.012770
1.93763,155.34,0.076583,0.012857,0.063727,0.012796
1.93783,155.35,0.076619,0.012882,0.063738,0.012821
1.93803,155.37,0.076656,0.012907,0.063748,0.012846
1.93823,155.38,0.076692,0.012933,0.063759,0.012872
1.93843,155.40,0.076728,0.012958,0.063770,0.012897
1.93863,155.42,0.076765,0.012984,0.063781,0.012923
1.93883,155.43,0.076801,0.013009,0.063792,0.012948
1.93903,155.45,0.076838,0.013035,0.063803,0.012974
1.93923,155.46,0.076874,0.013061,0.063814,0.013000
1.93943,155.48,0.076911,0.013087,0.063824,0.013026
1.93963,155.50,0.076948,0.013113,0.063835,0.013052
1.93983,155.51,0.076985,0.013139,0.063846,0.013078
1.94003,155.53,0.077022,0.013165,0.063857,0.013104
1.94023,155.54,0.077059,0.013191,0.063868,0.013130
1.94043,155.56,0.077096,0.013217,0.063879,0.013156
1.94063,155.58,0.077133,0.013244,0.063890,0.013183
1.94083,155.59,0.077171,0.013270,0.063901,0.013209
1.94103,155.61,0.077208,0.013297,0.063911,0.013236
1.94123,155.62,0.077246,0.013323,0.063922,0.013262
1.94143,155.64,0.077283,0.013350,0.063933,0.013289
1.94163,155.66,0.077321,0.013377,0.063944,0.013316
1.94183,155.67,0.077359,0.013404,0.063955,0.013343
1.94203,155.69,0.077397,0.013431,0.063966,0.013369
1.94223,155.70,0.077434,0.013458,0.063977,0.013396
1.94243,155.72,0.077472,0.013485,0.063988,0.013424
1.94263,155.74,0.077510,0.013512,0.063999,0.013451
1.94283,155.75,0.077549,0.013539,0.064010,0.013478
1.94303,155.77,0.077587,0.013566,0.064020,0.013505
1.94323,155.79,0.077625,0.013594,0.064031,0.013533
1.94343,155.80,0.077664,0.013621,0.064042,0.013560
1.94363,155.82,0.077702,0.013649,0.064053,0.013588
1.94383,155.83,0.077741,0.013677,0.064064,0.013615
1.94403,155.85,0.077779,0.013704,0.064075,0.013643
1.94423,155.87,0.077818,0.013732,0.064086,0.013671
1.94443,155.88,0.077857,0.013760,0.064097,0.013699
1.94463,155.90,0.077896,0.013788,0.064108,0.013727
1.94483,155.91,0.077935,0.013816,0.064119,0.013755
1.94503,155.93,0.077974,0.013844,0.064130,0.013783
1.94523,155.95,0.078013,0.013873,0.064141,0.013811
1.94543,155.96,0.078053,0.013901,0.064152,0.013840
1.94563,155.98,0.078092,0.013929,0.064163,0.013868
1.94583,155.99,0.078132,0.013958,0.064174,0.013897
1.94603,156.01,0.078171,0.013987,0.064184,0.013925
1.94623,156.03,0.078211,0.014015,0.064195,0.013954
1.94643,156.04,0.078251,0.014044,0.064206,0.013983
1.94663,156.06,0.078290,0.014073,0.064217,0.014012
1.94683,156.07,0.078330,0.014102,0.064228,0.014041
1.94703,156.09,0.078370,0.014131,0.064239,0.014070
1.94723,156.11,0.078410,0.014160,0.064250,0.014099
1.94743,156.12,0.078451,0.014189,0.064261,0.014128
1.94763,156.14,0.078491,0.014219,0.064272,0.014157
1.94783,156.15,0.078531,0.014248,0.064283,0.014187
1.94803,156.17,0.078572,0.014278,0.064294,0.014216
1.94823,156.19,0.078613,0.014307,0.064305,0.014246
1.94843,156.20,0.078653,0.014337,0.064316,0.014276
1.94863,156.22,0.078694,0.014367,0.064327,0.014305
1.94883,156.23,0.078735,0.014397,0.064338,0.014335
1.94903,156.25,0.078776,0.014427,0.064349,0.014365
1.94923,156.27,0.078817,0.014457,0.064360,0.014395
1.94943,156.28,0.078858,0.014487,0.064371,0.014425
1.94963,156.30,0.078899,0.014517,0.064382,0.014456
1.94983,156.31,0.078941,0.014548,0.064393,0.014486
1.95003,156.33,0.078982,0.014578,0.064404,0.014516
1.95023,156.35,0.079024,0.014609,0.064415,0.014547
1.95043,156.36,0.079065,0.014639,0.064426,0.014578
1.95063,156.38,0.079107,0.014670,0.064437,0.014608
1.95083,156.39,0.079149,0.014701,0.064448,0.014639
1.95103,156.41,0.079191,0.014732,0.064459,0.014670
1.95123,156.43,0.079233,0.014763,0.064470,0.014701
1.95143,156.44,0.079275,0.014794,0.064481,0.014732
1.95163,156.46,0.079318,0.014825,0.064492,0.014764
1.95183,156.47,0.079360,0.014856,0.064503,0.014795
1.95203,156.49,0.079402,0.014888,0.064514,0.014826
1.95223,156.51,0.079445,0.014919,0.064526,0.014858
1.95243,156.52,0.079488,0.014951,0.064537,0.014889
1.95263,156.54,0.079530,0.014983,0.064548,0.014921
1.95283,156.55,0.079573,0.015015,0.064559,0.014953
1.95303,156.57,0.079616,0.015047,0.064570,0.014985
1.95323,156.59,0.079659,0.015079,0.064581,0.015017
1.95343,156.60,0.079703,0.015111,0.064592,0.015049
1.95363,156.62,0.079746,0.015143,0.064603,0.015081
1.95383,156.63,0.079789,0.015175,0.064614,0.015114
1.95403,156.65,0.079833,0.015208,0.064625,0.015146
1.95423,156.67,0.079877,0.015240,0.064636,0.015179
1.95443,156.68,0.079920,0.015273,0.064647,0.015211
1.95463,156.70,0.079964,0.015306,0.064658,0.015244
1.95483,156.72,0.080008,0.015339,0.064669,0.015277
1.95503,156.73,0.080052,0.015372,0.064680,0.015310
1.95523,156.75,0.080096,0.015405,0.064692,0.015343
1.95543,156.76,0.080141,0.015438,0.064703,0.015376
1.95563,156.78,0.080185,0.015471,0.064714,0.015409
1.95583,156.80,0.080229,0.015505,0.064725,0.015443
1.95603,156.81,0.080274,0.015538,0.064736,0.015476
1.95623,156.83,0.080319,0.015572,0.064747,0.015510
1.95643,156.84,0.080364,0.015606,0.064758,0.015544
1.95663,156.86,0.080409,0.015639,0.064769,0.015578
1.95683,156.88,0.080454,0.015673,0.064780,0.015611
1.95703,156.89,0.080499,0.015707,0.064791,0.015646
1.95723,156.91,0.080544,0.015742,0.064803,0.015680
1.95743,156.92,0.080590,0.015776,0.064814,0.015714
1.95763,156.94,0.080635,0.015810,0.064825,0.015748
1.95783,156.96,0.080681,0.015845,0.064836,0.015783
1.95803,156.97,0.080727,0.015879,0.064847,0.015818
1.95823,156.99,0.080772,0.015914,0.064858,0.015852
1.95843,157.00,0.080818,0.015949,0.064869,0.015887
1.95863,157.02,0.080864,0.015984,0.064880,0.015922
1.95883,157.04,0.080911,0.016019,0.064892,0.015957
1.95903,157.05,0.080957,0.016054,0.064903,0.015992
1.95923,157.07,0.081004,0.016090,0.064914,0.016028
1.95943,157.08,0.081050,0.016125,0.064925,0.016063
1.95963,157.10,0.081097,0.016161,0.064936,0.016099
1.95983,157.12,0.081144,0.016196,0.064947,0.016134
1.96003,157.13,0.081191,0.016232,0.064958,0.016170
1.96023,157.15,0.081238,0.016268,0.064970,0.016206
1.96043,157.16,0.081285,0.016304,0.064981,0.016242
1.96063,157.18,0.081332,0.016340,0.064992,0.016278
1.96083,157.20,0.081380,0.016377,0.065003,0.016314
1.96103,157.21,0.081427,0.016413,0.065014,0.016351
1.96123,157.23,0.081475,0.016449,0.065025,0.016387
1.96143,157.24,0.081523,0.016486,0.065037,0.016424
1.96163,157.26,0.081571,0.016523,0.065048,0.016461
1.96183,157.28,0.081619,0.016560,0.065059,0.016498
1.96203,157.29,0.081667,0.016597,0.065070,0.016535
1.96223,157.31,0.081715,0.016634,0.065081,0.016572
1.96243,157.32,0.081764,0.016671,0.065093,0.016609
1.96263,157.34,0.081812,0.016709,0.065104,0.016646
1.96283,157.36,0.081861,0.016746,0.065115,0.016684
1.96303,157.37,0.081910,0.016784,0.065126,0.016721
1.96323,157.39,0.081959,0.016821,0.065137,0.016759
1.96343,157.40,0.082008,0.016859,0.065149,0.016797
1.96363,157.42,0.082057,0.016897,0.065160,0.016835
1.96383,157.44,0.082106,0.016935,0.065171,0.016873
1.96403,157.45,0.082156,0.016974,0.065182,0.016911
1.96423,157.47,0.082206,0.017012,0.065193,0.016950
1.96443,157.48,0.082255,0.017051,0.065205,0.016988
1.96463,157.50,0.082305,0.017089,0.065216,0.017027
1.96483,157.52,0.082355,0.017128,0.065227,0.017066
1.96503,157.53,0.082405,0.017167,0.065238,0.017105
1.96523,157.55,0.082456,0.017206,0.065249,0.017144
1.96543,157.56,0.082506,0.017245,0.065261,0.017183
1.96563,157.58,0.082557,0.017285,0.065272,0.017222
1.96583,157.60,0.082607,0.017324,0.065283,0.017262
1.96603,157.61,0.082658,0.017364,0.065294,0.017301
1.96623,157.63,0.082709,0.017404,0.065306,0.017341
1.96643,157.64,0.082760,0.017443,0.065317,0.017381
1.96663,157.66,0.082812,0.017483,0.065328,0.017421
1.96683,157.68,0.082863,0.017524,0.065339,0.017461
1.96703,157.69,0.082915,0.017564,0.065351,0.017502
1.96723,157.71,0.082966,0.017604,0.065362,0.017542
1.96743,157.73,0.083018,0.017645,0.065373,0.017582
1.96763,157.74,0.083070,0.017686,0.065384,0.017623
1.96783,157.76,0.083122,0.017727,0.065396,0.017664
1.96803,157.77,0.083175,0.017768,0.065407,0.017705
1.96823,157.79,0.083227,0.017809,0.065418,0.017746
1.96843,157.81,0.083280,0.017850,0.065430,0.017787
1.96863,157.82,0.083332,0.017891,0.065441,0.017829
1.96883,157.84,0.083385,0.017933,0.065452,0.017870
1.96903,157.85,0.083438,0.017975,0.065463,0.017912
1.96923,157.87,0.083491,0.018017,0.065475,0.017954
1.96943,157.89,0.083545,0.018059,0.065486,0.017996
1.96963,157.90,0.083598,0.018101,0.065497,0.018038
1.96983,157.92,0.083652,0.018143,0.065509,0.018080
1.97003,157.93,0.083705,0.018185,0.065520,0.018123
1.97023,157.95,0.083759,0.018228,0.065531,0.018166
1.97043,157.97,0.083813,0.018271,0.065542,0.018208
1.97063,157.98,0.083868,0.018314,0.065554,0.018251
1.97083,158.00,0.083922,0.018357,0.065565,0.018294
1.97103,158.01,0.083976,0.018400,0.065576,0.018337
1.97123,158.03,0.084031,0.018443,0.065588,0.018381
1.97143,158.05,0.084086,0.018487,0.065599,0.018424
1.97163,158.06,0.084141,0.018531,0.065610,0.018468
1.97183,158.08,0.084196,0.018574,0.065622,0.018512
1.97203,158.09,0.084251,0.018618,0.065633,0.018556
1.97223,158.11,0.084307,0.018663,0.065644,0.018600
1.97243,158.13,0.084363,0.018707,0.065656,0.018644
1.97263,158.14,0.084418,0.018751,0.065667,0.018689
1.97283,158.16,0.084474,0.018796,0.065678,0.018733
1.97303,158.17,0.084530,0.018841,0.065690,0.018778
1.97323,158.19,0.084587,0.018886,0.065701,0.018823
1.97343,158.21,0.084643,0.018931,0.065712,0.018868
1.97363,158.22,0.084700,0.018976,0.065724,0.018913
1.97383,158.24,0.084757,0.019021,0.065735,0.018959
1.97403,158.25,0.084813,0.019067,0.065746,0.019004
1.97423,158.27,0.084871,0.019113,0.065758,0.019050
1.97443,158.29,0.084928,0.019159,0.065769,0.019096
1.97463,158.30,0.084985,0.019205,0.065781,0.019142
1.97483,158.32,0.085043,0.019251,0.065792,0.019188
1.97503,158.33,0.085101,0.019297,0.065803,0.019235
1.97523,158.35,0.085159,0.019344,0.065815,0.019281
1.97543,158.37,0.085217,0.019391,0.065826,0.019328
1.97563,158.38,0.085275,0.019438,0.065837,0.019375
1.97583,158.40,0.085334,0.019485,0.065849,0.019422
1.97603,158.41,0.085392,0.019532,0.065860,0.019469
1.97623,158.43,0.085451,0.019579,0.065872,0.019517
1.97643,158.45,0.085510,0.019627,0.065883,0.019564
1.97663,158.46,0.085569,0.019675,0.065894,0.019612
1.97683,158.48,0.085629,0.019723,0.065906,0.019660
1.97703,158.49,0.085688,0.019771,0.065917,0.019708
1.97723,158.51,0.085748,0.019819,0.065929,0.019756
1.97743,158.53,0.085808,0.019868,0.065940,0.019805
1.97763,158.54,0.085868,0.019916,0.065951,0.019853
1.97783,158.56,0.085928,0.019965,0.065963,0.019902
1.97803,158.57,0.085989,0.020014,0.065974,0.019951
1.97823,158.59,0.086049,0.020064,0.065986,0.020001
1.97843,158.61,0.086110,0.020113,0.065997,0.020050
1.97863,158.62,0.086171,0.020163,0.066009,0.020099
1.97883,158.64,0.086232,0.020212,0.066020,0.020149
1.97903,158.66,0.086294,0.020262,0.066031,0.020199
1.97923,158.67,0.086355,0.020312,0.066043,0.020249
1.97943,158.69,0.086417,0.020363,0.066054,0.020300
1.97963,158.70,0.086479,0.020413,0.066066,0.020350
1.97983,158.72,0.086541,0.020464,0.066077,0.020401
1.98003,158.74,0.086603,0.020515,0.066089,0.020452
1.98023,158.75,0.086666,0.020566,0.066100,0.020503
1.98043,158.77,0.086729,0.020617,0.066111,0.020554
1.98063,158.78,0.086791,0.020669,0.066123,0.020605
1.98083,158.80,0.086855,0.020720,0.066134,0.020657
1.98103,158.82,0.086918,0.020772,0.066146,0.020709
1.98123,158.83,0.086981,0.020824,0.066157,0.020761
1.98143,158.85,0.087045,0.020876,0.066169,0.020813
1.98163,158.86,0.087109,0.020929,0.066180,0.020866
1.98183,158.88,0.087173,0.020981,0.066192,0.020918
1.98203,158.90,0.087237,0.021034,0.066203,0.020971
1.98223,158.91,0.087302,0.021087,0.066215,0.021024
1.98243,158.93,0.087367,0.021140,0.066226,0.021077
1.98263,158.94,0.087432,0.021194,0.066238,0.021131
1.98283,158.96,0.087497,0.021248,0.066249,0.021184
1.98303,158.98,0.087562,0.021301,0.066261,0.021238
1.98323,158.99,0.087628,0.021355,0.066272,0.021292
1.98343,159.01,0.087693,0.021410,0.066284,0.021346
1.98363,159.02,0.087759,0.021464,0.066295,0.021401
1.98383,159.04,0.087825,0.021519,0.066307,0.021455
1.98403,159.06,0.087892,0.021574,0.066318,0.021510
1.98423,159.07,0.087958,0.021629,0.066330,0.021565
1.98443,159.09,0.088025,0.021684,0.066341,0.021621
1.98463,159.10,0.088092,0.021740,0.066353,0.021676
1.98483,159.12,0.088159,0.021795,0.066364,0.021732
1.98503,159.14,0.088227,0.021851,0.066376,0.021788
1.98523,159.15,0.088295,0.021907,0.066387,0.021844
1.98543,159.17,0.088362,0.021964,0.066399,0.021900
1.98563,159.18,0.088431,0.022020,0.066410,0.021957
1.98583,159.20,0.088499,0.022077,0.066422,0.022014
1.98603,159.22,0.088568,0.022134,0.066433,0.022071
1.98623,159.23,0.088636,0.022191,0.066445,0.022128
1.98643,159.25,0.088705,0.022249,0.066456,0.022185
1.98663,159.26,0.088775,0.022307,0.066468,0.022243
1.98683,159.28,0.088844,0.022365,0.066480,0.022301
1.98703,159.30,0.088914,0.022423,0.066491,0.022359
1.98723,159.31,0.088984,0.022481,0.066503,0.022418
1.98743,159.33,0.089054,0.022540,0.066514,0.022476
1.98763,159.34,0.089124,0.022598,0.066526,0.022535
1.98783,159.36,0.089195,0.022658,0.066537,0.022594
1.98803,159.38,0.089266,0.022717,0.066549,0.022653
1.98823,159.39,0.089337,0.022776,0.066560,0.022713
1.98843,159.41,0.089408,0.022836,0.066572,0.022773
1.98863,159.42,0.089480,0.022896,0.066584,0.022833
1.98883,159.44,0.089552,0.022956,0.066595,0.022893
1.98903,159.46,0.089624,0.023017,0.066607,0.022953
1.98923,159.47,0.089696,0.023078,0.066618,0.023014
1.98943,159.49,0.089768,0.023139,0.066630,0.023075
1.98963,159.50,0.089841,0.023200,0.066642,0.023136
1.98983,159.52,0.089914,0.023261,0.066653,0.023198
1.99003,159.54,0.089988,0.023323,0.066665,0.023259
1.99023,159.55,0.090061,0.023385,0.066676,0.023321
1.99043,159.57,0.090135,0.023447,0.066688,0.023383
1.99063,159.59,0.090209,0.023509,0.066700,0.023446
1.99083,159.60,0.090283,0.023572,0.066711,0.023508
1.99103,159.62,0.090358,0.023635,0.066723,0.023571
1.99123,159.63,0.090433,0.023698,0.066734,0.023634
1.99143,159.65,0.090508,0.023762,0.066746,0.023698
1.99163,159.67,0.090583,0.023825,0.066758,0.023762
1.99183,159.68,0.090658,0.023889,0.066769,0.023825
1.99203,159.70,0.090734,0.023953,0.066781,0.023890
1.99223,159.71,0.090810,0.024018,0.066792,0.023954
1.99243,159.73,0.090887,0.024083,0.066804,0.024019
1.99263,159.75,0.090963,0.024148,0.066816,0.024084
1.99283,159.76,0.091040,0.024213,0.066827,0.024149
1.99303,159.78,0.091117,0.024278,0.066839,0.024215
1.99323,159.79,0.091195,0.024344,0.066851,0.024280
1.99343,159.81,0.091273,0.024410,0.066862,0.024346
1.99363,159.83,0.091351,0.024477,0.066874,0.024413
1.99383,159.84,0.091429,0.024543,0.066886,0.024479
1.99403,159.86,0.091507,0.024610,0.066897,0.024546
1.99423,159.87,0.091586,0.024677,0.066909,0.024613
1.99443,159.89,0.091665,0.024745,0.066921,0.024681
1.99463,159.91,0.091745,0.024812,0.066932,0.024748
1.99483,159.92,0.091824,0.024880,0.066944,0.024816
1.99503,159.94,0.091904,0.024948,0.066956,0.024885
1.99523,159.95,0.091984,0.025017,0.066967,0.024953
1.99543,159.97,0.092065,0.025086,0.066979,0.025022
1.99563,159.99,0.092146,0.025155,0.066991,0.025091
1.99583,160.00,0.092227,0.025224,0.067002,0.025160
1.99603,160.02,0.092308,0.025294,0.067014,0.025230
1.99623,160.03,0.092390,0.025364,0.067026,0.025300
1.99643,160.05,0.092472,0.025434,0.067037,0.025370
1.99663,160.07,0.092554,0.025505,0.067049,0.025441
1.99683,160.08,0.092636,0.025576,0.067061,0.025512
1.99703,160.10,0.092719,0.025647,0.067072,0.025583
1.99723,160.11,0.092802,0.025718,0.067084,0.025654
1.99743,160.13,0.092886,0.025790,0.067096,0.025726
1.99763,160.15,0.092970,0.025862,0.067108,0.025798
1.99783,160.16,0.093054,0.025934,0.067119,0.025870
1.99803,160.18,0.093138,0.026007,0.067131,0.025943
1.99823,160.19,0.093223,0.026080,0.067143,0.026016
1.99843,160.21,0.093308,0.026153,0.067154,0.026089
1.99863,160.23,0.093393,0.026227,0.067166,0.026163
1.99883,160.24,0.093478,0.026301,0.067178,0.026236
1.99903,160.26,0.093564,0.026375,0.067190,0.026311
1.99923,160.27,0.093651,0.026449,0.067201,0.026385
1.99943,160.29,0.093737,0.026524,0.067213,0.026460
1.99963,160.31,0.093824,0.026599,0.067225,0.026535
1.99983,160.32,0.093911,0.026675,0.067237,0.026610
2.00003,160.34,0.093999,0.026750,0.067248,0.026686
2.00023,160.35,0.094087,0.026826,0.067260,0.026762
2.00043,160.37,0.094175,0.026903,0.067272,0.026839
2.00063,160.39,0.094263,0.026980,0.067284,0.026915
2.00083,160.40,0.094352,0.027057,0.067295,0.026993
2.00103,160.42,0.094441,0.027134,0.067307,0.027070
2.00123,160.43,0.094531,0.027212,0.067319,0.027148
2.00143,160.45,0.094621,0.027290,0.067331,0.027226
2.00163,160.47,0.094711,0.027368,0.067342,0.027304
2.00183,160.48,0.094801,0.027447,0.067354,0.027383
2.00203,160.50,0.094892,0.027526,0.067366,0.027462
2.00223,160.52,0.094984,0.027606,0.067378,0.027541
2.00243,160.53,0.095075,0.027685,0.067390,0.027621
2.00263,160.55,0.095167,0.027766,0.067401,0.027701
2.00283,160.56,0.095259,0.027846,0.067413,0.027782
2.00303,160.58,0.095352,0.027927,0.067425,0.027863
2.00323,160.60,0.095445,0.028008,0.067437,0.027944
2.00343,160.61,0.095538,0.028090,0.067449,0.028025
2.00363,160.63,0.095632,0.028172,0.067460,0.028107
2.00383,160.64,0.095726,0.028254,0.067472,0.028189
2.00403,160.66,0.095820,0.028336,0.067484,0.028272
2.00423,160.68,0.095915,0.028419,0.067496,0.028355
2.00443,160.69,0.096010,0.028503,0.067508,0.028438
2.00463,160.71,0.096106,0.028586,0.067519,0.028522
2.00483,160.72,0.096202,0.028670,0.067531,0.028606
2.00503,160.74,0.096298,0.028755,0.067543,0.028690
2.00523,160.76,0.096395,0.028840,0.067555,0.028775
2.00543,160.77,0.096492,0.028925,0.067567,0.028860
2.00563,160.79,0.096589,0.029011,0.067579,0.028946
2.00583,160.80,0.096687,0.029097,0.067590,0.029032
2.00603,160.82,0.096785,0.029183,0.067602,0.029118
2.00623,160.84,0.096884,0.029270,0.067614,0.029205
2.00643,160.85,0.096983,0.029357,0.067626,0.029292
2.00663,160.87,0.097082,0.029444,0.067638,0.029380
2.00683,160.88,0.097182,0.029532,0.067650,0.029467
2.00703,160.90,0.097282,0.029620,0.067662,0.029556
2.00723,160.92,0.097382,0.029709,0.067673,0.029644
2.00743,160.93,0.097483,0.029798,0.067685,0.029734
2.00763,160.95,0.097585,0.029888,0.067697,0.029823
2.00783,160.96,0.097686,0.029978,0.067709,0.029913
2.00803,160.98,0.097789,0.030068,0.067721,0.030003
2.00823,161.00,0.097891,0.030159,0.067733,0.030094
2.00843,161.01,0.097994,0.030250,0.067745,0.030185
2.00863,161.03,0.098098,0.030341,0.067756,0.030276
2.00883,161.04,0.098201,0.030433,0.067768,0.030368
2.00903,161.06,0.098306,0.030525,0.067780,0.030461
2.00923,161.08,0.098410,0.030618,0.067792,0.030554
2.00943,161.09,0.098515,0.030711,0.067804,0.030647
2.00963,161.11,0.098621,0.030805,0.067816,0.030740
2.00983,161.12,0.098727,0.030899,0.067828,0.030834
2.01003,161.14,0.098833,0.030994,0.067840,0.030929
2.01023,161.16,0.098940,0.031089,0.067852,0.031024
2.01043,161.17,0.099048,0.031184,0.067864,0.031119
2.01063,161.19,0.099155,0.031280,0.067875,0.031215
2.01083,161.20,0.099263,0.031376,0.067887,0.031311
2.01103,161.22,0.099372,0.031473,0.067899,0.031408
2.01123,161.24,0.099481,0.031570,0.067911,0.031505
2.01143,161.25,0.099591,0.031667,0.067923,0.031603
2.01163,161.27,0.099701,0.031765,0.067935,0.031701
2.01183,161.28,0.099811,0.031864,0.067947,0.031799
2.01203,161.30,0.099922,0.031963,0.067959,0.031898
2.01223,161.32,0.100033,0.032062,0.067971,0.031997
2.01243,161.33,0.100145,0.032162,0.067983,0.032097
2.01263,161.35,0.100257,0.032263,0.067995,0.032198
2.01283,161.36,0.100370,0.032363,0.068007,0.032299
2.01303,161.38,0.100483,0.032465,0.068019,0.032400
2.01323,161.40,0.100597,0.032566,0.068031,0.032502
2.01343,161.41,0.100711,0.032669,0.068043,0.032604
2.01363,161.43,0.100826,0.032771,0.068055,0.032707
2.01383,161.45,0.100941,0.032875,0.068066,0.032810
2.01403,161.46,0.101057,0.032978,0.068078,0.032913
2.01423,161.48,0.101173,0.033083,0.068090,0.033018
2.01443,161.49,0.101290,0.033187,0.068102,0.033122
2.01463,161.51,0.101407,0.033293,0.068114,0.033227
2.01483,161.53,0.101525,0.033398,0.068126,0.033333
2.01503,161.54,0.101643,0.033504,0.068138,0.033439
2.01523,161.56,0.101761,0.033611,0.068150,0.033546
2.01543,161.57,0.101881,0.033718,0.068162,0.033653
2.01563,161.59,0.102000,0.033826,0.068174,0.033761
2.01583,161.61,0.102121,0.033934,0.068186,0.033869
2.01603,161.62,0.102241,0.034043,0.068198,0.033978
2.01623,161.64,0.102363,0.034152,0.068210,0.034087
2.01643,161.65,0.102484,0.034262,0.068222,0.034197
2.01663,161.67,0.102607,0.034373,0.068234,0.034307
2.01683,161.69,0.102730,0.034483,0.068246,0.034418
2.01703,161.70,0.102853,0.034595,0.068258,0.034530
2.01723,161.72,0.102977,0.034707,0.068270,0.034642
2.01743,161.73,0.103102,0.034819,0.068282,0.034754
2.01763,161.75,0.103227,0.034932,0.068294,0.034867
2.01783,161.77,0.103352,0.035046,0.068306,0.034981
2.01803,161.78,0.103479,0.035160,0.068318,0.035095
2.01823,161.80,0.103605,0.035275,0.068330,0.035210
2.01843,161.81,0.103733,0.035390,0.068343,0.035325
2.01863,161.83,0.103860,0.035506,0.068355,0.035441
2.01883,161.85,0.103989,0.035622,0.068367,0.035557
2.01903,161.86,0.104118,0.035739,0.068379,0.035674
2.01923,161.88,0.104248,0.035857,0.068391,0.035792
2.01943,161.89,0.104378,0.035975,0.068403,0.035910
2.01963,161.91,0.104509,0.036094,0.068415,0.036028
2.01983,161.93,0.104640,0.036213,0.068427,0.036148
2.02003,161.94,0.104772,0.036333,0.068439,0.036268
2.02023,161.96,0.104904,0.036454,0.068451,0.036388
2.02043,161.97,0.105038,0.036575,0.068463,0.036509
2.02063,161.99,0.105171,0.036696,0.068475,0.036631
2.02083,162.01,0.105306,0.036819,0.068487,0.036753
2.02103,162.02,0.105441,0.036942,0.068499,0.036876
2.02123,162.04,0.105576,0.037065,0.068511,0.037000
2.02143,162.05,0.105713,0.037189,0.068523,0.037124
2.02163,162.07,0.105850,0.037314,0.068536,0.037249
2.02183,162.09,0.105987,0.037440,0.068548,0.037374
2.02203,162.10,0.106125,0.037566,0.068560,0.037500
2.02223,162.12,0.106264,0.037692,0.068572,0.037627
2.02243,162.13,0.106403,0.037820,0.068584,0.037754
2.02263,162.15,0.106544,0.037948,0.068596,0.037882
2.02283,162.17,0.106684,0.038076,0.068608,0.038011
2.02303,162.18,0.106826,0.038206,0.068620,0.038140
2.02323,162.20,0.106968,0.038335,0.068632,0.038270
2.02343,162.21,0.107110,0.038466,0.068644,0.038401
2.02363,162.23,0.107254,0.038597,0.068657,0.038532
2.02383,162.25,0.107398,0.038729,0.068669,0.038664
2.02403,162.26,0.107543,0.038862,0.068681,0.038796
2.02423,162.28,0.107688,0.038995,0.068693,0.038930
2.02443,162.29,0.107834,0.039129,0.068705,0.039064
2.02463,162.31,0.107981,0.039264,0.068717,0.039198
2.02483,162.33,0.108129,0.039399,0.068729,0.039334
2.02503,162.34,0.108277,0.039535,0.068741,0.039470
2.02523,162.36,0.108426,0.039672,0.068754,0.039607
2.02543,162.37,0.108575,0.039810,0.068766,0.039744
2.02563,162.39,0.108726,0.039948,0.068778,0.039882
2.02583,162.41,0.108877,0.040087,0.068790,0.040021
2.02603,162.42,0.109029,0.040226,0.068802,0.040161
2.02623,162.44,0.109181,0.040367,0.068814,0.040301
2.02643,162.46,0.109335,0.040508,0.068827,0.040442
2.02663,162.47,0.109489,0.040650,0.068839,0.040584
2.02683,162.49,0.109643,0.040792,0.068851,0.040727
2.02703,162.50,0.109799,0.040936,0.068863,0.040870
2.02723,162.52,0.109955,0.041080,0.068875,0.041014
2.02743,162.54,0.110112,0.041225,0.068887,0.041159
2.02763,162.55,0.110270,0.041371,0.068900,0.041305
2.02783,162.57,0.110429,0.041517,0.068912,0.041451
2.02803,162.58,0.110588,0.041664,0.068924,0.041598
2.02823,162.60,0.110748,0.041812,0.068936,0.041746
2.02843,162.62,0.110909,0.041961,0.068948,0.041895
2.02863,162.63,0.111071,0.042110,0.068961,0.042045
2.02883,162.65,0.111234,0.042261,0.068973,0.042195
2.02903,162.66,0.111397,0.042412,0.068985,0.042346
2.02923,162.68,0.111561,0.042564,0.068997,0.042498
2.02943,162.70,0.111726,0.042717,0.069009,0.042651
2.02963,162.71,0.111892,0.042870,0.069022,0.042805
2.02983,162.73,0.112059,0.043025,0.069034,0.042959
2.03003,162.74,0.112226,0.043180,0.069046,0.043114
2.03023,162.76,0.112395,0.043336,0.069058,0.043270
2.03043,162.78,0.112564,0.043493,0.069070,0.043427
2.03063,162.79,0.112734,0.043651,0.069083,0.043585
2.03083,162.81,0.112905,0.043810,0.069095,0.043744
2.03103,162.82,0.113077,0.043969,0.069107,0.043903
2.03123,162.84,0.113249,0.044130,0.069119,0.044064
2.03143,162.86,0.113423,0.044291,0.069132,0.044225
2.03163,162.87,0.113597,0.044453,0.069144,0.044387
2.03183,162.89,0.113773,0.044616,0.069156,0.044550
2.03203,162.90,0.113949,0.044780,0.069168,0.044714
2.03223,162.92,0.114126,0.044945,0.069181,0.044879
2.03243,162.94,0.114304,0.045111,0.069193,0.045045
2.03263,162.95,0.114483,0.045278,0.069205,0.045212
2.03283,162.97,0.114663,0.045446,0.069217,0.045379
2.03303,162.98,0.114844,0.045614,0.069230,0.045548
2.03323,163.00,0.115026,0.045784,0.069242,0.045718
2.03343,163.02,0.115208,0.045954,0.069254,0.045888
2.03363,163.03,0.115392,0.046126,0.069267,0.046059
2.03383,163.05,0.115577,0.046298,0.069279,0.046232
2.03403,163.06,0.115762,0.046471,0.069291,0.046405
2.03423,163.08,0.115949,0.046646,0.069303,0.046579
2.03443,163.10,0.116137,0.046821,0.069316,0.046755
2.03463,163.11,0.116325,0.046997,0.069328,0.046931
2.03483,163.13,0.116515,0.047174,0.069340,0.047108
2.03503,163.14,0.116705,0.047353,0.069353,0.047287
2.03523,163.16,0.116897,0.047532,0.069365,0.047466
2.03543,163.18,0.117090,0.047712,0.069377,0.047646
2.03563,163.19,0.117283,0.047894,0.069390,0.047827
2.03583,163.21,0.117478,0.048076,0.069402,0.048010
2.03603,163.22,0.117674,0.048259,0.069414,0.048193
2.03623,163.24,0.117870,0.048444,0.069427,0.048378
2.03643,163.26,0.118068,0.048629,0.069439,0.048563
2.03663,163.27,0.118267,0.048816,0.069451,0.048750
2.03683,163.29,0.118467,0.049004,0.069464,0.048937
2.03703,163.30,0.118668,0.049192,0.069476,0.049126
2.03723,163.32,0.118871,0.049382,0.069488,0.049316
2.03743,163.34,0.119074,0.049573,0.069501,0.049507
2.03763,163.35,0.119278,0.049765,0.069513,0.049699
2.03783,163.37,0.119484,0.049958,0.069525,0.049892
2.03803,163.39,0.119690,0.050153,0.069538,0.050086
2.03823,163.40,0.119898,0.050348,0.069550,0.050282
2.03843,163.42,0.120107,0.050545,0.069562,0.050478
2.03863,163.43,0.120317,0.050742,0.069575,0.050676
2.03883,163.45,0.120528,0.050941,0.069587,0.050875
2.03903,163.47,0.120741,0.051141,0.069599,0.051075
2.03923,163.48,0.120954,0.051343,0.069612,0.051276
2.03943,163.50,0.121169,0.051545,0.069624,0.051479
2.03963,163.51,0.121385,0.051749,0.069637,0.051682
2.03983,163.53,0.121602,0.051954,0.069649,0.051887
2.04003,163.55,0.121821,0.052160,0.069661,0.052093
2.04023,163.56,0.122040,0.052367,0.069674,0.052300
2.04043,163.58,0.122261,0.052575,0.069686,0.052509
2.04063,163.59,0.122483,0.052785,0.069698,0.052719
2.04083,163.61,0.122707,0.052996,0.069711,0.052930
2.04103,163.63,0.122932,0.053208,0.069723,0.053142
2.04123,163.64,0.123157,0.053422,0.069736,0.053355
2.04143,163.66,0.123385,0.053637,0.069748,0.053570
2.04163,163.67,0.123613,0.053853,0.069760,0.053786
2.04183,163.69,0.123843,0.054070,0.069773,0.054004
2.04203,163.71,0.124074,0.054289,0.069785,0.054222
2.04223,163.72,0.124307,0.054509,0.069798,0.054442
2.04243,163.74,0.124541,0.054730,0.069810,0.054664
2.04263,163.75,0.124776,0.054953,0.069823,0.054887
2.04283,163.77,0.125012,0.055177,0.069835,0.055111
2.04303,163.79,0.125250,0.055403,0.069847,0.055336
2.04323,163.80,0.125490,0.055630,0.069860,0.055563
2.04343,163.82,0.125730,0.055858,0.069872,0.055791
2.04363,163.83,0.125972,0.056088,0.069885,0.056021
2.04383,163.85,0.126216,0.056319,0.069897,0.056252
2.04403,163.87,0.126461,0.056551,0.069910,0.056485
2.04423,163.88,0.126707,0.056785,0.069922,0.056718
2.04443,163.90,0.126955,0.057021,0.069935,0.056954
2.04463,163.91,0.127205,0.057257,0.069947,0.057191
2.04483,163.93,0.127455,0.057496,0.069959,0.057429
2.04503,163.95,0.127708,0.057736,0.069972,0.057669
2.04523,163.96,0.127961,0.057977,0.069984,0.057910
2.04543,163.98,0.128217,0.058220,0.069997,0.058153
2.04563,163.99,0.128474,0.058464,0.070009,0.058397
2.04583,164.01,0.128732,0.058710,0.070022,0.058643
2.04603,164.03,0.128992,0.058958,0.070034,0.058891
2.04623,164.04,0.129253,0.059207,0.070047,0.059140
2.04643,164.06,0.129517,0.059457,0.070059,0.059390
2.04663,164.07,0.129781,0.059709,0.070072,0.059643
2.04683,164.09,0.130048,0.059963,0.070084,0.059896
2.04703,164.11,0.130315,0.060219,0.070097,0.060152
2.04723,164.12,0.130585,0.060476,0.070109,0.060409
2.04743,164.14,0.130856,0.060734,0.070122,0.060668
2.04763,164.15,0.131129,0.060995,0.070134,0.060928
2.04783,164.17,0.131404,0.061257,0.070147,0.061190
2.04803,164.19,0.131680,0.061521,0.070159,0.061454
2.04823,164.20,0.131958,0.061786,0.070172,0.061719
2.04843,164.22,0.132238,0.062053,0.070184,0.061986
2.04863,164.23,0.132519,0.062322,0.070197,0.062255
2.04883,164.25,0.132802,0.062593,0.070209,0.062526
2.04903,164.27,0.133087,0.062865,0.070222,0.062798
2.04923,164.28,0.133374,0.063139,0.070235,0.063072
2.04943,164.30,0.133662,0.063415,0.070247,0.063348
2.04963,164.32,0.133952,0.063693,0.070260,0.063626
2.04983,164.33,0.134245,0.063972,0.070272,0.063905
2.05003,164.35,0.134539,0.064254,0.070285,0.064187
2.05023,164.36,0.134834,0.064537,0.070297,0.064470
2.05043,164.38,0.135132,0.064822,0.070310,0.064755
2.05063,164.40,0.135432,0.065109,0.070322,0.065042
2.05083,164.41,0.135733,0.065398,0.070335,0.065331
2.05103,164.43,0.136037,0.065689,0.070348,0.065622
2.05123,164.44,0.136342,0.065982,0.070360,0.065915
2.05143,164.46,0.136649,0.066277,0.070373,0.066210
2.05163,164.48,0.136959,0.066573,0.070385,0.066506
2.05183,164.49,0.137270,0.066872,0.070398,0.066805
2.05203,164.51,0.137583,0.067173,0.070410,0.067106
2.05223,164.52,0.137899,0.067476,0.070423,0.067408
2.05243,164.54,0.138216,0.067780,0.070436,0.067713
2.05263,164.56,0.138536,0.068087,0.070448,0.068020
2.05283,164.57,0.138857,0.068396,0.070461,0.068329
2.05303,164.59,0.139181,0.068707,0.070473,0.068640
2.05323,164.60,0.139507,0.069021,0.070486,0.068953
2.05343,164.62,0.139834,0.069336,0.070499,0.069269
2.05363,164.64,0.140165,0.069653,0.070511,0.069586
2.05383,164.65,0.140497,0.069973,0.070524,0.069906
2.05403,164.67,0.140831,0.070295,0.070536,0.070228
2.05423,164.68,0.141168,0.070619,0.070549,0.070552
2.05443,164.70,0.141507,0.070945,0.070562,0.070878
2.05463,164.72,0.141848,0.071274,0.070574,0.071206
2.05483,164.73,0.142192,0.071605,0.070587,0.071537
2.05503,164.75,0.142537,0.071938,0.070600,0.071870
2.05523,164.76,0.142886,0.072273,0.070612,0.072206
2.05543,164.78,0.143236,0.072611,0.070625,0.072544
2.05563,164.80,0.143589,0.072951,0.070638,0.072884
2.05583,164.81,0.143944,0.073294,0.070650,0.073226
2.05603,164.83,0.144302,0.073639,0.070663,0.073571
2.05623,164.84,0.144662,0.073986,0.070675,0.073919
2.05643,164.86,0.145024,0.074336,0.070688,0.074269
2.05663,164.88,0.145389,0.074689,0.070701,0.074621
2.05683,164.89,0.145757,0.075043,0.070713,0.074976
2.05703,164.91,0.146127,0.075401,0.070726,0.075333
2.05723,164.92,0.146500,0.075761,0.070739,0.075693
2.05743,164.94,0.146875,0.076123,0.070751,0.076056
2.05763,164.96,0.147253,0.076488,0.070764,0.076421
2.05783,164.97,0.147633,0.076856,0.070777,0.076789
2.05803,164.99,0.148016,0.077226,0.070790,0.077159
2.05823,165.00,0.148402,0.077600,0.070802,0.077532
2.05843,165.02,0.148790,0.077975,0.070815,0.077908
2.05863,165.04,0.149181,0.078354,0.070828,0.078286
2.05883,165.05,0.149575,0.078735,0.070840,0.078667
2.05903,165.07,0.149972,0.079119,0.070853,0.079051
2.05923,165.08,0.150372,0.079506,0.070866,0.079438
2.05943,165.10,0.150774,0.079895,0.070878,0.079828
2.05963,165.12,0.151179,0.080288,0.070891,0.080220
2.05983,165.13,0.151587,0.080683,0.070904,0.080616
2.06003,165.15,0.151998,0.081082,0.070917,0.081014
2.06023,165.16,0.152412,0.081483,0.070929,0.081415
2.06043,165.18,0.152829,0.081887,0.070942,0.081820
2.06063,165.20,0.153249,0.082295,0.070955,0.082227
2.06083,165.21,0.153672,0.082705,0.070968,0.082637
2.06103,165.23,0.154098,0.083118,0.070980,0.083050
2.06123,165.25,0.154528,0.083535,0.070993,0.083467
2.06143,165.26,0.154960,0.083954,0.071006,0.083886
2.06163,165.28,0.155395,0.084377,0.071018,0.084309
2.06183,165.29,0.155834,0.084803,0.071031,0.084735
2.06203,165.31,0.156276,0.085232,0.071044,0.085164
2.06223,165.33,0.156721,0.085664,0.071057,0.085596
2.06243,165.34,0.157169,0.086100,0.071069,0.086032
2.06263,165.36,0.157621,0.086539,0.071082,0.086471
2.06283,165.37,0.158076,0.086981,0.071095,0.086913
2.06303,165.39,0.158535,0.087427,0.071108,0.087359
2.06323,165.41,0.158997,0.087876,0.071121,0.087808
2.06343,165.42,0.159462,0.088329,0.071133,0.088261
2.06363,165.44,0.159931,0.088785,0.071146,0.088717
2.06383,165.45,0.160403,0.089244,0.071159,0.089177
2.06403,165.47,0.160879,0.089708,0.071172,0.089640
2.06423,165.49,0.161359,0.090174,0.071185,0.090106
2.06443,165.50,0.161842,0.090645,0.071197,0.090577
2.06463,165.52,0.162329,0.091119,0.071210,0.091051
2.06483,165.53,0.162820,0.091597,0.071223,0.091529
2.06503,165.55,0.163314,0.092078,0.071236,0.092010
2.06523,165.57,0.163812,0.092564,0.071249,0.092496
2.06543,165.58,0.164314,0.093053,0.071261,0.092985
2.06563,165.60,0.164820,0.093546,0.071274,0.093478
2.06583,165.61,0.165330,0.094043,0.071287,0.093975
2.06603,165.63,0.165843,0.094544,0.071300,0.094476
2.06623,165.65,0.166361,0.095049,0.071313,0.094980
2.06643,165.66,0.166883,0.095557,0.071325,0.095489
2.06663,165.68,0.167409,0.096070,0.071338,0.096002
2.06683,165.69,0.167939,0.096588,0.071351,0.096520
2.06703,165.71,0.168473,0.097109,0.071364,0.097041
2.06723,165.73,0.169011,0.097634,0.071377,0.097566
2.06743,165.74,0.169554,0.098164,0.071390,0.098096
2.06763,165.76,0.170101,0.098698,0.071402,0.098630
2.06783,165.77,0.170652,0.099237,0.071415,0.099169
2.06803,165.79,0.171208,0.099779,0.071428,0.099711
2.06823,165.81,0.171768,0.100327,0.071441,0.100259
2.06843,165.82,0.172332,0.100878,0.071454,0.100810
2.06863,165.84,0.172902,0.101435,0.071467,0.101367
2.06883,165.85,0.173475,0.101996,0.071480,0.101927
2.06903,165.87,0.174054,0.102561,0.071493,0.102493
2.06923,165.89,0.174637,0.103131,0.071505,0.103063
2.06943,165.90,0.175225,0.103706,0.071518,0.103638
2.06963,165.92,0.175817,0.104286,0.071531,0.104218
2.06983,165.93,0.176415,0.104871,0.071544,0.104802
2.07003,165.95,0.177017,0.105460,0.071557,0.105392
2.07023,165.97,0.177625,0.106055,0.071570,0.105986
2.07043,165.98,0.178237,0.106654,0.071583,0.106586
2.07063,166.00,0.178854,0.107259,0.071596,0.107190
2.07083,166.01,0.179477,0.107868,0.071609,0.107800
2.07103,166.03,0.180105,0.108483,0.071621,0.108415
2.07123,166.05,0.180738,0.109103,0.071634,0.109035
2.07143,166.06,0.181376,0.109729,0.071647,0.109660
2.07163,166.08,0.182020,0.110359,0.071660,0.110291
2.07183,166.09,0.182669,0.110996,0.071673,0.110927
2.07203,166.11,0.183323,0.111637,0.071686,0.111569
2.07223,166.13,0.183984,0.112285,0.071699,0.112216
2.07243,166.14,0.184649,0.112937,0.071712,0.112869
2.07263,166.16,0.185321,0.113596,0.071725,0.113527
2.07283,166.17,0.185998,0.114260,0.071738,0.114192
2.07303,166.19,0.186681,0.114930,0.071751,0.114862
2.07323,166.21,0.187370,0.115606,0.071764,0.115538
2.07343,166.22,0.188065,0.116288,0.071777,0.116220
2.07363,166.24,0.188766,0.116976,0.071790,0.116907
2.07383,166.26,0.189472,0.117670,0.071803,0.117601
2.07403,166.27,0.190186,0.118370,0.071816,0.118302
2.07423,166.29,0.190905,0.119076,0.071829,0.119008
2.07443,166.30,0.191631,0.119789,0.071841,0.119721
2.07463,166.32,0.192363,0.120508,0.071854,0.120440
2.07483,166.34,0.193101,0.121234,0.071867,0.121165
2.07503,166.35,0.193846,0.121966,0.071880,0.121897
2.07523,166.37,0.194598,0.122704,0.071893,0.122636
2.07543,166.38,0.195356,0.123450,0.071906,0.123381
2.07563,166.40,0.196121,0.124202,0.071919,0.124133
2.07583,166.42,0.196893,0.124961,0.071932,0.124892
2.07603,166.43,0.197672,0.125726,0.071945,0.125658
2.07623,166.45,0.198458,0.126499,0.071958,0.126431
2.07643,166.46,0.199251,0.127279,0.071971,0.127211
2.07663,166.48,0.200051,0.128066,0.071984,0.127998
2.07683,166.50,0.200858,0.128861,0.071997,0.128792
2.07703,166.51,0.201673,0.129663,0.072010,0.129594
2.07723,166.53,0.202495,0.130472,0.072023,0.130403
2.07743,166.54,0.203325,0.131289,0.072036,0.131220
2.07763,166.56,0.204163,0.132113,0.072049,0.132044
2.07783,166.58,0.205008,0.132945,0.072063,0.132877
2.07803,166.59,0.205861,0.133785,0.072076,0.133717
2.07823,166.61,0.206722,0.134633,0.072089,0.134565
2.07843,166.62,0.207591,0.135489,0.072102,0.135421
2.07863,166.64,0.208468,0.136353,0.072115,0.136285
2.07883,166.66,0.209353,0.137226,0.072128,0.137157
2.07903,166.67,0.210247,0.138106,0.072141,0.138038
2.07923,166.69,0.211149,0.138995,0.072154,0.138927
2.07943,166.70,0.212060,0.139893,0.072167,0.139824
2.07963,166.72,0.212979,0.140799,0.072180,0.140731
2.07983,166.74,0.213908,0.141715,0.072193,0.141646
2.08003,166.75,0.214845,0.142638,0.072206,0.142570
2.08023,166.77,0.215791,0.143571,0.072219,0.143503
2.08043,166.78,0.216746,0.144514,0.072232,0.144445
2.08063,166.80,0.217710,0.145465,0.072245,0.145396
2.08083,166.82,0.218684,0.146425,0.072258,0.146357
2.08103,166.83,0.219667,0.147396,0.072271,0.147327
2.08123,166.85,0.220660,0.148375,0.072285,0.148306
2.08143,166.86,0.221662,0.149365,0.072298,0.149296
2.08163,166.88,0.222675,0.150364,0.072311,0.150295
2.08183,166.90,0.223697,0.151373,0.072324,0.151304
2.08203,166.91,0.224730,0.152393,0.072337,0.152324
2.08223,166.93,0.225772,0.153422,0.072350,0.153353
2.08243,166.94,0.226825,0.154462,0.072363,0.154393
2.08263,166.96,0.227889,0.155513,0.072376,0.155444
2.08283,166.98,0.228963,0.156574,0.072389,0.156505
2.08303,166.99,0.230049,0.157646,0.072403,0.157577
2.08323,167.01,0.231145,0.158729,0.072416,0.158660
2.08343,167.02,0.232252,0.159823,0.072429,0.159754
2.08363,167.04,0.233370,0.160928,0.072442,0.160859
2.08383,167.06,0.234500,0.162045,0.072455,0.161976
2.08403,167.07,0.235641,0.163173,0.072468,0.163104
2.08423,167.09,0.236795,0.164313,0.072481,0.164244
2.08443,167.10,0.237960,0.165465,0.072494,0.165396
2.08463,167.12,0.239137,0.166629,0.072508,0.166560
2.08483,167.14,0.240326,0.167805,0.072521,0.167736
2.08503,167.15,0.241528,0.168994,0.072534,0.168925
2.08523,167.17,0.242742,0.170195,0.072547,0.170126
2.08543,167.19,0.243969,0.171408,0.072560,0.171339
2.08563,167.20,0.245209,0.172635,0.072573,0.172566
2.08583,167.22,0.246462,0.173875,0.072587,0.173806
2.08603,167.23,0.247728,0.175128,0.072600,0.175059
2.08623,167.25,0.249007,0.176394,0.072613,0.176325
2.08643,167.27,0.250301,0.177675,0.072626,0.177605
2.08663,167.28,0.251608,0.178969,0.072639,0.178899
2.08683,167.30,0.252929,0.180277,0.072652,0.180207
2.08703,167.31,0.254265,0.181599,0.072666,0.181530
2.08723,167.33,0.255615,0.182936,0.072679,0.182866
2.08743,167.35,0.256979,0.184287,0.072692,0.184218
2.08763,167.36,0.258359,0.185653,0.072705,0.185584
2.08783,167.38,0.259753,0.187035,0.072718,0.186966
2.08803,167.39,0.261163,0.188432,0.072732,0.188362
2.08823,167.41,0.262589,0.189844,0.072745,0.189774
2.08843,167.43,0.264030,0.191272,0.072758,0.191202
2.08863,167.44,0.265487,0.192716,0.072771,0.192646
2.08883,167.46,0.266961,0.194176,0.072785,0.194107
2.08903,167.47,0.268451,0.195653,0.072798,0.195583
2.08923,167.49,0.269957,0.197146,0.072811,0.197077
2.08943,167.51,0.271481,0.198657,0.072824,0.198587
2.08963,167.52,0.273022,0.200184,0.072838,0.200115
2.08983,167.54,0.274580,0.201729,0.072851,0.201660
2.09003,167.55,0.276156,0.203292,0.072864,0.203223
2.09023,167.57,0.277750,0.204873,0.072877,0.204804
2.09043,167.59,0.279363,0.206472,0.072890,0.206403
2.09063,167.60,0.280994,0.208090,0.072904,0.208021
2.09083,167.62,0.282644,0.209727,0.072917,0.209657
2.09103,167.63,0.284313,0.211383,0.072930,0.211313
2.09123,167.65,0.286001,0.213058,0.072944,0.212988
2.09143,167.67,0.287710,0.214753,0.072957,0.214683
2.09163,167.68,0.289438,0.216468,0.072970,0.216398
2.09183,167.70,0.291187,0.218203,0.072983,0.218134
2.09203,167.71,0.292956,0.219959,0.072997,0.219890
2.09223,167.73,0.294747,0.221737,0.073010,0.221667
2.09243,167.75,0.296558,0.223535,0.073023,0.223466
2.09263,167.76,0.298392,0.225355,0.073037,0.225286
2.09283,167.78,0.300247,0.227198,0.073050,0.227128
2.09303,167.79,0.302125,0.229062,0.073063,0.228993
2.09323,167.81,0.304026,0.230950,0.073076,0.230880
2.09343,167.83,0.305950,0.232860,0.073090,0.232790
2.09363,167.84,0.307897,0.234794,0.073103,0.234724
2.09383,167.86,0.309868,0.236752,0.073116,0.236682
2.09403,167.87,0.311864,0.238734,0.073130,0.238664
2.09423,167.89,0.313884,0.240741,0.073143,0.240671
2.09443,167.91,0.315929,0.242772,0.073156,0.242703
2.09463,167.92,0.317999,0.244830,0.073170,0.244760
2.09483,167.94,0.320096,0.246913,0.073183,0.246843
2.09503,167.95,0.322219,0.249022,0.073196,0.248953
2.09523,167.97,0.324368,0.251159,0.073210,0.251089
2.09543,167.99,0.326545,0.253322,0.073223,0.253252
2.09563,168.00,0.328749,0.255513,0.073236,0.255443
2.09583,168.02,0.330982,0.257732,0.073250,0.257663
2.09603,168.03,0.333243,0.259980,0.073263,0.259910
2.09623,168.05,0.335534,0.262257,0.073276,0.262187
2.09643,168.07,0.337853,0.264564,0.073290,0.264494
2.09663,168.08,0.340203,0.266900,0.073303,0.266830
2.09683,168.10,0.342584,0.269268,0.073317,0.269198
2.09703,168.12,0.344996,0.271666,0.073330,0.271596
2.09723,168.13,0.347439,0.274096,0.073343,0.274026
2.09743,168.15,0.349915,0.276558,0.073357,0.276488
2.09763,168.16,0.352423,0.279053,0.073370,0.278983
2.09783,168.18,0.354965,0.281582,0.073383,0.281512
2.09803,168.20,0.357541,0.284144,0.073397,0.284074
2.09823,168.21,0.360151,0.286741,0.073410,0.286671
2.09843,168.23,0.362797,0.289373,0.073424,0.289303
2.09863,168.24,0.365478,0.292041,0.073437,0.291971
2.09883,168.26,0.368196,0.294746,0.073450,0.294676
2.09903,168.28,0.370951,0.297487,0.073464,0.297417
2.09923,168.29,0.373743,0.300266,0.073477,0.300196
2.09943,168.31,0.376575,0.303084,0.073491,0.303014
2.09963,168.32,0.379445,0.305941,0.073504,0.305871
2.09983,168.34,0.382355,0.308837,0.073518,0.308767
2.10004,168.36,0.385305,0.311775,0.073531,0.311704
2.10024,168.37,0.388297,0.314753,0.073544,0.314683
2.10044,168.39,0.391332,0.317774,0.073558,0.317704
2.10064,168.40,0.394408,0.320837,0.073571,0.320767
2.10084,168.42,0.397529,0.323944,0.073585,0.323874
2.10104,168.44,0.400694,0.327096,0.073598,0.327026
2.10124,168.45,0.403905,0.330293,0.073612,0.330223
2.10144,168.47,0.407161,0.333536,0.073625,0.333466
2.10164,168.48,0.410465,0.336827,0.073638,0.336756
2.10184,168.50,0.413817,0.340165,0.073652,0.340095
2.10204,168.52,0.417217,0.343552,0.073665,0.343482
2.10224,168.53,0.420668,0.346989,0.073679,0.346919
2.10244,168.55,0.424169,0.350476,0.073692,0.350406
2.10264,168.56,0.427722,0.354016,0.073706,0.353946
2.10284,168.58,0.431327,0.357608,0.073719,0.357538
2.10304,168.60,0.434987,0.361254,0.073733,0.361184
2.10324,168.61,0.438701,0.364955,0.073746,0.364884
2.10344,168.63,0.442471,0.368711,0.073760,0.368641
2.10364,168.64,0.446298,0.372525,0.073773,0.372455
2.10384,168.66,0.450184,0.376397,0.073787,0.376327
2.10404,168.68,0.454129,0.380328,0.073800,0.380258
2.10424,168.69,0.458134,0.384320,0.073814,0.384250
2.10444,168.71,0.462201,0.388373,0.073827,0.388303
2.10464,168.72,0.466331,0.392490,0.073841,0.392419
2.10484,168.74,0.470525,0.396670,0.073854,0.396600
2.10504,168.76,0.474785,0.400917,0.073868,0.400846
2.10524,168.77,0.479111,0.405230,0.073881,0.405159
2.10544,168.79,0.483506,0.409611,0.073895,0.409541
2.10564,168.80,0.487971,0.414062,0.073908,0.413992
2.10584,168.82,0.492506,0.418584,0.073922,0.418514
2.10604,168.84,0.497115,0.423179,0.073936,0.423109
2.10624,168.85,0.501797,0.427848,0.073949,0.427778
2.10644,168.87,0.506555,0.432593,0.073963,0.432522
2.10664,168.88,0.511391,0.437415,0.073976,0.437344
2.10684,168.90,0.516305,0.442315,0.073990,0.442245
2.10704,168.92,0.521300,0.447297,0.074003,0.447226
2.10724,168.93,0.526377,0.452361,0.074017,0.452290
2.10744,168.95,0.531539,0.457508,0.074030,0.457438
2.10764,168.96,0.536786,0.462742,0.074044,0.462672
2.10784,168.98,0.542121,0.468064,0.074058,0.467993
2.10804,169.00,0.547546,0.473475,0.074071,0.473404
2.10824,169.01,0.553063,0.478978,0.074085,0.478907
2.10844,169.03,0.558673,0.484575,0.074098,0.484504
2.10864,169.05,0.564379,0.490267,0.074112,0.490196
2.10884,169.06,0.570182,0.496057,0.074125,0.495986
2.10904,169.08,0.576086,0.501947,0.074139,0.501877
2.10924,169.09,0.582092,0.507940,0.074153,0.507869
2.10944,169.11,0.588203,0.514037,0.074166,0.513966
2.10964,169.13,0.594421,0.520241,0.074180,0.520170
2.10984,169.14,0.600748,0.526554,0.074193,0.526484
2.11004,169.16,0.607187,0.532980,0.074207,0.532909
2.11024,169.17,0.613740,0.539519,0.074221,0.539449
2.11044,169.19,0.620410,0.546176,0.074234,0.546105
2.11064,169.21,0.627201,0.552953,0.074248,0.552882
2.11084,169.22,0.634113,0.559852,0.074262,0.559781
2.11104,169.24,0.641152,0.566876,0.074275,0.566806
2.11124,169.25,0.648318,0.574029,0.074289,0.573958
2.11144,169.27,0.655616,0.581313,0.074302,0.581243
2.11164,169.29,0.663048,0.588732,0.074316,0.588661
2.11184,169.30,0.670618,0.596289,0.074330,0.596218
2.11204,169.32,0.678329,0.603986,0.074343,0.603915
2.11224,169.33,0.686185,0.611827,0.074357,0.611757
2.11244,169.35,0.694188,0.619817,0.074371,0.619746
2.11264,169.37,0.702342,0.627958,0.074384,0.627887
2.11284,169.38,0.710652,0.636254,0.074398,0.636183
2.11304,169.40,0.719120,0.644708,0.074412,0.644637
2.11324,169.41,0.727751,0.653326,0.074425,0.653255
2.11344,169.43,0.736549,0.662110,0.074439,0.662039
2.11364,169.45,0.745518,0.671065,0.074453,0.670994
2.11384,169.46,0.754661,0.680195,0.074466,0.680124
2.11404,169.48,0.763985,0.689505,0.074480,0.689434
2.11424,169.49,0.773492,0.698998,0.074494,0.698927
2.11444,169.51,0.783188,0.708680,0.074508,0.708609
2.11464,169.53,0.793077,0.718556,0.074521,0.718485
2.11484,169.54,0.803165,0.728630,0.074535,0.728559
2.11504,169.56,0.813455,0.738907,0.074549,0.738836
2.11524,169.57,0.823955,0.749392,0.074562,0.749321
2.11544,169.59,0.834668,0.760092,0.074576,0.760021
2.11564,169.61,0.845601,0.771011,0.074590,0.770940
2.11584,169.62,0.856759,0.782155,0.074603,0.782084
2.11604,169.64,0.868147,0.793530,0.074617,0.793459
2.11624,169.65,0.879773,0.805142,0.074631,0.805071
2.11644,169.67,0.891642,0.816998,0.074645,0.816927
2.11664,169.69,0.903761,0.829103,0.074658,0.829032
2.11684,169.70,0.916136,0.841464,0.074672,0.841393
2.11704,169.72,0.928774,0.854088,0.074686,0.854017
2.11724,169.73,0.941682,0.866983,0.074700,0.866912
2.11744,169.75,0.954868,0.880155,0.074713,0.880083
2.11764,169.77,0.968338,0.893611,0.074727,0.893540
2.11784,169.78,0.982101,0.907360,0.074741,0.907289
2.11804,169.80,0.996164,0.921410,0.074755,0.921338
2.11824,169.81,1.010536,0.935768,0.074768,0.935696
2.11844,169.83,1.025225,0.950443,0.074782,0.950371
2.11864,169.85,1.040239,0.965443,0.074796,0.965372
2.11884,169.86,1.055588,0.980778,0.074810,0.980707
2.11904,169.88,1.071281,0.996457,0.074824,0.996386
2.11924,169.89,1.087327,1.012490,0.074837,1.012418
2.11944,169.91,1.103736,1.028885,0.074851,1.028814
2.11964,169.93,1.120518,1.045654,0.074865,1.045582
2.11984,169.94,1.137684,1.062806,0.074879,1.062734
2.12004,169.96,1.155245,1.080352,0.074893,1.080281
2.12024,169.98,1.173210,1.098304,0.074906,1.098233
2.12044,169.99,1.191593,1.116672,0.074920,1.116601
2.12064,170.01,1.210403,1.135469,0.074934,1.135398
2.12084,170.02,1.229655,1.154707,0.074948,1.154636
2.12104,170.04,1.249359,1.174398,0.074962,1.174326
2.12124,170.06,1.269529,1.194554,0.074975,1.194483
2.12144,170.07,1.290179,1.215189,0.074989,1.215118
2.12164,170.09,1.311321,1.236318,0.075003,1.236246
2.12184,170.10,1.332969,1.257952,0.075017,1.257881
2.12204,170.12,1.355139,1.280108,0.075031,1.280037
2.12224,170.14,1.377844,1.302800,0.075045,1.302728
2.12244,170.15,1.401101,1.326042,0.075058,1.325971
2.12264,170.17,1.424924,1.349852,0.075072,1.349781
2.12284,170.18,1.449331,1.374245,0.075086,1.374173
2.12304,170.20,1.474337,1.399237,0.075100,1.399165
2.12324,170.22,1.499959,1.424845,0.075114,1.424774
2.12344,170.23,1.526216,1.451088,0.075128,1.451017
2.12364,170.25,1.553125,1.477983,0.075142,1.477911
2.12384,170.26,1.580704,1.505548,0.075155,1.505477
2.12404,170.28,1.608972,1.533803,0.075169,1.533731
2.12424,170.30,1.637949,1.562766,0.075183,1.562694
2.12444,170.31,1.667655,1.592458,0.075197,1.592386
2.12464,170.33,1.698110,1.622899,0.075211,1.622827
2.12484,170.34,1.729334,1.654109,0.075225,1.654037
2.12504,170.36,1.761349,1.686110,0.075239,1.686038
2.12524,170.38,1.794176,1.718924,0.075253,1.718852
2.12544,170.39,1.827839,1.752572,0.075267,1.752500
2.12564,170.41,1.862358,1.787077,0.075281,1.787006
2.12584,170.42,1.897757,1.822462,0.075294,1.822391
2.12604,170.44,1.934059,1.858751,0.075308,1.858679
2.12624,170.46,1.971288,1.895966,0.075322,1.895894
2.12644,170.47,2.009468,1.934132,0.075336,1.934060
2.12664,170.49,2.048623,1.973273,0.075350,1.973201
2.12684,170.50,2.088777,2.013413,0.075364,2.013341
2.12704,170.52,2.129954,2.054576,0.075378,2.054505
2.12724,170.54,2.172180,2.096789,0.075392,2.096717
2.12744,170.55,2.215480,2.140074,0.075406,2.140002
2.12764,170.57,2.259876,2.184457,0.075420,2.184385
2.12784,170.58,2.305395,2.229962,0.075434,2.229890
2.12804,170.60,2.352061,2.276613,0.075448,2.276541
2.12824,170.62,2.399896,2.324435,0.075462,2.324363
2.12844,170.63,2.448926,2.373450,0.075476,2.373378
2.12864,170.65,2.499172,2.423682,0.075490,2.423611
2.12884,170.66,2.550657,2.475153,0.075504,2.475081
2.12904,170.68,2.603401,2.527884,0.075518,2.527812
2.12924,170.70,2.657426,2.581894,0.075532,2.581822
2.12944,170.71,2.712749,2.637203,0.075546,2.637131
2.12964,170.73,2.769387,2.693827,0.075560,2.693756
2.12984,170.74,2.827356,2.751783,0.075574,2.751711
2.13004,170.76,2.886670,2.811083,0.075588,2.811011
2.13024,170.78,2.947339,2.871738,0.075602,2.871666
2.13044,170.79,3.009372,2.933756,0.075616,2.933684
2.13064,170.81,3.072773,2.997144,0.075630,2.997072
2.13084,170.82,3.137546,3.061902,0.075644,3.061830
2.13104,170.84,3.203687,3.128029,0.075658,3.127957
2.13124,170.86,3.271191,3.195520,0.075672,3.195448
2.13144,170.87,3.340048,3.264363,0.075686,3.264291
2.13164,170.89,3.410242,3.334542,0.075700,3.334470
2.13184,170.90,3.481751,3.406038,0.075714,3.405965
2.13204,170.92,3.554549,3.478821,0.075728,3.478749
2.13224,170.94,3.628602,3.552860,0.075742,3.552788
2.13244,170.95,3.703868,3.628112,0.075756,3.628040
2.13264,170.97,3.780299,3.704529,0.075770,3.704457
2.13284,170.99,3.857838,3.782054,0.075784,3.781982
2.13304,171.00,3.936419,3.860622,0.075798,3.860549
2.13324,171.02,4.015968,3.940156,0.075812,3.940084
2.13344,171.03,4.096399,4.020573,0.075826,4.020500
2.13364,171.05,4.177616,4.101775,0.075840,4.101703
2.13384,171.07,4.259512,4.183658,0.075854,4.183586
2.13404,171.08,4.341970,4.266102,0.075868,4.266029
2.13424,171.10,4.424859,4.348977,0.075882,4.348905
2.13444,171.11,4.508038,4.432142,0.075896,4.432069
2.13464,171.13,4.591351,4.515441,0.075910,4.515368
2.13484,171.15,4.674631,4.598707,0.075925,4.598634
2.13504,171.16,4.757699,4.681760,0.075939,4.681688
2.13524,171.18,4.840360,4.764408,0.075953,4.764335
2.13544,171.19,4.922412,4.846445,0.075967,4.846373
2.13564,171.21,5.003636,4.927655,0.075981,4.927583
2.13584,171.23,5.083805,5.007810,0.075995,5.007738
2.13604,171.24,5.162680,5.086671,0.076009,5.086598
2.13624,171.26,5.240013,5.163989,0.076023,5.163917
2.13644,171.27,5.315547,5.239509,0.076037,5.239437
2.13664,171.29,5.389019,5.312967,0.076051,5.312895
2.13684,171.31,5.460160,5.384094,0.076066,5.384022
2.13704,171.32,5.528698,5.452619,0.076080,5.452546
2.13724,171.34,5.594361,5.518267,0.076094,5.518194
2.13744,171.35,5.656874,5.580766,0.076108,5.580694
2.13764,171.37,5.715970,5.639848,0.076122,5.639775
2.13784,171.39,5.771385,5.695248,0.076136,5.695176
2.13804,171.40,5.822863,5.746712,0.076150,5.746640
2.13824,171.42,5.870161,5.793996,0.076165,5.793924
2.13844,171.43,5.913049,5.836870,0.076179,5.836797
2.13864,171.45,5.951313,5.875120,0.076193,5.875047
2.13884,171.47,5.984758,5.908551,0.076207,5.908478
2.13904,171.48,6.013211,5.936990,0.076221,5.936917
2.13924,171.50,6.036523,5.960287,0.076235,5.960215
2.13944,171.51,6.054568,5.978319,0.076250,5.978246
2.13964,171.53,6.067250,5.990986,0.076264,5.990914
2.13984,171.55,6.074500,5.998222,0.076278,5.998149
2.14004,171.56,6.076278,5.999985,0.076292,5.999913
2.14024,171.58,6.072574,5.996268,0.076306,5.996195
2.14044,171.59,6.063409,5.987089,0.076321,5.987016
2.14064,171.61,6.048833,5.972498,0.076335,5.972426
2.14084,171.63,6.028925,5.952576,0.076349,5.952504
2.14104,171.64,6.003793,5.927430,0.076363,5.927357
2.14124,171.66,5.973569,5.897191,0.076377,5.897119
2.14144,171.67,5.938412,5.862021,0.076392,5.861948
2.14164,171.69,5.898504,5.822098,0.076406,5.822026
2.14184,171.71,5.854046,5.777626,0.076420,5.777553
2.14204,171.72,5.805259,5.728824,0.076434,5.728751
2.14224,171.74,5.752376,5.675928,0.076449,5.675855
2.14244,171.75,5.695647,5.619185,0.076463,5.619112
2.14264,171.77,5.635330,5.558853,0.076477,5.558781
2.14284,171.79,5.571691,5.495200,0.076491,5.495127
2.14304,171.80,5.505000,5.428494,0.076506,5.428422
2.14324,171.82,5.435530,5.359010,0.076520,5.358938
2.14344,171.83,5.363555,5.287021,0.076534,5.286948
2.14364,171.85,5.289345,5.212797,0.076548,5.212724
2.14384,171.87,5.213168,5.136606,0.076563,5.136533
2.14404,171.88,5.135285,5.058708,0.076577,5.058635
2.14424,171.90,5.055949,4.979358,0.076591,4.979285
2.14444,171.92,4.975405,4.898800,0.076605,4.898727
2.14464,171.93,4.893889,4.817269,0.076620,4.817196
2.14484,171.95,4.811624,4.734990,0.076634,4.734917
2.14504,171.96,4.728823,4.652175,0.076648,4.652102
2.14524,171.98,4.645686,4.569024,0.076663,4.568951
2.14544,172.00,4.562403,4.485726,0.076677,4.485653
2.14564,172.01,4.479148,4.402457,0.076691,4.402384
2.14584,172.03,4.396084,4.319378,0.076705,4.319305
2.14604,172.04,4.313361,4.236641,0.076720,4.236568
2.14624,172.06,4.231117,4.154383,0.076734,4.154310
2.14644,172.08,4.149479,4.072730,0.076748,4.072657
2.14664,172.09,4.068559,3.991796,0.076763,3.991723
2.14684,172.11,3.988461,3.911684,0.076777,3.911611
2.14704,172.12,3.909276,3.832485,0.076791,3.832412
2.14724,172.14,3.831087,3.754281,0.076806,3.754208
2.14744,172.16,3.753964,3.677144,0.076820,3.677071
2.14764,172.17,3.677971,3.601137,0.076834,3.601064
2.14784,172.19,3.603161,3.526312,0.076849,3.526239
2.14804,172.20,3.529580,3.452717,0.076863,3.452644
2.14824,172.22,3.457267,3.380389,0.076877,3.380316
2.14844,172.24,3.386252,3.309360,0.076892,3.309287
2.14864,172.25,3.316562,3.239656,0.076906,3.239582
2.14884,172.27,3.248214,3.171294,0.076920,3.171220
2.14904,172.28,3.181223,3.104289,0.076935,3.104215
2.14924,172.30,3.115598,3.038649,0.076949,3.038576
2.14944,172.32,3.051343,2.974380,0.076964,2.974306
2.14964,172.33,2.988459,2.911481,0.076978,2.911408
2.14984,172.35,2.926942,2.849949,0.076992,2.849876
2.15004,172.36,2.866786,2.789779,0.077007,2.789706
2.15024,172.38,2.807981,2.730960,0.077021,2.730887
2.15044,172.40,2.750516,2.673481,0.077036,2.673407
2.15064,172.41,2.694377,2.617327,0.077050,2.617254
2.15084,172.43,2.639548,2.562484,0.077064,2.562410
2.15104,172.44,2.586011,2.508932,0.077079,2.508859
2.15124,172.46,2.533747,2.456653,0.077093,2.456580
2.15144,172.48,2.482734,2.405627,0.077108,2.405553
2.15164,172.49,2.432953,2.355831,0.077122,2.355758
2.15184,172.51,2.384381,2.307244,0.077136,2.307171
2.15204,172.52,2.336993,2.259843,0.077151,2.259769
2.15224,172.54,2.290768,2.213603,0.077165,2.213529
2.15244,172.56,2.245681,2.168501,0.077180,2.168427
2.15264,172.57,2.201706,2.124512,0.077194,2.124439
2.15284,172.59,2.158821,2.081613,0.077209,2.081539
2.15304,172.60,2.117000,2.039777,0.077223,2.039704
2.15324,172.62,2.076219,1.998982,0.077238,1.998908
2.15344,172.64,2.036453,1.959201,0.077252,1.959127
2.15364,172.65,1.997677,1.920411,0.077266,1.920337
2.15384,172.67,1.959868,1.882587,0.077281,1.882513
2.15404,172.68,1.923000,1.845705,0.077295,1.845631
2.15424,172.70,1.887051,1.809741,0.077310,1.809668
2.15444,172.72,1.851997,1.774673,0.077324,1.774599
2.15464,172.73,1.817814,1.740476,0.077339,1.740402
2.15484,172.75,1.784481,1.707128,0.077353,1.707054
2.15504,172.76,1.751974,1.674606,0.077368,1.674533
2.15524,172.78,1.720272,1.642890,0.077382,1.642816
2.15544,172.80,1.689353,1.611956,0.077397,1.611883
2.15564,172.81,1.659196,1.581785,0.077411,1.581711
2.15584,172.83,1.629781,1.552355,0.077426,1.552282
2.15604,172.85,1.601087,1.523647,0.077440,1.523573
2.15624,172.86,1.573095,1.495641,0.077455,1.495567
2.15644,172.88,1.545786,1.468317,0.077469,1.468243
2.15664,172.89,1.519140,1.441657,0.077484,1.441583
2.15684,172.91,1.493140,1.415642,0.077498,1.415568
2.15704,172.93,1.467768,1.390255,0.077513,1.390182
2.15724,172.94,1.443006,1.365479,0.077527,1.365405
2.15744,172.96,1.418838,1.341296,0.077542,1.341222
2.15764,172.97,1.395247,1.317691,0.077557,1.317617
2.15784,172.99,1.372217,1.294646,0.077571,1.294572
2.15804,173.01,1.349733,1.272148,0.077586,1.272074
2.15824,173.02,1.327779,1.250179,0.077600,1.250105
2.15844,173.04,1.306342,1.228727,0.077615,1.228653
2.15864,173.05,1.285405,1.207776,0.077629,1.207702
2.15884,173.07,1.264957,1.187313,0.077644,1.187239
2.15904,173.09,1.244983,1.167324,0.077658,1.167250
2.15924,173.10,1.225470,1.147797,0.077673,1.147723
2.15944,173.12,1.206405,1.128718,0.077688,1.128644
2.15964,173.13,1.187777,1.110075,0.077702,1.110001
2.15984,173.15,1.169573,1.091857,0.077717,1.091783
2.16004,173.17,1.151782,1.074051,0.077731,1.073977
2.16024,173.18,1.134392,1.056646,0.077746,1.056572
2.16044,173.20,1.117393,1.039632,0.077761,1.039558
2.16064,173.21,1.100773,1.022998,0.077775,1.022924
2.16084,173.23,1.084523,1.006733,0.077790,1.006659
2.16104,173.25,1.068632,0.990828,0.077804,0.990754
2.16124,173.26,1.053092,0.975273,0.077819,0.975199
2.16144,173.28,1.037891,0.960058,0.077834,0.959984
2.16164,173.29,1.023023,0.945174,0.077848,0.945100
2.16184,173.31,1.008476,0.930614,0.077863,0.930539
2.16204,173.33,0.994244,0.916367,0.077877,0.916292
2.16224,173.34,0.980317,0.902425,0.077892,0.902351
2.16244,173.36,0.966688,0.888781,0.077907,0.888707
2.16264,173.37,0.953349,0.875427,0.077921,0.875353
2.16284,173.39,0.940291,0.862355,0.077936,0.862281
2.16304,173.41,0.927509,0.849558,0.077951,0.849484
2.16324,173.42,0.914994,0.837028,0.077965,0.836954
2.16344,173.44,0.902739,0.824759,0.077980,0.824685
2.16364,173.45,0.890739,0.812744,0.077995,0.812670
2.16384,173.47,0.878986,0.800976,0.078009,0.800902
2.16404,173.49,0.867473,0.789449,0.078024,0.789375
2.16424,173.50,0.856196,0.778157,0.078039,0.778083
2.16444,173.52,0.845148,0.767094,0.078053,0.767020
2.16464,173.53,0.834322,0.756254,0.078068,0.756180
2.16484,173.55,0.823714,0.745632,0.078083,0.745557
2.16504,173.57,0.813318,0.735221,0.078097,0.735147
2.16524,173.58,0.803129,0.725017,0.078112,0.724943
2.16544,173.60,0.793141,0.715014,0.078127,0.714940
2.16564,173.61,0.783350,0.705208,0.078142,0.705134
2.16584,173.63,0.773750,0.695594,0.078156,0.695520
2.16604,173.65,0.764338,0.686167,0.078171,0.686092
2.16624,173.66,0.755107,0.676922,0.078186,0.676847
2.16644,173.68,0.746055,0.667855,0.078200,0.667780
2.16664,173.69,0.737176,0.658961,0.078215,0.658887
2.16684,173.71,0.728467,0.650237,0.078230,0.650162
2.16704,173.73,0.719923,0.641678,0.078245,0.641603
2.16724,173.74,0.711540,0.633280,0.078259,0.633206
2.16744,173.76,0.703314,0.625040,0.078274,0.624966
2.16764,173.78,0.695243,0.616954,0.078289,0.616879
2.16784,173.79,0.687321,0.609018,0.078304,0.608943
2.16804,173.81,0.679546,0.601228,0.078318,0.601153
2.16824,173.82,0.671914,0.593581,0.078333,0.593507
2.16844,173.84,0.664422,0.586074,0.078348,0.586000
2.16864,173.86,0.657067,0.578704,0.078363,0.578629
2.16884,173.87,0.649844,0.571467,0.078377,0.571392
2.16904,173.89,0.642752,0.564360,0.078392,0.564286
2.16924,173.90,0.635788,0.557381,0.078407,0.557306
2.16944,173.92,0.628948,0.550526,0.078422,0.550451
2.16964,173.94,0.622229,0.543792,0.078437,0.543718
2.16984,173.95,0.615629,0.537178,0.078451,0.537103
2.17004,173.97,0.609145,0.530679,0.078466,0.530604
2.17024,173.98,0.602775,0.524294,0.078481,0.524219
2.17044,174.00,0.596516,0.518020,0.078496,0.517945
2.17064,174.02,0.590365,0.511854,0.078511,0.511779
2.17084,174.03,0.584320,0.505795,0.078525,0.505720
2.17104,174.05,0.578379,0.499839,0.078540,0.499764
2.17124,174.06,0.572540,0.493985,0.078555,0.493910
2.17144,174.08,0.566800,0.488230,0.078570,0.488155
2.17164,174.10,0.561156,0.482572,0.078585,0.482497
2.17184,174.11,0.555608,0.477009,0.078600,0.476934
2.17204,174.13,0.550153,0.471539,0.078614,0.471464
2.17224,174.14,0.544789,0.466160,0.078629,0.466085
2.17244,174.16,0.539514,0.460870,0.078644,0.460795
2.17264,174.18,0.534326,0.455667,0.078659,0.455592
2.17284,174.19,0.529223,0.450549,0.078674,0.450474
2.17304,174.21,0.524204,0.445515,0.078689,0.445440
2.17324,174.22,0.519266,0.440563,0.078704,0.440488
2.17344,174.24,0.514409,0.435690,0.078718,0.435615
2.17364,174.26,0.509629,0.430896,0.078733,0.430821
2.17384,174.27,0.504927,0.426179,0.078748,0.426104
2.17404,174.29,0.500299,0.421536,0.078763,0.421461
2.17424,174.30,0.495746,0.416968,0.078778,0.416893
2.17444,174.32,0.491264,0.412471,0.078793,0.412396
2.17464,174.34,0.486853,0.408045,0.078808,0.407970
2.17484,174.35,0.482511,0.403688,0.078823,0.403613
2.17504,174.37,0.478237,0.399399,0.078838,0.399324
2.17524,174.38,0.474029,0.395177,0.078852,0.395102
2.17544,174.40,0.469886,0.391019,0.078867,0.390944
2.17564,174.42,0.465808,0.386925,0.078882,0.386850
2.17584,174.43,0.461791,0.382894,0.078897,0.382819
2.17604,174.45,0.457836,0.378924,0.078912,0.378849
2.17624,174.46,0.453941,0.375014,0.078927,0.374939
2.17644,174.48,0.450105,0.371163,0.078942,0.371088
2.17664,174.50,0.446327,0.367370,0.078957,0.367295
2.17684,174.51,0.442605,0.363633,0.078972,0.363558
2.17704,174.53,0.438939,0.359952,0.078987,0.359877
2.17724,174.54,0.435327,0.356326,0.079002,0.356250
2.17744,174.56,0.431769,0.352752,0.079017,0.352677
2.17764,174.58,0.428263,0.349232,0.079032,0.349156
2.17784,174.59,0.424809,0.345762,0.079047,0.345687
2.17804,174.61,0.421405,0.342343,0.079062,0.342268
2.17824,174.62,0.418050,0.338974,0.079077,0.338898
2.17844,174.64,0.414744,0.335653,0.079092,0.335577
2.17864,174.66,0.411486,0.332379,0.079107,0.332304
2.17884,174.67,0.408274,0.329153,0.079122,0.329077
2.17904,174.69,0.405109,0.325972,0.079137,0.325897
2.17924,174.71,0.401988,0.322836,0.079152,0.322761
2.17944,174.72,0.398911,0.319745,0.079167,0.319669
2.17964,174.74,0.395878,0.316697,0.079182,0.316621
2.17984,174.75,0.392888,0.313691,0.079197,0.313616
2.18004,174.77,0.389939,0.310727,0.079212,0.310652
2.18024,174.79,0.387031,0.307805,0.079227,0.307729
2.18044,174.80,0.384164,0.304923,0.079242,0.304847
2.18064,174.82,0.381336,0.302080,0.079257,0.302004
2.18084,174.83,0.378548,0.299276,0.079272,0.299201
2.18104,174.85,0.375797,0.296510,0.079287,0.296435
2.18124,174.87,0.373084,0.293782,0.079302,0.293707
2.18144,174.88,0.370408,0.291091,0.079317,0.291016
2.18164,174.90,0.367768,0.288436,0.079332,0.288360
2.18184,174.91,0.365163,0.285816,0.079347,0.285741
2.18204,174.93,0.362594,0.283232,0.079362,0.283156
2.18224,174.95,0.360059,0.280682,0.079377,0.280606
2.18244,174.96,0.357557,0.278165,0.079392,0.278090
2.18264,174.98,0.355089,0.275682,0.079407,0.275606
2.18284,174.99,0.352653,0.273231,0.079422,0.273156
2.18304,175.01,0.350250,0.270813,0.079437,0.270737
2.18324,175.03,0.347878,0.268425,0.079452,0.268350
2.18344,175.04,0.345537,0.266069,0.079467,0.265994
2.18364,175.06,0.343226,0.263743,0.079482,0.263668
2.18384,175.07,0.340945,0.261447,0.079498,0.261372
2.18404,175.09,0.338694,0.259181,0.079513,0.259105
2.18424,175.11,0.336471,0.256943,0.079528,0.256868
2.18444,175.12,0.334277,0.254734,0.079543,0.254659
2.18464,175.14,0.332111,0.252553,0.079558,0.252477
2.18484,175.15,0.329973,0.250399,0.079573,0.250324
2.18504,175.17,0.327861,0.248273,0.079588,0.248197
2.18524,175.19,0.325776,0.246173,0.079603,0.246097
2.18544,175.20,0.323717,0.244099,0.079618,0.244023
2.18564,175.22,0.321684,0.242051,0.079634,0.241975
2.18584,175.23,0.319677,0.240028,0.079649,0.239952
2.18604,175.25,0.317694,0.238030,0.079664,0.237954
2.18624,175.27,0.315736,0.236057,0.079679,0.235981
2.18644,175.28,0.313802,0.234108,0.079694,0.234032
2.18664,175.30,0.311891,0.232182,0.079709,0.232106
2.18684,175.31,0.310004,0.230280,0.079724,0.230204
2.18704,175.33,0.308140,0.228401,0.079740,0.228325
2.18724,175.35,0.306299,0.226544,0.079755,0.226468
2.18744,175.36,0.304480,0.224710,0.079770,0.224634
2.18764,175.38,0.302683,0.222897,0.079785,0.222822
2.18784,175.39,0.300907,0.221107,0.079800,0.221031
2.18804,175.41,0.299152,0.219337,0.079815,0.219261
2.18824,175.43,0.297419,0.217588,0.079831,0.217512
2.18844,175.44,0.295706,0.215860,0.079846,0.215784
2.18864,175.46,0.294013,0.214152,0.079861,0.214076
2.18884,175.47,0.292341,0.212465,0.079876,0.212389
2.18904,175.49,0.290688,0.210796,0.079891,0.210720
2.18924,175.51,0.289054,0.209147,0.079907,0.209071
2.18944,175.52,0.287439,0.207518,0.079922,0.207441
2.18964,175.54,0.285843,0.205906,0.079937,0.205830
2.18984,175.55,0.284266,0.204314,0.079952,0.204238
2.19004,175.57,0.282707,0.202739,0.079967,0.202663
2.19024,175.59,0.281166,0.201183,0.079983,0.201107
2.19044,175.60,0.279642,0.199644,0.079998,0.199568
2.19064,175.62,0.278136,0.198123,0.080013,0.198046
2.19084,175.63,0.276647,0.196618,0.080028,0.196542
2.19104,175.65,0.275175,0.195131,0.080044,0.195055
2.19124,175.67,0.273719,0.193660,0.080059,0.193584
2.19144,175.68,0.272280,0.192206,0.080074,0.192130
2.19164,175.70,0.270857,0.190767,0.080089,0.190691
2.19184,175.72,0.269450,0.189345,0.080105,0.189269
2.19204,175.73,0.268058,0.187939,0.080120,0.187862
2.19224,175.75,0.266683,0.186547,0.080135,0.186471
2.19244,175.76,0.265322,0.185171,0.080150,0.185095
2.19264,175.78,0.263976,0.183810,0.080166,0.183734
2.19284,175.80,0.262645,0.182464,0.080181,0.182388
2.19304,175.81,0.261329,0.181133,0.080196,0.181056
2.19324,175.83,0.260027,0.179816,0.080212,0.179739
2.19344,175.84,0.258740,0.178513,0.080227,0.178436
2.19364,175.86,0.257466,0.177224,0.080242,0.177147
2.19384,175.88,0.256206,0.175948,0.080258,0.175872
2.19404,175.89,0.254960,0.174687,0.080273,0.174610
2.19424,175.91,0.253727,0.173438,0.080288,0.173362
2.19444,175.92,0.252507,0.172203,0.080303,0.172127
2.19464,175.94,0.251300,0.170981,0.080319,0.170905
2.19484,175.96,0.250106,0.169772,0.080334,0.169696
2.19504,175.97,0.248925,0.168576,0.080349,0.168499
2.19524,175.99,0.247756,0.167392,0.080365,0.167315
2.19544,176.00,0.246600,0.166220,0.080380,0.166143
2.19564,176.02,0.245456,0.165060,0.080396,0.164984
2.19584,176.04,0.244324,0.163913,0.080411,0.163836
2.19604,176.05,0.243203,0.162777,0.080426,0.162700
2.19624,176.07,0.242094,0.161653,0.080442,0.161576
2.19644,176.08,0.240997,0.160540,0.080457,0.160464
2.19664,176.10,0.239911,0.159439,0.080472,0.159363
2.19684,176.12,0.238837,0.158349,0.080488,0.158272
2.19704,176.13,0.237773,0.157270,0.080503,0.157193
2.19724,176.15,0.236720,0.156202,0.080518,0.156125
2.19744,176.16,0.235678,0.155145,0.080534,0.155068
2.19764,176.18,0.234647,0.154098,0.080549,0.154021
2.19784,176.20,0.233626,0.153062,0.080565,0.152985
2.19804,176.21,0.232616,0.152036,0.080580,0.151959
2.19824,176.23,0.231615,0.151020,0.080595,0.150943
2.19844,176.24,0.230625,0.150014,0.080611,0.149938
2.19864,176.26,0.229645,0.149019,0.080626,0.148942
2.19884,176.28,0.228674,0.148033,0.080642,0.147956
2.19904,176.29,0.227713,0.147056,0.080657,0.146980
2.19924,176.31,0.226762,0.146090,0.080672,0.146013
2.19944,176.32,0.225820,0.145132,0.080688,0.145056
2.19964,176.34,0.224888,0.144184,0.080703,0.144108
2.19984,176.36,0.223964,0.143246,0.080719,0.143169
2.20004,176.37,0.223050,0.142316,0.080734,0.142239
2.20024,176.39,0.222145,0.141395,0.080750,0.141318
2.20044,176.40,0.221248,0.140483,0.080765,0.140406
2.20064,176.42,0.220361,0.139580,0.080781,0.139503
2.20084,176.44,0.219482,0.138685,0.080796,0.138609
2.20104,176.45,0.218611,0.137799,0.080812,0.137723
2.20124,176.47,0.217749,0.136922,0.080827,0.136845
2.20144,176.48,0.216895,0.136052,0.080842,0.135975
2.20164,176.50,0.216049,0.135191,0.080858,0.135114
2.20184,176.52,0.215212,0.134338,0.080873,0.134261
2.20204,176.53,0.214382,0.133493,0.080889,0.133416
2.20224,176.55,0.213560,0.132656,0.080904,0.132579
2.20244,176.56,0.212746,0.131827,0.080920,0.131750
2.20264,176.58,0.211940,0.131005,0.080935,0.130928
2.20284,176.60,0.211142,0.130191,0.080951,0.130114
2.20304,176.61,0.210351,0.129384,0.080966,0.129307
2.20324,176.63,0.209567,0.128585,0.080982,0.128508
2.20344,176.65,0.208791,0.127793,0.080997,0.127716
2.20364,176.66,0.208022,0.127009,0.081013,0.126932
2.20384,176.68,0.207260,0.126231,0.081029,0.126154
2.20404,176.69,0.206505,0.125461,0.081044,0.125384
2.20424,176.71,0.205757,0.124698,0.081060,0.124620
2.20444,176.73,0.205016,0.123941,0.081075,0.123864
2.20464,176.74,0.204282,0.123192,0.081091,0.123114
2.20484,176.76,0.203555,0.122449,0.081106,0.122371
2.20504,176.77,0.202834,0.121712,0.081122,0.121635
2.20524,176.79,0.202120,0.120983,0.081137,0.120906
2.20544,176.81,0.201412,0.120260,0.081153,0.120182
2.20564,176.82,0.200711,0.119543,0.081168,0.119466
2.20584,176.84,0.200016,0.118832,0.081184,0.118755
2.20604,176.85,0.199328,0.118128,0.081200,0.118051
2.20624,176.87,0.198646,0.117430,0.081215,0.117353
2.20644,176.89,0.197969,0.116739,0.081231,0.116661
2.20664,176.90,0.197299,0.116053,0.081246,0.115976
2.20684,176.92,0.196635,0.115373,0.081262,0.115296
2.20704,176.93,0.195977,0.114699,0.081278,0.114622
2.20724,176.95,0.195325,0.114031,0.081293,0.113954
2.20744,176.97,0.194678,0.113369,0.081309,0.113292
2.20764,176.98,0.194037,0.112713,0.081324,0.112636
2.20784,177.00,0.193402,0.112062,0.081340,0.111985
2.20804,177.01,0.192772,0.111417,0.081356,0.111339
2.20824,177.03,0.192148,0.110777,0.081371,0.110700
2.20844,177.05,0.191530,0.110143,0.081387,0.110066
2.20864,177.06,0.190917,0.109514,0.081403,0.109437
2.20884,177.08,0.190309,0.108891,0.081418,0.108813
2.20904,177.09,0.189706,0.108272,0.081434,0.108195
2.20924,177.11,0.189109,0.107660,0.081449,0.107582
2.20944,177.13,0.188517,0.107052,0.081465,0.106974
2.20964,177.14,0.187930,0.106449,0.081481,0.106371
2.20984,177.16,0.187348,0.105851,0.081496,0.105774
2.21004,177.17,0.186771,0.105259,0.081512,0.105181
2.21024,177.19,0.186199,0.104671,0.081528,0.104593
2.21044,177.21,0.185632,0.104088,0.081543,0.104011
2.21064,177.22,0.185069,0.103510,0.081559,0.103433
2.21084,177.24,0.184512,0.102937,0.081575,0.102859
2.21104,177.25,0.183959,0.102368,0.081590,0.102291
2.21124,177.27,0.183411,0.101805,0.081606,0.101727
2.21144,177.29,0.182867,0.101245,0.081622,0.101168
2.21164,177.30,0.182328,0.100691,0.081638,0.100613
2.21184,177.32,0.181794,0.100141,0.081653,0.100063
2.21204,177.33,0.181264,0.099595,0.081669,0.099517
2.21224,177.35,0.180738,0.099054,0.081685,0.098976
2.21244,177.37,0.180217,0.098517,0.081700,0.098439
2.21264,177.38,0.179701,0.097984,0.081716,0.097907
2.21284,177.40,0.179188,0.097456,0.081732,0.097378
2.21304,177.41,0.178680,0.096932,0.081748,0.096854
2.21324,177.43,0.178176,0.096412,0.081763,0.096335
2.21344,177.45,0.177676,0.095897,0.081779,0.095819
2.21364,177.46,0.177180,0.095385,0.081795,0.095307
2.21384,177.48,0.176688,0.094878,0.081811,0.094800
2.21404,177.49,0.176201,0.094374,0.081826,0.094297
2.21424,177.51,0.175717,0.093875,0.081842,0.093797
2.21444,177.53,0.175237,0.093379,0.081858,0.093301
2.21464,177.54,0.174761,0.092888,0.081874,0.092810
2.21484,177.56,0.174289,0.092400,0.081889,0.092322
2.21504,177.58,0.173821,0.091916,0.081905,0.091838
2.21524,177.59,0.173357,0.091436,0.081921,0.091358
2.21544,177.61,0.172896,0.090959,0.081937,0.090881
2.21564,177.62,0.172439,0.090487,0.081953,0.090409
2.21584,177.64,0.171986,0.090018,0.081968,0.089940
2.21604,177.66,0.171536,0.089552,0.081984,0.089474
2.21624,177.67,0.171090,0.089090,0.082000,0.089012
2.21644,177.69,0.170648,0.088632,0.082016,0.088554
2.21664,177.70,0.170209,0.088177,0.082032,0.088099
2.21684,177.72,0.169773,0.087726,0.082047,0.087648
2.21704,177.74,0.169341,0.087278,0.082063,0.087200
2.21724,177.75,0.168912,0.086833,0.082079,0.086755
2.21744,177.77,0.168487,0.086392,0.082095,0.086314
2.21764,177.78,0.168065,0.085954,0.082111,0.085876
2.21784,177.80,0.167647,0.085520,0.082127,0.085442
2.21804,177.82,0.167231,0.085089,0.082142,0.085011
2.21824,177.83,0.166819,0.084661,0.082158,0.084583
2.21844,177.85,0.166410,0.084236,0.082174,0.084158
2.21864,177.86,0.166005,0.083815,0.082190,0.083736
2.21884,177.88,0.165602,0.083396,0.082206,0.083318
2.21904,177.90,0.165203,0.082981,0.082222,0.082903
2.21924,177.91,0.164806,0.082569,0.082238,0.082490
2.21944,177.93,0.164413,0.082159,0.082254,0.082081
2.21964,177.94,0.164023,0.081753,0.082269,0.081675
2.21984,177.96,0.163635,0.081350,0.082285,0.081272
2.22004,177.98,0.163251,0.080950,0.082301,0.080872
2.22024,177.99,0.162870,0.080553,0.082317,0.080474
2.22044,178.01,0.162491,0.080158,0.082333,0.080080
2.22064,178.02,0.162116,0.079767,0.082349,0.079689
2.22084,178.04,0.161743,0.079378,0.082365,0.079300
2.22104,178.06,0.161373,0.078992,0.082381,0.078914
2.22124,178.07,0.161006,0.078609,0.082397,0.078531
2.22144,178.09,0.160642,0.078229,0.082413,0.078151
2.22164,178.10,0.160280,0.077852,0.082429,0.077773
2.22184,178.12,0.159921,0.077477,0.082444,0.077399
2.22204,178.14,0.159565,0.077105,0.082460,0.077027
2.22224,178.15,0.159212,0.076736,0.082476,0.076657
2.22244,178.17,0.158861,0.076369,0.082492,0.076290
2.22264,178.18,0.158513,0.076005,0.082508,0.075926
2.22284,178.20,0.158167,0.075643,0.082524,0.075565
2.22304,178.22,0.157824,0.075284,0.082540,0.075206
2.22324,178.23,0.157484,0.074928,0.082556,0.074849
2.22344,178.25,0.157146,0.074574,0.082572,0.074495
2.22364,178.26,0.156810,0.074222,0.082588,0.074144
2.22384,178.28,0.156477,0.073873,0.082604,0.073795
2.22404,178.30,0.156147,0.073527,0.082620,0.073448
2.22424,178.31,0.155819,0.073183,0.082636,0.073104
2.22444,178.33,0.155493,0.072841,0.082652,0.072762
2.22464,178.34,0.155170,0.072502,0.082668,0.072423
2.22484,178.36,0.154849,0.072165,0.082684,0.072086
2.22504,178.38,0.154530,0.071830,0.082700,0.071751
2.22524,178.39,0.154214,0.071498,0.082716,0.071419
2.22544,178.41,0.153900,0.071168,0.082732,0.071089
2.22564,178.42,0.153588,0.070840,0.082748,0.070761
2.22584,178.44,0.153279,0.070514,0.082764,0.070436
2.22604,178.46,0.152971,0.070191,0.082780,0.070112
2.22624,178.47,0.152666,0.069870,0.082796,0.069791
2.22644,178.49,0.152364,0.069551,0.082812,0.069473
2.22664,178.51,0.152063,0.069235,0.082828,0.069156
2.22684,178.52,0.151764,0.068920,0.082844,0.068841
2.22704,178.54,0.151468,0.068608,0.082860,0.068529
2.22724,178.55,0.151174,0.068297,0.082876,0.068219
2.22744,178.57,0.150882,0.067989,0.082893,0.067910
2.22764,178.59,0.150592,0.067683,0.082909,0.067604
2.22784,178.60,0.150304,0.067379,0.082925,0.067300
2.22804,178.62,0.150018,0.067077,0.082941,0.066998
2.22824,178.63,0.149734,0.066777,0.082957,0.066698
2.22844,178.65,0.149452,0.066479,0.082973,0.066400
2.22864,178.67,0.149172,0.066183,0.082989,0.066104
2.22884,178.68,0.148894,0.065889,0.083005,0.065810
2.22904,178.70,0.148618,0.065597,0.083021,0.065518
2.22924,178.71,0.148344,0.065307,0.083037,0.065228
2.22944,178.73,0.148072,0.065019,0.083053,0.064940
2.22964,178.75,0.147802,0.064732,0.083070,0.064653
2.22984,178.76,0.147533,0.064448,0.083086,0.064369
2.23004,178.78,0.147267,0.064165,0.083102,0.064086
2.23024,178.79,0.147002,0.063884,0.083118,0.063805
2.23044,178.81,0.146740,0.063606,0.083134,0.063527
2.23064,178.83,0.146479,0.063328,0.083150,0.063249
2.23084,178.84,0.146220,0.063053,0.083166,0.062974
2.23104,178.86,0.145962,0.062780,0.083182,0.062701
2.23124,178.87,0.145707,0.062508,0.083199,0.062429
2.23144,178.89,0.145453,0.062238,0.083215,0.062159
2.23164,178.91,0.145201,0.061970,0.083231,0.061891
2.23184,178.92,0.144950,0.061703,0.083247,0.061624
2.23204,178.94,0.144702,0.061438,0.083263,0.061359
2.23224,178.95,0.144455,0.061175,0.083279,0.061096
2.23244,178.97,0.144210,0.060914,0.083296,0.060835
2.23264,178.99,0.143966,0.060654,0.083312,0.060575
2.23284,179.00,0.143724,0.060396,0.083328,0.060317
2.23304,179.02,0.143484,0.060140,0.083344,0.060061
2.23324,179.03,0.143245,0.059885,0.083360,0.059806
2.23344,179.05,0.143008,0.059632,0.083377,0.059552
2.23364,179.07,0.142773,0.059380,0.083393,0.059301
2.23384,179.08,0.142539,0.059130,0.083409,0.059051
2.23404,179.10,0.142307,0.058882,0.083425,0.058802
2.23424,179.11,0.142076,0.058635,0.083441,0.058555
2.23444,179.13,0.141847,0.058389,0.083458,0.058310
2.23464,179.15,0.141620,0.058146,0.083474,0.058066
2.23484,179.16,0.141394,0.057903,0.083490,0.057824
2.23504,179.18,0.141169,0.057663,0.083506,0.057583
2.23524,179.19,0.140946,0.057423,0.083523,0.057344
2.23544,179.21,0.140724,0.057186,0.083539,0.057106
2.23564,179.23,0.140504,0.056949,0.083555,0.056870
2.23584,179.24,0.140286,0.056714,0.083571,0.056635
2.23604,179.26,0.140069,0.056481,0.083588,0.056401
2.23624,179.27,0.139853,0.056249,0.083604,0.056169
2.23644,179.29,0.139639,0.056018,0.083620,0.055939
2.23664,179.31,0.139426,0.055789,0.083637,0.055710
2.23684,179.32,0.139214,0.055561,0.083653,0.055482
2.23704,179.34,0.139004,0.055335,0.083669,0.055256
2.23724,179.35,0.138796,0.055110,0.083685,0.055031
2.23744,179.37,0.138588,0.054887,0.083702,0.054807
2.23764,179.39,0.138382,0.054664,0.083718,0.054585
2.23784,179.40,0.138178,0.054443,0.083734,0.054364
2.23804,179.42,0.137974,0.054224,0.083751,0.054144
2.23824,179.44,0.137773,0.054006,0.083767,0.053926
2.23844,179.45,0.137572,0.053789,0.083783,0.053709
2.23864,179.47,0.137373,0.053573,0.083800,0.053493
2.23884,179.48,0.137175,0.053359,0.083816,0.053279
2.23904,179.50,0.136978,0.053146,0.083832,0.053066
2.23924,179.52,0.136782,0.052934,0.083849,0.052854
2.23944,179.53,0.136588,0.052723,0.083865,0.052644
2.23964,179.55,0.136395,0.052514,0.083881,0.052434
2.23984,179.56,0.136204,0.052306,0.083898,0.052226
2.24004,179.58,0.136013,0.052099,0.083914,0.052019
2.24024,179.60,0.135824,0.051894,0.083930,0.051814
2.24044,179.61,0.135636,0.051689,0.083947,0.051609
2.24064,179.63,0.135449,0.051486,0.083963,0.051406
2.24084,179.64,0.135264,0.051284,0.083980,0.051204
2.24104,179.66,0.135079,0.051083,0.083996,0.051004
2.24124,179.68,0.134896,0.050884,0.084012,0.050804
2.24144,179.69,0.134714,0.050685,0.084029,0.050605
2.24164,179.71,0.134533,0.050488,0.084045,0.050408
2.24184,179.72,0.134353,0.050292,0.084062,0.050212
2.24204,179.74,0.134175,0.050097,0.084078,0.050017
2.24224,179.76,0.133997,0.049903,0.084094,0.049823
2.24244,179.77,0.133821,0.049710,0.084111,0.049630
2.24264,179.79,0.133646,0.049519,0.084127,0.049439
2.24284,179.80,0.133472,0.049328,0.084144,0.049248
2.24304,179.82,0.133299,0.049139,0.084160,0.049059
2.24324,179.84,0.133127,0.048950,0.084177,0.048870
2.24344,179.85,0.132956,0.048763,0.084193,0.048683
2.24364,179.87,0.132786,0.048577,0.084209,0.048497
2.24384,179.88,0.132618,0.048392,0.084226,0.048312
2.24404,179.90,0.132450,0.048208,0.084242,0.048128
2.24424,179.92,0.132284,0.048025,0.084259,0.047945
2.24444,179.93,0.132118,0.047843,0.084275,0.047763
2.24464,179.95,0.131954,0.047662,0.084292,0.047582
2.24484,179.96,0.131790,0.047482,0.084308,0.047402
2.24504,179.98,0.131628,0.047303,0.084325,0.047223
2.24524,180.00,0.131466,0.047125,0.084341,0.047045
2.24544,180.01,0.131306,0.046948,0.084358,0.046868
2.24564,180.03,0.131146,0.046772,0.084374,0.046692
2.24584,180.04,0.130988,0.046597,0.084391,0.046517
2.24604,180.06,0.130831,0.046423,0.084407,0.046343
2.24624,180.08,0.130674,0.046250,0.084424,0.046170
2.24644,180.09,0.130519,0.046078,0.084440,0.045998
2.24664,180.11,0.130364,0.045907,0.084457,0.045827
2.24684,180.12,0.130210,0.045737,0.084473,0.045657
2.24704,180.14,0.130058,0.045568,0.084490,0.045488
2.24724,180.16,0.129906,0.045400,0.084506,0.045320
2.24744,180.17,0.129755,0.045233,0.084523,0.045152
2.24764,180.19,0.129606,0.045066,0.084539,0.044986
2.24784,180.20,0.129457,0.044901,0.084556,0.044820
2.24804,180.22,0.129309,0.044736,0.084572,0.044656
2.24824,180.24,0.129162,0.044573,0.084589,0.044492
2.24844,180.25,0.129015,0.044410,0.084606,0.044329
2.24864,180.27,0.128870,0.044248,0.084622,0.044168
2.24884,180.28,0.128726,0.044087,0.084639,0.044007
2.24904,180.30,0.128582,0.043927,0.084655,0.043846
2.24924,180.32,0.128440,0.043768,0.084672,0.043687
2.24944,180.33,0.128298,0.043609,0.084688,0.043529
2.24964,180.35,0.128157,0.043452,0.084705,0.043371
2.24984,180.36,0.128017,0.043295,0.084722,0.043215
2.25004,180.38,0.127878,0.043139,0.084738,0.043059
2.25024,180.40,0.127739,0.042984,0.084755,0.042904
2.25044,180.41,0.127602,0.042830,0.084772,0.042750
2.25064,180.43,0.127465,0.042677,0.084788,0.042596
2.25084,180.45,0.127329,0.042524,0.084805,0.042444
2.25104,180.46,0.127194,0.042373,0.084821,0.042292
2.25124,180.48,0.127060,0.042222,0.084838,0.042141
2.25144,180.49,0.126927,0.042072,0.084855,0.041991
2.25164,180.51,0.126794,0.041923,0.084871,0.041842
2.25184,180.53,0.126662,0.041774,0.084888,0.041693
2.25204,180.54,0.126531,0.041626,0.084905,0.041546
2.25224,180.56,0.126401,0.041480,0.084921,0.041399
2.25244,180.57,0.126271,0.041333,0.084938,0.041253
2.25264,180.59,0.126143,0.041188,0.084955,0.041107
2.25284,180.61,0.126015,0.041044,0.084971,0.040963
2.25304,180.62,0.125888,0.040900,0.084988,0.040819
2.25324,180.64,0.125761,0.040757,0.085005,0.040676
2.25344,180.65,0.125636,0.040614,0.085021,0.040533
2.25364,180.67,0.125511,0.040473,0.085038,0.040392
2.25384,180.69,0.125387,0.040332,0.085055,0.040251
2.25404,180.70,0.125263,0.040192,0.085071,0.040111
2.25424,180.72,0.125140,0.040052,0.085088,0.039972
2.25444,180.73,0.125019,0.039914,0.085105,0.039833
2.25464,180.75,0.124897,0.039776,0.085122,0.039695
2.25484,180.77,0.124777,0.039639,0.085138,0.039558
2.25504,180.78,0.124657,0.039502,0.085155,0.039421
2.25524,180.80,0.124538,0.039366,0.085172,0.039285
2.25544,180.81,0.124420,0.039231,0.085188,0.039150
2.25564,180.83,0.124302,0.039097,0.085205,0.039016
2.25584,180.85,0.124185,0.038963,0.085222,0.038882
2.25604,180.86,0.124069,0.038830,0.085239,0.038749
2.25624,180.88,0.123953,0.038698,0.085255,0.038617
2.25644,180.89,0.123838,0.038566,0.085272,0.038485
2.25664,180.91,0.123724,0.038435,0.085289,0.038354
2.25684,180.93,0.123610,0.038305,0.085306,0.038224
2.25704,180.94,0.123497,0.038175,0.085322,0.038094
2.25724,180.96,0.123385,0.038046,0.085339,0.037965
2.25744,180.97,0.123274,0.037918,0.085356,0.037836
2.25764,180.99,0.123163,0.037790,0.085373,0.037709
2.25784,181.01,0.123052,0.037663,0.085390,0.037582
2.25804,181.02,0.122943,0.037536,0.085406,0.037455
2.25824,181.04,0.122834,0.037410,0.085423,0.037329
2.25844,181.05,0.122725,0.037285,0.085440,0.037204
2.25864,181.07,0.122618,0.037161,0.085457,0.037080
2.25884,181.09,0.122510,0.037037,0.085474,0.036956
2.25904,181.10,0.122404,0.036914,0.085490,0.036832
2.25924,181.12,0.122298,0.036791,0.085507,0.036710
2.25944,181.13,0.122193,0.036669,0.085524,0.036587
2.25964,181.15,0.122088,0.036547,0.085541,0.036466
2.25984,181.17,0.121984,0.036426,0.085558,0.036345
2.26004,181.18,0.121881,0.036306,0.085575,0.036225
2.26024,181.20,0.121778,0.036186,0.085592,0.036105
2.26044,181.21,0.121676,0.036067,0.085608,0.035986
2.26064,181.23,0.121574,0.035949,0.085625,0.035868
2.26084,181.25,0.121473,0.035831,0.085642,0.035750
2.26104,181.26,0.121373,0.035714,0.085659,0.035632
2.26124,181.28,0.121273,0.035597,0.085676,0.035516
2.26144,181.29,0.121173,0.035481,0.085693,0.035399
2.26164,181.31,0.121075,0.035365,0.085710,0.035284
2.26184,181.33,0.120977,0.035250,0.085727,0.035169
2.26204,181.34,0.120879,0.035136,0.085743,0.035054
2.26224,181.36,0.120782,0.035022,0.085760,0.034940
2.26244,181.38,0.120686,0.034908,0.085777,0.034827
2.26264,181.39,0.120590,0.034795,0.085794,0.034714
2.26284,181.41,0.120494,0.034683,0.085811,0.034602
2.26304,181.42,0.120399,0.034571,0.085828,0.034490
2.26324,181.44,0.120305,0.034460,0.085845,0.034379
2.26344,181.46,0.120211,0.034350,0.085862,0.034268
2.26364,181.47,0.120118,0.034239,0.085879,0.034158
2.26384,181.49,0.120026,0.034130,0.085896,0.034048
2.26404,181.50,0.119933,0.034021,0.085913,0.033939
2.26424,181.52,0.119842,0.033912,0.085930,0.033831
2.26444,181.54,0.119751,0.033804,0.085947,0.033722
2.26464,181.55,0.119660,0.033697,0.085964,0.033615
2.26484,181.57,0.119570,0.033590,0.085981,0.033508
2.26504,181.58,0.119481,0.033483,0.085998,0.033401
2.26524,181.60,0.119392,0.033377,0.086014,0.033295
2.26544,181.62,0.119303,0.033272,0.086031,0.033190
2.26564,181.63,0.119215,0.033167,0.086048,0.033085
2.26584,181.65,0.119128,0.033062,0.086065,0.032980
2.26604,181.66,0.119041,0.032958,0.086082,0.032876
2.26624,181.68,0.118954,0.032855,0.086099,0.032773
2.26644,181.70,0.118868,0.032752,0.086116,0.032670
2.26664,181.71,0.118783,0.032649,0.086133,0.032567
2.26684,181.73,0.118698,0.032547,0.086150,0.032465
2.26704,181.74,0.118613,0.032445,0.086168,0.032364
2.26724,181.76,0.118529,0.032344,0.086185,0.032262
2.26744,181.78,0.118445,0.032244,0.086202,0.032162
2.26764,181.79,0.118362,0.032144,0.086219,0.032062
2.26784,181.81,0.118280,0.032044,0.086236,0.031962
2.26804,181.82,0.118197,0.031945,0.086253,0.031863
2.26824,181.84,0.118116,0.031846,0.086270,0.031764
2.26844,181.86,0.118034,0.031748,0.086287,0.031666
2.26864,181.87,0.117954,0.031650,0.086304,0.031568
2.26884,181.89,0.117873,0.031552,0.086321,0.031470
2.26904,181.90,0.117793,0.031455,0.086338,0.031373
2.26924,181.92,0.117714,0.031359,0.086355,0.031277
2.26944,181.94,0.117635,0.031263,0.086372,0.031181
2.26964,181.95,0.117556,0.031167,0.086389,0.031085
2.26984,181.97,0.117478,0.031072,0.086406,0.030990
2.27004,181.98,0.117401,0.030977,0.086423,0.030895
2.27024,182.00,0.117324,0.030883,0.086441,0.030801
2.27044,182.02,0.117247,0.030789,0.086458,0.030707
2.27064,182.03,0.117170,0.030696,0.086475,0.030613
2.27084,182.05,0.117094,0.030603,0.086492,0.030520
2.27104,182.06,0.117019,0.030510,0.086509,0.030428
2.27124,182.08,0.116944,0.030418,0.086526,0.030336
2.27144,182.10,0.116869,0.030326,0.086543,0.030244
2.27164,182.11,0.116795,0.030235,0.086560,0.030152
2.27184,182.13,0.116721,0.030144,0.086578,0.030061
2.27204,182.14,0.116648,0.030053,0.086595,0.029971
2.27224,182.16,0.116575,0.029963,0.086612,0.029881
2.27244,182.18,0.116502,0.029873,0.086629,0.029791
2.27264,182.19,0.116430,0.029784,0.086646,0.029702
2.27284,182.21,0.116358,0.029695,0.086663,0.029613
2.27304,182.22,0.116287,0.029607,0.086681,0.029524
2.27324,182.24,0.116216,0.029518,0.086698,0.029436
2.27344,182.26,0.116146,0.029431,0.086715,0.029348
2.27364,182.27,0.116076,0.029343,0.086732,0.029261
2.27384,182.29,0.116006,0.029256,0.086749,0.029174
2.27404,182.31,0.115936,0.029170,0.086767,0.029087
2.27424,182.32,0.115867,0.029084,0.086784,0.029001
2.27444,182.34,0.115799,0.028998,0.086801,0.028915
2.27464,182.35,0.115731,0.028913,0.086818,0.028830
2.27484,182.37,0.115663,0.028827,0.086835,0.028745
2.27504,182.39,0.115595,0.028743,0.086853,0.028660
2.27524,182.40,0.115528,0.028659,0.086870,0.028576
2.27544,182.42,0.115462,0.028575,0.086887,0.028492
2.27564,182.43,0.115395,0.028491,0.086904,0.028408
2.27584,182.45,0.115329,0.028408,0.086922,0.028325
2.27604,182.47,0.115264,0.028325,0.086939,0.028242
2.27624,182.48,0.115199,0.028243,0.086956,0.028160
2.27644,182.50,0.115134,0.028160,0.086973,0.028078
2.27664,182.51,0.115069,0.028079,0.086991,0.027996
2.27684,182.53,0.115005,0.027997,0.087008,0.027915
2.27704,182.55,0.114941,0.027916,0.087025,0.027834
2.27724,182.56,0.114878,0.027836,0.087042,0.027753
2.27744,182.58,0.114815,0.027755,0.087060,0.027673
2.27764,182.59,0.114752,0.027675,0.087077,0.027593
2.27784,182.61,0.114690,0.027596,0.087094,0.027513
2.27804,182.63,0.114628,0.027516,0.087112,0.027434
2.27824,182.64,0.114566,0.027437,0.087129,0.027355
2.27844,182.66,0.114505,0.027359,0.087146,0.027276
2.27864,182.67,0.114444,0.027281,0.087164,0.027198
2.27884,182.69,0.114384,0.027203,0.087181,0.027120
2.27904,182.71,0.114323,0.027125,0.087198,0.027042
2.27924,182.72,0.114263,0.027048,0.087216,0.026965
2.27944,182.74,0.114204,0.026971,0.087233,0.026888
2.27964,182.75,0.114144,0.026894,0.087250,0.026811
2.27984,182.77,0.114086,0.026818,0.087268,0.026735
2.28004,182.79,0.114027,0.026742,0.087285,0.026659
2.28024,182.80,0.113969,0.026666,0.087302,0.026583
2.28044,182.82,0.113911,0.026591,0.087320,0.026508
2.28064,182.83,0.113853,0.026516,0.087337,0.026433
2.28084,182.85,0.113796,0.026441,0.087354,0.026358
2.28104,182.87,0.113739,0.026367,0.087372,0.026284
2.28124,182.88,0.113682,0.026293,0.087389,0.026210
2.28144,182.90,0.113626,0.026219,0.087407,0.026136
2.28164,182.91,0.113570,0.026146,0.087424,0.026063
2.28184,182.93,0.113514,0.026073,0.087441,0.025990
2.28204,182.95,0.113459,0.026000,0.087459,0.025917
2.28224,182.96,0.113404,0.025927,0.087476,0.025844
2.28244,182.98,0.113349,0.025855,0.087494,0.025772
2.28264,182.99,0.113294,0.025783,0.087511,0.025700
2.28284,183.01,0.113240,0.025712,0.087528,0.025629
2.28304,183.03,0.113186,0.025640,0.087546,0.025557
2.28324,183.04,0.113133,0.025569,0.087563,0.025486
2.28344,183.06,0.113079,0.025499,0.087581,0.025416
2.28364,183.07,0.113027,0.025428,0.087598,0.025345
2.28384,183.09,0.112974,0.025358,0.087616,0.025275
2.28404,183.11,0.112921,0.025288,0.087633,0.025205
2.28424,183.12,0.112869,0.025219,0.087651,0.025136
2.28444,183.14,0.112818,0.025150,0.087668,0.025066
2.28464,183.15,0.112766,0.025081,0.087686,0.024997
2.28484,183.17,0.112715,0.025012,0.087703,0.024929
2.28504,183.19,0.112664,0.024943,0.087720,0.024860
2.28524,183.20,0.112613,0.024875,0.087738,0.024792
2.28544,183.22,0.112563,0.024808,0.087755,0.024724
2.28564,183.24,0.112513,0.024740,0.087773,0.024657
2.28584,183.25,0.112463,0.024673,0.087790,0.024589
2.28604,183.27,0.112414,0.024606,0.087808,0.024522
2.28624,183.28,0.112364,0.024539,0.087826,0.024456
2.28644,183.30,0.112315,0.024472,0.087843,0.024389
2.28664,183.32,0.112267,0.024406,0.087861,0.024323
2.28684,183.33,0.112218,0.024340,0.087878,0.024257
2.28704,183.35,0.112170,0.024275,0.087896,0.024191
2.28724,183.36,0.112122,0.024209,0.087913,0.024126
2.28744,183.38,0.112075,0.024144,0.087931,0.024061
2.28764,183.40,0.112028,0.024079,0.087948,0.023996
2.28784,183.41,0.111980,0.024015,0.087966,0.023931
2.28804,183.43,0.111934,0.023950,0.087983,0.023867
2.28824,183.44,0.111887,0.023886,0.088001,0.023803
2.28844,183.46,0.111841,0.023822,0.088019,0.023739
2.28864,183.48,0.111795,0.023759,0.088036,0.023675
2.28884,183.49,0.111749,0.023696,0.088054,0.023612
2.28904,183.51,0.111704,0.023632,0.088071,0.023549
2.28924,183.52,0.111658,0.023570,0.088089,0.023486
2.28944,183.54,0.111614,0.023507,0.088106,0.023423
2.28964,183.56,0.111569,0.023445,0.088124,0.023361
2.28984,183.57,0.111524,0.023383,0.088142,0.023299
2.29004,183.59,0.111480,0.023321,0.088159,0.023237
2.29024,183.60,0.111436,0.023259,0.088177,0.023176
2.29044,183.62,0.111393,0.023198,0.088195,0.023114
2.29064,183.64,0.111349,0.023137,0.088212,0.023053
2.29084,183.65,0.111306,0.023076,0.088230,0.022992
2.29104,183.67,0.111263,0.023015,0.088247,0.022932
2.29124,183.68,0.111220,0.022955,0.088265,0.022871
2.29144,183.70,0.111178,0.022895,0.088283,0.022811
2.29164,183.72,0.111135,0.022835,0.088300,0.022751
2.29184,183.73,0.111093,0.022775,0.088318,0.022692
2.29204,183.75,0.111052,0.022716,0.088336,0.022632
2.29224,183.76,0.111010,0.022657,0.088353,0.022573
2.29244,183.78,0.110969,0.022598,0.088371,0.022514
2.29264,183.80,0.110928,0.022539,0.088389,0.022455
2.29284,183.81,0.110887,0.022481,0.088406,0.022397
2.29304,183.83,0.110847,0.022422,0.088424,0.022338
2.29324,183.84,0.110806,0.022364,0.088442,0.022280
2.29344,183.86,0.110766,0.022307,0.088460,0.022223
2.29364,183.88,0.110726,0.022249,0.088477,0.022165
2.29384,183.89,0.110687,0.022192,0.088495,0.022108
2.29404,183.91,0.110647,0.022134,0.088513,0.022050
2.29424,183.92,0.110608,0.022077,0.088530,0.021993
2.29444,183.94,0.110569,0.022021,0.088548,0.021937
2.29464,183.96,0.110530,0.021964,0.088566,0.021880
2.29484,183.97,0.110492,0.021908,0.088584,0.021824
2.29504,183.99,0.110453,0.021852,0.088601,0.021768
2.29524,184.00,0.110415,0.021796,0.088619,0.021712
2.29544,184.02,0.110377,0.021741,0.088637,0.021656
2.29564,184.04,0.110340,0.021685,0.088655,0.021601
2.29584,184.05,0.110302,0.021630,0.088672,0.021546
2.29604,184.07,0.110265,0.021575,0.088690,0.021491
2.29624,184.08,0.110228,0.021520,0.088708,0.021436
2.29644,184.10,0.110191,0.021466,0.088726,0.021381
2.29664,184.12,0.110155,0.021411,0.088744,0.021327
2.29684,184.13,0.110118,0.021357,0.088761,0.021273
2.29704,184.15,0.110082,0.021303,0.088779,0.021219
2.29724,184.16,0.110046,0.021249,0.088797,0.021165
2.29744,184.18,0.110011,0.021196,0.088815,0.021112
2.29764,184.20,0.109975,0.021143,0.088833,0.021058
2.29784,184.21,0.109940,0.021089,0.088850,0.021005
2.29804,184.23,0.109905,0.021036,0.088868,0.020952
2.29824,184.25,0.109870,0.020984,0.088886,0.020899
2.29844,184.26,0.109835,0.020931,0.088904,0.020847
2.29864,184.28,0.109801,0.020879,0.088922,0.020794
2.29884,184.29,0.109766,0.020827,0.088940,0.020742
2.29904,184.31,0.109732,0.020775,0.088957,0.020690
2.29924,184.33,0.109698,0.020723,0.088975,0.020639
2.29944,184.34,0.109665,0.020672,0.088993,0.020587
2.29964,184.36,0.109631,0.020620,0.089011,0.020536
2.29984,184.37,0.109598,0.020569,0.089029,0.020484
2.30004,184.39,0.109565,0.020518,0.089047,0.020433
2.30024,184.41,0.109532,0.020467,0.089065,0.020383
2.30044,184.42,0.109499,0.020417,0.089083,0.020332
2.30064,184.44,0.109467,0.020366,0.089100,0.020282
2.30084,184.45,0.109434,0.020316,0.089118,0.020231
2.30104,184.47,0.109402,0.020266,0.089136,0.020181
2.30124,184.49,0.109370,0.020216,0.089154,0.020131
2.30144,184.50,0.109339,0.020166,0.089172,0.020082
2.30164,184.52,0.109307,0.020117,0.089190,0.020032
2.30184,184.53,0.109276,0.020068,0.089208,0.019983
2.30204,184.55,0.109244,0.020019,0.089226,0.019934
2.30224,184.57,0.109213,0.019970,0.089244,0.019885
2.30244,184.58,0.109183,0.019921,0.089262,0.019836
2.30264,184.60,0.109152,0.019872,0.089280,0.019788
2.30284,184.61,0.109122,0.019824,0.089298,0.019739
2.30304,184.63,0.109091,0.019776,0.089316,0.019691
2.30324,184.65,0.109061,0.019728,0.089334,0.019643
2.30344,184.66,0.109031,0.019680,0.089352,0.019595
2.30364,184.68,0.109002,0.019632,0.089370,0.019547
2.30384,184.69,0.108972,0.019584,0.089388,0.019500
2.30404,184.71,0.108943,0.019537,0.089406,0.019452
2.30424,184.73,0.108914,0.019490,0.089424,0.019405
2.30444,184.74,0.108885,0.019443,0.089442,0.019358
2.30464,184.76,0.108856,0.019396,0.089460,0.019311
2.30484,184.77,0.108827,0.019349,0.089478,0.019265
2.30504,184.79,0.108799,0.019303,0.089496,0.019218
2.30524,184.81,0.108770,0.019257,0.089514,0.019172
2.30544,184.82,0.108742,0.019210,0.089532,0.019125
2.30564,184.84,0.108714,0.019164,0.089550,0.019079
2.30584,184.85,0.108686,0.019119,0.089568,0.019034
2.30604,184.87,0.108659,0.019073,0.089586,0.018988
2.30624,184.89,0.108631,0.019027,0.089604,0.018942
2.30644,184.90,0.108604,0.018982,0.089622,0.018897
2.30664,184.92,0.108577,0.018937,0.089640,0.018852
2.30684,184.93,0.108550,0.018892,0.089658,0.018807
2.30704,184.95,0.108523,0.018847,0.089676,0.018762
2.30724,184.97,0.108497,0.018802,0.089694,0.018717
2.30744,184.98,0.108470,0.018758,0.089712,0.018673
2.30764,185.00,0.108444,0.018714,0.089730,0.018628
2.30784,185.01,0.108418,0.018669,0.089748,0.018584
2.30804,185.03,0.108392,0.018625,0.089766,0.018540
2.30824,185.05,0.108366,0.018581,0.089785,0.018496
2.30844,185.06,0.108340,0.018538,0.089803,0.018452
2.30864,185.08,0.108315,0.018494,0.089821,0.018409
2.30884,185.09,0.108289,0.018451,0.089839,0.018365
2.30904,185.11,0.108264,0.018407,0.089857,0.018322
2.30924,185.13,0.108239,0.018364,0.089875,0.018279
2.30944,185.14,0.108214,0.018321,0.089893,0.018236
2.30964,185.16,0.108190,0.018278,0.089911,0.018193
2.30984,185.18,0.108165,0.018236,0.089930,0.018150
2.31004,185.19,0.108141,0.018193,0.089948,0.018108
2.31024,185.21,0.108117,0.018151,0.089966,0.018065
2.31044,185.22,0.108093,0.018109,0.089984,0.018023
2.31064,185.24,0.108069,0.018066,0.090002,0.017981
2.31084,185.26,0.108045,0.018025,0.090020,0.017939
2.31104,185.27,0.108021,0.017983,0.090039,0.017897
2.31124,185.29,0.107998,0.017941,0.090057,0.017856
2.31144,185.30,0.107975,0.017900,0.090075,0.017814
2.31164,185.32,0.107951,0.017858,0.090093,0.017773
2.31184,185.34,0.107928,0.017817,0.090111,0.017731
2.31204,185.35,0.107906,0.017776,0.090130,0.017690
2.31224,185.37,0.107883,0.017735,0.090148,0.017649
2.31244,185.38,0.107860,0.017694,0.090166,0.017609
2.31264,185.40,0.107838,0.017654,0.090184,0.017568
2.31284,185.42,0.107816,0.017613,0.090202,0.017527
2.31304,185.43,0.107793,0.017573,0.090221,0.017487
2.31324,185.45,0.107771,0.017533,0.090239,0.017447
2.31344,185.46,0.107750,0.017492,0.090257,0.017407
2.31364,185.48,0.107728,0.017453,0.090275,0.017367
2.31384,185.50,0.107706,0.017413,0.090294,0.017327
2.31404,185.51,0.107685,0.017373,0.090312,0.017287
2.31424,185.53,0.107664,0.017333,0.090330,0.017248
2.31444,185.54,0.107643,0.017294,0.090349,0.017208
2.31464,185.56,0.107622,0.017255,0.090367,0.017169
2.31484,185.58,0.107601,0.017216,0.090385,0.017130
2.31504,185.59,0.107580,0.017177,0.090403,0.017091
2.31524,185.61,0.107560,0.017138,0.090422,0.017052
2.31544,185.62,0.107539,0.017099,0.090440,0.017013
2.31564,185.64,0.107519,0.017061,0.090458,0.016975
2.31584,185.66,0.107499,0.017022,0.090477,0.016936
2.31604,185.67,0.107479,0.016984,0.090495,0.016898
2.31624,185.69,0.107459,0.016946,0.090513,0.016860
2.31644,185.70,0.107439,0.016907,0.090532,0.016822
2.31664,185.72,0.107419,0.016869,0.090550,0.016784
2.31684,185.74,0.107400,0.016832,0.090568,0.016746
2.31704,185.75,0.107381,0.016794,0.090587,0.016708
2.31724,185.77,0.107361,0.016756,0.090605,0.016670
2.31744,185.78,0.107342,0.016719,0.090623,0.016633
2.31764,185.80,0.107323,0.016682,0.090642,0.016596
2.31784,185.82,0.107304,0.016644,0.090660,0.016558
2.31804,185.83,0.107286,0.016607,0.090678,0.016521
2.31824,185.85,0.107267,0.016570,0.090697,0.016484
2.31844,185.86,0.107249,0.016534,0.090715,0.016448
2.31864,185.88,0.107231,0.016497,0.090734,0.016411
2.31884,185.90,0.107212,0.016460,0.090752,0.016374
2.31904,185.91,0.107194,0.016424,0.090770,0.016338
2.31924,185.93,0.107176,0.016388,0.090789,0.016301
2.31944,185.94,0.107159,0.016351,0.090807,0.016265
2.31964,185.96,0.107141,0.016315,0.090826,0.016229
2.31984,185.98,0.107123,0.016279,0.090844,0.016193
2.32004,185.99,0.107106,0.016244,0.090862,0.016157
2.32024,186.01,0.107089,0.016208,0.090881,0.016122
2.32044,186.02,0.107072,0.016172,0.090899,0.016086
2.32064,186.04,0.107054,0.016137,0.090918,0.016050
2.32084,186.06,0.107038,0.016101,0.090936,0.016015
2.32104,186.07,0.107021,0.016066,0.090955,0.015980
2.32124,186.09,0.107004,0.016031,0.090973,0.015945
2.32144,186.11,0.106988,0.015996,0.090992,0.015910
2.32164,186.12,0.106971,0.015961,0.091010,0.015875
2.32184,186.14,0.106955,0.015926,0.091029,0.015840
2.32204,186.15,0.106939,0.015892,0.091047,0.015805
2.32224,186.17,0.106923,0.015857,0.091066,0.015771
2.32244,186.19,0.106907,0.015823,0.091084,0.015736
2.32264,186.20,0.106891,0.015788,0.091103,0.015702
2.32284,186.22,0.106875,0.015754,0.091121,0.015668
2.32304,186.23,0.106859,0.015720,0.091140,0.015633
2.32324,186.25,0.106844,0.015686,0.091158,0.015599
2.32344,186.27,0.106829,0.015652,0.091177,0.015565
2.32364,186.28,0.106813,0.015618,0.091195,0.015532
2.32384,186.30,0.106798,0.015585,0.091214,0.015498
2.32404,186.31,0.106783,0.015551,0.091232,0.015464
2.32424,186.33,0.106768,0.015517,0.091251,0.015431
2.32444,186.35,0.106753,0.015484,0.091269,0.015398
2.32464,186.36,0.106739,0.015451,0.091288,0.015364
2.32484,186.38,0.106724,0.015418,0.091306,0.015331
2.32504,186.39,0.106710,0.015385,0.091325,0.015298
2.32524,186.41,0.106695,0.015352,0.091344,0.015265
2.32544,186.43,0.106681,0.015319,0.091362,0.015232
2.32564,186.44,0.106667,0.015286,0.091381,0.015200
2.32584,186.46,0.106653,0.015254,0.091399,0.015167
2.32604,186.47,0.106639,0.015221,0.091418,0.015134
2.32624,186.49,0.106625,0.015189,0.091437,0.015102
2.32644,186.51,0.106612,0.015157,0.091455,0.015070
2.32664,186.52,0.106598,0.015124,0.091474,0.015038
2.32684,186.54,0.106585,0.015092,0.091492,0.015005
2.32704,186.55,0.106571,0.015060,0.091511,0.014973
2.32724,186.57,0.106558,0.015028,0.091530,0.014942
2.32744,186.59,0.106545,0.014997,0.091548,0.014910
2.32764,186.60,0.106532,0.014965,0.091567,0.014878
2.32784,186.62,0.106519,0.014933,0.091586,0.014847
2.32804,186.63,0.106506,0.014902,0.091604,0.014815
2.32824,186.65,0.106493,0.014871,0.091623,0.014784
2.32844,186.67,0.106481,0.014839,0.091642,0.014752
2.32864,186.68,0.106468,0.014808,0.091660,0.014721
2.32884,186.70,0.106456,0.014777,0.091679,0.014690
2.32904,186.71,0.106444,0.014746,0.091698,0.014659
2.32924,186.73,0.106431,0.014715,0.091716,0.014628
2.32944,186.75,0.106419,0.014684,0.091735,0.014597
2.32964,186.76,0.106407,0.014654,0.091754,0.014567
2.32984,186.78,0.106396,0.014623,0.091772,0.014536
2.33004,186.79,0.106384,0.014593,0.091791,0.014506
2.33024,186.81,0.106372,0.014562,0.091810,0.014475
2.33044,186.83,0.106361,0.014532,0.091829,0.014445
2.33064,186.84,0.106349,0.014502,0.091847,0.014415
2.33084,186.86,0.106338,0.014472,0.091866,0.014385
2.33104,186.87,0.106326,0.014442,0.091885,0.014354
2.33124,186.89,0.106315,0.014412,0.091903,0.014325
2.33144,186.91,0.106304,0.014382,0.091922,0.014295
2.33164,186.92,0.106293,0.014352,0.091941,0.014265
2.33184,186.94,0.106282,0.014323,0.091960,0.014235
2.33204,186.95,0.106271,0.014293,0.091978,0.014206
2.33224,186.97,0.106261,0.014264,0.091997,0.014176
2.33244,186.99,0.106250,0.014234,0.092016,0.014147
2.33264,187.00,0.106240,0.014205,0.092035,0.014118
2.33284,187.02,0.106229,0.014176,0.092054,0.014088
2.33304,187.04,0.106219,0.014147,0.092072,0.014059
2.33324,187.05,0.106209,0.014118,0.092091,0.014030
2.33344,187.07,0.106199,0.014089,0.092110,0.014001
2.33364,187.08,0.106189,0.014060,0.092129,0.013972
2.33384,187.10,0.106179,0.014031,0.092148,0.013944
2.33404,187.12,0.106169,0.014003,0.092166,0.013915
2.33424,187.13,0.106159,0.013974,0.092185,0.013887
2.33444,187.15,0.106150,0.013945,0.092204,0.013858
2.33464,187.16,0.106140,0.013917,0.092223,0.013830
2.33484,187.18,0.106131,0.013889,0.092242,0.013801
2.33504,187.20,0.106121,0.013861,0.092261,0.013773
2.33524,187.21,0.106112,0.013832,0.092280,0.013745
2.33544,187.23,0.106103,0.013804,0.092298,0.013717
2.33564,187.24,0.106094,0.013776,0.092317,0.013689
2.33584,187.26,0.106085,0.013749,0.092336,0.013661
2.33604,187.28,0.106076,0.013721,0.092355,0.013633
2.33624,187.29,0.106067,0.013693,0.092374,0.013606
2.33644,187.31,0.106058,0.013666,0.092393,0.013578
2.33664,187.32,0.106050,0.013638,0.092412,0.013550
2.33684,187.34,0.106041,0.013611,0.092431,0.013523
2.33704,187.36,0.106033,0.013583,0.092450,0.013496
2.33724,187.37,0.106024,0.013556,0.092468,0.013468
2.33744,187.39,0.106016,0.013529,0.092487,0.013441
2.33764,187.40,0.106008,0.013502,0.092506,0.013414
2.33784,187.42,0.106000,0.013475,0.092525,0.013387
2.33804,187.44,0.105992,0.013448,0.092544,0.013360
2.33824,187.45,0.105984,0.013421,0.092563,0.013333
2.33844,187.47,0.105976,0.013394,0.092582,0.013306
2.33864,187.48,0.105968,0.013367,0.092601,0.013279
2.33884,187.50,0.105961,0.013341,0.092620,0.013253
2.33904,187.52,0.105953,0.013314,0.092639,0.013226
2.33924,187.53,0.105946,0.013288,0.092658,0.013200
2.33944,187.55,0.105938,0.013261,0.092677,0.013173
2.33964,187.56,0.105931,0.013235,0.092696,0.013147
2.33984,187.58,0.105924,0.013209,0.092715,0.013121
2.34004,187.60,0.105917,0.013183,0.092734,0.013095
2.34024,187.61,0.105909,0.013157,0.092753,0.013069
2.34044,187.63,0.105903,0.013131,0.092772,0.013043
2.34064,187.64,0.105896,0.013105,0.092791,0.013017
2.34084,187.66,0.105889,0.013079,0.092810,0.012991
2.34104,187.68,0.105882,0.013053,0.092829,0.012965
2.34124,187.69,0.105875,0.013027,0.092848,0.012939
2.34144,187.71,0.105869,0.013002,0.092867,0.012914
2.34164,187.72,0.105862,0.012976,0.092886,0.012888
2.34184,187.74,0.105856,0.012951,0.092905,0.012863
2.34204,187.76,0.105850,0.012925,0.092924,0.012837
2.34224,187.77,0.105843,0.012900,0.092943,0.012812
2.34244,187.79,0.105837,0.012875,0.092962,0.012787
2.34264,187.80,0.105831,0.012850,0.092981,0.012761
2.34284,187.82,0.105825,0.012825,0.093001,0.012736
2.34304,187.84,0.105819,0.012800,0.093020,0.012711
2.34324,187.85,0.105813,0.012775,0.093039,0.012686
2.34344,187.87,0.105808,0.012750,0.093058,0.012662
2.34364,187.88,0.105802,0.012725,0.093077,0.012637
2.34384,187.90,0.105796,0.012700,0.093096,0.012612
2.34404,187.92,0.105791,0.012676,0.093115,0.012587
2.34424,187.93,0.105785,0.012651,0.093134,0.012563
2.34444,187.95,0.105780,0.012627,0.093153,0.012538
2.34464,187.97,0.105775,0.012602,0.093173,0.012514
2.34484,187.98,0.105769,0.012578,0.093192,0.012489
2.34504,188.00,0.105764,0.012553,0.093211,0.012465
2.34524,188.01,0.105759,0.012529,0.093230,0.012441
2.34544,188.03,0.105754,0.012505,0.093249,0.012417
2.34564,188.05,0.105749,0.012481,0.093268,0.012393
2.34584,188.06,0.105745,0.012457,0.093287,0.012369
2.34604,188.08,0.105740,0.012433,0.093307,0.012345
2.34624,188.09,0.105735,0.012409,0.093326,0.012321
2.34644,188.11,0.105731,0.012385,0.093345,0.012297
2.34664,188.13,0.105726,0.012362,0.093364,0.012273
2.34684,188.14,0.105722,0.012338,0.093383,0.012250
2.34704,188.16,0.105717,0.012314,0.093403,0.012226
2.34724,188.17,0.105713,0.012291,0.093422,0.012202
2.34744,188.19,0.105709,0.012268,0.093441,0.012179
2.34764,188.21,0.105704,0.012244,0.093460,0.012155
2.34784,188.22,0.105700,0.012221,0.093480,0.012132
2.34804,188.24,0.105696,0.012198,0.093499,0.012109
2.34824,188.25,0.105692,0.012174,0.093518,0.012086
2.34844,188.27,0.105688,0.012151,0.093537,0.012063
2.34864,188.29,0.105685,0.012128,0.093556,0.012039
2.34884,188.30,0.105681,0.012105,0.093576,0.012016
2.34904,188.32,0.105677,0.012082,0.093595,0.011994
2.34924,188.33,0.105674,0.012059,0.093614,0.011971
2.34944,188.35,0.105670,0.012037,0.093634,0.011948
2.34964,188.37,0.105667,0.012014,0.093653,0.011925
2.34984,188.38,0.105663,0.011991,0.093672,0.011902
