ppm,hz,total_with_exchange,total_carbon_bound,exchangeable pool (H2O/OH/COOH),EGDA CH3,EGMA CH3,AcOH CH3
1.90003,152.32,0.072790,0.013035,0.059756,0.002276,0.002590,0.008085
1.90023,152.34,0.072827,0.013061,0.059766,0.002280,0.002594,0.008103
1.90043,152.35,0.072863,0.013087,0.059776,0.002284,0.002599,0.008121
1.90063,152.37,0.072899,0.013114,0.059785,0.002288,0.002603,0.008139
1.90083,152.39,0.072936,0.013141,0.059795,0.002292,0.002608,0.008157
1.90103,152.40,0.072972,0.013167,0.059805,0.002295,0.002613,0.008175
1.90123,152.42,0.073009,0.013194,0.059815,0.002299,0.002617,0.008194
1.90143,152.43,0.073046,0.013221,0.059825,0.002303,0.002622,0.008212
1.90163,152.45,0.073083,0.013248,0.059835,0.002307,0.002627,0.008230
1.90183,152.47,0.073119,0.013275,0.059845,0.002311,0.002631,0.008249
1.90203,152.48,0.073156,0.013302,0.059854,0.002315,0.002636,0.008267
1.90223,152.50,0.073193,0.013329,0.059864,0.002319,0.002641,0.008286
1.90243,152.51,0.073231,0.013356,0.059874,0.002323,0.002646,0.008304
1.90263,152.53,0.073268,0.013384,0.059884,0.002326,0.002650,0.008323
1.90283,152.55,0.073305,0.013411,0.059894,0.002330,0.002655,0.008342
1.90303,152.56,0.073343,0.013439,0.059904,0.002334,0.002660,0.008361
1.90323,152.58,0.073380,0.013466,0.059914,0.002338,0.002665,0.008380
1.90343,152.59,0.073418,0.013494,0.059924,0.002342,0.002669,0.008398
1.90363,152.61,0.073455,0.013522,0.059933,0.002346,0.002674,0.008417
1.90383,152.63,0.073493,0.013550,0.059943,0.002350,0.002679,0.008437
1.90403,152.64,0.073531,0.013578,0.059953,0.002354,0.002684,0.008456
1.90423,152.66,0.073569,0.013606,0.059963,0.002358,0.002689,0.008475
1.90443,152.67,0.073607,0.013634,0.059973,0.002362,0.002694,0.008494
1.90463,152.69,0.073645,0.013662,0.059983,0.002366,0.002699,0.008513
1.90483,152.71,0.073683,0.013691,0.059993,0.002370,0.002703,0.008533
1.90503,152.72,0.073722,0.013719,0.060003,0.002374,0.002708,0.008552
1.90523,152.74,0.073760,0.013747,0.060013,0.002378,0.002713,0.008572
1.90543,152.75,0.073799,0.013776,0.060023,0.002382,0.002718,0.008591
1.90563,152.77,0.073837,0.013805,0.060033,0.002386,0.002723,0.008611
1.90583,152.79,0.073876,0.013834,0.060042,0.002390,0.002728,0.008631
1.90603,152.80,0.073915,0.013862,0.060052,0.002394,0.002733,0.008651
1.90623,152.82,0.073954,0.013891,0.060062,0.002399,0.002738,0.008670
1.90643,152.83,0.073993,0.013920,0.060072,0.002403,0.002743,0.008690
1.90663,152.85,0.074032,0.013950,0.060082,0.002407,0.002748,0.008710
1.90683,152.87,0.074071,0.013979,0.060092,0.002411,0.002753,0.008731
1.90703,152.88,0.074110,0.014008,0.060102,0.002415,0.002758,0.008751
1.90723,152.90,0.074150,0.014038,0.060112,0.002419,0.002763,0.008771
1.90743,152.91,0.074189,0.014067,0.060122,0.002423,0.002768,0.008791
1.90763,152.93,0.074229,0.014097,0.060132,0.002427,0.002773,0.008812
1.90783,152.95,0.074268,0.014127,0.060142,0.002432,0.002779,0.008832
1.90803,152.96,0.074308,0.014156,0.060152,0.002436,0.002784,0.008852
1.90823,152.98,0.074348,0.014186,0.060162,0.002440,0.002789,0.008873
1.90843,153.00,0.074388,0.014216,0.060172,0.002444,0.002794,0.008894
1.90863,153.01,0.074428,0.014246,0.060181,0.002448,0.002799,0.008914
1.90883,153.03,0.074468,0.014277,0.060191,0.002453,0.002804,0.008935
1.90903,153.04,0.074508,0.014307,0.060201,0.002457,0.002809,0.008956
1.90923,153.06,0.074549,0.014337,0.060211,0.002461,0.002815,0.008977
1.90943,153.08,0.074589,0.014368,0.060221,0.002465,0.002820,0.008998
1.90963,153.09,0.074630,0.014398,0.060231,0.002470,0.002825,0.009019
1.90983,153.11,0.074670,0.014429,0.060241,0.002474,0.002830,0.009040
1.91003,153.12,0.074711,0.014460,0.060251,0.002478,0.002836,0.009061
1.91023,153.14,0.074752,0.014491,0.060261,0.002483,0.002841,0.009083
1.91043,153.16,0.074793,0.014522,0.060271,0.002487,0.002846,0.009104
1.91063,153.17,0.074834,0.014553,0.060281,0.002491,0.002851,0.009125
1.91083,153.19,0.074875,0.014584,0.060291,0.002496,0.002857,0.009147
1.91103,153.20,0.074916,0.014615,0.060301,0.002500,0.002862,0.009169
1.91123,153.22,0.074958,0.014647,0.060311,0.002504,0.002867,0.009190
1.91143,153.24,0.074999,0.014678,0.060321,0.002509,0.002873,0.009212
1.91163,153.25,0.075041,0.014710,0.060331,0.002513,0.002878,0.009234
1.91183,153.27,0.075083,0.014742,0.060341,0.002518,0.002884,0.009256
1.91203,153.28,0.075124,0.014773,0.060351,0.002522,0.002889,0.009278
1.91223,153.30,0.075166,0.014805,0.060361,0.002526,0.002894,0.009300
1.91243,153.32,0.075208,0.014837,0.060371,0.002531,0.002900,0.009322
1.91263,153.33,0.075251,0.014870,0.060381,0.002535,0.002905,0.009344
1.91283,153.35,0.075293,0.014902,0.060391,0.002540,0.002911,0.009366
1.91303,153.36,0.075335,0.014934,0.060401,0.002544,0.002916,0.009389
1.91323,153.38,0.075378,0.014967,0.060411,0.002549,0.002922,0.009411
1.91343,153.40,0.075420,0.014999,0.060421,0.002553,0.002927,0.009434
1.91363,153.41,0.075463,0.015032,0.060431,0.002558,0.002933,0.009456
1.91383,153.43,0.075506,0.015065,0.060441,0.002562,0.002938,0.009479
1.91403,153.44,0.075549,0.015098,0.060451,0.002567,0.002944,0.009502
1.91423,153.46,0.075592,0.015131,0.060461,0.002571,0.002949,0.009525
1.91443,153.48,0.075635,0.015164,0.060471,0.002576,0.002955,0.009548
1.91463,153.49,0.075678,0.015197,0.060481,0.002580,0.002961,0.009571
1.91483,153.51,0.075721,0.015230,0.060491,0.002585,0.002966,0.009594
1.91503,153.52,0.075765,0.015264,0.060501,0.002590,0.002972,0.009617
1.91523,153.54,0.075808,0.015297,0.060511,0.002594,0.002978,0.009640
1.91543,153.56,0.075852,0.015331,0.060521,0.002599,0.002983,0.009664
1.91563,153.57,0.075896,0.015365,0.060531,0.002603,0.002989,0.009687
1.91583,153.59,0.075940,0.015399,0.060541,0.002608,0.002995,0.009711
1.91603,153.60,0.075984,0.015433,0.060551,0.002613,0.003000,0.009734
1.91623,153.62,0.076028,0.015467,0.060561,0.002617,0.003006,0.009758
1.91643,153.64,0.076072,0.015501,0.060571,0.002622,0.003012,0.009782
1.91663,153.65,0.076117,0.015535,0.060582,0.002627,0.003018,0.009806
1.91683,153.67,0.076161,0.015570,0.060592,0.002631,0.003023,0.009830
1.91703,153.68,0.076206,0.015604,0.060602,0.002636,0.003029,0.009854
1.91723,153.70,0.076251,0.015639,0.060612,0.002641,0.003035,0.009878
1.91743,153.72,0.076296,0.015674,0.060622,0.002646,0.003041,0.009902
1.91763,153.73,0.076341,0.015709,0.060632,0.002650,0.003047,0.009927
1.91783,153.75,0.076386,0.015744,0.060642,0.002655,0.003053,0.009951
1.91803,153.76,0.076431,0.015779,0.060652,0.002660,0.003059,0.009976
1.91823,153.78,0.076477,0.015815,0.060662,0.002665,0.003064,0.010000
1.91843,153.80,0.076522,0.015850,0.060672,0.002669,0.003070,0.010025
1.91863,153.81,0.076568,0.015886,0.060682,0.002674,0.003076,0.010050
1.91883,153.83,0.076613,0.015921,0.060692,0.002679,0.003082,0.010074
1.91903,153.84,0.076659,0.015957,0.060702,0.002684,0.003088,0.010099
1.91923,153.86,0.076705,0.015993,0.060712,0.002689,0.003094,0.010125
1.91943,153.88,0.076752,0.016029,0.060722,0.002694,0.003100,0.010150
1.91963,153.89,0.076798,0.016065,0.060733,0.002699,0.003106,0.010175
1.91983,153.91,0.076844,0.016102,0.060743,0.002703,0.003112,0.010200
1.92003,153.93,0.076891,0.016138,0.060753,0.002708,0.003118,0.010226
1.92023,153.94,0.076937,0.016174,0.060763,0.002713,0.003125,0.010251
1.92043,153.96,0.076984,0.016211,0.060773,0.002718,0.003131,0.010277
1.92063,153.97,0.077031,0.016248,0.060783,0.002723,0.003137,0.010303
1.92083,153.99,0.077078,0.016285,0.060793,0.002728,0.003143,0.010328
1.92103,154.01,0.077125,0.016322,0.060803,0.002733,0.003149,0.010354
1.92123,154.02,0.077173,0.016359,0.060813,0.002738,0.003155,0.010380
1.92143,154.04,0.077220,0.016396,0.060823,0.002743,0.003161,0.010406
1.92163,154.05,0.077267,0.016434,0.060834,0.002748,0.003168,0.010433
1.92183,154.07,0.077315,0.016472,0.060844,0.002753,0.003174,0.010459
1.92203,154.09,0.077363,0.016509,0.060854,0.002758,0.003180,0.010485
1.92223,154.10,0.077411,0.016547,0.060864,0.002763,0.003186,0.010512
1.92243,154.12,0.077459,0.016585,0.060874,0.002768,0.003193,0.010538
1.92263,154.13,0.077507,0.016623,0.060884,0.002773,0.003199,0.010565
1.92283,154.15,0.077556,0.016661,0.060894,0.002779,0.003205,0.010592
1.92303,154.17,0.077604,0.016700,0.060904,0.002784,0.003212,0.010619
1.92323,154.18,0.077653,0.016738,0.060915,0.002789,0.003218,0.010646
1.92343,154.20,0.077702,0.016777,0.060925,0.002794,0.003224,0.010673
1.92363,154.21,0.077751,0.016816,0.060935,0.002799,0.003231,0.010700
1.92383,154.23,0.077800,0.016855,0.060945,0.002804,0.003237,0.010728
1.92403,154.25,0.077849,0.016894,0.060955,0.002809,0.003244,0.010755
1.92423,154.26,0.077898,0.016933,0.060965,0.002815,0.003250,0.010783
1.92443,154.28,0.077948,0.016972,0.060975,0.002820,0.003256,0.010810
1.92463,154.29,0.077997,0.017012,0.060986,0.002825,0.003263,0.010838
1.92483,154.31,0.078047,0.017051,0.060996,0.002830,0.003269,0.010866
1.92503,154.33,0.078097,0.017091,0.061006,0.002836,0.003276,0.010894
1.92523,154.34,0.078147,0.017131,0.061016,0.002841,0.003283,0.010922
1.92543,154.36,0.078197,0.017171,0.061026,0.002846,0.003289,0.010950
1.92563,154.37,0.078248,0.017211,0.061036,0.002851,0.003296,0.010978
1.92583,154.39,0.078298,0.017252,0.061046,0.002857,0.003302,0.011007
1.92603,154.41,0.078349,0.017292,0.061057,0.002862,0.003309,0.011035
1.92623,154.42,0.078400,0.017333,0.061067,0.002867,0.003316,0.011064
1.92643,154.44,0.078451,0.017374,0.061077,0.002873,0.003322,0.011093
1.92663,154.45,0.078502,0.017415,0.061087,0.002878,0.003329,0.011121
1.92683,154.47,0.078553,0.017456,0.061097,0.002884,0.003336,0.011150
1.92703,154.49,0.078604,0.017497,0.061108,0.002889,0.003342,0.011179
1.92723,154.50,0.078656,0.017538,0.061118,0.002894,0.003349,0.011209
1.92743,154.52,0.078708,0.017580,0.061128,0.002900,0.003356,0.011238
1.92763,154.53,0.078759,0.017621,0.061138,0.002905,0.003363,0.011267
1.92783,154.55,0.078811,0.017663,0.061148,0.002911,0.003369,0.011297
1.92803,154.57,0.078864,0.017705,0.061158,0.002916,0.003376,0.011326
1.92823,154.58,0.078916,0.017747,0.061169,0.002922,0.003383,0.011356
1.92843,154.60,0.078968,0.017790,0.061179,0.002927,0.003390,0.011386
1.92863,154.61,0.079021,0.017832,0.061189,0.002933,0.003397,0.011416
1.92883,154.63,0.079074,0.017875,0.061199,0.002938,0.003404,0.011446
1.92903,154.65,0.079127,0.017917,0.061209,0.002944,0.003411,0.011476
1.92923,154.66,0.079180,0.017960,0.061220,0.002949,0.003418,0.011507
1.92943,154.68,0.079233,0.018003,0.061230,0.002955,0.003425,0.011537
1.92963,154.69,0.079287,0.018047,0.061240,0.002961,0.003432,0.011568
1.92983,154.71,0.079340,0.018090,0.061250,0.002966,0.003439,0.011599
1.93003,154.73,0.079394,0.018134,0.061261,0.002972,0.003446,0.011629
1.93023,154.74,0.079448,0.018177,0.061271,0.002978,0.003453,0.011660
1.93043,154.76,0.079502,0.018221,0.061281,0.002983,0.003460,0.011691
1.93063,154.77,0.079556,0.018265,0.061291,0.002989,0.003467,0.011723
1.93083,154.79,0.079611,0.018309,0.061301,0.002995,0.003474,0.011754
1.93103,154.81,0.079665,0.018354,0.061312,0.003000,0.003481,0.011785
1.93123,154.82,0.079720,0.018398,0.061322,0.003006,0.003488,0.011817
1.93143,154.84,0.079775,0.018443,0.061332,0.003012,0.003496,0.011849
1.93163,154.86,0.079830,0.018488,0.061342,0.003018,0.003503,0.011881
1.93183,154.87,0.079885,0.018533,0.061353,0.003023,0.003510,0.011913
1.93203,154.89,0.079941,0.018578,0.061363,0.003029,0.003517,0.011945
1.93223,154.90,0.079996,0.018623,0.061373,0.003035,0.003525,0.011977
1.93243,154.92,0.080052,0.018669,0.061383,0.003041,0.003532,0.012009
1.93263,154.94,0.080108,0.018714,0.061394,0.003047,0.003539,0.012042
1.93283,154.95,0.080164,0.018760,0.061404,0.003053,0.003547,0.012074
1.93303,154.97,0.080220,0.018806,0.061414,0.003059,0.003554,0.012107
1.93323,154.98,0.080277,0.018853,0.061424,0.003064,0.003561,0.012140
1.93343,155.00,0.080334,0.018899,0.061435,0.003070,0.003569,0.012173
1.93363,155.02,0.080390,0.018946,0.061445,0.003076,0.003576,0.012206
1.93383,155.03,0.080447,0.018992,0.061455,0.003082,0.003584,0.012239
1.93403,155.05,0.080505,0.019039,0.061465,0.003088,0.003591,0.012273
1.93423,155.06,0.080562,0.019086,0.061476,0.003094,0.003599,0.012306
1.93443,155.08,0.080619,0.019134,0.061486,0.003100,0.003606,0.012340
1.93463,155.10,0.080677,0.019181,0.061496,0.003106,0.003614,0.012374
1.93483,155.11,0.080735,0.019229,0.061507,0.003112,0.003621,0.012408
1.93503,155.13,0.080793,0.019276,0.061517,0.003118,0.003629,0.012442
1.93523,155.14,0.080851,0.019324,0.061527,0.003125,0.003637,0.012476
1.93543,155.16,0.080910,0.019373,0.061537,0.003131,0.003644,0.012511
1.93563,155.18,0.080969,0.019421,0.061548,0.003137,0.003652,0.012545
1.93583,155.19,0.081027,0.019470,0.061558,0.003143,0.003660,0.012580
1.93603,155.21,0.081086,0.019518,0.061568,0.003149,0.003668,0.012615
1.93623,155.22,0.081146,0.019567,0.061579,0.003155,0.003675,0.012650
1.93643,155.24,0.081205,0.019616,0.061589,0.003161,0.003683,0.012685
1.93663,155.26,0.081265,0.019666,0.061599,0.003168,0.003691,0.012720
1.93683,155.27,0.081325,0.019715,0.061609,0.003174,0.003699,0.012756
1.93703,155.29,0.081384,0.019765,0.061620,0.003180,0.003707,0.012791
1.93723,155.30,0.081445,0.019815,0.061630,0.003186,0.003714,0.012827
1.93743,155.32,0.081505,0.019865,0.061640,0.003193,0.003722,0.012863
1.93763,155.34,0.081566,0.019915,0.061651,0.003199,0.003730,0.012899
1.93783,155.35,0.081626,0.019965,0.061661,0.003205,0.003738,0.012935
1.93803,155.37,0.081687,0.020016,0.061671,0.003212,0.003746,0.012971
1.93823,155.38,0.081749,0.020067,0.061682,0.003218,0.003754,0.013008
1.93843,155.40,0.081810,0.020118,0.061692,0.003224,0.003762,0.013044
1.93863,155.42,0.081871,0.020169,0.061702,0.003231,0.003770,0.013081
1.93883,155.43,0.081933,0.020221,0.061713,0.003237,0.003778,0.013118
1.93903,155.45,0.081995,0.020272,0.061723,0.003244,0.003787,0.013155
1.93923,155.46,0.082057,0.020324,0.061733,0.003250,0.003795,0.013192
1.93943,155.48,0.082120,0.020376,0.061744,0.003256,0.003803,0.013230
1.93963,155.50,0.082182,0.020428,0.061754,0.003263,0.003811,0.013267
1.93983,155.51,0.082245,0.020481,0.061764,0.003269,0.003819,0.013305
1.94003,155.53,0.082308,0.020534,0.061775,0.003276,0.003827,0.013343
1.94023,155.54,0.082371,0.020586,0.061785,0.003283,0.003836,0.013381
1.94043,155.56,0.082435,0.020640,0.061795,0.003289,0.003844,0.013419
1.94063,155.58,0.082499,0.020693,0.061806,0.003296,0.003852,0.013458
1.94083,155.59,0.082562,0.020746,0.061816,0.003302,0.003861,0.013496
1.94103,155.61,0.082627,0.020800,0.061826,0.003309,0.003869,0.013535
1.94123,155.62,0.082691,0.020854,0.061837,0.003316,0.003877,0.013574
1.94143,155.64,0.082755,0.020908,0.061847,0.003322,0.003886,0.013613
1.94163,155.66,0.082820,0.020963,0.061858,0.003329,0.003894,0.013652
1.94183,155.67,0.082885,0.021017,0.061868,0.003336,0.003903,0.013691
1.94203,155.69,0.082950,0.021072,0.061878,0.003342,0.003911,0.013731
1.94223,155.70,0.083016,0.021127,0.061889,0.003349,0.003920,0.013770
1.94243,155.72,0.083081,0.021182,0.061899,0.003356,0.003928,0.013810
1.94263,155.74,0.083147,0.021238,0.061909,0.003363,0.003937,0.013850
1.94283,155.75,0.083213,0.021293,0.061920,0.003369,0.003946,0.013891
1.94303,155.77,0.083279,0.021349,0.061930,0.003376,0.003954,0.013931
1.94323,155.79,0.083346,0.021405,0.061941,0.003383,0.003963,0.013972
1.94343,155.80,0.083413,0.021462,0.061951,0.003390,0.003972,0.014012
1.94363,155.82,0.083480,0.021518,0.061961,0.003397,0.003981,0.014053
1.94383,155.83,0.083547,0.021575,0.061972,0.003404,0.003989,0.014094
1.94403,155.85,0.083614,0.021632,0.061982,0.003411,0.003998,0.014136
1.94423,155.87,0.083682,0.021690,0.061993,0.003418,0.004007,0.014177
1.94443,155.88,0.083750,0.021747,0.062003,0.003425,0.004016,0.014219
1.94463,155.90,0.083818,0.021805,0.062013,0.003432,0.004025,0.014261
1.94483,155.91,0.083887,0.021863,0.062024,0.003439,0.004034,0.014303
1.94503,155.93,0.083955,0.021921,0.062034,0.003446,0.004043,0.014345
1.94523,155.95,0.084024,0.021979,0.062045,0.003453,0.004051,0.014387
1.94543,155.96,0.084093,0.022038,0.062055,0.003460,0.004060,0.014430
1.94563,155.98,0.084163,0.022097,0.062065,0.003467,0.004070,0.014473
1.94583,155.99,0.084232,0.022156,0.062076,0.003474,0.004079,0.014516
1.94603,156.01,0.084302,0.022216,0.062086,0.003481,0.004088,0.014559
1.94623,156.03,0.084372,0.022275,0.062097,0.003488,0.004097,0.014602
1.94643,156.04,0.084442,0.022335,0.062107,0.003496,0.004106,0.014646
1.94663,156.06,0.084513,0.022395,0.062118,0.003503,0.004115,0.014690
1.94683,156.07,0.084584,0.022456,0.062128,0.003510,0.004124,0.014734
1.94703,156.09,0.084655,0.022517,0.062138,0.003517,0.004134,0.014778
1.94723,156.11,0.084726,0.022577,0.062149,0.003525,0.004143,0.014822
1.94743,156.12,0.084798,0.022639,0.062159,0.003532,0.004152,0.014867
1.94763,156.14,0.084870,0.022700,0.062170,0.003539,0.004162,0.014911
1.94783,156.15,0.084942,0.022762,0.062180,0.003547,0.004171,0.014956
1.94803,156.17,0.085014,0.022824,0.062191,0.003554,0.004180,0.015001
1.94823,156.19,0.085087,0.022886,0.062201,0.003561,0.004190,0.015047
1.94843,156.20,0.085160,0.022948,0.062212,0.003569,0.004199,0.015092
1.94863,156.22,0.085233,0.023011,0.062222,0.003576,0.004209,0.015138
1.94883,156.23,0.085307,0.023074,0.062232,0.003584,0.004218,0.015184
1.94903,156.25,0.085380,0.023137,0.062243,0.003591,0.004228,0.015230
1.94923,156.27,0.085454,0.023201,0.062253,0.003599,0.004237,0.015277
1.94943,156.28,0.085529,0.023265,0.062264,0.003606,0.004247,0.015323
1.94963,156.30,0.085603,0.023329,0.062274,0.003614,0.004257,0.015370
1.94983,156.31,0.085678,0.023393,0.062285,0.003622,0.004266,0.015417
1.95003,156.33,0.085753,0.023458,0.062295,0.003629,0.004276,0.015464
1.95023,156.35,0.085828,0.023523,0.062306,0.003637,0.004286,0.015512
1.95043,156.36,0.085904,0.023588,0.062316,0.003644,0.004296,0.015559
1.95063,156.38,0.085980,0.023653,0.062327,0.003652,0.004306,0.015607
1.95083,156.39,0.086056,0.023719,0.062337,0.003660,0.004315,0.015655
1.95103,156.41,0.086133,0.023785,0.062348,0.003668,0.004325,0.015704
1.95123,156.43,0.086209,0.023851,0.062358,0.003675,0.004335,0.015752
1.95143,156.44,0.086286,0.023918,0.062369,0.003683,0.004345,0.015801
1.95163,156.46,0.086364,0.023984,0.062379,0.003691,0.004355,0.015850
1.95183,156.47,0.086441,0.024052,0.062390,0.003699,0.004365,0.015899
1.95203,156.49,0.086519,0.024119,0.062400,0.003707,0.004375,0.015949
1.95223,156.51,0.086597,0.024187,0.062411,0.003714,0.004385,0.015998
1.95243,156.52,0.086676,0.024255,0.062421,0.003722,0.004396,0.016048
1.95263,156.54,0.086755,0.024323,0.062432,0.003730,0.004406,0.016099
1.95283,156.55,0.086834,0.024392,0.062442,0.003738,0.004416,0.016149
1.95303,156.57,0.086913,0.024461,0.062453,0.003746,0.004426,0.016200
1.95323,156.59,0.086993,0.024530,0.062463,0.003754,0.004437,0.016251
1.95343,156.60,0.087073,0.024599,0.062474,0.003762,0.004447,0.016302
1.95363,156.62,0.087153,0.024669,0.062484,0.003770,0.004457,0.016353
1.95383,156.63,0.087234,0.024739,0.062495,0.003778,0.004468,0.016405
1.95403,156.65,0.087315,0.024809,0.062505,0.003787,0.004478,0.016456
1.95423,156.67,0.087396,0.024880,0.062516,0.003795,0.004488,0.016509
1.95443,156.68,0.087478,0.024951,0.062526,0.003803,0.004499,0.016561
1.95463,156.70,0.087560,0.025023,0.062537,0.003811,0.004510,0.016613
1.95483,156.72,0.087642,0.025094,0.062548,0.003819,0.004520,0.016666
1.95503,156.73,0.087724,0.025166,0.062558,0.003827,0.004531,0.016719
1.95523,156.75,0.087807,0.025238,0.062569,0.003836,0.004541,0.016773
1.95543,156.76,0.087890,0.025311,0.062579,0.003844,0.004552,0.016826
1.95563,156.78,0.087974,0.025384,0.062590,0.003852,0.004563,0.016880
1.95583,156.80,0.088058,0.025457,0.062600,0.003861,0.004574,0.016934
1.95603,156.81,0.088142,0.025531,0.062611,0.003869,0.004584,0.016989
1.95623,156.83,0.088226,0.025605,0.062621,0.003877,0.004595,0.017043
1.95643,156.84,0.088311,0.025679,0.062632,0.003886,0.004606,0.017098
1.95663,156.86,0.088396,0.025753,0.062643,0.003894,0.004617,0.017153
1.95683,156.88,0.088482,0.025828,0.062653,0.003903,0.004628,0.017209
1.95703,156.89,0.088567,0.025904,0.062664,0.003911,0.004639,0.017265
1.95723,156.91,0.088653,0.025979,0.062674,0.003920,0.004650,0.017321
1.95743,156.92,0.088740,0.026055,0.062685,0.003928,0.004661,0.017377
1.95763,156.94,0.088827,0.026131,0.062695,0.003937,0.004672,0.017433
1.95783,156.96,0.088914,0.026208,0.062706,0.003946,0.004683,0.017490
1.95803,156.97,0.089001,0.026285,0.062717,0.003954,0.004694,0.017547
1.95823,156.99,0.089089,0.026362,0.062727,0.003963,0.004706,0.017605
1.95843,157.00,0.089178,0.026440,0.062738,0.003972,0.004717,0.017662
1.95863,157.02,0.089266,0.026518,0.062748,0.003981,0.004728,0.017720
1.95883,157.04,0.089355,0.026596,0.062759,0.003989,0.004740,0.017778
1.95903,157.05,0.089444,0.026675,0.062770,0.003998,0.004751,0.017837
1.95923,157.07,0.089534,0.026754,0.062780,0.004007,0.004762,0.017896
1.95943,157.08,0.089624,0.026833,0.062791,0.004016,0.004774,0.017955
1.95963,157.10,0.089714,0.026913,0.062801,0.004025,0.004785,0.018014
1.95983,157.12,0.089805,0.026993,0.062812,0.004034,0.004797,0.018074
1.96003,157.13,0.089896,0.027074,0.062823,0.004043,0.004809,0.018134
1.96023,157.15,0.089988,0.027155,0.062833,0.004051,0.004820,0.018194
1.96043,157.16,0.090080,0.027236,0.062844,0.004061,0.004832,0.018254
1.96063,157.18,0.090172,0.027318,0.062854,0.004070,0.004844,0.018315
1.96083,157.20,0.090265,0.027400,0.062865,0.004079,0.004855,0.018376
1.96103,157.21,0.090358,0.027482,0.062876,0.004088,0.004867,0.018438
1.96123,157.23,0.090451,0.027565,0.062886,0.004097,0.004879,0.018500
1.96143,157.24,0.090545,0.027648,0.062897,0.004106,0.004891,0.018562
1.96163,157.26,0.090639,0.027731,0.062908,0.004115,0.004903,0.018624
1.96183,157.28,0.090733,0.027815,0.062918,0.004124,0.004915,0.018687
1.96203,157.29,0.090828,0.027900,0.062929,0.004134,0.004927,0.018750
1.96223,157.31,0.090924,0.027984,0.062939,0.004143,0.004939,0.018813
1.96243,157.32,0.091020,0.028069,0.062950,0.004152,0.004951,0.018877
1.96263,157.34,0.091116,0.028155,0.062961,0.004162,0.004963,0.018941
1.96283,157.36,0.091212,0.028241,0.062971,0.004171,0.004976,0.019005
1.96303,157.37,0.091309,0.028327,0.062982,0.004180,0.004988,0.019070
1.96323,157.39,0.091407,0.028414,0.062993,0.004190,0.005000,0.019135
1.96343,157.40,0.091504,0.028501,0.063003,0.004199,0.005012,0.019200
1.96363,157.42,0.091603,0.028589,0.063014,0.004209,0.005025,0.019266
1.96383,157.44,0.091701,0.028677,0.063025,0.004218,0.005037,0.019332
1.96403,157.45,0.091800,0.028765,0.063035,0.004228,0.005050,0.019398
1.96423,157.47,0.091900,0.028854,0.063046,0.004237,0.005062,0.019464
1.96443,157.48,0.092000,0.028943,0.063057,0.004247,0.005075,0.019531
1.96463,157.50,0.092100,0.029033,0.063067,0.004257,0.005088,0.019599
1.96483,157.52,0.092201,0.029123,0.063078,0.004266,0.005100,0.019667
1.96503,157.53,0.092302,0.029213,0.063089,0.004276,0.005113,0.019735
1.96523,157.55,0.092403,0.029304,0.063099,0.004286,0.005126,0.019803
1.96543,157.56,0.092506,0.029395,0.063110,0.004296,0.005138,0.019872
1.96563,157.58,0.092608,0.029487,0.063121,0.004306,0.005151,0.019941
1.96583,157.60,0.092711,0.029580,0.063131,0.004315,0.005164,0.020010
1.96603,157.61,0.092814,0.029672,0.063142,0.004325,0.005177,0.020080
1.96623,157.63,0.092918,0.029765,0.063153,0.004335,0.005190,0.020150
1.96643,157.64,0.093022,0.029859,0.063164,0.004345,0.005203,0.020221
1.96663,157.66,0.093127,0.029953,0.063174,0.004355,0.005216,0.020292
1.96683,157.68,0.093232,0.030048,0.063185,0.004365,0.005230,0.020363
1.96703,157.69,0.093338,0.030143,0.063196,0.004375,0.005243,0.020435
1.96723,157.71,0.093444,0.030238,0.063206,0.004385,0.005256,0.020507
1.96743,157.73,0.093551,0.030334,0.063217,0.004396,0.005269,0.020579
1.96763,157.74,0.093658,0.030430,0.063228,0.004406,0.005283,0.020652
1.96783,157.76,0.093766,0.030527,0.063238,0.004416,0.005296,0.020725
1.96803,157.77,0.093874,0.030624,0.063249,0.004426,0.005310,0.020799
1.96823,157.79,0.093982,0.030722,0.063260,0.004437,0.005323,0.020873
1.96843,157.81,0.094091,0.030820,0.063271,0.004447,0.005337,0.020947
1.96863,157.82,0.094201,0.030919,0.063281,0.004457,0.005350,0.021022
1.96883,157.84,0.094311,0.031018,0.063292,0.004468,0.005364,0.021097
1.96903,157.85,0.094421,0.031118,0.063303,0.004478,0.005378,0.021173
1.96923,157.87,0.094532,0.031218,0.063314,0.004489,0.005391,0.021249
1.96943,157.89,0.094643,0.031319,0.063324,0.004499,0.005405,0.021325
1.96963,157.90,0.094755,0.031420,0.063335,0.004510,0.005419,0.021402
1.96983,157.92,0.094868,0.031522,0.063346,0.004520,0.005433,0.021479
1.97003,157.93,0.094981,0.031624,0.063357,0.004531,0.005447,0.021557
1.97023,157.95,0.095094,0.031727,0.063367,0.004541,0.005461,0.021635
1.97043,157.97,0.095208,0.031830,0.063378,0.004552,0.005475,0.021713
1.97063,157.98,0.095323,0.031934,0.063389,0.004563,0.005489,0.021792
1.97083,158.00,0.095438,0.032039,0.063400,0.004574,0.005503,0.021872
1.97103,158.01,0.095554,0.032143,0.063410,0.004584,0.005518,0.021951
1.97123,158.03,0.095670,0.032249,0.063421,0.004595,0.005532,0.022032
1.97143,158.05,0.095787,0.032355,0.063432,0.004606,0.005546,0.022112
1.97163,158.06,0.095904,0.032461,0.063443,0.004617,0.005561,0.022193
1.97183,158.08,0.096022,0.032568,0.063453,0.004628,0.005575,0.022275
1.97203,158.09,0.096140,0.032676,0.063464,0.004639,0.005590,0.022357
1.97223,158.11,0.096259,0.032784,0.063475,0.004650,0.005604,0.022439
1.97243,158.13,0.096378,0.032892,0.063486,0.004661,0.005619,0.022522
1.97263,158.14,0.096498,0.033002,0.063496,0.004672,0.005634,0.022606
1.97283,158.16,0.096619,0.033111,0.063507,0.004683,0.005648,0.022689
1.97303,158.17,0.096740,0.033222,0.063518,0.004694,0.005663,0.022774
1.97323,158.19,0.096861,0.033333,0.063529,0.004706,0.005678,0.022858
1.97343,158.21,0.096984,0.033444,0.063540,0.004717,0.005693,0.022944
1.97363,158.22,0.097106,0.033556,0.063550,0.004728,0.005708,0.023029
1.97383,158.24,0.097230,0.033669,0.063561,0.004740,0.005723,0.023115
1.97403,158.25,0.097354,0.033782,0.063572,0.004751,0.005738,0.023202
1.97423,158.27,0.097478,0.033896,0.063583,0.004762,0.005753,0.023289
1.97443,158.29,0.097604,0.034010,0.063594,0.004774,0.005769,0.023377
1.97463,158.30,0.097729,0.034125,0.063604,0.004785,0.005784,0.023465
1.97483,158.32,0.097856,0.034241,0.063615,0.004797,0.005799,0.023554
1.97503,158.33,0.097983,0.034357,0.063626,0.004809,0.005815,0.023643
1.97523,158.35,0.098110,0.034473,0.063637,0.004820,0.005830,0.023732
1.97543,158.37,0.098239,0.034591,0.063648,0.004832,0.005846,0.023823
1.97563,158.38,0.098367,0.034709,0.063659,0.004844,0.005861,0.023913
1.97583,158.40,0.098497,0.034828,0.063669,0.004855,0.005877,0.024004
1.97603,158.41,0.098627,0.034947,0.063680,0.004867,0.005893,0.024096
1.97623,158.43,0.098758,0.035067,0.063691,0.004879,0.005909,0.024188
1.97643,158.45,0.098889,0.035187,0.063702,0.004891,0.005924,0.024281
1.97663,158.46,0.099021,0.035308,0.063713,0.004903,0.005940,0.024374
1.97683,158.48,0.099154,0.035430,0.063724,0.004915,0.005956,0.024468
1.97703,158.49,0.099287,0.035553,0.063734,0.004927,0.005972,0.024563
1.97723,158.51,0.099421,0.035676,0.063745,0.004939,0.005989,0.024658
1.97743,158.53,0.099556,0.035800,0.063756,0.004951,0.006005,0.024753
1.97763,158.54,0.099691,0.035924,0.063767,0.004963,0.006021,0.024849
1.97783,158.56,0.099827,0.036049,0.063778,0.004976,0.006037,0.024946
1.97803,158.57,0.099964,0.036175,0.063789,0.004988,0.006054,0.025043
1.97823,158.59,0.100101,0.036301,0.063799,0.005000,0.006070,0.025140
1.97843,158.61,0.100239,0.036429,0.063810,0.005012,0.006087,0.025239
1.97863,158.62,0.100378,0.036556,0.063821,0.005025,0.006103,0.025338
1.97883,158.64,0.100517,0.036685,0.063832,0.005037,0.006120,0.025437
1.97903,158.66,0.100657,0.036814,0.063843,0.005050,0.006137,0.025537
1.97923,158.67,0.100798,0.036944,0.063854,0.005062,0.006153,0.025638
1.97943,158.69,0.100939,0.037075,0.063865,0.005075,0.006170,0.025739
1.97963,158.70,0.101082,0.037206,0.063876,0.005088,0.006187,0.025841
1.97983,158.72,0.101225,0.037338,0.063886,0.005100,0.006204,0.025943
1.98003,158.74,0.101368,0.037471,0.063897,0.005113,0.006221,0.026046
1.98023,158.75,0.101513,0.037605,0.063908,0.005126,0.006238,0.026150
1.98043,158.77,0.101658,0.037739,0.063919,0.005138,0.006255,0.026254
1.98063,158.78,0.101804,0.037874,0.063930,0.005151,0.006273,0.026359
1.98083,158.80,0.101950,0.038010,0.063941,0.005164,0.006290,0.026464
1.98103,158.82,0.102098,0.038146,0.063952,0.005177,0.006307,0.026570
1.98123,158.83,0.102246,0.038283,0.063963,0.005190,0.006325,0.026677
1.98143,158.85,0.102395,0.038421,0.063974,0.005203,0.006343,0.026785
1.98163,158.86,0.102545,0.038560,0.063984,0.005216,0.006360,0.026893
1.98183,158.88,0.102695,0.038700,0.063995,0.005230,0.006378,0.027001
1.98203,158.90,0.102846,0.038840,0.064006,0.005243,0.006396,0.027111
1.98223,158.91,0.102999,0.038981,0.064017,0.005256,0.006414,0.027221
1.98243,158.93,0.103151,0.039123,0.064028,0.005269,0.006431,0.027331
1.98263,158.94,0.103305,0.039266,0.064039,0.005283,0.006449,0.027443
1.98283,158.96,0.103460,0.039410,0.064050,0.005296,0.006468,0.027555
1.98303,158.98,0.103615,0.039554,0.064061,0.005310,0.006486,0.027668
1.98323,158.99,0.103771,0.039699,0.064072,0.005323,0.006504,0.027781
1.98343,159.01,0.103928,0.039845,0.064083,0.005337,0.006522,0.027895
1.98363,159.02,0.104086,0.039992,0.064094,0.005350,0.006541,0.028010
1.98383,159.04,0.104244,0.040140,0.064105,0.005364,0.006559,0.028125
1.98403,159.06,0.104404,0.040288,0.064116,0.005378,0.006578,0.028242
1.98423,159.07,0.104564,0.040438,0.064126,0.005391,0.006596,0.028359
1.98443,159.09,0.104725,0.040588,0.064137,0.005405,0.006615,0.028476
1.98463,159.10,0.104887,0.040739,0.064148,0.005419,0.006634,0.028595
1.98483,159.12,0.105050,0.040891,0.064159,0.005433,0.006653,0.028714
1.98503,159.14,0.105214,0.041044,0.064170,0.005447,0.006672,0.028834
1.98523,159.15,0.105379,0.041197,0.064181,0.005461,0.006691,0.028955
1.98543,159.17,0.105544,0.041352,0.064192,0.005475,0.006710,0.029076
1.98563,159.18,0.105711,0.041508,0.064203,0.005489,0.006729,0.029198
1.98583,159.20,0.105878,0.041664,0.064214,0.005503,0.006748,0.029321
1.98603,159.22,0.106046,0.041821,0.064225,0.005518,0.006767,0.029445
1.98623,159.23,0.106216,0.041980,0.064236,0.005532,0.006787,0.029569
1.98643,159.25,0.106386,0.042139,0.064247,0.005546,0.006806,0.029695
1.98663,159.26,0.106557,0.042299,0.064258,0.005561,0.006826,0.029821
1.98683,159.28,0.106729,0.042460,0.064269,0.005575,0.006846,0.029948
1.98703,159.30,0.106902,0.042622,0.064280,0.005590,0.006865,0.030075
1.98723,159.31,0.107076,0.042785,0.064291,0.005604,0.006885,0.030204
1.98743,159.33,0.107251,0.042949,0.064302,0.005619,0.006905,0.030333
1.98763,159.34,0.107427,0.043114,0.064313,0.005634,0.006925,0.030463
1.98783,159.36,0.107604,0.043280,0.064324,0.005648,0.006945,0.030594
1.98803,159.38,0.107782,0.043447,0.064335,0.005663,0.006966,0.030726
1.98823,159.39,0.107961,0.043615,0.064346,0.005678,0.006986,0.030859
1.98843,159.41,0.108140,0.043784,0.064357,0.005693,0.007006,0.030992
1.98863,159.42,0.108321,0.043953,0.064368,0.005708,0.007027,0.031127
1.98883,159.44,0.108503,0.044124,0.064379,0.005723,0.007047,0.031262
1.98903,159.46,0.108686,0.044296,0.064390,0.005738,0.007068,0.031398
1.98923,159.47,0.108870,0.044469,0.064401,0.005753,0.007089,0.031535
1.98943,159.49,0.109055,0.044643,0.064412,0.005769,0.007110,0.031673
1.98963,159.50,0.109241,0.044819,0.064423,0.005784,0.007130,0.031812
1.98983,159.52,0.109429,0.044995,0.064434,0.005799,0.007151,0.031952
1.99003,159.54,0.109617,0.045172,0.064445,0.005815,0.007173,0.032093
1.99023,159.55,0.109806,0.045350,0.064456,0.005830,0.007194,0.032234
1.99043,159.57,0.109997,0.045530,0.064467,0.005846,0.007215,0.032377
1.99063,159.59,0.110188,0.045710,0.064478,0.005861,0.007236,0.032520
1.99083,159.60,0.110381,0.045892,0.064489,0.005877,0.007258,0.032665
1.99103,159.62,0.110575,0.046075,0.064500,0.005893,0.007280,0.032810
1.99123,159.63,0.110770,0.046258,0.064511,0.005909,0.007301,0.032957
1.99143,159.65,0.110966,0.046444,0.064522,0.005924,0.007323,0.033104
1.99163,159.67,0.111163,0.046630,0.064533,0.005940,0.007345,0.033252
1.99183,159.68,0.111361,0.046817,0.064544,0.005956,0.007367,0.033402
1.99203,159.70,0.111561,0.047006,0.064555,0.005972,0.007389,0.033552
1.99223,159.71,0.111762,0.047195,0.064566,0.005989,0.007411,0.033703
1.99243,159.73,0.111964,0.047386,0.064578,0.006005,0.007433,0.033856
1.99263,159.75,0.112167,0.047578,0.064589,0.006021,0.007456,0.034009
1.99283,159.76,0.112371,0.047771,0.064600,0.006037,0.007478,0.034164
1.99303,159.78,0.112577,0.047966,0.064611,0.006054,0.007501,0.034319
1.99323,159.79,0.112783,0.048162,0.064622,0.006070,0.007523,0.034476
1.99343,159.81,0.112991,0.048359,0.064633,0.006087,0.007546,0.034633
1.99363,159.83,0.113201,0.048557,0.064644,0.006103,0.007569,0.034792
1.99383,159.84,0.113411,0.048756,0.064655,0.006120,0.007592,0.034952
1.99403,159.86,0.113623,0.048957,0.064666,0.006137,0.007615,0.035113
1.99423,159.87,0.113836,0.049159,0.064677,0.006153,0.007638,0.035275
1.99443,159.89,0.114051,0.049362,0.064688,0.006170,0.007662,0.035438
1.99463,159.91,0.114266,0.049567,0.064699,0.006187,0.007685,0.035602
1.99483,159.92,0.114483,0.049773,0.064710,0.006204,0.007709,0.035768
1.99503,159.94,0.114702,0.049980,0.064722,0.006221,0.007732,0.035934
1.99523,159.95,0.114921,0.050189,0.064733,0.006238,0.007756,0.036102
1.99543,159.97,0.115142,0.050399,0.064744,0.006255,0.007780,0.036271
1.99563,159.99,0.115365,0.050610,0.064755,0.006273,0.007804,0.036441
1.99583,160.00,0.115589,0.050823,0.064766,0.006290,0.007828,0.036612
1.99603,160.02,0.115814,0.051037,0.064777,0.006308,0.007852,0.036785
1.99623,160.03,0.116040,0.051252,0.064788,0.006325,0.007876,0.036959
1.99643,160.05,0.116268,0.051469,0.064799,0.006343,0.007901,0.037133
1.99663,160.07,0.116498,0.051687,0.064810,0.006360,0.007925,0.037310
1.99683,160.08,0.116729,0.051907,0.064821,0.006378,0.007950,0.037487
1.99703,160.10,0.116961,0.052128,0.064833,0.006396,0.007974,0.037666
1.99723,160.11,0.117195,0.052351,0.064844,0.006414,0.007999,0.037846
1.99743,160.13,0.117430,0.052575,0.064855,0.006431,0.008024,0.038027
1.99763,160.15,0.117667,0.052801,0.064866,0.006449,0.008049,0.038210
1.99783,160.16,0.117905,0.053028,0.064877,0.006468,0.008075,0.038393
1.99803,160.18,0.118145,0.053257,0.064888,0.006486,0.008100,0.038579
1.99823,160.19,0.118386,0.053487,0.064899,0.006504,0.008125,0.038765
1.99843,160.21,0.118629,0.053719,0.064911,0.006522,0.008151,0.038953
1.99863,160.23,0.118874,0.053952,0.064922,0.006541,0.008177,0.039142
1.99883,160.24,0.119120,0.054187,0.064933,0.006559,0.008202,0.039333
1.99903,160.26,0.119367,0.054423,0.064944,0.006578,0.008228,0.039525
1.99923,160.27,0.119617,0.054662,0.064955,0.006596,0.008254,0.039718
1.99943,160.29,0.119868,0.054901,0.064966,0.006615,0.008281,0.039913
1.99963,160.31,0.120120,0.055143,0.064977,0.006634,0.008307,0.040109
1.99983,160.32,0.120374,0.055386,0.064989,0.006653,0.008333,0.040307
2.00003,160.34,0.120630,0.055630,0.065000,0.006672,0.008360,0.040506
2.00023,160.35,0.120888,0.055877,0.065011,0.006691,0.008386,0.040707
2.00043,160.37,0.121147,0.056125,0.065022,0.006710,0.008413,0.040909
2.00063,160.39,0.121408,0.056374,0.065033,0.006729,0.008440,0.041112
2.00083,160.40,0.121670,0.056626,0.065044,0.006748,0.008467,0.041318
2.00103,160.42,0.121935,0.056879,0.065056,0.006767,0.008494,0.041524
2.00123,160.43,0.122201,0.057134,0.065067,0.006787,0.008522,0.041732
2.00143,160.45,0.122469,0.057391,0.065078,0.006806,0.008549,0.041942
2.00163,160.47,0.122739,0.057649,0.065089,0.006826,0.008577,0.042153
2.00183,160.48,0.123010,0.057910,0.065100,0.006846,0.008605,0.042366
2.00203,160.50,0.123284,0.058172,0.065112,0.006865,0.008632,0.042581
2.00223,160.52,0.123559,0.058436,0.065123,0.006885,0.008660,0.042797
2.00243,160.53,0.123836,0.058702,0.065134,0.006905,0.008688,0.043015
2.00263,160.55,0.124115,0.058970,0.065145,0.006925,0.008717,0.043234
2.00283,160.56,0.124396,0.059239,0.065156,0.006945,0.008745,0.043456
2.00303,160.58,0.124679,0.059511,0.065168,0.006966,0.008774,0.043678
2.00323,160.60,0.124963,0.059784,0.065179,0.006986,0.008802,0.043903
2.00343,160.61,0.125250,0.060060,0.065190,0.007006,0.008831,0.044129
2.00363,160.63,0.125539,0.060337,0.065201,0.007027,0.008860,0.044357
2.00383,160.64,0.125829,0.060617,0.065212,0.007047,0.008889,0.044587
2.00403,160.66,0.126122,0.060898,0.065224,0.007068,0.008918,0.044819
2.00423,160.68,0.126417,0.061182,0.065235,0.007089,0.008948,0.045052
2.00443,160.69,0.126714,0.061468,0.065246,0.007110,0.008977,0.045287
2.00463,160.71,0.127013,0.061755,0.065257,0.007130,0.009007,0.045524
2.00483,160.72,0.127314,0.062045,0.065269,0.007152,0.009037,0.045763
2.00503,160.74,0.127617,0.062337,0.065280,0.007173,0.009067,0.046004
2.00523,160.76,0.127922,0.062631,0.065291,0.007194,0.009097,0.046247
2.00543,160.77,0.128229,0.062927,0.065302,0.007215,0.009127,0.046491
2.00563,160.79,0.128539,0.063225,0.065314,0.007237,0.009158,0.046738
2.00583,160.80,0.128851,0.063526,0.065325,0.007258,0.009188,0.046986
2.00603,160.82,0.129165,0.063829,0.065336,0.007280,0.009219,0.047237
2.00623,160.84,0.129481,0.064134,0.065347,0.007301,0.009250,0.047489
2.00643,160.85,0.129799,0.064441,0.065359,0.007323,0.009281,0.047743
2.00663,160.87,0.130120,0.064750,0.065370,0.007345,0.009312,0.048000
2.00683,160.88,0.130443,0.065062,0.065381,0.007367,0.009343,0.048258
2.00703,160.90,0.130769,0.065377,0.065392,0.007389,0.009375,0.048519
2.00723,160.92,0.131097,0.065693,0.065404,0.007411,0.009407,0.048782
2.00743,160.93,0.131427,0.066012,0.065415,0.007433,0.009438,0.049047
2.00763,160.95,0.131760,0.066334,0.065426,0.007456,0.009470,0.049314
2.00783,160.96,0.132095,0.066657,0.065437,0.007478,0.009503,0.049583
2.00803,160.98,0.132432,0.066984,0.065449,0.007501,0.009535,0.049854
2.00823,161.00,0.132773,0.067313,0.065460,0.007523,0.009567,0.050128
2.00843,161.01,0.133115,0.067644,0.065471,0.007546,0.009600,0.050404
2.00863,161.03,0.133460,0.067978,0.065483,0.007569,0.009633,0.050682
2.00883,161.04,0.133808,0.068314,0.065494,0.007592,0.009666,0.050962
2.00903,161.06,0.134158,0.068653,0.065505,0.007615,0.009699,0.051245
2.00923,161.08,0.134511,0.068995,0.065517,0.007638,0.009732,0.051530
2.00943,161.09,0.134867,0.069339,0.065528,0.007662,0.009766,0.051818
2.00963,161.11,0.135225,0.069686,0.065539,0.007685,0.009800,0.052107
2.00983,161.12,0.135586,0.070036,0.065550,0.007709,0.009833,0.052400
2.01003,161.14,0.135950,0.070388,0.065562,0.007732,0.009867,0.052695
2.01023,161.16,0.136316,0.070743,0.065573,0.007756,0.009902,0.052992
2.01043,161.17,0.136685,0.071101,0.065584,0.007780,0.009936,0.053291
2.01063,161.19,0.137058,0.071462,0.065596,0.007804,0.009971,0.053594
2.01083,161.20,0.137432,0.071825,0.065607,0.007828,0.010005,0.053899
2.01103,161.22,0.137810,0.072192,0.065618,0.007852,0.010040,0.054206
2.01123,161.24,0.138191,0.072561,0.065630,0.007876,0.010075,0.054516
2.01143,161.25,0.138575,0.072934,0.065641,0.007901,0.010111,0.054829
2.01163,161.27,0.138961,0.073309,0.065652,0.007925,0.010146,0.055144
2.01183,161.28,0.139351,0.073688,0.065664,0.007950,0.010182,0.055462
2.01203,161.30,0.139744,0.074069,0.065675,0.007975,0.010217,0.055783
2.01223,161.32,0.140140,0.074453,0.065686,0.007999,0.010254,0.056106
2.01243,161.33,0.140539,0.074841,0.065698,0.008024,0.010290,0.056433
2.01263,161.35,0.140941,0.075232,0.065709,0.008049,0.010326,0.056762
2.01283,161.36,0.141346,0.075626,0.065720,0.008075,0.010363,0.057094
2.01303,161.38,0.141755,0.076023,0.065732,0.008100,0.010400,0.057429
2.01323,161.40,0.142166,0.076423,0.065743,0.008125,0.010437,0.057767
2.01343,161.41,0.142581,0.076827,0.065754,0.008151,0.010474,0.058108
2.01363,161.43,0.143000,0.077234,0.065766,0.008177,0.010511,0.058452
2.01383,161.45,0.143422,0.077644,0.065777,0.008202,0.010549,0.058799
2.01403,161.46,0.143847,0.078058,0.065789,0.008228,0.010587,0.059149
2.01423,161.48,0.144275,0.078475,0.065800,0.008254,0.010624,0.059502
2.01443,161.49,0.144707,0.078896,0.065811,0.008281,0.010663,0.059858
2.01463,161.51,0.145143,0.079320,0.065823,0.008307,0.010701,0.060218
2.01483,161.53,0.145582,0.079748,0.065834,0.008333,0.010740,0.060581
2.01503,161.54,0.146025,0.080179,0.065845,0.008360,0.010779,0.060947
2.01523,161.56,0.146471,0.080614,0.065857,0.008387,0.010818,0.061316
2.01543,161.57,0.146921,0.081053,0.065868,0.008413,0.010857,0.061689
2.01563,161.59,0.147375,0.081496,0.065880,0.008440,0.010896,0.062065
2.01583,161.61,0.147833,0.081942,0.065891,0.008467,0.010936,0.062444
2.01603,161.62,0.148294,0.082392,0.065902,0.008494,0.010976,0.062827
2.01623,161.64,0.148759,0.082846,0.065914,0.008522,0.011016,0.063213
2.01643,161.65,0.149229,0.083303,0.065925,0.008549,0.011056,0.063603
2.01663,161.67,0.149702,0.083765,0.065937,0.008577,0.011097,0.063997
2.01683,161.69,0.150179,0.084231,0.065948,0.008605,0.011138,0.064394
2.01703,161.70,0.150660,0.084701,0.065959,0.008632,0.011179,0.064795
2.01723,161.72,0.151145,0.085174,0.065971,0.008660,0.011220,0.065200
2.01743,161.73,0.151635,0.085652,0.065982,0.008689,0.011261,0.065608
2.01763,161.75,0.152128,0.086134,0.065994,0.008717,0.011303,0.066020
2.01783,161.77,0.152626,0.086621,0.066005,0.008745,0.011345,0.066436
2.01803,161.78,0.153128,0.087112,0.066017,0.008774,0.011387,0.066856
2.01823,161.80,0.153635,0.087607,0.066028,0.008802,0.011429,0.067280
2.01843,161.81,0.154145,0.088106,0.066039,0.008831,0.011472,0.067708
2.01863,161.83,0.154661,0.088610,0.066051,0.008860,0.011515,0.068140
2.01883,161.85,0.155180,0.089118,0.066062,0.008889,0.011558,0.068576
2.01903,161.86,0.155705,0.089631,0.066074,0.008919,0.011601,0.069017
2.01923,161.88,0.156234,0.090149,0.066085,0.008948,0.011645,0.069461
2.01943,161.89,0.156767,0.090671,0.066097,0.008977,0.011689,0.069910
2.01963,161.91,0.157306,0.091198,0.066108,0.009007,0.011733,0.070363
2.01983,161.93,0.157849,0.091729,0.066120,0.009037,0.011777,0.070821
2.02003,161.94,0.158397,0.092266,0.066131,0.009067,0.011822,0.071283
2.02023,161.96,0.158950,0.092807,0.066142,0.009097,0.011866,0.071749
2.02043,161.97,0.159508,0.093354,0.066154,0.009127,0.011911,0.072220
2.02063,161.99,0.160070,0.093905,0.066165,0.009158,0.011957,0.072696
2.02083,162.01,0.160638,0.094462,0.066177,0.009188,0.012002,0.073176
2.02103,162.02,0.161212,0.095023,0.066188,0.009219,0.012048,0.073661
2.02123,162.04,0.161790,0.095590,0.066200,0.009250,0.012094,0.074151
2.02143,162.05,0.162373,0.096162,0.066211,0.009281,0.012141,0.074645
2.02163,162.07,0.162962,0.096740,0.066223,0.009312,0.012187,0.075145
2.02183,162.09,0.163557,0.097323,0.066234,0.009344,0.012234,0.075650
2.02203,162.10,0.164157,0.097911,0.066246,0.009375,0.012281,0.076159
2.02223,162.12,0.164762,0.098505,0.066257,0.009407,0.012329,0.076674
2.02243,162.13,0.165373,0.099104,0.066269,0.009439,0.012377,0.077194
2.02263,162.15,0.165990,0.099710,0.066280,0.009471,0.012425,0.077719
2.02283,162.17,0.166612,0.100321,0.066292,0.009503,0.012473,0.078250
2.02303,162.18,0.167241,0.100938,0.066303,0.009535,0.012522,0.078786
2.02323,162.20,0.167875,0.101560,0.066315,0.009567,0.012570,0.079327
2.02343,162.21,0.168515,0.102189,0.066326,0.009600,0.012620,0.079874
2.02363,162.23,0.169162,0.102824,0.066338,0.009633,0.012669,0.080427
2.02383,162.25,0.169814,0.103465,0.066349,0.009666,0.012719,0.080985
2.02403,162.26,0.170473,0.104112,0.066361,0.009699,0.012769,0.081549
2.02423,162.28,0.171138,0.104766,0.066372,0.009732,0.012819,0.082119
2.02443,162.29,0.171810,0.105426,0.066384,0.009766,0.012870,0.082695
2.02463,162.31,0.172488,0.106092,0.066395,0.009800,0.012920,0.083277
2.02483,162.33,0.173172,0.106766,0.066407,0.009833,0.012972,0.083865
2.02503,162.34,0.173864,0.107445,0.066418,0.009867,0.013023,0.084459
2.02523,162.36,0.174562,0.108132,0.066430,0.009902,0.013075,0.085060
2.02543,162.37,0.175267,0.108825,0.066441,0.009936,0.013127,0.085667
2.02563,162.39,0.175978,0.109525,0.066453,0.009971,0.013180,0.086280
2.02583,162.41,0.176697,0.110233,0.066465,0.010005,0.013232,0.086900
2.02603,162.42,0.177423,0.110947,0.066476,0.010040,0.013285,0.087526
2.02623,162.44,0.178157,0.111669,0.066488,0.010075,0.013339,0.088159
2.02643,162.46,0.178897,0.112398,0.066499,0.010111,0.013392,0.088799
2.02663,162.47,0.179645,0.113135,0.066511,0.010146,0.013446,0.089446
2.02683,162.49,0.180401,0.113879,0.066522,0.010182,0.013501,0.090100
2.02703,162.50,0.181164,0.114630,0.066534,0.010218,0.013556,0.090762
2.02723,162.52,0.181935,0.115390,0.066545,0.010254,0.013611,0.091430
2.02743,162.54,0.182714,0.116157,0.066557,0.010290,0.013666,0.092106
2.02763,162.55,0.183501,0.116932,0.066569,0.010326,0.013722,0.092789
2.02783,162.57,0.184296,0.117715,0.066580,0.010363,0.013778,0.093479
2.02803,162.58,0.185099,0.118507,0.066592,0.010400,0.013834,0.094178
2.02823,162.60,0.185910,0.119307,0.066603,0.010437,0.013891,0.094884
2.02843,162.62,0.186730,0.120115,0.066615,0.010474,0.013948,0.095598
2.02863,162.63,0.187558,0.120932,0.066626,0.010511,0.014005,0.096320
2.02883,162.65,0.188395,0.121757,0.066638,0.010549,0.014063,0.097050
2.02903,162.66,0.189241,0.122591,0.066650,0.010587,0.014121,0.097788
2.02923,162.68,0.190096,0.123435,0.066661,0.010625,0.014180,0.098535
2.02943,162.70,0.190960,0.124287,0.066673,0.010663,0.014238,0.099290
2.02963,162.71,0.191833,0.125148,0.066684,0.010701,0.014298,0.100054
2.02983,162.73,0.192715,0.126019,0.066696,0.010740,0.014357,0.100826
2.03003,162.74,0.193607,0.126899,0.066708,0.010779,0.014417,0.101607
2.03023,162.76,0.194508,0.127789,0.066719,0.010818,0.014477,0.102398
2.03043,162.78,0.195419,0.128688,0.066731,0.010857,0.014538,0.103197
2.03063,162.79,0.196340,0.129598,0.066743,0.010896,0.014599,0.104006
2.03083,162.81,0.197271,0.130517,0.066754,0.010936,0.014661,0.104825
2.03103,162.82,0.198213,0.131447,0.066766,0.010976,0.014723,0.105652
2.03123,162.84,0.199164,0.132387,0.066777,0.011016,0.014785,0.106490
2.03143,162.86,0.200126,0.133337,0.066789,0.011056,0.014848,0.107337
2.03163,162.87,0.201099,0.134298,0.066801,0.011097,0.014911,0.108195
2.03183,162.89,0.202083,0.135270,0.066812,0.011138,0.014974,0.109063
2.03203,162.90,0.203077,0.136253,0.066824,0.011179,0.015038,0.109941
2.03223,162.92,0.204083,0.137247,0.066836,0.011220,0.015102,0.110829
2.03243,162.94,0.205100,0.138252,0.066847,0.011261,0.015167,0.111728
2.03263,162.95,0.206128,0.139269,0.066859,0.011303,0.015232,0.112638
2.03283,162.97,0.207168,0.140298,0.066870,0.011345,0.015297,0.113559
2.03303,162.98,0.208220,0.141338,0.066882,0.011387,0.015363,0.114492
2.03323,163.00,0.209284,0.142390,0.066894,0.011429,0.015430,0.115435
2.03343,163.02,0.210361,0.143455,0.066905,0.011472,0.015496,0.116390
2.03363,163.03,0.211449,0.144532,0.066917,0.011515,0.015564,0.117357
2.03383,163.05,0.212550,0.145622,0.066929,0.011558,0.015631,0.118336
2.03403,163.06,0.213665,0.146724,0.066940,0.011601,0.015699,0.119327
2.03423,163.08,0.214792,0.147840,0.066952,0.011645,0.015768,0.120330
2.03443,163.10,0.215932,0.148968,0.066964,0.011689,0.015837,0.121346
2.03463,163.11,0.217086,0.150110,0.066975,0.011733,0.015906,0.122375
2.03483,163.13,0.218253,0.151266,0.066987,0.011777,0.015976,0.123416
2.03503,163.14,0.219434,0.152436,0.066999,0.011822,0.016047,0.124471
2.03523,163.16,0.220630,0.153619,0.067011,0.011866,0.016117,0.125539
2.03543,163.18,0.221840,0.154817,0.067022,0.011912,0.016189,0.126621
2.03563,163.19,0.223064,0.156030,0.067034,0.011957,0.016260,0.127716
2.03583,163.21,0.224303,0.157257,0.067046,0.012002,0.016333,0.128826
2.03603,163.22,0.225557,0.158500,0.067057,0.012048,0.016405,0.129950
2.03623,163.24,0.226827,0.159758,0.067069,0.012094,0.016479,0.131088
2.03643,163.26,0.228111,0.161031,0.067081,0.012141,0.016552,0.132241
2.03663,163.27,0.229412,0.162320,0.067092,0.012187,0.016626,0.133409
2.03683,163.29,0.230729,0.163625,0.067104,0.012234,0.016701,0.134593
2.03703,163.30,0.232062,0.164946,0.067116,0.012282,0.016776,0.135792
2.03723,163.32,0.233412,0.166285,0.067128,0.012329,0.016852,0.137007
2.03743,163.34,0.234779,0.167640,0.067139,0.012377,0.016928,0.138238
2.03763,163.35,0.236163,0.169012,0.067151,0.012425,0.017005,0.139485
2.03783,163.37,0.237564,0.170401,0.067163,0.012473,0.017082,0.140750
2.03803,163.39,0.238983,0.171809,0.067174,0.012522,0.017160,0.142031
2.03823,163.40,0.240421,0.173234,0.067186,0.012570,0.017238,0.143329
2.03843,163.42,0.241876,0.174678,0.067198,0.012620,0.017317,0.144645
2.03863,163.43,0.243351,0.176141,0.067210,0.012669,0.017396,0.145979
2.03883,163.45,0.244844,0.177623,0.067221,0.012719,0.017476,0.147331
2.03903,163.47,0.246357,0.179124,0.067233,0.012769,0.017557,0.148702
2.03923,163.48,0.247890,0.180645,0.067245,0.012819,0.017638,0.150091
2.03943,163.50,0.249442,0.182186,0.067257,0.012870,0.017719,0.151500
2.03963,163.51,0.251015,0.183747,0.067268,0.012921,0.017802,0.152928
2.03983,163.53,0.252609,0.185329,0.067280,0.012972,0.017884,0.154376
2.04003,163.55,0.254224,0.186933,0.067292,0.013023,0.017968,0.155845
2.04023,163.56,0.255861,0.188557,0.067304,0.013075,0.018051,0.157334
2.04043,163.58,0.257520,0.190204,0.067315,0.013127,0.018136,0.158844
2.04063,163.59,0.259201,0.191873,0.067327,0.013180,0.018221,0.160376
2.04083,163.61,0.260904,0.193565,0.067339,0.013232,0.018307,0.161929
2.04103,163.63,0.262631,0.195280,0.067351,0.013285,0.018393,0.163505
2.04123,163.64,0.264381,0.197019,0.067363,0.013339,0.018480,0.165103
2.04143,163.66,0.266156,0.198782,0.067374,0.013393,0.018567,0.166725
2.04163,163.67,0.267955,0.200569,0.067386,0.013447,0.018655,0.168370
2.04183,163.69,0.269779,0.202381,0.067398,0.013501,0.018744,0.170039
2.04203,163.71,0.271628,0.204218,0.067410,0.013556,0.018833,0.171732
2.04223,163.72,0.273503,0.206082,0.067421,0.013611,0.018923,0.173451
2.04243,163.74,0.275405,0.207971,0.067433,0.013666,0.019014,0.175194
2.04263,163.75,0.277333,0.209888,0.067445,0.013722,0.019105,0.176964
2.04283,163.77,0.279289,0.211832,0.067457,0.013778,0.019197,0.178760
2.04303,163.79,0.281272,0.213804,0.067469,0.013834,0.019290,0.180583
2.04323,163.80,0.283284,0.215804,0.067480,0.013891,0.019383,0.182433
2.04343,163.82,0.285325,0.217833,0.067492,0.013948,0.019477,0.184311
2.04363,163.83,0.287396,0.219892,0.067504,0.014005,0.019571,0.186218
2.04383,163.85,0.289497,0.221981,0.067516,0.014063,0.019667,0.188154
2.04403,163.87,0.291628,0.224100,0.067528,0.014121,0.019763,0.190119
2.04423,163.88,0.293791,0.226251,0.067540,0.014180,0.019859,0.192115
2.04443,163.90,0.295985,0.228434,0.067551,0.014238,0.019957,0.194141
2.04463,163.91,0.298213,0.230649,0.067563,0.014298,0.020055,0.196199
2.04483,163.93,0.300473,0.232898,0.067575,0.014357,0.020154,0.198290
2.04503,163.95,0.302767,0.235181,0.067587,0.014417,0.020253,0.200412
2.04523,163.96,0.305096,0.237498,0.067599,0.014478,0.020354,0.202569
2.04543,163.98,0.307460,0.239850,0.067611,0.014538,0.020455,0.204759
2.04563,163.99,0.309861,0.242238,0.067622,0.014599,0.020557,0.206985
2.04583,164.01,0.312297,0.244663,0.067634,0.014661,0.020659,0.209246
2.04603,164.03,0.314772,0.247126,0.067646,0.014723,0.020762,0.211543
2.04623,164.04,0.317284,0.249626,0.067658,0.014785,0.020867,0.213877
2.04643,164.06,0.319836,0.252166,0.067670,0.014848,0.020971,0.216249
2.04663,164.07,0.322427,0.254745,0.067682,0.014911,0.021077,0.218660
2.04683,164.09,0.325059,0.257365,0.067694,0.014974,0.021184,0.221110
2.04703,164.11,0.327733,0.260027,0.067705,0.015038,0.021291,0.223601
2.04723,164.12,0.330448,0.262731,0.067717,0.015102,0.021399,0.226132
2.04743,164.14,0.333208,0.265478,0.067729,0.015167,0.021508,0.228706
2.04763,164.15,0.336011,0.268270,0.067741,0.015232,0.021618,0.231323
2.04783,164.17,0.338860,0.271107,0.067753,0.015297,0.021728,0.233983
2.04803,164.19,0.341754,0.273989,0.067765,0.015363,0.021840,0.236689
2.04823,164.20,0.344696,0.276919,0.067777,0.015430,0.021952,0.239440
2.04843,164.22,0.347686,0.279897,0.067789,0.015497,0.022065,0.242238
2.04863,164.23,0.350725,0.282924,0.067801,0.015564,0.022179,0.245084
2.04883,164.25,0.353814,0.286002,0.067812,0.015631,0.022294,0.247979
2.04903,164.27,0.356955,0.289131,0.067824,0.015699,0.022410,0.250923
2.04923,164.28,0.360148,0.292312,0.067836,0.015768,0.022526,0.253919
2.04943,164.30,0.363395,0.295547,0.067848,0.015837,0.022644,0.256968
2.04963,164.32,0.366696,0.298836,0.067860,0.015906,0.022763,0.260069
2.04983,164.33,0.370054,0.302182,0.067872,0.015976,0.022882,0.263226
2.05003,164.35,0.373469,0.305585,0.067884,0.016047,0.023002,0.266438
2.05023,164.36,0.376943,0.309047,0.067896,0.016118,0.023124,0.269708
2.05043,164.38,0.380476,0.312569,0.067908,0.016189,0.023246,0.273036
2.05063,164.40,0.384071,0.316152,0.067920,0.016261,0.023369,0.276424
2.05083,164.41,0.387729,0.319798,0.067932,0.016333,0.023494,0.279873
2.05103,164.43,0.391451,0.323507,0.067943,0.016405,0.023619,0.283385
2.05123,164.44,0.395238,0.327283,0.067955,0.016479,0.023745,0.286961
2.05143,164.46,0.399093,0.331126,0.067967,0.016552,0.023872,0.290603
2.05163,164.48,0.403016,0.335037,0.067979,0.016627,0.024000,0.294312
2.05183,164.49,0.407010,0.339019,0.067991,0.016701,0.024130,0.298090
2.05203,164.51,0.411076,0.343073,0.068003,0.016776,0.024260,0.301938
2.05223,164.52,0.415215,0.347200,0.068015,0.016852,0.024391,0.305859
2.05243,164.54,0.419430,0.351403,0.068027,0.016928,0.024524,0.309853
2.05263,164.56,0.423723,0.355684,0.068039,0.017005,0.024657,0.313923
2.05283,164.57,0.428094,0.360043,0.068051,0.017082,0.024792,0.318070
2.05303,164.59,0.432546,0.364483,0.068063,0.017160,0.024928,0.322297
2.05323,164.60,0.437082,0.369007,0.068075,0.017238,0.025064,0.326606
2.05343,164.62,0.441702,0.373615,0.068087,0.017317,0.025202,0.330997
2.05363,164.64,0.446410,0.378311,0.068099,0.017397,0.025341,0.335474
2.05383,164.65,0.451206,0.383095,0.068111,0.017476,0.025482,0.340039
2.05403,164.67,0.456094,0.387972,0.068123,0.017557,0.025623,0.344693
2.05423,164.68,0.461076,0.392942,0.068135,0.017638,0.025766,0.349440
2.05443,164.70,0.466154,0.398008,0.068147,0.017719,0.025909,0.354280
2.05463,164.72,0.471331,0.403172,0.068159,0.017802,0.026054,0.359217
2.05483,164.73,0.476608,0.408437,0.068171,0.017884,0.026200,0.364254
2.05503,164.75,0.481989,0.413806,0.068183,0.017968,0.026348,0.369392
2.05523,164.76,0.487475,0.419281,0.068195,0.018051,0.026496,0.374634
2.05543,164.78,0.493071,0.424864,0.068207,0.018136,0.026646,0.379983
2.05563,164.80,0.498778,0.430559,0.068219,0.018221,0.026797,0.385442
2.05583,164.81,0.504600,0.436369,0.068231,0.018307,0.026950,0.391014
2.05603,164.83,0.510539,0.442296,0.068243,0.018393,0.027104,0.396701
2.05623,164.84,0.516598,0.448343,0.068255,0.018480,0.027259,0.402506
2.05643,164.86,0.522781,0.454514,0.068267,0.018567,0.027415,0.408433
2.05663,164.88,0.529091,0.460812,0.068279,0.018655,0.027573,0.414485
2.05683,164.89,0.535530,0.467240,0.068291,0.018744,0.027732,0.420665
2.05703,164.91,0.542104,0.473801,0.068303,0.018833,0.027892,0.426977
2.05723,164.92,0.548814,0.480499,0.068315,0.018923,0.028054,0.433423
2.05743,164.94,0.555665,0.487338,0.068327,0.019014,0.028217,0.440008
2.05763,164.96,0.562661,0.494322,0.068339,0.019105,0.028382,0.446736
2.05783,164.97,0.569804,0.501453,0.068351,0.019197,0.028548,0.453610
2.05803,164.99,0.577101,0.508738,0.068363,0.019290,0.028715,0.460634
2.05823,165.00,0.584553,0.516178,0.068375,0.019383,0.028884,0.467812
2.05843,165.02,0.592166,0.523779,0.068387,0.019477,0.029055,0.475149
2.05863,165.04,0.599944,0.531545,0.068399,0.019572,0.029227,0.482648
2.05883,165.05,0.607892,0.539481,0.068411,0.019667,0.029400,0.490315
2.05903,165.07,0.616014,0.547590,0.068423,0.019763,0.029575,0.498153
2.05923,165.08,0.624314,0.555879,0.068435,0.019860,0.029752,0.506169
2.05943,165.10,0.632799,0.564351,0.068447,0.019957,0.029930,0.514365
2.05963,165.12,0.641472,0.573013,0.068459,0.020055,0.030110,0.522749
2.05983,165.13,0.650339,0.581868,0.068472,0.020154,0.030291,0.531324
2.06003,165.15,0.659406,0.590923,0.068484,0.020254,0.030474,0.540096
2.06023,165.16,0.668678,0.600183,0.068496,0.020354,0.030659,0.549071
2.06043,165.18,0.678161,0.609653,0.068508,0.020455,0.030845,0.558254
2.06063,165.20,0.687860,0.619340,0.068520,0.020557,0.031033,0.567652
2.06083,165.21,0.697782,0.629250,0.068532,0.020659,0.031223,0.577269
2.06103,165.23,0.707933,0.639389,0.068544,0.020763,0.031414,0.587113
2.06123,165.25,0.718320,0.649764,0.068556,0.020867,0.031607,0.597190
2.06143,165.26,0.728948,0.660380,0.068568,0.020972,0.031802,0.607507
2.06163,165.28,0.739826,0.671245,0.068580,0.021077,0.031999,0.618070
2.06183,165.29,0.750959,0.682367,0.068592,0.021184,0.032198,0.628886
2.06203,165.31,0.762355,0.693751,0.068605,0.021291,0.032398,0.639962
2.06223,165.33,0.774022,0.705406,0.068617,0.021399,0.032601,0.651307
2.06243,165.34,0.785968,0.717339,0.068629,0.021508,0.032805,0.662927
2.06263,165.36,0.798199,0.729558,0.068641,0.021618,0.033011,0.674830
2.06283,165.37,0.810724,0.742071,0.068653,0.021728,0.033219,0.687025
2.06303,165.39,0.823553,0.754887,0.068665,0.021840,0.033429,0.699519
2.06323,165.41,0.836692,0.768015,0.068677,0.021952,0.033641,0.712322
2.06343,165.42,0.850151,0.781461,0.068689,0.022065,0.033855,0.725442
2.06363,165.44,0.863939,0.795237,0.068701,0.022179,0.034071,0.738888
2.06383,165.45,0.878065,0.809351,0.068714,0.022294,0.034289,0.752669
2.06403,165.47,0.892538,0.823813,0.068726,0.022410,0.034509,0.766794
2.06423,165.49,0.907369,0.838631,0.068738,0.022527,0.034731,0.781274
2.06443,165.50,0.922568,0.853818,0.068750,0.022644,0.034956,0.796118
2.06463,165.52,0.938143,0.869381,0.068762,0.022763,0.035182,0.811336
2.06483,165.53,0.954107,0.885333,0.068774,0.022882,0.035411,0.826940
2.06503,165.55,0.970469,0.901683,0.068786,0.023003,0.035642,0.842938
2.06523,165.57,0.987241,0.918442,0.068799,0.023124,0.035875,0.859343
2.06543,165.58,1.004432,0.935622,0.068811,0.023246,0.036111,0.876165
2.06563,165.60,1.022056,0.953233,0.068823,0.023369,0.036349,0.893415
2.06583,165.61,1.040123,0.971288,0.068835,0.023494,0.036589,0.911106
2.06603,165.63,1.058645,0.989798,0.068847,0.023619,0.036831,0.929248
2.06623,165.65,1.077634,1.008774,0.068859,0.023745,0.037076,0.947853
2.06643,165.66,1.097101,1.028229,0.068872,0.023872,0.037324,0.966933
2.06663,165.68,1.117059,1.048175,0.068884,0.024001,0.037573,0.986501
2.06683,165.69,1.137520,1.068624,0.068896,0.024130,0.037826,1.006569
2.06703,165.71,1.158497,1.089589,0.068908,0.024260,0.038081,1.027148
2.06723,165.73,1.180001,1.111081,0.068920,0.024392,0.038338,1.048251
2.06743,165.74,1.202046,1.133113,0.068933,0.024524,0.038598,1.069891
2.06763,165.76,1.224643,1.155698,0.068945,0.024658,0.038861,1.092080
2.06783,165.77,1.247805,1.178848,0.068957,0.024792,0.039126,1.114830
2.06803,165.79,1.271543,1.202574,0.068969,0.024928,0.039394,1.138152
2.06823,165.81,1.295871,1.226890,0.068981,0.025065,0.039665,1.162060
2.06843,165.82,1.320799,1.251806,0.068994,0.025203,0.039938,1.186565
2.06863,165.84,1.346340,1.277334,0.069006,0.025342,0.040214,1.211678
2.06883,165.85,1.372504,1.303486,0.069018,0.025482,0.040494,1.237410
2.06903,165.87,1.399302,1.330272,0.069030,0.025623,0.040776,1.263773
2.06923,165.89,1.426743,1.357701,0.069042,0.025766,0.041061,1.290774
2.06943,165.90,1.454839,1.385784,0.069055,0.025910,0.041349,1.318426
2.06963,165.92,1.483596,1.414529,0.069067,0.026054,0.041640,1.346735
2.06983,165.93,1.513022,1.443943,0.069079,0.026201,0.041934,1.375709
2.07003,165.95,1.543126,1.474034,0.069091,0.026348,0.042231,1.405355
2.07023,165.97,1.573911,1.504807,0.069104,0.026497,0.042531,1.435680
2.07043,165.98,1.605382,1.536267,0.069116,0.026646,0.042834,1.466685
2.07063,166.00,1.637543,1.568415,0.069128,0.026798,0.043141,1.498376
2.07083,166.01,1.670393,1.601253,0.069140,0.026950,0.043451,1.530751
2.07103,166.03,1.703933,1.634780,0.069153,0.027104,0.043764,1.563812
2.07123,166.05,1.738158,1.668993,0.069165,0.027259,0.044081,1.597553
2.07143,166.06,1.773065,1.703888,0.069177,0.027415,0.044401,1.631971
2.07163,166.08,1.808645,1.739456,0.069189,0.027573,0.044724,1.667058
2.07183,166.09,1.844888,1.775686,0.069202,0.027732,0.045051,1.702802
2.07203,166.11,1.881780,1.812566,0.069214,0.027892,0.045382,1.739191
2.07223,166.13,1.919304,1.850078,0.069226,0.028054,0.045716,1.776207
2.07243,166.14,1.957440,1.888202,0.069238,0.028217,0.046054,1.813830
2.07263,166.16,1.996165,1.926914,0.069251,0.028382,0.046396,1.852036
2.07283,166.17,2.035448,1.966185,0.069263,0.028548,0.046741,1.890796
2.07303,166.19,2.075258,2.005983,0.069275,0.028715,0.047090,1.930077
2.07323,166.21,2.115558,2.046270,0.069288,0.028884,0.047443,1.969842
2.07343,166.22,2.156304,2.087004,0.069300,0.029055,0.047800,2.010048
2.07363,166.24,2.197448,2.128136,0.069312,0.029227,0.048161,2.050648
2.07383,166.26,2.238939,2.169615,0.069324,0.029400,0.048526,2.091587
2.07403,166.27,2.280716,2.211379,0.069337,0.029575,0.048895,2.132808
2.07423,166.29,2.322715,2.253366,0.069349,0.029752,0.049269,2.174245
2.07443,166.30,2.364865,2.295504,0.069361,0.029930,0.049646,2.215826
2.07463,166.32,2.407088,2.337715,0.069374,0.030110,0.050028,2.257476
2.07483,166.34,2.449302,2.379916,0.069386,0.030291,0.050414,2.299109
2.07503,166.35,2.491415,2.422017,0.069398,0.030474,0.050805,2.340637
2.07523,166.37,2.533332,2.463922,0.069411,0.030659,0.051200,2.381962
2.07543,166.38,2.574951,2.505528,0.069423,0.030845,0.051600,2.422982
2.07563,166.40,2.616163,2.546728,0.069435,0.031033,0.052005,2.463590
2.07583,166.42,2.656855,2.587407,0.069448,0.031223,0.052414,2.503670
2.07603,166.43,2.696907,2.627447,0.069460,0.031414,0.052828,2.543104
2.07623,166.45,2.736195,2.666722,0.069472,0.031608,0.053247,2.581767
2.07643,166.46,2.774590,2.705106,0.069485,0.031803,0.053670,2.619532
2.07663,166.48,2.811963,2.742466,0.069497,0.031999,0.054099,2.656266
2.07683,166.50,2.848177,2.778668,0.069509,0.032198,0.054533,2.691836
2.07703,166.51,2.883098,2.813577,0.069522,0.032398,0.054972,2.726105
2.07723,166.53,2.916589,2.847055,0.069534,0.032601,0.055416,2.758937
2.07743,166.54,2.948513,2.878967,0.069546,0.032805,0.055866,2.790195
2.07763,166.56,2.978736,2.909178,0.069559,0.033011,0.056321,2.819745
2.07783,166.58,3.007127,2.937556,0.069571,0.033219,0.056781,2.847454
2.07803,166.59,3.033557,2.963974,0.069583,0.033429,0.057248,2.873196
2.07823,166.61,3.057906,2.988311,0.069596,0.033641,0.057719,2.896849
2.07843,166.62,3.080058,3.010450,0.069608,0.033855,0.058197,2.918297
2.07863,166.64,3.099907,3.030287,0.069620,0.034071,0.058680,2.937434
2.07883,166.66,3.117355,3.047722,0.069633,0.034289,0.059170,2.954162
2.07903,166.67,3.132315,3.062670,0.069645,0.034509,0.059665,2.968394
2.07923,166.69,3.144713,3.075056,0.069658,0.034732,0.060167,2.980056
2.07943,166.70,3.154487,3.084817,0.069670,0.034956,0.060675,2.989085
2.07963,166.72,3.161588,3.091905,0.069682,0.035183,0.061189,2.995432
2.07983,166.74,3.165981,3.096286,0.069695,0.035411,0.061710,2.999063
2.08003,166.75,3.167647,3.097940,0.069707,0.035642,0.062237,2.999959
2.08023,166.77,3.166582,3.096862,0.069720,0.035876,0.062772,2.998114
2.08043,166.78,3.162794,3.093063,0.069732,0.036111,0.063312,2.993538
2.08063,166.80,3.156311,3.086567,0.069744,0.036349,0.063860,2.986256
2.08083,166.82,3.147170,3.077414,0.069757,0.036589,0.064415,2.976308
2.08103,166.83,3.135427,3.065658,0.069769,0.036832,0.064977,2.963748
2.08123,166.85,3.121147,3.051365,0.069782,0.037077,0.065546,2.948641
2.08143,166.86,3.104410,3.034616,0.069794,0.037324,0.066123,2.931068
2.08163,166.88,3.085307,3.015500,0.069806,0.037574,0.066707,2.911118
2.08183,166.90,3.063939,2.994120,0.069819,0.037826,0.067299,2.888893
2.08203,166.91,3.040415,2.970584,0.069831,0.038081,0.067898,2.864503
2.08223,166.93,3.014854,2.945010,0.069844,0.038338,0.068506,2.838065
2.08243,166.94,2.987380,2.917524,0.069856,0.038598,0.069121,2.809702
2.08263,166.96,2.958122,2.888253,0.069869,0.038861,0.069745,2.779545
2.08283,166.98,2.927213,2.857332,0.069881,0.039126,0.070377,2.747727
2.08303,166.99,2.894788,2.824895,0.069894,0.039394,0.071018,2.714381
2.08323,167.01,2.860985,2.791079,0.069906,0.039665,0.071667,2.679646
2.08343,167.02,2.825941,2.756022,0.069918,0.039939,0.072325,2.643657
2.08363,167.04,2.789790,2.719859,0.069931,0.040215,0.072992,2.606550
2.08383,167.06,2.752666,2.682723,0.069943,0.040494,0.073668,2.568459
2.08403,167.07,2.714701,2.644745,0.069956,0.040776,0.074353,2.529514
2.08423,167.09,2.676022,2.606053,0.069968,0.041061,0.075048,2.489842
2.08443,167.10,2.636750,2.566769,0.069981,0.041349,0.075753,2.449566
2.08463,167.12,2.597005,2.527011,0.069993,0.041640,0.076467,2.408803
2.08483,167.14,2.556897,2.486892,0.070006,0.041934,0.077191,2.367665
2.08503,167.15,2.516535,2.446516,0.070018,0.042231,0.077925,2.326258
2.08523,167.17,2.476017,2.405987,0.070031,0.042531,0.078670,2.284684
2.08543,167.19,2.435440,2.365397,0.070043,0.042835,0.079425,2.243035
2.08563,167.20,2.394890,2.324834,0.070056,0.043141,0.080191,2.201400
2.08583,167.22,2.354449,2.284381,0.070068,0.043451,0.080968,2.159860
2.08603,167.23,2.314193,2.244112,0.070081,0.043765,0.081756,2.118490
2.08623,167.25,2.274191,2.204098,0.070093,0.044081,0.082555,2.077360
2.08643,167.27,2.234506,2.164401,0.070106,0.044401,0.083366,2.036532
2.08663,167.28,2.195196,2.125078,0.070118,0.044725,0.084188,1.996063
2.08683,167.30,2.156312,2.086181,0.070131,0.045052,0.085023,1.956005
2.08703,167.31,2.117900,2.047757,0.070143,0.045382,0.085869,1.916403
2.08723,167.33,2.080001,2.009846,0.070156,0.045717,0.086729,1.877298
2.08743,167.35,2.042652,1.972484,0.070168,0.046054,0.087600,1.838727
2.08763,167.36,2.005885,1.935704,0.070181,0.046396,0.088485,1.800720
2.08783,167.38,1.969725,1.899532,0.070193,0.046741,0.089383,1.763305
2.08803,167.39,1.934198,1.863992,0.070206,0.047091,0.090295,1.726504
2.08823,167.41,1.899321,1.829103,0.070218,0.047444,0.091220,1.690337
2.08843,167.43,1.865112,1.794882,0.070231,0.047801,0.092159,1.654820
2.08863,167.44,1.831584,1.761340,0.070243,0.048162,0.093113,1.619964
2.08883,167.46,1.798745,1.728489,0.070256,0.048527,0.094080,1.585779
2.08903,167.47,1.766603,1.696335,0.070268,0.048896,0.095063,1.552273
2.08923,167.49,1.735164,1.664883,0.070281,0.049269,0.096061,1.519450
2.08943,167.51,1.704429,1.634136,0.070294,0.049647,0.097074,1.487312
2.08963,167.52,1.674400,1.604094,0.070306,0.050029,0.098104,1.455859
2.08983,167.54,1.645075,1.574756,0.070319,0.050415,0.099149,1.425090
2.09003,167.55,1.616451,1.546120,0.070331,0.050806,0.100210,1.395002
2.09023,167.57,1.588524,1.518181,0.070344,0.051201,0.101288,1.365589
2.09043,167.59,1.561289,1.490933,0.070356,0.051601,0.102384,1.336846
2.09063,167.60,1.534739,1.464370,0.070369,0.052005,0.103497,1.308766
2.09083,167.62,1.508866,1.438485,0.070382,0.052414,0.104627,1.281341
2.09103,167.63,1.483662,1.413268,0.070394,0.052828,0.105776,1.254562
2.09123,167.65,1.459118,1.388712,0.070407,0.053247,0.106943,1.228419
2.09143,167.67,1.435224,1.364805,0.070419,0.053671,0.108129,1.202903
2.09163,167.68,1.411970,1.341539,0.070432,0.054100,0.109334,1.178002
2.09183,167.70,1.389346,1.318901,0.070444,0.054533,0.110560,1.153705
2.09203,167.71,1.367339,1.296882,0.070457,0.054972,0.111805,1.130002
2.09223,167.73,1.345939,1.275469,0.070470,0.055417,0.113071,1.106879
2.09243,167.75,1.325134,1.254652,0.070482,0.055866,0.114358,1.084325
2.09263,167.76,1.304913,1.234418,0.070495,0.056321,0.115666,1.062328
2.09283,167.78,1.285264,1.214757,0.070507,0.056782,0.116997,1.040876
2.09303,167.79,1.266176,1.195656,0.070520,0.057248,0.118349,1.019955
2.09323,167.81,1.247635,1.177103,0.070533,0.057720,0.119725,0.999555
2.09343,167.83,1.229632,1.159087,0.070545,0.058198,0.121124,0.979662
2.09363,167.84,1.212153,1.141596,0.070558,0.058681,0.122547,0.960264
2.09383,167.86,1.195189,1.124618,0.070571,0.059171,0.123995,0.941350
2.09403,167.87,1.178726,1.108143,0.070583,0.059666,0.125467,0.922907
2.09423,167.89,1.162754,1.092159,0.070596,0.060168,0.126965,0.904923
2.09443,167.91,1.147263,1.076654,0.070608,0.060676,0.128490,0.887386
2.09463,167.92,1.132240,1.061619,0.070621,0.061190,0.130041,0.870285
2.09483,167.94,1.117676,1.047042,0.070634,0.061711,0.131619,0.853609
2.09503,167.95,1.103559,1.032913,0.070646,0.062238,0.133225,0.837347
2.09523,167.97,1.089881,1.019222,0.070659,0.062772,0.134860,0.821486
2.09543,167.99,1.076630,1.005958,0.070672,0.063313,0.136524,0.806018
2.09563,168.00,1.063797,0.993112,0.070684,0.063861,0.138218,0.790930
2.09583,168.02,1.051372,0.980675,0.070697,0.064416,0.139943,0.776213
2.09603,168.03,1.039347,0.968637,0.070710,0.064978,0.141699,0.761858
2.09623,168.05,1.027712,0.956990,0.070722,0.065547,0.143487,0.747853
2.09643,168.07,1.016459,0.945724,0.070735,0.066123,0.145308,0.734189
2.09663,168.08,1.005579,0.934831,0.070748,0.066708,0.147163,0.720857
2.09683,168.10,0.995063,0.924303,0.070760,0.067299,0.149052,0.707848
2.09703,168.12,0.984905,0.914132,0.070773,0.067899,0.150976,0.695153
2.09723,168.13,0.975096,0.904310,0.070786,0.068507,0.152937,0.682764
2.09743,168.15,0.965629,0.894830,0.070798,0.069122,0.154934,0.670671
2.09763,168.16,0.956496,0.885685,0.070811,0.069746,0.156969,0.658867
2.09783,168.18,0.947691,0.876867,0.070824,0.070378,0.159043,0.647343
2.09803,168.20,0.939208,0.868371,0.070837,0.071019,0.161157,0.636092
2.09823,168.21,0.931038,0.860189,0.070849,0.071668,0.163311,0.625107
2.09843,168.23,0.923178,0.852316,0.070862,0.072326,0.165507,0.614380
2.09863,168.24,0.915619,0.844745,0.070875,0.072993,0.167746,0.603903
2.09883,168.26,0.908358,0.837471,0.070887,0.073669,0.170028,0.593670
2.09903,168.28,0.901388,0.830488,0.070900,0.074354,0.172355,0.583675
2.09923,168.29,0.894704,0.823791,0.070913,0.075049,0.174729,0.573910
2.09943,168.31,0.888301,0.817375,0.070926,0.075753,0.177149,0.564369
2.09963,168.32,0.882174,0.811236,0.070938,0.076468,0.179618,0.555047
2.09983,168.34,0.876319,0.805368,0.070951,0.077192,0.182136,0.545936
2.10004,168.36,0.870731,0.799768,0.070964,0.077926,0.184706,0.537032
2.10024,168.37,0.865407,0.794430,0.070976,0.078671,0.187327,0.528329
2.10044,168.39,0.860342,0.789352,0.070989,0.079426,0.190002,0.519821
2.10064,168.40,0.855532,0.784530,0.071002,0.080192,0.192732,0.511503
2.10084,168.42,0.850974,0.779959,0.071015,0.080969,0.195517,0.503370
2.10104,168.44,0.846665,0.775638,0.071027,0.081756,0.198361,0.495416
2.10124,168.45,0.842602,0.771561,0.071040,0.082556,0.201264,0.487638
2.10144,168.47,0.838781,0.767728,0.071053,0.083367,0.204228,0.480030
2.10164,168.48,0.835200,0.764134,0.071066,0.084189,0.207254,0.472587
2.10184,168.50,0.831856,0.760777,0.071078,0.085024,0.210344,0.465306
2.10204,168.52,0.828747,0.757656,0.071091,0.085870,0.213500,0.458181
2.10224,168.53,0.825871,0.754767,0.071104,0.086730,0.216724,0.451210
2.10244,168.55,0.823226,0.752110,0.071117,0.087602,0.220017,0.444387
2.10264,168.56,0.820810,0.749681,0.071130,0.088486,0.223381,0.437710
2.10284,168.58,0.818622,0.747479,0.071142,0.089384,0.226818,0.431173
2.10304,168.60,0.816659,0.745504,0.071155,0.090296,0.230330,0.424774
2.10324,168.61,0.814921,0.743753,0.071168,0.091221,0.233920,0.418508
2.10344,168.63,0.813406,0.742225,0.071181,0.092160,0.237588,0.412373
2.10364,168.64,0.812114,0.740921,0.071193,0.093114,0.241338,0.406365
2.10384,168.66,0.811044,0.739838,0.071206,0.094082,0.245172,0.400480
2.10404,168.68,0.810195,0.738976,0.071219,0.095064,0.249092,0.394716
2.10424,168.69,0.809567,0.738335,0.071232,0.096062,0.253100,0.389069
2.10444,168.71,0.809160,0.737915,0.071245,0.097076,0.257198,0.383537
2.10464,168.72,0.808974,0.737716,0.071258,0.098105,0.261390,0.378117
2.10484,168.74,0.809008,0.737737,0.071270,0.099150,0.265678,0.372805
2.10504,168.76,0.809263,0.737979,0.071283,0.100212,0.270065,0.367599
2.10524,168.77,0.809739,0.738443,0.071296,0.101290,0.274552,0.362497
2.10544,168.79,0.810437,0.739129,0.071309,0.102385,0.279144,0.357495
2.10564,168.80,0.811359,0.740037,0.071322,0.103498,0.283844,0.352591
2.10584,168.82,0.812504,0.741169,0.071334,0.104628,0.288653,0.347784
2.10604,168.84,0.813874,0.742526,0.071347,0.105777,0.293575,0.343069
2.10624,168.85,0.815470,0.744110,0.071360,0.106944,0.298614,0.338447
2.10644,168.87,0.817293,0.745920,0.071373,0.108131,0.303773,0.333912
2.10664,168.88,0.819346,0.747961,0.071386,0.109336,0.309055,0.329465
2.10684,168.90,0.821630,0.750232,0.071399,0.110561,0.314463,0.325103
2.10704,168.92,0.824148,0.752736,0.071412,0.111807,0.320002,0.320823
2.10724,168.93,0.826900,0.755476,0.071424,0.113073,0.325675,0.316624
2.10744,168.95,0.829890,0.758453,0.071437,0.114359,0.331485,0.312503
2.10764,168.96,0.833120,0.761670,0.071450,0.115668,0.337438,0.308460
2.10784,168.98,0.836593,0.765130,0.071463,0.116998,0.343536,0.304491
2.10804,169.00,0.840311,0.768835,0.071476,0.118351,0.349783,0.300596
2.10824,169.01,0.844278,0.772789,0.071489,0.119727,0.356185,0.296772
2.10844,169.03,0.848496,0.776995,0.071502,0.121126,0.362746,0.293018
2.10864,169.05,0.852970,0.781456,0.071514,0.122549,0.369469,0.289333
2.10884,169.06,0.857703,0.786176,0.071527,0.123997,0.376360,0.285714
2.10904,169.08,0.862698,0.791158,0.071540,0.125469,0.383424,0.282160
2.10924,169.09,0.867960,0.796407,0.071553,0.126967,0.390664,0.278670
2.10944,169.11,0.873492,0.801926,0.071566,0.128492,0.398087,0.275243
2.10964,169.13,0.879299,0.807720,0.071579,0.130043,0.405697,0.271875
2.10984,169.14,0.885385,0.813793,0.071592,0.131621,0.413499,0.268568
2.11004,169.16,0.891754,0.820150,0.071605,0.133227,0.421499,0.265318
2.11024,169.17,0.898413,0.826795,0.071618,0.134862,0.429703,0.262125
2.11044,169.19,0.905364,0.833734,0.071631,0.136526,0.438114,0.258988
2.11064,169.21,0.912614,0.840971,0.071643,0.138220,0.446740,0.255905
2.11084,169.22,0.920168,0.848512,0.071656,0.139945,0.455586,0.252875
2.11104,169.24,0.928031,0.856361,0.071669,0.141701,0.464658,0.249897
2.11124,169.25,0.936208,0.864526,0.071682,0.143490,0.473962,0.246969
2.11144,169.27,0.944705,0.873010,0.071695,0.145311,0.483503,0.244092
2.11164,169.29,0.953529,0.881821,0.071708,0.147165,0.493288,0.241262
2.11184,169.30,0.962684,0.890963,0.071721,0.149054,0.503323,0.238481
2.11204,169.32,0.972176,0.900442,0.071734,0.150979,0.513613,0.235746
2.11224,169.33,0.982013,0.910266,0.071747,0.152939,0.524166,0.233056
2.11244,169.35,0.992199,0.920439,0.071760,0.154937,0.534987,0.230411
2.11264,169.37,1.002741,0.930968,0.071773,0.156972,0.546082,0.227809
2.11284,169.38,1.013644,0.941859,0.071786,0.159046,0.557458,0.225250
2.11304,169.40,1.024916,0.953118,0.071799,0.161159,0.569121,0.222733
2.11324,169.41,1.036562,0.964751,0.071812,0.163314,0.581076,0.220256
2.11344,169.43,1.048588,0.976764,0.071825,0.165510,0.593329,0.217820
2.11364,169.45,1.061001,0.989163,0.071838,0.167748,0.605887,0.215422
2.11384,169.46,1.073804,1.001954,0.071851,0.170031,0.618754,0.213064
2.11404,169.48,1.087006,1.015142,0.071864,0.172358,0.631936,0.210742
2.11424,169.49,1.100610,1.028733,0.071877,0.174732,0.645438,0.208458
2.11444,169.51,1.114622,1.042732,0.071890,0.177152,0.659265,0.206209
2.11464,169.53,1.129046,1.057144,0.071903,0.179621,0.673421,0.203996
2.11484,169.54,1.143887,1.071972,0.071916,0.182140,0.687909,0.201817
2.11504,169.56,1.159149,1.087221,0.071929,0.184709,0.702734,0.199673
2.11524,169.57,1.174836,1.102894,0.071942,0.187330,0.717897,0.197561
2.11544,169.59,1.190949,1.118994,0.071955,0.190005,0.733402,0.195482
2.11564,169.61,1.207491,1.135524,0.071968,0.192735,0.749248,0.193435
2.11584,169.62,1.224464,1.152483,0.071981,0.195521,0.765437,0.191419
2.11604,169.64,1.241867,1.169873,0.071994,0.198365,0.781968,0.189434
2.11624,169.65,1.259700,1.187693,0.072007,0.201268,0.798841,0.187479
2.11644,169.67,1.277961,1.205942,0.072020,0.204232,0.816051,0.185554
2.11664,169.69,1.296648,1.224616,0.072033,0.207258,0.833595,0.183657
2.11684,169.70,1.315757,1.243711,0.072046,0.210348,0.851469,0.181788
2.11704,169.72,1.335281,1.263222,0.072059,0.213504,0.869664,0.179948
2.11724,169.73,1.355213,1.283141,0.072072,0.216728,0.888174,0.178134
2.11744,169.75,1.375545,1.303460,0.072085,0.220021,0.906986,0.176347
2.11764,169.77,1.396266,1.324168,0.072098,0.223385,0.926090,0.174587
2.11784,169.78,1.417362,1.345251,0.072111,0.226822,0.945471,0.172852
2.11804,169.80,1.438819,1.366695,0.072124,0.230335,0.965113,0.171142
2.11824,169.81,1.460620,1.388483,0.072137,0.233924,0.984996,0.169458
2.11844,169.83,1.482745,1.410595,0.072150,0.237593,1.005100,0.167797
2.11864,169.85,1.505172,1.433009,0.072163,0.241343,1.025400,0.166160
2.11884,169.86,1.527876,1.455700,0.072176,0.245177,1.045871,0.164547
2.11904,169.88,1.550829,1.478640,0.072189,0.249097,1.066482,0.162956
2.11924,169.89,1.574001,1.501799,0.072202,0.253105,1.087200,0.161388
2.11944,169.91,1.597358,1.525143,0.072215,0.257203,1.107991,0.159842
2.11964,169.93,1.620864,1.548636,0.072228,0.261396,1.128816,0.158318
2.11984,169.94,1.644479,1.572238,0.072241,0.265684,1.149633,0.156815
2.12004,169.96,1.668160,1.595906,0.072254,0.270070,1.170396,0.155333
2.12024,169.98,1.691862,1.619594,0.072268,0.274558,1.191058,0.153872
2.12044,169.99,1.715535,1.643255,0.072281,0.279150,1.211568,0.152431
2.12064,170.01,1.739129,1.666835,0.072294,0.283850,1.231870,0.151009
2.12084,170.02,1.762589,1.690282,0.072307,0.288659,1.251910,0.149607
2.12104,170.04,1.785857,1.713537,0.072320,0.293582,1.271625,0.148224
2.12124,170.06,1.808875,1.736542,0.072333,0.298621,1.290955,0.146860
2.12144,170.07,1.831582,1.759236,0.072346,0.303780,1.309836,0.145514
2.12164,170.09,1.853915,1.781556,0.072359,0.309062,1.328201,0.144187
2.12184,170.10,1.875809,1.803437,0.072372,0.314470,1.345984,0.142877
2.12204,170.12,1.897201,1.824816,0.072385,0.320009,1.363116,0.141585
2.12224,170.14,1.918025,1.845626,0.072399,0.325682,1.379529,0.140309
2.12244,170.15,1.938216,1.865805,0.072412,0.331493,1.395154,0.139051
2.12264,170.17,1.957712,1.885287,0.072425,0.337445,1.409926,0.137809
2.12284,170.18,1.976449,1.904011,0.072438,0.343543,1.423777,0.136584
2.12304,170.20,1.994368,1.921917,0.072451,0.349791,1.436645,0.135375
2.12324,170.22,2.011412,1.938947,0.072464,0.356193,1.448467,0.134181
2.12344,170.23,2.027527,1.955050,0.072477,0.362754,1.459187,0.133003
2.12364,170.25,2.042665,1.970174,0.072491,0.369478,1.468751,0.131840
2.12384,170.26,2.056781,1.984277,0.072504,0.376369,1.477110,0.130692
2.12404,170.28,2.069836,1.997319,0.072517,0.383433,1.484221,0.129558
2.12424,170.30,2.081797,2.009267,0.072530,0.390674,1.490047,0.128439
2.12444,170.31,2.092638,2.020095,0.072543,0.398097,1.494557,0.127335
2.12464,170.33,2.102339,2.029783,0.072556,0.405707,1.497725,0.126244
2.12484,170.34,2.110888,2.038319,0.072569,0.413509,1.499536,0.125167
2.12504,170.36,2.118281,2.045699,0.072583,0.421510,1.499979,0.124104
2.12524,170.38,2.124520,2.051924,0.072596,0.429713,1.499051,0.123054
2.12544,170.39,2.129615,2.057006,0.072609,0.438125,1.496758,0.122017
2.12564,170.41,2.133585,2.060963,0.072622,0.446751,1.493112,0.120993
2.12584,170.42,2.136454,2.063819,0.072635,0.455598,1.488133,0.119981
2.12604,170.44,2.138255,2.065607,0.072649,0.464670,1.481848,0.118982
2.12624,170.46,2.139027,2.066366,0.072662,0.473974,1.474290,0.117995
2.12644,170.47,2.138816,2.066141,0.072675,0.483515,1.465499,0.117021
2.12664,170.49,2.137673,2.064984,0.072688,0.493300,1.455520,0.116058
2.12684,170.50,2.135653,2.062952,0.072701,0.503335,1.444403,0.115107
2.12704,170.52,2.132818,2.060104,0.072715,0.513626,1.432204,0.114167
2.12724,170.54,2.129233,2.056506,0.072728,0.524179,1.418981,0.113239
2.12744,170.55,2.124966,2.052225,0.072741,0.535000,1.404796,0.112322
2.12764,170.57,2.120087,2.047333,0.072754,0.546096,1.389715,0.111415
2.12784,170.58,2.114669,2.041901,0.072767,0.557472,1.373802,0.110520
2.12804,170.60,2.108785,2.036004,0.072781,0.569135,1.357127,0.109635
2.12824,170.62,2.102509,2.029715,0.072794,0.581091,1.339757,0.108761
2.12844,170.63,2.095915,2.023108,0.072807,0.593345,1.321760,0.107896
2.12864,170.65,2.089077,2.016257,0.072820,0.605903,1.303205,0.107042
2.12884,170.66,2.082067,2.009233,0.072834,0.618770,1.284157,0.106198
2.12904,170.68,2.074954,2.002108,0.072847,0.631953,1.264683,0.105364
2.12924,170.70,2.067809,1.994949,0.072860,0.645456,1.244846,0.104540
2.12944,170.71,2.060695,1.987822,0.072873,0.659283,1.224707,0.103725
2.12964,170.73,2.053676,1.980790,0.072887,0.673439,1.204325,0.102919
2.12984,170.74,2.046813,1.973913,0.072900,0.687928,1.183755,0.102123
2.13004,170.76,2.040160,1.967247,0.072913,0.702753,1.163051,0.101336
2.13024,170.78,2.033771,1.960845,0.072926,0.717916,1.142264,0.100557
2.13044,170.79,2.027695,1.954755,0.072940,0.733421,1.121439,0.099788
2.13064,170.81,2.021977,1.949024,0.072953,0.749268,1.100622,0.099027
2.13084,170.82,2.016658,1.943692,0.072966,0.765458,1.079852,0.098275
2.13104,170.84,2.011775,1.938796,0.072979,0.781989,1.059168,0.097531
2.13124,170.86,2.007361,1.934368,0.072993,0.798862,1.038603,0.096796
2.13144,170.87,2.003444,1.930438,0.073006,0.816073,1.018190,0.096068
2.13164,170.89,2.000049,1.927030,0.073019,0.833618,0.997956,0.095349
2.13184,170.90,1.997197,1.924164,0.073033,0.851491,0.977928,0.094638
2.13204,170.92,1.994903,1.921857,0.073046,0.869687,0.958128,0.093935
2.13224,170.94,1.993179,1.920120,0.073059,0.888197,0.938576,0.093239
2.13244,170.95,1.992033,1.918960,0.073072,0.907010,0.919292,0.092551
2.13264,170.97,1.991467,1.918382,0.073086,0.926114,0.900289,0.091870
2.13284,170.99,1.991482,1.918383,0.073099,0.945495,0.881583,0.091197
2.13304,171.00,1.992073,1.918960,0.073112,0.965137,0.863184,0.090532
2.13324,171.02,1.993229,1.920103,0.073126,0.985021,0.845101,0.089873
2.13344,171.03,1.994937,1.921798,0.073139,1.005125,0.827344,0.089221
2.13364,171.05,1.997180,1.924027,0.073152,1.025426,0.809917,0.088577
2.13384,171.07,1.999935,1.926769,0.073166,1.045896,0.792826,0.087939
2.13404,171.08,2.003177,1.929998,0.073179,1.066507,0.776075,0.087308
2.13424,171.10,2.006875,1.933682,0.073192,1.087226,0.759664,0.086684
2.13444,171.11,2.010994,1.937788,0.073206,1.108017,0.743596,0.086067
2.13464,171.13,2.015496,1.942277,0.073219,1.128842,0.727871,0.085456
2.13484,171.15,2.020338,1.947105,0.073232,1.149659,0.712488,0.084851
2.13504,171.16,2.025473,1.952227,0.073246,1.170422,0.697445,0.084253
2.13524,171.18,2.030851,1.957592,0.073259,1.191084,0.682740,0.083661
2.13544,171.19,2.036418,1.963145,0.073272,1.211593,0.668370,0.083075
2.13564,171.21,2.042115,1.968829,0.073286,1.231896,0.654331,0.082495
2.13584,171.23,2.047882,1.974583,0.073299,1.251934,0.640620,0.081921
2.13604,171.24,2.053654,1.980342,0.073313,1.271650,0.627231,0.081353
2.13624,171.26,2.059365,1.986039,0.073326,1.290979,0.614161,0.080791
2.13644,171.27,2.064945,1.991606,0.073339,1.309859,0.601404,0.080235
2.13664,171.29,2.070323,1.996971,0.073353,1.328224,0.588955,0.079684
2.13684,171.31,2.075426,2.002060,0.073366,1.346005,0.576808,0.079139
2.13704,171.32,2.080180,2.006801,0.073379,1.363137,0.564957,0.078599
2.13724,171.34,2.084511,2.011119,0.073393,1.379549,0.553397,0.078065
2.13744,171.35,2.088345,2.014939,0.073406,1.395173,0.542121,0.077537
2.13764,171.37,2.091608,2.018188,0.073420,1.409944,0.531123,0.077013
2.13784,171.39,2.094228,2.020795,0.073433,1.423794,0.520398,0.076495
2.13804,171.40,2.096136,2.022689,0.073446,1.436660,0.509939,0.075982
2.13824,171.42,2.097263,2.023803,0.073460,1.448481,0.499740,0.075474
2.13844,171.43,2.097546,2.024073,0.073473,1.459199,0.489794,0.074971
2.13864,171.45,2.096926,2.023440,0.073487,1.468762,0.480096,0.074473
2.13884,171.47,2.095348,2.021848,0.073500,1.477120,0.470640,0.073980
2.13904,171.48,2.092763,2.019249,0.073514,1.484229,0.461419,0.073492
2.13924,171.50,2.089126,2.015599,0.073527,1.490054,0.452428,0.073009
2.13944,171.51,2.084401,2.010861,0.073540,1.494561,0.443661,0.072530
2.13964,171.53,2.078558,2.005004,0.073554,1.497728,0.435111,0.072056
2.13984,171.55,2.071573,1.998006,0.073567,1.499537,0.426774,0.071587
2.14004,171.56,2.063432,1.989852,0.073581,1.499978,0.418643,0.071122
2.14024,171.58,2.054127,1.980532,0.073594,1.499049,0.410714,0.070661
2.14044,171.59,2.043656,1.970048,0.073608,1.496754,0.402980,0.070205
2.14064,171.61,2.032027,1.958406,0.073621,1.493106,0.395437,0.069754
2.14084,171.63,2.019255,1.945620,0.073635,1.488126,0.388079,0.069307
2.14104,171.64,2.005361,1.931713,0.073648,1.481839,0.380902,0.068863
2.14124,171.66,1.990375,1.916713,0.073661,1.474280,0.373900,0.068425
2.14144,171.67,1.974330,1.900655,0.073675,1.465487,0.367069,0.067990
2.14164,171.69,1.957267,1.883578,0.073688,1.455506,0.360404,0.067559
2.14184,171.71,1.939232,1.865530,0.073702,1.444388,0.353900,0.067133
2.14204,171.72,1.920275,1.846560,0.073715,1.432188,0.347553,0.066710
2.14224,171.74,1.900452,1.826723,0.073729,1.418964,0.341359,0.066292
2.14244,171.75,1.879819,1.806077,0.073742,1.404778,0.335313,0.065877
2.14264,171.77,1.858437,1.784681,0.073756,1.389695,0.329411,0.065466
2.14284,171.79,1.836369,1.762600,0.073769,1.373782,0.323650,0.065059
2.14304,171.80,1.813678,1.739895,0.073783,1.357105,0.318025,0.064656
2.14324,171.82,1.790429,1.716632,0.073796,1.339734,0.312533,0.064256
2.14344,171.83,1.766686,1.692876,0.073810,1.321737,0.307170,0.063860
2.14364,171.85,1.742513,1.668690,0.073823,1.303181,0.301932,0.063468
2.14384,171.87,1.717974,1.644137,0.073837,1.284133,0.296816,0.063079
2.14404,171.88,1.693131,1.619280,0.073850,1.264659,0.291819,0.062694
2.14424,171.90,1.668043,1.594179,0.073864,1.244821,0.286937,0.062312
2.14444,171.92,1.642769,1.568891,0.073877,1.224682,0.282167,0.061934
2.14464,171.93,1.617364,1.543473,0.073891,1.204299,0.277506,0.061559
2.14484,171.95,1.591881,1.517977,0.073904,1.183729,0.272951,0.061188
2.14504,171.96,1.566371,1.492454,0.073918,1.163025,0.268500,0.060819
2.14524,171.98,1.540881,1.466950,0.073931,1.142238,0.264148,0.060455
2.14544,172.00,1.515455,1.441510,0.073945,1.121413,0.259895,0.060093
2.14564,172.01,1.490134,1.416176,0.073959,1.100596,0.255736,0.059735
2.14584,172.03,1.464957,1.390985,0.073972,1.079826,0.251670,0.059379
2.14604,172.04,1.439958,1.365972,0.073986,1.059142,0.247693,0.059027
2.14624,172.06,1.415169,1.341170,0.073999,1.038578,0.243804,0.058678
2.14644,172.08,1.390619,1.316607,0.074013,1.018164,0.240001,0.058332
2.14664,172.09,1.366336,1.292309,0.074026,0.997931,0.236280,0.057990
2.14684,172.11,1.342341,1.268301,0.074040,0.977903,0.232639,0.057650
2.14704,172.12,1.318656,1.244603,0.074053,0.958103,0.229078,0.057313
2.14724,172.14,1.295299,1.221232,0.074067,0.938552,0.225592,0.056979
2.14744,172.16,1.272286,1.198206,0.074081,0.919268,0.222181,0.056648
2.14764,172.17,1.249631,1.175537,0.074094,0.900266,0.218842,0.056319
2.14784,172.19,1.227345,1.153237,0.074108,0.881560,0.215574,0.055994
2.14804,172.20,1.205438,1.131317,0.074121,0.863161,0.212375,0.055671
2.14824,172.22,1.183917,1.109782,0.074135,0.845079,0.209242,0.055351
2.14844,172.24,1.162789,1.088641,0.074149,0.827322,0.206175,0.055034
2.14864,172.25,1.142058,1.067896,0.074162,0.809896,0.203171,0.054720
2.14884,172.27,1.121728,1.047552,0.074176,0.792805,0.200229,0.054408
2.14904,172.28,1.101799,1.027610,0.074189,0.776054,0.197347,0.054099
2.14924,172.30,1.082273,1.008070,0.074203,0.759644,0.194524,0.053793
2.14944,172.32,1.063150,0.988933,0.074217,0.743577,0.191758,0.053489
2.14964,172.33,1.044427,0.970197,0.074230,0.727852,0.189048,0.053187
2.14984,172.35,1.026104,0.951860,0.074244,0.712469,0.186393,0.052888
2.15004,172.36,1.008175,0.933918,0.074258,0.697426,0.183790,0.052592
2.15024,172.38,0.990639,0.916368,0.074271,0.682722,0.181239,0.052298
2.15044,172.40,0.973491,0.899206,0.074285,0.668352,0.178738,0.052007
2.15064,172.41,0.956726,0.882428,0.074298,0.654314,0.176287,0.051718
2.15084,172.43,0.940338,0.866026,0.074312,0.640603,0.173883,0.051431
2.15104,172.44,0.924323,0.849997,0.074326,0.627215,0.171526,0.051147
2.15124,172.46,0.908674,0.834334,0.074339,0.614145,0.169215,0.050865
2.15144,172.48,0.893384,0.819031,0.074353,0.601388,0.166948,0.050585
2.15164,172.49,0.878448,0.804082,0.074367,0.588939,0.164724,0.050308
2.15184,172.51,0.863859,0.789479,0.074380,0.576793,0.162543,0.050033
2.15204,172.52,0.849610,0.775216,0.074394,0.564942,0.160403,0.049760
2.15224,172.54,0.835693,0.761286,0.074408,0.553382,0.158304,0.049489
2.15244,172.56,0.822103,0.747682,0.074421,0.542107,0.156244,0.049221
2.15264,172.57,0.808832,0.734397,0.074435,0.531110,0.154222,0.048955
2.15284,172.59,0.795872,0.721424,0.074449,0.520385,0.152238,0.048691
2.15304,172.60,0.783218,0.708755,0.074462,0.509926,0.150291,0.048429
2.15324,172.62,0.770861,0.696385,0.074476,0.499727,0.148379,0.048169
2.15344,172.64,0.758795,0.684305,0.074490,0.489782,0.146502,0.047911
2.15364,172.65,0.747012,0.672509,0.074503,0.480084,0.144660,0.047655
2.15384,172.67,0.735507,0.660990,0.074517,0.470628,0.142850,0.047401
2.15404,172.68,0.724272,0.649741,0.074531,0.461408,0.141074,0.047150
2.15424,172.70,0.713300,0.638756,0.074545,0.452417,0.139329,0.046900
2.15444,172.72,0.702585,0.628027,0.074558,0.443650,0.137615,0.046652
2.15464,172.73,0.692120,0.617548,0.074572,0.435100,0.135931,0.046406
2.15484,172.75,0.681899,0.607314,0.074586,0.426763,0.134278,0.046162
2.15504,172.76,0.671916,0.597317,0.074599,0.418633,0.132653,0.045920
2.15524,172.78,0.662164,0.587551,0.074613,0.410704,0.131057,0.045680
2.15544,172.80,0.652638,0.578011,0.074627,0.402971,0.129488,0.045442
2.15564,172.81,0.643331,0.568691,0.074641,0.395428,0.127947,0.045206
2.15584,172.83,0.634238,0.559584,0.074654,0.388070,0.126432,0.044971
2.15604,172.85,0.625353,0.550685,0.074668,0.380893,0.124943,0.044738
2.15624,172.86,0.616671,0.541989,0.074682,0.373892,0.123479,0.044507
2.15644,172.88,0.608185,0.533490,0.074696,0.367061,0.122040,0.044278
2.15664,172.89,0.599892,0.525183,0.074709,0.360396,0.120626,0.044051
2.15684,172.91,0.591786,0.517063,0.074723,0.353892,0.119235,0.043825
2.15704,172.93,0.583862,0.509125,0.074737,0.347545,0.117868,0.043601
2.15724,172.94,0.576114,0.501364,0.074751,0.341351,0.116523,0.043379
2.15744,172.96,0.568539,0.493775,0.074764,0.335306,0.115200,0.043158
2.15764,172.97,0.561132,0.486354,0.074778,0.329404,0.113900,0.042939
2.15784,172.99,0.553888,0.479096,0.074792,0.323643,0.112620,0.042722
2.15804,173.01,0.546803,0.471997,0.074806,0.318018,0.111362,0.042506
2.15824,173.02,0.539872,0.465053,0.074819,0.312526,0.110123,0.042292
2.15844,173.04,0.533093,0.458259,0.074833,0.307163,0.108905,0.042080
2.15864,173.05,0.526459,0.451612,0.074847,0.301926,0.107707,0.041869
2.15884,173.07,0.519969,0.445108,0.074861,0.296810,0.106527,0.041660
2.15904,173.09,0.513617,0.438743,0.074875,0.291813,0.105367,0.041452
2.15924,173.10,0.507401,0.432512,0.074888,0.286931,0.104225,0.041246
2.15944,173.12,0.501316,0.426414,0.074902,0.282161,0.103100,0.041042
2.15964,173.13,0.495360,0.420444,0.074916,0.277500,0.101994,0.040839
2.15984,173.15,0.489528,0.414598,0.074930,0.272946,0.100905,0.040637
2.16004,173.17,0.483818,0.408874,0.074944,0.268494,0.099832,0.040437
2.16024,173.18,0.478226,0.403269,0.074957,0.264143,0.098777,0.040238
2.16044,173.20,0.472750,0.397779,0.074971,0.259889,0.097737,0.040041
2.16064,173.21,0.467386,0.392401,0.074985,0.255731,0.096714,0.039845
2.16084,173.23,0.462132,0.387133,0.074999,0.251665,0.095706,0.039651
2.16104,173.25,0.456984,0.381971,0.075013,0.247688,0.094713,0.039458
2.16124,173.26,0.451940,0.376913,0.075027,0.243800,0.093736,0.039267
2.16144,173.28,0.446997,0.371957,0.075040,0.239996,0.092773,0.039076
2.16164,173.29,0.442153,0.367099,0.075054,0.236275,0.091825,0.038888
2.16184,173.31,0.437405,0.362337,0.075068,0.232635,0.090891,0.038700
2.16204,173.33,0.432751,0.357669,0.075082,0.229073,0.089970,0.038514
2.16224,173.34,0.428188,0.353092,0.075096,0.225588,0.089064,0.038329
2.16244,173.36,0.423714,0.348605,0.075110,0.222177,0.088170,0.038146
2.16264,173.37,0.419327,0.344204,0.075124,0.218838,0.087290,0.037964
2.16284,173.39,0.415025,0.339888,0.075137,0.215570,0.086423,0.037783
2.16304,173.41,0.410805,0.335654,0.075151,0.212371,0.085568,0.037604
2.16324,173.42,0.406666,0.331501,0.075165,0.209239,0.084726,0.037425
2.16344,173.44,0.402606,0.327427,0.075179,0.206171,0.083895,0.037248
2.16364,173.45,0.398622,0.323429,0.075193,0.203167,0.083077,0.037073
2.16384,173.47,0.394712,0.319506,0.075207,0.200225,0.082270,0.036898
2.16404,173.49,0.390876,0.315655,0.075221,0.197344,0.081475,0.036725
2.16424,173.50,0.387111,0.311876,0.075235,0.194521,0.080691,0.036553
2.16444,173.52,0.383415,0.308167,0.075249,0.191755,0.079918,0.036382
2.16464,173.53,0.379788,0.304525,0.075262,0.189045,0.079156,0.036212
2.16484,173.55,0.376226,0.300950,0.075276,0.186389,0.078405,0.036044
2.16504,173.57,0.372729,0.297439,0.075290,0.183787,0.077664,0.035877
2.16524,173.58,0.369295,0.293991,0.075304,0.181236,0.076933,0.035710
2.16544,173.60,0.365923,0.290605,0.075318,0.178735,0.076213,0.035545
2.16564,173.61,0.362611,0.287279,0.075332,0.176284,0.075502,0.035381
2.16584,173.63,0.359357,0.284011,0.075346,0.173880,0.074801,0.035219
2.16604,173.65,0.356161,0.280801,0.075360,0.171523,0.074110,0.035057
2.16624,173.66,0.353022,0.277648,0.075374,0.169212,0.073428,0.034897
2.16644,173.68,0.349936,0.274549,0.075388,0.166945,0.072755,0.034737
2.16664,173.69,0.346905,0.271503,0.075402,0.164722,0.072091,0.034579
2.16684,173.71,0.343926,0.268510,0.075416,0.162541,0.071436,0.034421
2.16704,173.73,0.340998,0.265568,0.075430,0.160401,0.070790,0.034265
2.16724,173.74,0.338119,0.262676,0.075444,0.158301,0.070152,0.034110
2.16744,173.76,0.335290,0.259833,0.075458,0.156241,0.069523,0.033956
2.16764,173.78,0.332509,0.257037,0.075472,0.154220,0.068902,0.033803
2.16784,173.79,0.329774,0.254288,0.075485,0.152236,0.068290,0.033651
2.16804,173.81,0.327085,0.251585,0.075499,0.150288,0.067685,0.033500
2.16824,173.82,0.324440,0.248927,0.075513,0.148377,0.067088,0.033350
2.16844,173.84,0.321839,0.246312,0.075527,0.146500,0.066499,0.033201
2.16864,173.86,0.319281,0.243740,0.075541,0.144657,0.065918,0.033053
2.16884,173.87,0.316765,0.241210,0.075555,0.142848,0.065344,0.032906
2.16904,173.89,0.314290,0.238720,0.075569,0.141071,0.064777,0.032760
2.16924,173.90,0.311854,0.236271,0.075583,0.139327,0.064218,0.032615
2.16944,173.92,0.309458,0.233861,0.075597,0.137613,0.063665,0.032471
2.16964,173.94,0.307100,0.231489,0.075611,0.135929,0.063120,0.032327
2.16984,173.95,0.304780,0.229155,0.075625,0.134276,0.062582,0.032185
2.17004,173.97,0.302496,0.226857,0.075639,0.132651,0.062050,0.032044
2.17024,173.98,0.300249,0.224595,0.075653,0.131055,0.061525,0.031903
2.17044,174.00,0.298036,0.222369,0.075667,0.129486,0.061006,0.031764
2.17064,174.02,0.295858,0.220177,0.075681,0.127945,0.060494,0.031625
2.17084,174.03,0.293714,0.218019,0.075695,0.126430,0.059989,0.031488
2.17104,174.05,0.291603,0.215894,0.075709,0.124941,0.059489,0.031351
2.17124,174.06,0.289524,0.213801,0.075724,0.123477,0.058996,0.031215
2.17144,174.08,0.287477,0.211740,0.075738,0.122039,0.058509,0.031080
2.17164,174.10,0.285461,0.209710,0.075752,0.120624,0.058027,0.030946
2.17184,174.11,0.283476,0.207710,0.075766,0.119234,0.057552,0.030813
2.17204,174.13,0.281520,0.205741,0.075780,0.117866,0.057082,0.030680
2.17224,174.14,0.279594,0.203800,0.075794,0.116521,0.056618,0.030549
2.17244,174.16,0.277696,0.201888,0.075808,0.115199,0.056159,0.030418
2.17264,174.18,0.275827,0.200005,0.075822,0.113898,0.055706,0.030288
2.17284,174.19,0.273985,0.198149,0.075836,0.112619,0.055258,0.030159
2.17304,174.21,0.272169,0.196319,0.075850,0.111360,0.054816,0.030031
2.17324,174.22,0.270381,0.194517,0.075864,0.110122,0.054379,0.029903
2.17344,174.24,0.268618,0.192740,0.075878,0.108904,0.053947,0.029777
2.17364,174.26,0.266881,0.190989,0.075892,0.107705,0.053520,0.029651
2.17384,174.27,0.265169,0.189262,0.075906,0.106526,0.053098,0.029526
2.17404,174.29,0.263481,0.187561,0.075920,0.105365,0.052681,0.029402
2.17424,174.30,0.261817,0.185883,0.075934,0.104223,0.052268,0.029278
2.17444,174.32,0.260177,0.184228,0.075949,0.103099,0.051861,0.029156
2.17464,174.34,0.258560,0.182597,0.075963,0.101993,0.051458,0.029034
2.17484,174.35,0.256965,0.180989,0.075977,0.100903,0.051060,0.028913
2.17504,174.37,0.255393,0.179403,0.075991,0.099831,0.050666,0.028792
2.17524,174.38,0.253843,0.177838,0.076005,0.098775,0.050277,0.028673
2.17544,174.40,0.252314,0.176295,0.076019,0.097736,0.049892,0.028554
2.17564,174.42,0.250806,0.174773,0.076033,0.096713,0.049512,0.028435
2.17584,174.43,0.249319,0.173272,0.076047,0.095705,0.049136,0.028318
2.17604,174.45,0.247852,0.171791,0.076061,0.094712,0.048764,0.028201
2.17624,174.46,0.246405,0.170330,0.076076,0.093735,0.048396,0.028085
2.17644,174.48,0.244978,0.168888,0.076090,0.092772,0.048033,0.027970
2.17664,174.50,0.243569,0.167466,0.076104,0.091824,0.047673,0.027855
2.17684,174.51,0.242180,0.166062,0.076118,0.090890,0.047318,0.027742
2.17704,174.53,0.240809,0.164677,0.076132,0.089969,0.046966,0.027628
2.17724,174.54,0.239456,0.163310,0.076146,0.089063,0.046618,0.027516
2.17744,174.56,0.238121,0.161961,0.076160,0.088169,0.046274,0.027404
2.17764,174.58,0.236804,0.160629,0.076175,0.087289,0.045934,0.027293
2.17784,174.59,0.235504,0.159315,0.076189,0.086422,0.045597,0.027182
2.17804,174.61,0.234220,0.158018,0.076203,0.085567,0.045265,0.027073
2.17824,174.62,0.232954,0.156737,0.076217,0.084725,0.044935,0.026964
2.17844,174.64,0.231704,0.155472,0.076231,0.083894,0.044609,0.026855
2.17864,174.66,0.230469,0.154224,0.076245,0.083076,0.044287,0.026747
2.17884,174.67,0.229251,0.152991,0.076260,0.082269,0.043968,0.026640
2.17904,174.69,0.228048,0.151774,0.076274,0.081474,0.043653,0.026533
2.17924,174.71,0.226860,0.150572,0.076288,0.080690,0.043341,0.026428
2.17944,174.72,0.225688,0.149385,0.076302,0.079917,0.043032,0.026322
2.17964,174.74,0.224530,0.148213,0.076316,0.079155,0.042727,0.026218
2.17984,174.75,0.223386,0.147056,0.076331,0.078404,0.042424,0.026114
2.18004,174.77,0.222257,0.145912,0.076345,0.077663,0.042125,0.026010
2.18024,174.79,0.221142,0.144783,0.076359,0.076932,0.041829,0.025907
2.18044,174.80,0.220040,0.143667,0.076373,0.076212,0.041536,0.025805
2.18064,174.82,0.218952,0.142565,0.076387,0.075501,0.041246,0.025704
2.18084,174.83,0.217878,0.141476,0.076402,0.074800,0.040959,0.025603
2.18104,174.85,0.216816,0.140400,0.076416,0.074109,0.040675,0.025502
2.18124,174.87,0.215767,0.139337,0.076430,0.073427,0.040394,0.025402
2.18144,174.88,0.214732,0.138287,0.076444,0.072754,0.040116,0.025303
2.18164,174.90,0.213708,0.137249,0.076459,0.072090,0.039841,0.025205
2.18184,174.91,0.212697,0.136224,0.076473,0.071435,0.039568,0.025106
2.18204,174.93,0.211698,0.135211,0.076487,0.070789,0.039299,0.025009
2.18224,174.95,0.210710,0.134209,0.076501,0.070152,0.039032,0.024912
2.18244,174.96,0.209735,0.133219,0.076516,0.069522,0.038767,0.024816
2.18264,174.98,0.208771,0.132241,0.076530,0.068902,0.038506,0.024720
2.18284,174.99,0.207818,0.131274,0.076544,0.068289,0.038247,0.024625
2.18304,175.01,0.206876,0.130318,0.076558,0.067684,0.037990,0.024530
2.18324,175.03,0.205946,0.129373,0.076573,0.067087,0.037736,0.024436
2.18344,175.04,0.205026,0.128439,0.076587,0.066498,0.037485,0.024342
2.18364,175.06,0.204117,0.127516,0.076601,0.065917,0.037236,0.024249
2.18384,175.07,0.203218,0.126603,0.076615,0.065343,0.036989,0.024156
2.18404,175.09,0.202330,0.125700,0.076630,0.064776,0.036745,0.024064
2.18424,175.11,0.201451,0.124807,0.076644,0.064217,0.036504,0.023973
2.18444,175.12,0.200583,0.123925,0.076658,0.063665,0.036264,0.023882
2.18464,175.14,0.199725,0.123052,0.076673,0.063119,0.036027,0.023791
2.18484,175.15,0.198876,0.122189,0.076687,0.062581,0.035792,0.023701
2.18504,175.17,0.198037,0.121335,0.076701,0.062049,0.035560,0.023612
2.18524,175.19,0.197207,0.120491,0.076715,0.061524,0.035330,0.023523
2.18544,175.20,0.196386,0.119656,0.076730,0.061006,0.035102,0.023434
2.18564,175.22,0.195575,0.118831,0.076744,0.060494,0.034876,0.023346
2.18584,175.23,0.194772,0.118014,0.076758,0.059988,0.034652,0.023259
2.18604,175.25,0.193979,0.117206,0.076773,0.059489,0.034431,0.023172
2.18624,175.27,0.193194,0.116407,0.076787,0.058995,0.034211,0.023086
2.18644,175.28,0.192417,0.115616,0.076801,0.058508,0.033994,0.023000
2.18664,175.30,0.191650,0.114834,0.076816,0.058027,0.033779,0.022914
2.18684,175.31,0.190890,0.114060,0.076830,0.057551,0.033566,0.022829
2.18704,175.33,0.190139,0.113294,0.076844,0.057081,0.033354,0.022744
2.18724,175.35,0.189396,0.112537,0.076859,0.056617,0.033145,0.022660
2.18744,175.36,0.188660,0.111787,0.076873,0.056158,0.032938,0.022577
2.18764,175.38,0.187933,0.111046,0.076887,0.055705,0.032732,0.022493
2.18784,175.39,0.187214,0.110312,0.076902,0.055258,0.032529,0.022411
2.18804,175.41,0.186502,0.109585,0.076916,0.054815,0.032327,0.022328
2.18824,175.43,0.185797,0.108867,0.076931,0.054378,0.032127,0.022247
2.18844,175.44,0.185100,0.108155,0.076945,0.053946,0.031929,0.022165
2.18864,175.46,0.184411,0.107451,0.076959,0.053519,0.031733,0.022084
2.18884,175.47,0.183728,0.106754,0.076974,0.053097,0.031539,0.022004
2.18904,175.49,0.183053,0.106065,0.076988,0.052680,0.031346,0.021924
2.18924,175.51,0.182385,0.105382,0.077002,0.052268,0.031155,0.021844
2.18944,175.52,0.181723,0.104706,0.077017,0.051860,0.030966,0.021765
2.18964,175.54,0.181069,0.104037,0.077031,0.051458,0.030779,0.021686
2.18984,175.55,0.180421,0.103375,0.077046,0.051059,0.030593,0.021608
2.19004,175.57,0.179780,0.102720,0.077060,0.050666,0.030409,0.021530
2.19024,175.59,0.179145,0.102071,0.077074,0.050277,0.030227,0.021452
2.19044,175.60,0.178517,0.101428,0.077089,0.049892,0.030046,0.021375
2.19064,175.62,0.177895,0.100792,0.077103,0.049512,0.029867,0.021299
2.19084,175.63,0.177280,0.100162,0.077118,0.049136,0.029689,0.021222
2.19104,175.65,0.176670,0.099538,0.077132,0.048764,0.029513,0.021146
2.19124,175.67,0.176067,0.098921,0.077147,0.048396,0.029339,0.021071
2.19144,175.68,0.175470,0.098309,0.077161,0.048032,0.029166,0.020996
2.19164,175.70,0.174879,0.097703,0.077175,0.047673,0.028994,0.020921
2.19184,175.72,0.174294,0.097104,0.077190,0.047317,0.028824,0.020847
2.19204,175.73,0.173714,0.096510,0.077204,0.046966,0.028656,0.020773
2.19224,175.75,0.173140,0.095922,0.077219,0.046618,0.028489,0.020700
2.19244,175.76,0.172572,0.095339,0.077233,0.046274,0.028323,0.020627
2.19264,175.78,0.172010,0.094762,0.077248,0.045934,0.028159,0.020554
2.19284,175.80,0.171453,0.094190,0.077262,0.045597,0.027996,0.020482
2.19304,175.81,0.170901,0.093624,0.077277,0.045264,0.027835,0.020410
2.19324,175.83,0.170355,0.093064,0.077291,0.044935,0.027675,0.020338
2.19344,175.84,0.169814,0.092508,0.077306,0.044609,0.027517,0.020267
2.19364,175.86,0.169278,0.091958,0.077320,0.044287,0.027359,0.020196
2.19384,175.88,0.168747,0.091413,0.077335,0.043968,0.027204,0.020126
2.19404,175.89,0.168222,0.090873,0.077349,0.043653,0.027049,0.020056
2.19424,175.91,0.167701,0.090338,0.077363,0.043341,0.026896,0.019986
2.19444,175.92,0.167186,0.089808,0.077378,0.043032,0.026744,0.019917
2.19464,175.94,0.166675,0.089283,0.077392,0.042726,0.026593,0.019848
2.19484,175.96,0.166169,0.088762,0.077407,0.042424,0.026444,0.019779
2.19504,175.97,0.165668,0.088247,0.077421,0.042125,0.026295,0.019711
2.19524,175.99,0.165172,0.087736,0.077436,0.041829,0.026149,0.019643
2.19544,176.00,0.164680,0.087230,0.077450,0.041536,0.026003,0.019575
2.19564,176.02,0.164193,0.086728,0.077465,0.041246,0.025858,0.019508
2.19584,176.04,0.163711,0.086231,0.077480,0.040959,0.025715,0.019441
2.19604,176.05,0.163233,0.085739,0.077494,0.040675,0.025573,0.019375
2.19624,176.07,0.162759,0.085250,0.077509,0.040394,0.025432,0.019309
2.19644,176.08,0.162290,0.084767,0.077523,0.040116,0.025292,0.019243
2.19664,176.10,0.161825,0.084287,0.077538,0.039841,0.025153,0.019177
2.19684,176.12,0.161364,0.083812,0.077552,0.039568,0.025016,0.019112
2.19704,176.13,0.160908,0.083341,0.077567,0.039298,0.024879,0.019047
2.19724,176.15,0.160455,0.082874,0.077581,0.039031,0.024744,0.018983
2.19744,176.16,0.160007,0.082411,0.077596,0.038767,0.024610,0.018919
2.19764,176.18,0.159563,0.081953,0.077610,0.038505,0.024477,0.018855
2.19784,176.20,0.159123,0.081498,0.077625,0.038246,0.024345,0.018791
2.19804,176.21,0.158687,0.081047,0.077640,0.037990,0.024214,0.018728
2.19824,176.23,0.158255,0.080601,0.077654,0.037736,0.024084,0.018665
2.19844,176.24,0.157826,0.080158,0.077669,0.037484,0.023955,0.018602
2.19864,176.26,0.157402,0.079719,0.077683,0.037235,0.023827,0.018540
2.19884,176.28,0.156981,0.079283,0.077698,0.036989,0.023700,0.018478
2.19904,176.29,0.156564,0.078852,0.077712,0.036745,0.023574,0.018416
2.19924,176.31,0.156151,0.078424,0.077727,0.036503,0.023449,0.018355
2.19944,176.32,0.155741,0.078000,0.077742,0.036264,0.023326,0.018294
2.19964,176.34,0.155335,0.077579,0.077756,0.036027,0.023203,0.018233
2.19984,176.36,0.154933,0.077162,0.077771,0.035792,0.023081,0.018173
2.20004,176.37,0.154534,0.076749,0.077785,0.035560,0.022960,0.018113
2.20024,176.39,0.154138,0.076338,0.077800,0.035330,0.022840,0.018053
2.20044,176.40,0.153746,0.075932,0.077815,0.035102,0.022721,0.017993
2.20064,176.42,0.153358,0.075529,0.077829,0.034876,0.022602,0.017934
2.20084,176.44,0.152973,0.075129,0.077844,0.034652,0.022485,0.017875
2.20104,176.45,0.152591,0.074732,0.077859,0.034431,0.022369,0.017816
2.20124,176.47,0.152212,0.074339,0.077873,0.034211,0.022253,0.017758
2.20144,176.48,0.151837,0.073949,0.077888,0.033994,0.022139,0.017700
2.20164,176.50,0.151465,0.073562,0.077902,0.033779,0.022025,0.017642
2.20184,176.52,0.151096,0.073179,0.077917,0.033565,0.021912,0.017585
2.20204,176.53,0.150730,0.072798,0.077932,0.033354,0.021800,0.017527
2.20224,176.55,0.150367,0.072421,0.077946,0.033145,0.021689,0.017470
2.20244,176.56,0.150007,0.072046,0.077961,0.032937,0.021579,0.017414
2.20264,176.58,0.149651,0.071675,0.077976,0.032732,0.021469,0.017357
2.20284,176.60,0.149297,0.071307,0.077990,0.032528,0.021361,0.017301
2.20304,176.61,0.148947,0.070942,0.078005,0.032327,0.021253,0.017245
2.20324,176.63,0.148599,0.070579,0.078020,0.032127,0.021146,0.017190
2.20344,176.65,0.148254,0.070220,0.078034,0.031929,0.021040,0.017134
2.20364,176.66,0.147912,0.069863,0.078049,0.031733,0.020934,0.017079
2.20384,176.68,0.147573,0.069509,0.078064,0.031539,0.020830,0.017024
2.20404,176.69,0.147237,0.069158,0.078078,0.031346,0.020726,0.016970
2.20424,176.71,0.146903,0.068810,0.078093,0.031155,0.020623,0.016916
2.20444,176.73,0.146573,0.068465,0.078108,0.030966,0.020520,0.016862
2.20464,176.74,0.146245,0.068122,0.078123,0.030779,0.020419,0.016808
2.20484,176.76,0.145919,0.067782,0.078137,0.030593,0.020318,0.016754
2.20504,176.77,0.145597,0.067445,0.078152,0.030409,0.020218,0.016701
2.20524,176.79,0.145277,0.067110,0.078167,0.030226,0.020119,0.016648
2.20544,176.81,0.144959,0.066778,0.078181,0.030046,0.020020,0.016595
2.20564,176.82,0.144645,0.066449,0.078196,0.029866,0.019922,0.016543
2.20584,176.84,0.144332,0.066122,0.078211,0.029689,0.019825,0.016490
2.20604,176.85,0.144023,0.065797,0.078226,0.029513,0.019729,0.016438
2.20624,176.87,0.143715,0.065475,0.078240,0.029338,0.019633,0.016387
2.20644,176.89,0.143411,0.065156,0.078255,0.029165,0.019538,0.016335
2.20664,176.90,0.143108,0.064839,0.078270,0.028994,0.019443,0.016284
2.20684,176.92,0.142808,0.064524,0.078285,0.028824,0.019350,0.016233
2.20704,176.93,0.142511,0.064212,0.078299,0.028656,0.019257,0.016182
2.20724,176.95,0.142216,0.063902,0.078314,0.028489,0.019164,0.016131
2.20744,176.97,0.141923,0.063594,0.078329,0.028323,0.019073,0.016081
2.20764,176.98,0.141633,0.063289,0.078344,0.028159,0.018982,0.016031
2.20784,177.00,0.141344,0.062986,0.078358,0.027996,0.018891,0.015981
2.20804,177.01,0.141059,0.062685,0.078373,0.027835,0.018801,0.015932
2.20824,177.03,0.140775,0.062387,0.078388,0.027675,0.018712,0.015882
2.20844,177.05,0.140494,0.062091,0.078403,0.027516,0.018624,0.015833
2.20864,177.06,0.140214,0.061797,0.078417,0.027359,0.018536,0.015784
2.20884,177.08,0.139937,0.061505,0.078432,0.027203,0.018449,0.015735
2.20904,177.09,0.139662,0.061215,0.078447,0.027049,0.018362,0.015687
2.20924,177.11,0.139390,0.060928,0.078462,0.026896,0.018276,0.015639
2.20944,177.13,0.139119,0.060643,0.078477,0.026744,0.018191,0.015591
2.20964,177.14,0.138851,0.060359,0.078491,0.026593,0.018106,0.015543
2.20984,177.16,0.138584,0.060078,0.078506,0.026443,0.018022,0.015495
2.21004,177.17,0.138320,0.059799,0.078521,0.026295,0.017938,0.015448
2.21024,177.19,0.138058,0.059522,0.078536,0.026148,0.017855,0.015401
2.21044,177.21,0.137797,0.059246,0.078551,0.026003,0.017772,0.015354
2.21064,177.22,0.137539,0.058973,0.078566,0.025858,0.017690,0.015307
2.21084,177.24,0.137283,0.058702,0.078580,0.025715,0.017609,0.015260
2.21104,177.25,0.137028,0.058433,0.078595,0.025573,0.017528,0.015214
2.21124,177.27,0.136776,0.058166,0.078610,0.025432,0.017448,0.015168
2.21144,177.29,0.136525,0.057900,0.078625,0.025292,0.017368,0.015122
2.21164,177.30,0.136276,0.057637,0.078640,0.025153,0.017289,0.015076
2.21184,177.32,0.136030,0.057375,0.078655,0.025016,0.017210,0.015031
2.21204,177.33,0.135785,0.057115,0.078669,0.024879,0.017132,0.014986
2.21224,177.35,0.135542,0.056857,0.078684,0.024744,0.017055,0.014941
2.21244,177.37,0.135300,0.056601,0.078699,0.024610,0.016978,0.014896
2.21264,177.38,0.135061,0.056347,0.078714,0.024477,0.016901,0.014851
2.21284,177.40,0.134823,0.056095,0.078729,0.024345,0.016825,0.014807
2.21304,177.41,0.134588,0.055844,0.078744,0.024214,0.016750,0.014762
2.21324,177.43,0.134353,0.055595,0.078759,0.024084,0.016675,0.014718
2.21344,177.45,0.134121,0.055348,0.078774,0.023955,0.016600,0.014674
2.21364,177.46,0.133890,0.055102,0.078788,0.023827,0.016526,0.014631
2.21384,177.48,0.133661,0.054858,0.078803,0.023700,0.016453,0.014587
2.21404,177.49,0.133434,0.054616,0.078818,0.023574,0.016380,0.014544
2.21424,177.51,0.133209,0.054376,0.078833,0.023449,0.016307,0.014501
2.21444,177.53,0.132985,0.054137,0.078848,0.023325,0.016235,0.014458
2.21464,177.54,0.132762,0.053900,0.078863,0.023202,0.016163,0.014415
2.21484,177.56,0.132542,0.053664,0.078878,0.023081,0.016092,0.014373
2.21504,177.58,0.132323,0.053430,0.078893,0.022960,0.016022,0.014330
2.21524,177.59,0.132105,0.053198,0.078908,0.022839,0.015951,0.014288
2.21544,177.61,0.131889,0.052967,0.078923,0.022720,0.015882,0.014246
2.21564,177.62,0.131675,0.052738,0.078938,0.022602,0.015812,0.014204
2.21584,177.64,0.131462,0.052510,0.078952,0.022485,0.015744,0.014163
2.21604,177.66,0.131251,0.052284,0.078967,0.022369,0.015675,0.014121
2.21624,177.67,0.131042,0.052059,0.078982,0.022253,0.015607,0.014080
2.21644,177.69,0.130833,0.051836,0.078997,0.022138,0.015540,0.014039
2.21664,177.70,0.130627,0.051614,0.079012,0.022025,0.015473,0.013998
2.21684,177.72,0.130422,0.051394,0.079027,0.021912,0.015406,0.013958
2.21704,177.74,0.130218,0.051176,0.079042,0.021800,0.015340,0.013917
2.21724,177.75,0.130016,0.050958,0.079057,0.021689,0.015274,0.013877
2.21744,177.77,0.129815,0.050743,0.079072,0.021579,0.015209,0.013837
2.21764,177.78,0.129615,0.050528,0.079087,0.021469,0.015144,0.013797
2.21784,177.80,0.129417,0.050315,0.079102,0.021360,0.015079,0.013757
2.21804,177.82,0.129221,0.050104,0.079117,0.021253,0.015015,0.013717
2.21824,177.83,0.129026,0.049894,0.079132,0.021146,0.014951,0.013678
2.21844,177.85,0.128832,0.049685,0.079147,0.021039,0.014888,0.013638
2.21864,177.86,0.128640,0.049477,0.079162,0.020934,0.014825,0.013599
2.21884,177.88,0.128448,0.049271,0.079177,0.020829,0.014763,0.013560
2.21904,177.90,0.128259,0.049067,0.079192,0.020726,0.014701,0.013521
2.21924,177.91,0.128070,0.048863,0.079207,0.020623,0.014639,0.013483
2.21944,177.93,0.127883,0.048661,0.079222,0.020520,0.014578,0.013444
2.21964,177.94,0.127698,0.048460,0.079237,0.020419,0.014517,0.013406
2.21984,177.96,0.127513,0.048261,0.079252,0.020318,0.014456,0.013368
2.22004,177.98,0.127330,0.048063,0.079267,0.020218,0.014396,0.013330
2.22024,177.99,0.127148,0.047866,0.079282,0.020119,0.014336,0.013292
2.22044,178.01,0.126967,0.047670,0.079297,0.020020,0.014277,0.013254
2.22064,178.02,0.126788,0.047476,0.079312,0.019922,0.014218,0.013217
2.22084,178.04,0.126610,0.047282,0.079327,0.019825,0.014159,0.013179
2.22104,178.06,0.126433,0.047091,0.079342,0.019729,0.014100,0.013142
2.22124,178.07,0.126257,0.046900,0.079357,0.019633,0.014042,0.013105
2.22144,178.09,0.126083,0.046710,0.079372,0.019538,0.013985,0.013068
2.22164,178.10,0.125909,0.046522,0.079387,0.019443,0.013928,0.013032
2.22184,178.12,0.125737,0.046335,0.079403,0.019350,0.013871,0.012995
2.22204,178.14,0.125566,0.046149,0.079418,0.019257,0.013814,0.012959
2.22224,178.15,0.125397,0.045964,0.079433,0.019164,0.013758,0.012922
2.22244,178.17,0.125228,0.045780,0.079448,0.019073,0.013702,0.012886
2.22264,178.18,0.125060,0.045598,0.079463,0.018982,0.013646,0.012850
2.22284,178.20,0.124894,0.045416,0.079478,0.018891,0.013591,0.012814
2.22304,178.22,0.124729,0.045236,0.079493,0.018801,0.013536,0.012779
2.22324,178.23,0.124565,0.045057,0.079508,0.018712,0.013482,0.012743
2.22344,178.25,0.124402,0.044879,0.079523,0.018624,0.013427,0.012708
2.22364,178.26,0.124240,0.044702,0.079538,0.018536,0.013373,0.012673
2.22384,178.28,0.124079,0.044526,0.079553,0.018449,0.013320,0.012638
2.22404,178.30,0.123920,0.044351,0.079569,0.018362,0.013267,0.012603
2.22424,178.31,0.123761,0.044177,0.079584,0.018276,0.013214,0.012568
2.22444,178.33,0.123603,0.044005,0.079599,0.018191,0.013161,0.012533
2.22464,178.34,0.123447,0.043833,0.079614,0.018106,0.013109,0.012499
2.22484,178.36,0.123292,0.043662,0.079629,0.018021,0.013057,0.012464
2.22504,178.38,0.123137,0.043493,0.079644,0.017938,0.013005,0.012430
2.22524,178.39,0.122984,0.043324,0.079659,0.017855,0.012954,0.012396
2.22544,178.41,0.122831,0.043157,0.079674,0.017772,0.012902,0.012362
2.22564,178.42,0.122680,0.042990,0.079690,0.017690,0.012852,0.012328
2.22584,178.44,0.122530,0.042825,0.079705,0.017609,0.012801,0.012295
2.22604,178.46,0.122380,0.042660,0.079720,0.017528,0.012751,0.012261
2.22624,178.47,0.122232,0.042497,0.079735,0.017448,0.012701,0.012228
2.22644,178.49,0.122085,0.042334,0.079750,0.017368,0.012651,0.012195
2.22664,178.51,0.121938,0.042173,0.079765,0.017289,0.012602,0.012162
2.22684,178.52,0.121793,0.042012,0.079781,0.017210,0.012553,0.012129
2.22704,178.54,0.121648,0.041853,0.079796,0.017132,0.012504,0.012096
2.22724,178.55,0.121505,0.041694,0.079811,0.017055,0.012456,0.012063
2.22744,178.57,0.121362,0.041536,0.079826,0.016978,0.012408,0.012030
2.22764,178.59,0.121220,0.041379,0.079841,0.016901,0.012360,0.011998
2.22784,178.60,0.121080,0.041223,0.079856,0.016825,0.012312,0.011966
2.22804,178.62,0.120940,0.041068,0.079872,0.016750,0.012265,0.011934
2.22824,178.63,0.120801,0.040914,0.079887,0.016675,0.012218,0.011901
2.22844,178.65,0.120663,0.040761,0.079902,0.016600,0.012171,0.011870
2.22864,178.67,0.120526,0.040609,0.079917,0.016526,0.012124,0.011838
2.22884,178.68,0.120390,0.040457,0.079932,0.016453,0.012078,0.011806
2.22904,178.70,0.120254,0.040307,0.079948,0.016380,0.012032,0.011775
2.22924,178.71,0.120120,0.040157,0.079963,0.016307,0.011986,0.011743
2.22944,178.73,0.119986,0.040008,0.079978,0.016235,0.011941,0.011712
2.22964,178.75,0.119853,0.039860,0.079993,0.016163,0.011895,0.011681
2.22984,178.76,0.119722,0.039713,0.080009,0.016092,0.011850,0.011650
2.23004,178.78,0.119591,0.039567,0.080024,0.016022,0.011806,0.011619
2.23024,178.79,0.119460,0.039421,0.080039,0.015951,0.011761,0.011588
2.23044,178.81,0.119331,0.039277,0.080054,0.015882,0.011717,0.011557
2.23064,178.83,0.119202,0.039133,0.080070,0.015812,0.011673,0.011527
2.23084,178.84,0.119075,0.038990,0.080085,0.015744,0.011629,0.011496
2.23104,178.86,0.118948,0.038848,0.080100,0.015675,0.011586,0.011466
2.23124,178.87,0.118822,0.038706,0.080115,0.015607,0.011543,0.011436
2.23144,178.89,0.118697,0.038566,0.080131,0.015540,0.011500,0.011406
2.23164,178.91,0.118572,0.038426,0.080146,0.015473,0.011457,0.011376
2.23184,178.92,0.118448,0.038287,0.080161,0.015406,0.011414,0.011346
2.23204,178.94,0.118326,0.038149,0.080177,0.015340,0.011372,0.011316
2.23224,178.95,0.118203,0.038012,0.080192,0.015274,0.011330,0.011287
2.23244,178.97,0.118082,0.037875,0.080207,0.015209,0.011288,0.011257
2.23264,178.99,0.117961,0.037739,0.080222,0.015144,0.011247,0.011228
2.23284,179.00,0.117842,0.037604,0.080238,0.015079,0.011205,0.011198
2.23304,179.02,0.117723,0.037470,0.080253,0.015015,0.011164,0.011169
2.23324,179.03,0.117604,0.037336,0.080268,0.014951,0.011123,0.011140
2.23344,179.05,0.117487,0.037203,0.080284,0.014888,0.011082,0.011111
2.23364,179.07,0.117370,0.037071,0.080299,0.014825,0.011042,0.011083
2.23384,179.08,0.117254,0.036940,0.080314,0.014763,0.011002,0.011054
2.23404,179.10,0.117138,0.036809,0.080330,0.014701,0.010962,0.011025
2.23424,179.11,0.117024,0.036679,0.080345,0.014639,0.010922,0.010997
2.23444,179.13,0.116910,0.036550,0.080360,0.014578,0.010882,0.010968
2.23464,179.15,0.116797,0.036421,0.080376,0.014517,0.010843,0.010940
2.23484,179.16,0.116684,0.036293,0.080391,0.014456,0.010804,0.010912
2.23504,179.18,0.116572,0.036166,0.080406,0.014396,0.010765,0.010884
2.23524,179.19,0.116461,0.036040,0.080422,0.014336,0.010726,0.010856
2.23544,179.21,0.116351,0.035914,0.080437,0.014277,0.010687,0.010828
2.23564,179.23,0.116241,0.035789,0.080452,0.014217,0.010649,0.010801
2.23584,179.24,0.116132,0.035664,0.080468,0.014159,0.010611,0.010773
2.23604,179.26,0.116024,0.035540,0.080483,0.014100,0.010573,0.010746
2.23624,179.27,0.115916,0.035417,0.080498,0.014042,0.010535,0.010718
2.23644,179.29,0.115809,0.035295,0.080514,0.013985,0.010498,0.010691
2.23664,179.31,0.115702,0.035173,0.080529,0.013927,0.010461,0.010664
2.23684,179.32,0.115597,0.035052,0.080545,0.013870,0.010423,0.010637
2.23704,179.34,0.115492,0.034932,0.080560,0.013814,0.010386,0.010610
2.23724,179.35,0.115387,0.034812,0.080575,0.013758,0.010350,0.010583
2.23744,179.37,0.115283,0.034693,0.080591,0.013702,0.010313,0.010556
2.23764,179.39,0.115180,0.034574,0.080606,0.013646,0.010277,0.010529
2.23784,179.40,0.115078,0.034456,0.080622,0.013591,0.010241,0.010503
2.23804,179.42,0.114976,0.034339,0.080637,0.013536,0.010205,0.010476
2.23824,179.44,0.114875,0.034222,0.080652,0.013481,0.010169,0.010450
2.23844,179.45,0.114774,0.034106,0.080668,0.013427,0.010133,0.010424
2.23864,179.47,0.114674,0.033991,0.080683,0.013373,0.010098,0.010397
2.23884,179.48,0.114575,0.033876,0.080699,0.013320,0.010063,0.010371
2.23904,179.50,0.114476,0.033762,0.080714,0.013266,0.010028,0.010345
2.23924,179.52,0.114378,0.033648,0.080730,0.013214,0.009993,0.010319
2.23944,179.53,0.114280,0.033535,0.080745,0.013161,0.009958,0.010294
2.23964,179.55,0.114183,0.033422,0.080761,0.013109,0.009924,0.010268
2.23984,179.56,0.114087,0.033310,0.080776,0.013057,0.009889,0.010242
2.24004,179.58,0.113991,0.033199,0.080791,0.013005,0.009855,0.010217
2.24024,179.60,0.113895,0.033088,0.080807,0.012953,0.009821,0.010191
2.24044,179.61,0.113801,0.032978,0.080822,0.012902,0.009788,0.010166
2.24064,179.63,0.113707,0.032869,0.080838,0.012852,0.009754,0.010141
2.24084,179.64,0.113613,0.032760,0.080853,0.012801,0.009721,0.010116
2.24104,179.66,0.113520,0.032651,0.080869,0.012751,0.009687,0.010091
2.24124,179.68,0.113428,0.032543,0.080884,0.012701,0.009654,0.010066
2.24144,179.69,0.113336,0.032436,0.080900,0.012651,0.009621,0.010041
2.24164,179.71,0.113245,0.032329,0.080915,0.012602,0.009589,0.010016
2.24184,179.72,0.113154,0.032223,0.080931,0.012553,0.009556,0.009992
2.24204,179.74,0.113064,0.032117,0.080946,0.012504,0.009523,0.009967
2.24224,179.76,0.112974,0.032012,0.080962,0.012456,0.009491,0.009943
2.24244,179.77,0.112885,0.031907,0.080977,0.012408,0.009459,0.009918
2.24264,179.79,0.112796,0.031803,0.080993,0.012360,0.009427,0.009894
2.24284,179.80,0.112708,0.031700,0.081008,0.012312,0.009395,0.009870
2.24304,179.82,0.112621,0.031597,0.081024,0.012265,0.009364,0.009846
2.24324,179.84,0.112534,0.031494,0.081039,0.012218,0.009332,0.009822
2.24344,179.85,0.112447,0.031392,0.081055,0.012171,0.009301,0.009798
2.24364,179.87,0.112361,0.031291,0.081071,0.012124,0.009270,0.009774
2.24384,179.88,0.112276,0.031190,0.081086,0.012078,0.009239,0.009750
2.24404,179.90,0.112191,0.031089,0.081102,0.012032,0.009208,0.009726
2.24424,179.92,0.112106,0.030989,0.081117,0.011986,0.009177,0.009703
2.24444,179.93,0.112022,0.030890,0.081133,0.011941,0.009147,0.009679
2.24464,179.95,0.111939,0.030791,0.081148,0.011895,0.009117,0.009656
2.24484,179.96,0.111856,0.030692,0.081164,0.011850,0.009086,0.009632
2.24504,179.98,0.111773,0.030594,0.081179,0.011806,0.009056,0.009609
2.24524,180.00,0.111691,0.030496,0.081195,0.011761,0.009026,0.009586
2.24544,180.01,0.111610,0.030399,0.081211,0.011717,0.008997,0.009563
2.24564,180.03,0.111529,0.030303,0.081226,0.011673,0.008967,0.009540
2.24584,180.04,0.111448,0.030207,0.081242,0.011629,0.008937,0.009517
2.24604,180.06,0.111368,0.030111,0.081257,0.011586,0.008908,0.009494
2.24624,180.08,0.111289,0.030016,0.081273,0.011543,0.008879,0.009471
2.24644,180.09,0.111210,0.029921,0.081289,0.011500,0.008850,0.009449
2.24664,180.11,0.111131,0.029827,0.081304,0.011457,0.008821,0.009426
2.24684,180.12,0.111053,0.029733,0.081320,0.011414,0.008792,0.009404
2.24704,180.14,0.110975,0.029640,0.081335,0.011372,0.008764,0.009381
2.24724,180.16,0.110898,0.029547,0.081351,0.011330,0.008735,0.009359
2.24744,180.17,0.110821,0.029455,0.081367,0.011288,0.008707,0.009336
2.24764,180.19,0.110745,0.029363,0.081382,0.011246,0.008679,0.009314
2.24784,180.20,0.110669,0.029271,0.081398,0.011205,0.008650,0.009292
2.24804,180.22,0.110593,0.029180,0.081414,0.011164,0.008623,0.009270
2.24824,180.24,0.110518,0.029089,0.081429,0.011123,0.008595,0.009248
2.24844,180.25,0.110444,0.028999,0.081445,0.011082,0.008567,0.009226
2.24864,180.27,0.110370,0.028909,0.081460,0.011042,0.008539,0.009204
2.24884,180.28,0.110296,0.028820,0.081476,0.011002,0.008512,0.009183
2.24904,180.30,0.110223,0.028731,0.081492,0.010962,0.008485,0.009161
2.24924,180.32,0.110150,0.028643,0.081507,0.010922,0.008458,0.009140
2.24944,180.33,0.110078,0.028554,0.081523,0.010882,0.008431,0.009118
2.24964,180.35,0.110006,0.028467,0.081539,0.010843,0.008404,0.009097
2.24984,180.36,0.109934,0.028380,0.081554,0.010804,0.008377,0.009075
2.25004,180.38,0.109863,0.028293,0.081570,0.010765,0.008350,0.009054
2.25024,180.40,0.109792,0.028206,0.081586,0.010726,0.008324,0.009033
2.25044,180.41,0.109722,0.028120,0.081602,0.010687,0.008298,0.009012
2.25064,180.43,0.109652,0.028035,0.081617,0.010649,0.008271,0.008991
2.25084,180.45,0.109582,0.027950,0.081633,0.010611,0.008245,0.008970
2.25104,180.46,0.109513,0.027865,0.081649,0.010573,0.008219,0.008949
2.25124,180.48,0.109445,0.027780,0.081664,0.010535,0.008193,0.008928
2.25144,180.49,0.109376,0.027696,0.081680,0.010498,0.008167,0.008907
2.25164,180.51,0.109308,0.027613,0.081696,0.010460,0.008142,0.008886
2.25184,180.53,0.109241,0.027529,0.081711,0.010423,0.008116,0.008866
2.25204,180.54,0.109174,0.027447,0.081727,0.010386,0.008091,0.008845
2.25224,180.56,0.109107,0.027364,0.081743,0.010350,0.008066,0.008825
2.25244,180.57,0.109041,0.027282,0.081759,0.010313,0.008040,0.008804
2.25264,180.59,0.108975,0.027200,0.081774,0.010277,0.008015,0.008784
2.25284,180.61,0.108909,0.027119,0.081790,0.010241,0.007991,0.008764
2.25304,180.62,0.108844,0.027038,0.081806,0.010205,0.007966,0.008744
2.25324,180.64,0.108779,0.026958,0.081822,0.010169,0.007941,0.008724
2.25344,180.65,0.108715,0.026877,0.081837,0.010133,0.007916,0.008703
2.25364,180.67,0.108651,0.026798,0.081853,0.010098,0.007892,0.008684
2.25384,180.69,0.108587,0.026718,0.081869,0.010063,0.007868,0.008664
2.25404,180.70,0.108524,0.026639,0.081885,0.010028,0.007843,0.008644
2.25424,180.72,0.108461,0.026560,0.081901,0.009993,0.007819,0.008624
2.25444,180.73,0.108398,0.026482,0.081916,0.009958,0.007795,0.008604
2.25464,180.75,0.108336,0.026404,0.081932,0.009924,0.007771,0.008585
2.25484,180.77,0.108274,0.026326,0.081948,0.009889,0.007748,0.008565
2.25504,180.78,0.108213,0.026249,0.081964,0.009855,0.007724,0.008546
2.25524,180.80,0.108152,0.026172,0.081979,0.009821,0.007700,0.008526
2.25544,180.81,0.108091,0.026096,0.081995,0.009788,0.007677,0.008507
2.25564,180.83,0.108030,0.026019,0.082011,0.009754,0.007653,0.008487
2.25584,180.85,0.107970,0.025943,0.082027,0.009721,0.007630,0.008468
2.25604,180.86,0.107911,0.025868,0.082043,0.009687,0.007607,0.008449
2.25624,180.88,0.107851,0.025793,0.082059,0.009654,0.007584,0.008430
2.25644,180.89,0.107792,0.025718,0.082074,0.009621,0.007561,0.008411
2.25664,180.91,0.107733,0.025643,0.082090,0.009588,0.007538,0.008392
2.25684,180.93,0.107675,0.025569,0.082106,0.009556,0.007515,0.008373
2.25704,180.94,0.107617,0.025495,0.082122,0.009523,0.007493,0.008354
2.25724,180.96,0.107559,0.025421,0.082138,0.009491,0.007470,0.008335
2.25744,180.97,0.107502,0.025348,0.082154,0.009459,0.007448,0.008317
2.25764,180.99,0.107445,0.025275,0.082169,0.009427,0.007425,0.008298
2.25784,181.01,0.107388,0.025203,0.082185,0.009395,0.007403,0.008279
2.25804,181.02,0.107332,0.025131,0.082201,0.009364,0.007381,0.008261
2.25824,181.04,0.107276,0.025059,0.082217,0.009332,0.007359,0.008242
2.25844,181.05,0.107220,0.024987,0.082233,0.009301,0.007337,0.008224
2.25864,181.07,0.107164,0.024916,0.082249,0.009270,0.007315,0.008206
2.25884,181.09,0.107109,0.024845,0.082265,0.009239,0.007294,0.008187
2.25904,181.10,0.107055,0.024774,0.082281,0.009208,0.007272,0.008169
2.25924,181.12,0.107000,0.024704,0.082296,0.009177,0.007250,0.008151
2.25944,181.13,0.106946,0.024634,0.082312,0.009147,0.007229,0.008133
2.25964,181.15,0.106892,0.024564,0.082328,0.009117,0.007208,0.008115
2.25984,181.17,0.106839,0.024494,0.082344,0.009086,0.007186,0.008097
2.26004,181.18,0.106785,0.024425,0.082360,0.009056,0.007165,0.008079
2.26024,181.20,0.106732,0.024356,0.082376,0.009026,0.007144,0.008061
2.26044,181.21,0.106680,0.024288,0.082392,0.008997,0.007123,0.008043
2.26064,181.23,0.106627,0.024220,0.082408,0.008967,0.007102,0.008025
2.26084,181.25,0.106575,0.024152,0.082424,0.008937,0.007081,0.008008
2.26104,181.26,0.106524,0.024084,0.082440,0.008908,0.007061,0.007990
2.26124,181.28,0.106472,0.024017,0.082456,0.008879,0.007040,0.007972
2.26144,181.29,0.106421,0.023950,0.082472,0.008850,0.007019,0.007955
2.26164,181.31,0.106370,0.023883,0.082488,0.008821,0.006999,0.007937
2.26184,181.33,0.106320,0.023816,0.082503,0.008792,0.006979,0.007920
2.26204,181.34,0.106270,0.023750,0.082519,0.008764,0.006958,0.007903
2.26224,181.36,0.106220,0.023684,0.082535,0.008735,0.006938,0.007885
2.26244,181.38,0.106170,0.023619,0.082551,0.008707,0.006918,0.007868
2.26264,181.39,0.106121,0.023553,0.082567,0.008678,0.006898,0.007851
2.26284,181.41,0.106071,0.023488,0.082583,0.008650,0.006878,0.007834
2.26304,181.42,0.106023,0.023423,0.082599,0.008622,0.006858,0.007817
2.26324,181.44,0.105974,0.023359,0.082615,0.008595,0.006839,0.007800
2.26344,181.46,0.105926,0.023295,0.082631,0.008567,0.006819,0.007783
2.26364,181.47,0.105878,0.023231,0.082647,0.008539,0.006799,0.007766
2.26384,181.49,0.105830,0.023167,0.082663,0.008512,0.006780,0.007749
2.26404,181.50,0.105783,0.023103,0.082679,0.008485,0.006761,0.007732
2.26424,181.52,0.105736,0.023040,0.082695,0.008458,0.006741,0.007716
2.26444,181.54,0.105689,0.022977,0.082711,0.008431,0.006722,0.007699
2.26464,181.55,0.105642,0.022915,0.082727,0.008404,0.006703,0.007682
2.26484,181.57,0.105596,0.022852,0.082743,0.008377,0.006684,0.007666
2.26504,181.58,0.105550,0.022790,0.082759,0.008350,0.006665,0.007649
2.26524,181.60,0.105504,0.022728,0.082775,0.008324,0.006646,0.007633
2.26544,181.62,0.105458,0.022667,0.082791,0.008297,0.006627,0.007616
2.26564,181.63,0.105413,0.022605,0.082807,0.008271,0.006608,0.007600
2.26584,181.65,0.105368,0.022544,0.082824,0.008245,0.006590,0.007584
2.26604,181.66,0.105323,0.022484,0.082840,0.008219,0.006571,0.007567
2.26624,181.68,0.105279,0.022423,0.082856,0.008193,0.006553,0.007551
2.26644,181.70,0.105234,0.022363,0.082872,0.008167,0.006534,0.007535
2.26664,181.71,0.105190,0.022303,0.082888,0.008142,0.006516,0.007519
2.26684,181.73,0.105147,0.022243,0.082904,0.008116,0.006497,0.007503
2.26704,181.74,0.105103,0.022183,0.082920,0.008091,0.006479,0.007487
2.26724,181.76,0.105060,0.022124,0.082936,0.008066,0.006461,0.007471
2.26744,181.78,0.105017,0.022065,0.082952,0.008040,0.006443,0.007455
2.26764,181.79,0.104974,0.022006,0.082968,0.008015,0.006425,0.007439
2.26784,181.81,0.104932,0.021947,0.082984,0.007990,0.006407,0.007423
2.26804,181.82,0.104889,0.021889,0.083000,0.007966,0.006389,0.007408
2.26824,181.84,0.104847,0.021831,0.083016,0.007941,0.006372,0.007392
2.26844,181.86,0.104806,0.021773,0.083033,0.007916,0.006354,0.007376
2.26864,181.87,0.104764,0.021715,0.083049,0.007892,0.006336,0.007361
2.26884,181.89,0.104723,0.021658,0.083065,0.007868,0.006319,0.007345
2.26904,181.90,0.104682,0.021601,0.083081,0.007843,0.006301,0.007330
2.26924,181.92,0.104641,0.021544,0.083097,0.007819,0.006284,0.007314
2.26944,181.94,0.104600,0.021487,0.083113,0.007795,0.006267,0.007299
2.26964,181.95,0.104560,0.021431,0.083129,0.007771,0.006249,0.007283
2.26984,181.97,0.104520,0.021375,0.083145,0.007747,0.006232,0.007268
2.27004,181.98,0.104480,0.021318,0.083162,0.007724,0.006215,0.007253
2.27024,182.00,0.104440,0.021263,0.083178,0.007700,0.006198,0.007238
2.27044,182.02,0.104401,0.021207,0.083194,0.007677,0.006181,0.007223
2.27064,182.03,0.104362,0.021152,0.083210,0.007653,0.006164,0.007207
2.27084,182.05,0.104323,0.021097,0.083226,0.007630,0.006147,0.007192
2.27104,182.06,0.104284,0.021042,0.083242,0.007607,0.006131,0.007177
2.27124,182.08,0.104246,0.020987,0.083258,0.007584,0.006114,0.007162
2.27144,182.10,0.104207,0.020933,0.083275,0.007561,0.006097,0.007147
2.27164,182.11,0.104169,0.020878,0.083291,0.007538,0.006081,0.007133
2.27184,182.13,0.104131,0.020824,0.083307,0.007515,0.006064,0.007118
2.27204,182.14,0.104094,0.020771,0.083323,0.007493,0.006048,0.007103
2.27224,182.16,0.104056,0.020717,0.083339,0.007470,0.006031,0.007088
2.27244,182.18,0.104019,0.020664,0.083356,0.007448,0.006015,0.007074
2.27264,182.19,0.103982,0.020610,0.083372,0.007425,0.005999,0.007059
2.27284,182.21,0.103946,0.020557,0.083388,0.007403,0.005983,0.007044
2.27304,182.22,0.103909,0.020505,0.083404,0.007381,0.005967,0.007030
2.27324,182.24,0.103873,0.020452,0.083420,0.007359,0.005951,0.007015
2.27344,182.26,0.103837,0.020400,0.083437,0.007337,0.005935,0.007001
2.27364,182.27,0.103801,0.020348,0.083453,0.007315,0.005919,0.006986
2.27384,182.29,0.103765,0.020296,0.083469,0.007294,0.005903,0.006972
2.27404,182.31,0.103729,0.020244,0.083485,0.007272,0.005887,0.006958
2.27424,182.32,0.103694,0.020193,0.083502,0.007250,0.005872,0.006943
2.27444,182.34,0.103659,0.020141,0.083518,0.007229,0.005856,0.006929
2.27464,182.35,0.103624,0.020090,0.083534,0.007208,0.005840,0.006915
2.27484,182.37,0.103590,0.020039,0.083550,0.007186,0.005825,0.006901
2.27504,182.39,0.103555,0.019989,0.083567,0.007165,0.005809,0.006887
2.27524,182.40,0.103521,0.019938,0.083583,0.007144,0.005794,0.006873
2.27544,182.42,0.103487,0.019888,0.083599,0.007123,0.005779,0.006859
2.27564,182.43,0.103453,0.019838,0.083615,0.007102,0.005763,0.006845
2.27584,182.45,0.103419,0.019788,0.083632,0.007081,0.005748,0.006831
2.27604,182.47,0.103386,0.019738,0.083648,0.007061,0.005733,0.006817
2.27624,182.48,0.103353,0.019688,0.083664,0.007040,0.005718,0.006803
2.27644,182.50,0.103320,0.019639,0.083681,0.007019,0.005703,0.006789
2.27664,182.51,0.103287,0.019590,0.083697,0.006999,0.005688,0.006775
2.27684,182.53,0.103254,0.019541,0.083713,0.006979,0.005673,0.006762
2.27704,182.55,0.103222,0.019492,0.083730,0.006958,0.005658,0.006748
2.27724,182.56,0.103189,0.019444,0.083746,0.006938,0.005643,0.006734
2.27744,182.58,0.103157,0.019395,0.083762,0.006918,0.005629,0.006721
2.27764,182.59,0.103125,0.019347,0.083778,0.006898,0.005614,0.006707
2.27784,182.61,0.103094,0.019299,0.083795,0.006878,0.005599,0.006693
2.27804,182.63,0.103062,0.019251,0.083811,0.006858,0.005585,0.006680
2.27824,182.64,0.103031,0.019203,0.083827,0.006839,0.005570,0.006667
2.27844,182.66,0.103000,0.019156,0.083844,0.006819,0.005556,0.006653
2.27864,182.67,0.102969,0.019109,0.083860,0.006799,0.005541,0.006640
2.27884,182.69,0.102938,0.019062,0.083876,0.006780,0.005527,0.006626
2.27904,182.71,0.102907,0.019015,0.083893,0.006761,0.005513,0.006613
2.27924,182.72,0.102877,0.018968,0.083909,0.006741,0.005498,0.006600
2.27944,182.74,0.102847,0.018921,0.083926,0.006722,0.005484,0.006587
2.27964,182.75,0.102817,0.018875,0.083942,0.006703,0.005470,0.006574
2.27984,182.77,0.102787,0.018829,0.083958,0.006684,0.005456,0.006560
2.28004,182.79,0.102757,0.018783,0.083975,0.006665,0.005442,0.006547
2.28024,182.80,0.102728,0.018737,0.083991,0.006646,0.005428,0.006534
2.28044,182.82,0.102698,0.018691,0.084007,0.006627,0.005414,0.006521
2.28064,182.83,0.102669,0.018645,0.084024,0.006608,0.005400,0.006508
2.28084,182.85,0.102640,0.018600,0.084040,0.006590,0.005386,0.006495
2.28104,182.87,0.102611,0.018555,0.084057,0.006571,0.005373,0.006483
2.28124,182.88,0.102583,0.018510,0.084073,0.006553,0.005359,0.006470
2.28144,182.90,0.102554,0.018465,0.084089,0.006534,0.005345,0.006457
2.28164,182.91,0.102526,0.018420,0.084106,0.006516,0.005332,0.006444
2.28184,182.93,0.102498,0.018376,0.084122,0.006497,0.005318,0.006431
2.28204,182.95,0.102470,0.018331,0.084139,0.006479,0.005305,0.006419
2.28224,182.96,0.102442,0.018287,0.084155,0.006461,0.005291,0.006406
2.28244,182.98,0.102415,0.018243,0.084172,0.006443,0.005278,0.006393
2.28264,182.99,0.102387,0.018199,0.084188,0.006425,0.005265,0.006381
2.28284,183.01,0.102360,0.018156,0.084205,0.006407,0.005251,0.006368
2.28304,183.03,0.102333,0.018112,0.084221,0.006389,0.005238,0.006356
2.28324,183.04,0.102306,0.018069,0.084237,0.006372,0.005225,0.006343
2.28344,183.06,0.102279,0.018025,0.084254,0.006354,0.005212,0.006331
2.28364,183.07,0.102253,0.017982,0.084270,0.006336,0.005199,0.006318
2.28384,183.09,0.102226,0.017939,0.084287,0.006319,0.005186,0.006306
2.28404,183.11,0.102200,0.017897,0.084303,0.006301,0.005173,0.006294
2.28424,183.12,0.102174,0.017854,0.084320,0.006284,0.005160,0.006281
2.28444,183.14,0.102148,0.017812,0.084336,0.006267,0.005147,0.006269
2.28464,183.15,0.102122,0.017769,0.084353,0.006249,0.005134,0.006257
2.28484,183.17,0.102096,0.017727,0.084369,0.006232,0.005121,0.006245
2.28504,183.19,0.102071,0.017685,0.084386,0.006215,0.005108,0.006233
2.28524,183.20,0.102046,0.017643,0.084402,0.006198,0.005096,0.006220
2.28544,183.22,0.102020,0.017602,0.084419,0.006181,0.005083,0.006208
2.28564,183.24,0.101995,0.017560,0.084435,0.006164,0.005070,0.006196
2.28584,183.25,0.101971,0.017519,0.084452,0.006147,0.005058,0.006184
2.28604,183.27,0.101946,0.017478,0.084468,0.006131,0.005045,0.006172
2.28624,183.28,0.101921,0.017437,0.084485,0.006114,0.005033,0.006160
2.28644,183.30,0.101897,0.017396,0.084501,0.006097,0.005020,0.006149
2.28664,183.32,0.101873,0.017355,0.084518,0.006081,0.005008,0.006137
2.28684,183.33,0.101849,0.017314,0.084534,0.006064,0.004996,0.006125
2.28704,183.35,0.101825,0.017274,0.084551,0.006048,0.004983,0.006113
2.28724,183.36,0.101801,0.017233,0.084568,0.006031,0.004971,0.006101
2.28744,183.38,0.101777,0.017193,0.084584,0.006015,0.004959,0.006090
2.28764,183.40,0.101754,0.017153,0.084601,0.005999,0.004947,0.006078
2.28784,183.41,0.101731,0.017113,0.084617,0.005983,0.004935,0.006066
2.28804,183.43,0.101707,0.017074,0.084634,0.005967,0.004923,0.006055
2.28824,183.44,0.101684,0.017034,0.084650,0.005951,0.004911,0.006043
2.28844,183.46,0.101661,0.016995,0.084667,0.005935,0.004899,0.006031
2.28864,183.48,0.101639,0.016955,0.084684,0.005919,0.004887,0.006020
2.28884,183.49,0.101616,0.016916,0.084700,0.005903,0.004875,0.006008
2.28904,183.51,0.101594,0.016877,0.084717,0.005887,0.004863,0.005997
2.28924,183.52,0.101571,0.016838,0.084733,0.005871,0.004851,0.005985
2.28944,183.54,0.101549,0.016799,0.084750,0.005856,0.004840,0.005974
2.28964,183.56,0.101527,0.016761,0.084767,0.005840,0.004828,0.005963
2.28984,183.57,0.101505,0.016722,0.084783,0.005825,0.004816,0.005951
2.29004,183.59,0.101484,0.016684,0.084800,0.005809,0.004805,0.005940
2.29024,183.60,0.101462,0.016646,0.084816,0.005794,0.004793,0.005929
2.29044,183.62,0.101441,0.016607,0.084833,0.005779,0.004781,0.005917
2.29064,183.64,0.101419,0.016570,0.084850,0.005763,0.004770,0.005906
2.29084,183.65,0.101398,0.016532,0.084866,0.005748,0.004758,0.005895
2.29104,183.67,0.101377,0.016494,0.084883,0.005733,0.004747,0.005884
2.29124,183.68,0.101356,0.016456,0.084900,0.005718,0.004736,0.005873
2.29144,183.70,0.101335,0.016419,0.084916,0.005703,0.004724,0.005862
2.29164,183.72,0.101315,0.016382,0.084933,0.005688,0.004713,0.005851
2.29184,183.73,0.101294,0.016345,0.084950,0.005673,0.004702,0.005840
2.29204,183.75,0.101274,0.016308,0.084966,0.005658,0.004691,0.005829
2.29224,183.76,0.101254,0.016271,0.084983,0.005643,0.004679,0.005818
2.29244,183.78,0.101234,0.016234,0.085000,0.005628,0.004668,0.005807
2.29264,183.80,0.101214,0.016197,0.085016,0.005614,0.004657,0.005796
2.29284,183.81,0.101194,0.016161,0.085033,0.005599,0.004646,0.005785
2.29304,183.83,0.101174,0.016124,0.085050,0.005585,0.004635,0.005774
2.29324,183.84,0.101154,0.016088,0.085066,0.005570,0.004624,0.005763
2.29344,183.86,0.101135,0.016052,0.085083,0.005556,0.004613,0.005753
2.29364,183.88,0.101116,0.016016,0.085100,0.005541,0.004602,0.005742
2.29384,183.89,0.101097,0.015980,0.085117,0.005527,0.004591,0.005731
2.29404,183.91,0.101077,0.015944,0.085133,0.005513,0.004581,0.005720
2.29424,183.92,0.101059,0.015909,0.085150,0.005498,0.004570,0.005710
2.29444,183.94,0.101040,0.015873,0.085167,0.005484,0.004559,0.005699
2.29464,183.96,0.101021,0.015838,0.085183,0.005470,0.004548,0.005689
2.29484,183.97,0.101003,0.015802,0.085200,0.005456,0.004538,0.005678
2.29504,183.99,0.100984,0.015767,0.085217,0.005442,0.004527,0.005667
2.29524,184.00,0.100966,0.015732,0.085234,0.005428,0.004516,0.005657
2.29544,184.02,0.100948,0.015697,0.085250,0.005414,0.004506,0.005646
2.29564,184.04,0.100930,0.015662,0.085267,0.005400,0.004495,0.005636
2.29584,184.05,0.100912,0.015628,0.085284,0.005386,0.004485,0.005626
2.29604,184.07,0.100894,0.015593,0.085301,0.005373,0.004474,0.005615
2.29624,184.08,0.100876,0.015559,0.085317,0.005359,0.004464,0.005605
2.29644,184.10,0.100859,0.015524,0.085334,0.005345,0.004454,0.005595
2.29664,184.12,0.100841,0.015490,0.085351,0.005332,0.004443,0.005584
2.29684,184.13,0.100824,0.015456,0.085368,0.005318,0.004433,0.005574
2.29704,184.15,0.100807,0.015422,0.085385,0.005305,0.004423,0.005564
2.29724,184.16,0.100790,0.015388,0.085401,0.005291,0.004412,0.005553
2.29744,184.18,0.100773,0.015355,0.085418,0.005278,0.004402,0.005543
2.29764,184.20,0.100756,0.015321,0.085435,0.005265,0.004392,0.005533
2.29784,184.21,0.100739,0.015287,0.085452,0.005251,0.004382,0.005523
2.29804,184.23,0.100723,0.015254,0.085469,0.005238,0.004372,0.005513
2.29824,184.25,0.100706,0.015221,0.085485,0.005225,0.004362,0.005503
2.29844,184.26,0.100690,0.015188,0.085502,0.005212,0.004352,0.005493
2.29864,184.28,0.100674,0.015154,0.085519,0.005199,0.004342,0.005483
2.29884,184.29,0.100658,0.015122,0.085536,0.005186,0.004332,0.005473
2.29904,184.31,0.100642,0.015089,0.085553,0.005173,0.004322,0.005463
2.29924,184.33,0.100626,0.015056,0.085570,0.005160,0.004312,0.005453
2.29944,184.34,0.100610,0.015023,0.085587,0.005147,0.004302,0.005443
2.29964,184.36,0.100594,0.014991,0.085603,0.005134,0.004292,0.005433
2.29984,184.37,0.100579,0.014958,0.085620,0.005121,0.004282,0.005423
2.30004,184.39,0.100563,0.014926,0.085637,0.005108,0.004273,0.005413
2.30024,184.41,0.100548,0.014894,0.085654,0.005096,0.004263,0.005403
2.30044,184.42,0.100533,0.014862,0.085671,0.005083,0.004253,0.005394
2.30064,184.44,0.100518,0.014830,0.085688,0.005070,0.004244,0.005384
2.30084,184.45,0.100503,0.014798,0.085705,0.005058,0.004234,0.005374
2.30104,184.47,0.100488,0.014766,0.085722,0.005045,0.004224,0.005364
2.30124,184.49,0.100473,0.014734,0.085738,0.005033,0.004215,0.005355
2.30144,184.50,0.100458,0.014703,0.085755,0.005020,0.004205,0.005345
2.30164,184.52,0.100444,0.014671,0.085772,0.005008,0.004196,0.005336
2.30184,184.53,0.100429,0.014640,0.085789,0.004996,0.004186,0.005326
2.30204,184.55,0.100415,0.014609,0.085806,0.004983,0.004177,0.005316
2.30224,184.57,0.100401,0.014578,0.085823,0.004971,0.004168,0.005307
2.30244,184.58,0.100387,0.014547,0.085840,0.004959,0.004158,0.005297
2.30264,184.60,0.100373,0.014516,0.085857,0.004947,0.004149,0.005288
2.30284,184.61,0.100359,0.014485,0.085874,0.004935,0.004140,0.005278
2.30304,184.63,0.100345,0.014454,0.085891,0.004923,0.004130,0.005269
2.30324,184.65,0.100331,0.014423,0.085908,0.004911,0.004121,0.005259
2.30344,184.66,0.100318,0.014393,0.085925,0.004899,0.004112,0.005250
2.30364,184.68,0.100304,0.014363,0.085942,0.004887,0.004103,0.005241
2.30384,184.69,0.100291,0.014332,0.085959,0.004875,0.004094,0.005231
2.30404,184.71,0.100277,0.014302,0.085976,0.004863,0.004084,0.005222
2.30424,184.73,0.100264,0.014272,0.085992,0.004851,0.004075,0.005213
2.30444,184.74,0.100251,0.014242,0.086009,0.004840,0.004066,0.005203
2.30464,184.76,0.100238,0.014212,0.086026,0.004828,0.004057,0.005194
2.30484,184.77,0.100225,0.014182,0.086043,0.004816,0.004048,0.005185
2.30504,184.79,0.100213,0.014152,0.086060,0.004805,0.004039,0.005176
2.30524,184.81,0.100200,0.014123,0.086077,0.004793,0.004030,0.005167
2.30544,184.82,0.100187,0.014093,0.086094,0.004781,0.004021,0.005157
2.30564,184.84,0.100175,0.014063,0.086111,0.004770,0.004013,0.005148
2.30584,184.85,0.100163,0.014034,0.086128,0.004758,0.004004,0.005139
2.30604,184.87,0.100150,0.014005,0.086145,0.004747,0.003995,0.005130
2.30624,184.89,0.100138,0.013976,0.086162,0.004736,0.003986,0.005121
2.30644,184.90,0.100126,0.013947,0.086179,0.004724,0.003977,0.005112
2.30664,184.92,0.100114,0.013918,0.086197,0.004713,0.003969,0.005103
2.30684,184.93,0.100102,0.013889,0.086214,0.004702,0.003960,0.005094
2.30704,184.95,0.100090,0.013860,0.086231,0.004690,0.003951,0.005085
2.30724,184.97,0.100079,0.013831,0.086248,0.004679,0.003943,0.005076
2.30744,184.98,0.100067,0.013802,0.086265,0.004668,0.003934,0.005067
2.30764,185.00,0.100056,0.013774,0.086282,0.004657,0.003925,0.005058
2.30784,185.01,0.100044,0.013745,0.086299,0.004646,0.003917,0.005050
2.30804,185.03,0.100033,0.013717,0.086316,0.004635,0.003908,0.005041
2.30824,185.05,0.100022,0.013689,0.086333,0.004624,0.003900,0.005032
2.30844,185.06,0.100011,0.013661,0.086350,0.004613,0.003891,0.005023
2.30864,185.08,0.100000,0.013633,0.086367,0.004602,0.003883,0.005014
2.30884,185.09,0.099989,0.013605,0.086384,0.004591,0.003874,0.005006
2.30904,185.11,0.099978,0.013577,0.086401,0.004580,0.003866,0.004997
2.30924,185.13,0.099967,0.013549,0.086418,0.004570,0.003858,0.004988
2.30944,185.14,0.099957,0.013521,0.086436,0.004559,0.003849,0.004980
2.30964,185.16,0.099946,0.013494,0.086453,0.004548,0.003841,0.004971
2.30984,185.18,0.099936,0.013466,0.086470,0.004538,0.003833,0.004962
2.31004,185.19,0.099925,0.013438,0.086487,0.004527,0.003825,0.004954
2.31024,185.21,0.099915,0.013411,0.086504,0.004516,0.003816,0.004945
2.31044,185.22,0.099905,0.013384,0.086521,0.004506,0.003808,0.004936
2.31064,185.24,0.099895,0.013357,0.086538,0.004495,0.003800,0.004928
2.31084,185.26,0.099885,0.013329,0.086555,0.004485,0.003792,0.004919
2.31104,185.27,0.099875,0.013302,0.086573,0.004474,0.003784,0.004911
2.31124,185.29,0.099865,0.013275,0.086590,0.004464,0.003776,0.004902
2.31144,185.30,0.099855,0.013249,0.086607,0.004454,0.003767,0.004894
2.31164,185.32,0.099846,0.013222,0.086624,0.004443,0.003759,0.004886
2.31184,185.34,0.099836,0.013195,0.086641,0.004433,0.003751,0.004877
2.31204,185.35,0.099827,0.013168,0.086658,0.004423,0.003743,0.004869
2.31224,185.37,0.099817,0.013142,0.086675,0.004412,0.003735,0.004860
2.31244,185.38,0.099808,0.013115,0.086693,0.004402,0.003727,0.004852
2.31264,185.40,0.099799,0.013089,0.086710,0.004392,0.003720,0.004844
2.31284,185.42,0.099790,0.013063,0.086727,0.004382,0.003712,0.004835
2.31304,185.43,0.099781,0.013037,0.086744,0.004372,0.003704,0.004827
2.31324,185.45,0.099772,0.013010,0.086761,0.004362,0.003696,0.004819
2.31344,185.46,0.099763,0.012984,0.086779,0.004352,0.003688,0.004811
2.31364,185.48,0.099754,0.012958,0.086796,0.004342,0.003680,0.004802
2.31384,185.50,0.099746,0.012933,0.086813,0.004332,0.003673,0.004794
2.31404,185.51,0.099737,0.012907,0.086830,0.004322,0.003665,0.004786
2.31424,185.53,0.099728,0.012881,0.086847,0.004312,0.003657,0.004778
2.31444,185.54,0.099720,0.012855,0.086865,0.004302,0.003649,0.004770
2.31464,185.56,0.099712,0.012830,0.086882,0.004292,0.003642,0.004762
2.31484,185.58,0.099703,0.012804,0.086899,0.004282,0.003634,0.004754
2.31504,185.59,0.099695,0.012779,0.086916,0.004273,0.003626,0.004745
2.31524,185.61,0.099687,0.012753,0.086934,0.004263,0.003619,0.004737
2.31544,185.62,0.099679,0.012728,0.086951,0.004253,0.003611,0.004729
2.31564,185.64,0.099671,0.012703,0.086968,0.004244,0.003604,0.004721
2.31584,185.66,0.099663,0.012678,0.086985,0.004234,0.003596,0.004713
2.31604,185.67,0.099656,0.012653,0.087003,0.004224,0.003589,0.004705
2.31624,185.69,0.099648,0.012628,0.087020,0.004215,0.003581,0.004697
2.31644,185.70,0.099640,0.012603,0.087037,0.004205,0.003574,0.004689
2.31664,185.72,0.099633,0.012578,0.087055,0.004196,0.003566,0.004682
2.31684,185.74,0.099625,0.012554,0.087072,0.004186,0.003559,0.004674
2.31704,185.75,0.099618,0.012529,0.087089,0.004177,0.003551,0.004666
2.31724,185.77,0.099611,0.012504,0.087106,0.004168,0.003544,0.004658
2.31744,185.78,0.099604,0.012480,0.087124,0.004158,0.003537,0.004650
2.31764,185.80,0.099596,0.012455,0.087141,0.004149,0.003529,0.004642
2.31784,185.82,0.099589,0.012431,0.087158,0.004140,0.003522,0.004635
2.31804,185.83,0.099582,0.012407,0.087176,0.004130,0.003515,0.004627
2.31824,185.85,0.099576,0.012382,0.087193,0.004121,0.003508,0.004619
2.31844,185.86,0.099569,0.012358,0.087210,0.004112,0.003500,0.004611
2.31864,185.88,0.099562,0.012334,0.087228,0.004103,0.003493,0.004604
2.31884,185.90,0.099555,0.012310,0.087245,0.004094,0.003486,0.004596
2.31904,185.91,0.099549,0.012286,0.087262,0.004084,0.003479,0.004588
2.31924,185.93,0.099542,0.012263,0.087280,0.004075,0.003472,0.004581
2.31944,185.94,0.099536,0.012239,0.087297,0.004066,0.003465,0.004573
2.31964,185.96,0.099530,0.012215,0.087315,0.004057,0.003457,0.004565
2.31984,185.98,0.099523,0.012191,0.087332,0.004048,0.003450,0.004558
2.32004,185.99,0.099517,0.012168,0.087349,0.004039,0.003443,0.004550
2.32024,186.01,0.099511,0.012144,0.087367,0.004030,0.003436,0.004543
2.32044,186.02,0.099505,0.012121,0.087384,0.004021,0.003429,0.004535
2.32064,186.04,0.099499,0.012098,0.087401,0.004013,0.003422,0.004527
2.32084,186.06,0.099493,0.012074,0.087419,0.004004,0.003415,0.004520
2.32104,186.07,0.099487,0.012051,0.087436,0.003995,0.003408,0.004512
2.32124,186.09,0.099481,0.012028,0.087454,0.003986,0.003401,0.004505
2.32144,186.11,0.099476,0.012005,0.087471,0.003977,0.003394,0.004498
2.32164,186.12,0.099470,0.011982,0.087488,0.003969,0.003388,0.004490
2.32184,186.14,0.099465,0.011959,0.087506,0.003960,0.003381,0.004483
2.32204,186.15,0.099459,0.011936,0.087523,0.003951,0.003374,0.004475
2.32224,186.17,0.099454,0.011913,0.087541,0.003943,0.003367,0.004468
2.32244,186.19,0.099449,0.011890,0.087558,0.003934,0.003360,0.004461
2.32264,186.20,0.099443,0.011868,0.087576,0.003925,0.003353,0.004453
2.32284,186.22,0.099438,0.011845,0.087593,0.003917,0.003347,0.004446
2.32304,186.23,0.099433,0.011823,0.087610,0.003908,0.003340,0.004439
2.32324,186.25,0.099428,0.011800,0.087628,0.003900,0.003333,0.004431
2.32344,186.27,0.099423,0.011778,0.087645,0.003891,0.003327,0.004424
2.32364,186.28,0.099418,0.011755,0.087663,0.003883,0.003320,0.004417
2.32384,186.30,0.099413,0.011733,0.087680,0.003874,0.003313,0.004410
2.32404,186.31,0.099409,0.011711,0.087698,0.003866,0.003307,0.004402
2.32424,186.33,0.099404,0.011689,0.087715,0.003858,0.003300,0.004395
2.32444,186.35,0.099399,0.011667,0.087733,0.003849,0.003293,0.004388
2.32464,186.36,0.099395,0.011645,0.087750,0.003841,0.003287,0.004381
2.32484,186.38,0.099390,0.011623,0.087768,0.003833,0.003280,0.004374
2.32504,186.39,0.099386,0.011601,0.087785,0.003825,0.003274,0.004367
2.32524,186.41,0.099382,0.011579,0.087803,0.003816,0.003267,0.004359
2.32544,186.43,0.099377,0.011557,0.087820,0.003808,0.003261,0.004352
2.32564,186.44,0.099373,0.011535,0.087838,0.003800,0.003254,0.004345
2.32584,186.46,0.099369,0.011514,0.087855,0.003792,0.003248,0.004338
2.32604,186.47,0.099365,0.011492,0.087873,0.003784,0.003241,0.004331
2.32624,186.49,0.099361,0.011471,0.087890,0.003776,0.003235,0.004324
2.32644,186.51,0.099357,0.011449,0.087908,0.003767,0.003228,0.004317
2.32664,186.52,0.099353,0.011428,0.087925,0.003759,0.003222,0.004310
2.32684,186.54,0.099350,0.011407,0.087943,0.003751,0.003216,0.004303
2.32704,186.55,0.099346,0.011385,0.087961,0.003743,0.003209,0.004296
2.32724,186.57,0.099342,0.011364,0.087978,0.003735,0.003203,0.004289
2.32744,186.59,0.099339,0.011343,0.087996,0.003727,0.003197,0.004282
2.32764,186.60,0.099335,0.011322,0.088013,0.003720,0.003190,0.004275
2.32784,186.62,0.099332,0.011301,0.088031,0.003712,0.003184,0.004269
2.32804,186.63,0.099328,0.011280,0.088048,0.003704,0.003178,0.004262
2.32824,186.65,0.099325,0.011259,0.088066,0.003696,0.003172,0.004255
2.32844,186.67,0.099322,0.011238,0.088084,0.003688,0.003165,0.004248
2.32864,186.68,0.099319,0.011217,0.088101,0.003680,0.003159,0.004241
2.32884,186.70,0.099315,0.011197,0.088119,0.003673,0.003153,0.004234
2.32904,186.71,0.099312,0.011176,0.088136,0.003665,0.003147,0.004228
2.32924,186.73,0.099309,0.011155,0.088154,0.003657,0.003141,0.004221
2.32944,186.75,0.099306,0.011135,0.088172,0.003649,0.003135,0.004214
2.32964,186.76,0.099304,0.011114,0.088189,0.003642,0.003128,0.004207
2.32984,186.78,0.099301,0.011094,0.088207,0.003634,0.003122,0.004201
2.33004,186.79,0.099298,0.011073,0.088225,0.003626,0.003116,0.004194
2.33024,186.81,0.099295,0.011053,0.088242,0.003619,0.003110,0.004187
2.33044,186.83,0.099293,0.011033,0.088260,0.003611,0.003104,0.004181
2.33064,186.84,0.099290,0.011013,0.088278,0.003604,0.003098,0.004174
2.33084,186.86,0.099288,0.010993,0.088295,0.003596,0.003092,0.004167
2.33104,186.87,0.099285,0.010972,0.088313,0.003589,0.003086,0.004161
2.33124,186.89,0.099283,0.010952,0.088330,0.003581,0.003080,0.004154
2.33144,186.91,0.099281,0.010932,0.088348,0.003574,0.003074,0.004147
2.33164,186.92,0.099278,0.010913,0.088366,0.003566,0.003068,0.004141
2.33184,186.94,0.099276,0.010893,0.088384,0.003559,0.003062,0.004134
2.33204,186.95,0.099274,0.010873,0.088401,0.003551,0.003056,0.004128
2.33224,186.97,0.099272,0.010853,0.088419,0.003544,0.003051,0.004121
2.33244,186.99,0.099270,0.010833,0.088437,0.003537,0.003045,0.004115
2.33264,187.00,0.099268,0.010814,0.088454,0.003529,0.003039,0.004108
2.33284,187.02,0.099266,0.010794,0.088472,0.003522,0.003033,0.004102
2.33304,187.04,0.099264,0.010775,0.088490,0.003515,0.003027,0.004095
2.33324,187.05,0.099263,0.010755,0.088507,0.003508,0.003021,0.004089
2.33344,187.07,0.099261,0.010736,0.088525,0.003500,0.003016,0.004082
2.33364,187.08,0.099259,0.010716,0.088543,0.003493,0.003010,0.004076
2.33384,187.10,0.099258,0.010697,0.088561,0.003486,0.003004,0.004069
2.33404,187.12,0.099256,0.010678,0.088578,0.003479,0.002998,0.004063
2.33424,187.13,0.099255,0.010659,0.088596,0.003472,0.002993,0.004057
2.33444,187.15,0.099253,0.010639,0.088614,0.003465,0.002987,0.004050
2.33464,187.16,0.099252,0.010620,0.088632,0.003457,0.002981,0.004044
2.33484,187.18,0.099251,0.010601,0.088649,0.003450,0.002976,0.004038
2.33504,187.20,0.099249,0.010582,0.088667,0.003443,0.002970,0.004031
2.33524,187.21,0.099248,0.010563,0.088685,0.003436,0.002964,0.004025
2.33544,187.23,0.099247,0.010544,0.088703,0.003429,0.002959,0.004019
2.33564,187.24,0.099246,0.010526,0.088721,0.003422,0.002953,0.004012
2.33584,187.26,0.099245,0.010507,0.088738,0.003415,0.002948,0.004006
2.33604,187.28,0.099244,0.010488,0.088756,0.003408,0.002942,0.004000
2.33624,187.29,0.099243,0.010469,0.088774,0.003401,0.002936,0.003994
2.33644,187.31,0.099242,0.010451,0.088792,0.003394,0.002931,0.003987
2.33664,187.32,0.099242,0.010432,0.088809,0.003388,0.002925,0.003981
2.33684,187.34,0.099241,0.010414,0.088827,0.003381,0.002920,0.003975
2.33704,187.36,0.099240,0.010395,0.088845,0.003374,0.002914,0.003969
2.33724,187.37,0.099240,0.010377,0.088863,0.003367,0.002909,0.003963
2.33744,187.39,0.099239,0.010358,0.088881,0.003360,0.002903,0.003957
2.33764,187.40,0.099239,0.010340,0.088899,0.003353,0.002898,0.003950
2.33784,187.42,0.099238,0.010322,0.088916,0.003347,0.002892,0.003944
2.33804,187.44,0.099238,0.010304,0.088934,0.003340,0.002887,0.003938
2.33824,187.45,0.099238,0.010285,0.088952,0.003333,0.002882,0.003932
2.33844,187.47,0.099237,0.010267,0.088970,0.003327,0.002876,0.003926
2.33864,187.48,0.099237,0.010249,0.088988,0.003320,0.002871,0.003920
2.33884,187.50,0.099237,0.010231,0.089006,0.003313,0.002866,0.003914
2.33904,187.52,0.099237,0.010213,0.089024,0.003307,0.002860,0.003908
2.33924,187.53,0.099237,0.010195,0.089042,0.003300,0.002855,0.003902
2.33944,187.55,0.099237,0.010177,0.089059,0.003293,0.002850,0.003896
2.33964,187.56,0.099237,0.010160,0.089077,0.003287,0.002844,0.003890
2.33984,187.58,0.099237,0.010142,0.089095,0.003280,0.002839,0.003884
2.34004,187.60,0.099237,0.010124,0.089113,0.003274,0.002834,0.003878
2.34024,187.61,0.099237,0.010106,0.089131,0.003267,0.002828,0.003872
2.34044,187.63,0.099238,0.010089,0.089149,0.003261,0.002823,0.003866
2.34064,187.64,0.099238,0.010071,0.089167,0.003254,0.002818,0.003860
2.34084,187.66,0.099238,0.010054,0.089185,0.003248,0.002813,0.003854
2.34104,187.68,0.099239,0.010036,0.089203,0.003241,0.002808,0.003848
2.34124,187.69,0.099239,0.010019,0.089221,0.003235,0.002802,0.003842
2.34144,187.71,0.099240,0.010001,0.089239,0.003228,0.002797,0.003837
2.34164,187.72,0.099240,0.009984,0.089256,0.003222,0.002792,0.003831
2.34184,187.74,0.099241,0.009967,0.089274,0.003216,0.002787,0.003825
2.34204,187.76,0.099242,0.009949,0.089292,0.003209,0.002782,0.003819
2.34224,187.77,0.099242,0.009932,0.089310,0.003203,0.002777,0.003813
2.34244,187.79,0.099243,0.009915,0.089328,0.003197,0.002772,0.003807
2.34264,187.80,0.099244,0.009898,0.089346,0.003190,0.002767,0.003802
2.34284,187.82,0.099245,0.009881,0.089364,0.003184,0.002761,0.003796
2.34304,187.84,0.099246,0.009864,0.089382,0.003178,0.002756,0.003790
2.34324,187.85,0.099247,0.009847,0.089400,0.003172,0.002751,0.003784
2.34344,187.87,0.099248,0.009830,0.089418,0.003165,0.002746,0.003779
2.34364,187.88,0.099249,0.009813,0.089436,0.003159,0.002741,0.003773
2.34384,187.90,0.099250,0.009796,0.089454,0.003153,0.002736,0.003767
2.34404,187.92,0.099251,0.009779,0.089472,0.003147,0.002731,0.003761
2.34424,187.93,0.099253,0.009762,0.089490,0.003141,0.002726,0.003756
2.34444,187.95,0.099254,0.009746,0.089508,0.003135,0.002721,0.003750
2.34464,187.97,0.099255,0.009729,0.089526,0.003128,0.002716,0.003744
2.34484,187.98,0.099257,0.009712,0.089544,0.003122,0.002712,0.003739
2.34504,188.00,0.099258,0.009696,0.089562,0.003116,0.002707,0.003733
2.34524,188.01,0.099260,0.009679,0.089580,0.003110,0.002702,0.003728
2.34544,188.03,0.099261,0.009663,0.089598,0.003104,0.002697,0.003722
2.34564,188.05,0.099263,0.009646,0.089617,0.003098,0.002692,0.003716
2.34584,188.06,0.099264,0.009630,0.089635,0.003092,0.002687,0.003711
2.34604,188.08,0.099266,0.009613,0.089653,0.003086,0.002682,0.003705
2.34624,188.09,0.099268,0.009597,0.089671,0.003080,0.002677,0.003700
2.34644,188.11,0.099270,0.009581,0.089689,0.003074,0.002673,0.003694
2.34664,188.13,0.099271,0.009565,0.089707,0.003068,0.002668,0.003689
2.34684,188.14,0.099273,0.009548,0.089725,0.003062,0.002663,0.003683
2.34704,188.16,0.099275,0.009532,0.089743,0.003056,0.002658,0.003678
2.34724,188.17,0.099277,0.009516,0.089761,0.003051,0.002653,0.003672
2.34744,188.19,0.099279,0.009500,0.089779,0.003045,0.002649,0.003667
2.34764,188.21,0.099281,0.009484,0.089797,0.003039,0.002644,0.003661
2.34784,188.22,0.099283,0.009468,0.089815,0.003033,0.002639,0.003656
2.34804,188.24,0.099286,0.009452,0.089834,0.003027,0.002634,0.003650
2.34824,188.25,0.099288,0.009436,0.089852,0.003021,0.002630,0.003645
2.34844,188.27,0.099290,0.009420,0.089870,0.003016,0.002625,0.003639
2.34864,188.29,0.099292,0.009404,0.089888,0.003010,0.002620,0.003634
2.34884,188.30,0.099295,0.009389,0.089906,0.003004,0.002616,0.003629
2.34904,188.32,0.099297,0.009373,0.089924,0.002998,0.002611,0.003623
2.34924,188.33,0.099300,0.009357,0.089942,0.002993,0.002606,0.003618
2.34944,188.35,0.099302,0.009342,0.089961,0.002987,0.002602,0.003612
2.34964,188.37,0.099305,0.009326,0.089979,0.002981,0.002597,0.003607
2.34984,188.38,0.099307,0.009310,0.089997,0.002976,0.002592,0.003602
