ppm,hz,total_with_exchange,total_carbon_bound,EGDA O-CH2,exchangeable pool (H2O/OH/COOH),EGMA CH2-OC(O),EGMA CH2-OH,EG O-CH2
3.40006,272.58,0.405349,0.002460,0.000100,0.402889,0.000123,0.000628,0.001294
3.40046,272.61,0.405694,0.002465,0.000100,0.403228,0.000124,0.000630,0.001298
3.40086,272.64,0.406038,0.002470,0.000100,0.403568,0.000124,0.000631,0.001302
3.40126,272.67,0.406383,0.002476,0.000100,0.403908,0.000124,0.000633,0.001306
3.40166,272.70,0.406729,0.002481,0.000100,0.404248,0.000124,0.000634,0.001310
3.40206,272.74,0.407075,0.002487,0.000101,0.404588,0.000124,0.000635,0.001314
3.40246,272.77,0.407422,0.002492,0.000101,0.404929,0.000124,0.000637,0.001318
3.40286,272.80,0.407769,0.002498,0.000101,0.405271,0.000124,0.000638,0.001322
3.40326,272.83,0.408116,0.002503,0.000101,0.405613,0.000124,0.000640,0.001326
3.40366,272.86,0.408464,0.002509,0.000101,0.405955,0.000125,0.000641,0.001330
3.40406,272.90,0.408812,0.002514,0.000101,0.406298,0.000125,0.000642,0.001334
3.40446,272.93,0.409161,0.002520,0.000101,0.406641,0.000125,0.000644,0.001338
3.40486,272.96,0.409511,0.002526,0.000101,0.406985,0.000125,0.000645,0.001343
3.40526,272.99,0.409860,0.002531,0.000101,0.407329,0.000125,0.000647,0.001347
3.40566,273.02,0.410210,0.002537,0.000101,0.407673,0.000125,0.000648,0.001351
3.40606,273.06,0.410561,0.002543,0.000101,0.408018,0.000125,0.000650,0.001355
3.40646,273.09,0.410912,0.002548,0.000102,0.408364,0.000125,0.000651,0.001360
3.40686,273.12,0.411264,0.002554,0.000102,0.408709,0.000125,0.000652,0.001364
3.40726,273.15,0.411616,0.002560,0.000102,0.409056,0.000126,0.000654,0.001368
3.40766,273.19,0.411968,0.002566,0.000102,0.409402,0.000126,0.000655,0.001373
3.40806,273.22,0.412321,0.002572,0.000102,0.409749,0.000126,0.000657,0.001377
3.40846,273.25,0.412674,0.002578,0.000102,0.410097,0.000126,0.000658,0.001381
3.40886,273.28,0.413028,0.002583,0.000102,0.410445,0.000126,0.000660,0.001386
3.40926,273.31,0.413383,0.002589,0.000102,0.410793,0.000126,0.000661,0.001390
3.40966,273.35,0.413737,0.002595,0.000102,0.411142,0.000126,0.000663,0.001395
3.41006,273.38,0.414093,0.002601,0.000102,0.411491,0.000126,0.000664,0.001399
3.41046,273.41,0.414448,0.002607,0.000102,0.411841,0.000127,0.000666,0.001404
3.41086,273.44,0.414804,0.002613,0.000102,0.412191,0.000127,0.000667,0.001408
3.41126,273.47,0.415161,0.002619,0.000103,0.412542,0.000127,0.000669,0.001413
3.41166,273.51,0.415518,0.002625,0.000103,0.412893,0.000127,0.000670,0.001417
3.41206,273.54,0.415876,0.002632,0.000103,0.413244,0.000127,0.000672,0.001422
3.41246,273.57,0.416234,0.002638,0.000103,0.413596,0.000127,0.000673,0.001426
3.41286,273.60,0.416592,0.002644,0.000103,0.413948,0.000127,0.000675,0.001431
3.41326,273.63,0.416951,0.002650,0.000103,0.414301,0.000127,0.000676,0.001436
3.41366,273.67,0.417311,0.002656,0.000103,0.414654,0.000128,0.000678,0.001440
3.41406,273.70,0.417671,0.002662,0.000103,0.415008,0.000128,0.000679,0.001445
3.41446,273.73,0.418031,0.002669,0.000103,0.415362,0.000128,0.000681,0.001450
3.41486,273.76,0.418392,0.002675,0.000103,0.415717,0.000128,0.000682,0.001454
3.41526,273.79,0.418753,0.002681,0.000103,0.416072,0.000128,0.000684,0.001459
3.41566,273.83,0.419115,0.002688,0.000104,0.416427,0.000128,0.000686,0.001464
3.41606,273.86,0.419477,0.002694,0.000104,0.416783,0.000128,0.000687,0.001469
3.41646,273.89,0.419840,0.002701,0.000104,0.417140,0.000128,0.000689,0.001473
3.41686,273.92,0.420203,0.002707,0.000104,0.417496,0.000129,0.000690,0.001478
3.41726,273.95,0.420567,0.002714,0.000104,0.417854,0.000129,0.000692,0.001483
3.41766,273.99,0.420931,0.002720,0.000104,0.418211,0.000129,0.000693,0.001488
3.41806,274.02,0.421296,0.002727,0.000104,0.418570,0.000129,0.000695,0.001493
3.41846,274.05,0.421661,0.002733,0.000104,0.418928,0.000129,0.000697,0.001498
3.41886,274.08,0.422027,0.002740,0.000104,0.419287,0.000129,0.000698,0.001503
3.41926,274.11,0.422393,0.002746,0.000104,0.419647,0.000129,0.000700,0.001508
3.41966,274.15,0.422760,0.002753,0.000104,0.420007,0.000129,0.000702,0.001513
3.42006,274.18,0.423127,0.002760,0.000105,0.420367,0.000130,0.000703,0.001518
3.42046,274.21,0.423495,0.002766,0.000105,0.420728,0.000130,0.000705,0.001523
3.42086,274.24,0.423863,0.002773,0.000105,0.421090,0.000130,0.000706,0.001528
3.42126,274.28,0.424231,0.002780,0.000105,0.421451,0.000130,0.000708,0.001533
3.42166,274.31,0.424601,0.002787,0.000105,0.421814,0.000130,0.000710,0.001538
3.42206,274.34,0.424970,0.002794,0.000105,0.422176,0.000130,0.000711,0.001543
3.42246,274.37,0.425340,0.002801,0.000105,0.422540,0.000130,0.000713,0.001549
3.42286,274.40,0.425711,0.002808,0.000105,0.422903,0.000130,0.000715,0.001554
3.42326,274.44,0.426082,0.002814,0.000105,0.423267,0.000131,0.000716,0.001559
3.42366,274.47,0.426454,0.002821,0.000105,0.423632,0.000131,0.000718,0.001564
3.42406,274.50,0.426826,0.002828,0.000105,0.423997,0.000131,0.000720,0.001570
3.42446,274.53,0.427198,0.002836,0.000106,0.424363,0.000131,0.000721,0.001575
3.42486,274.56,0.427571,0.002843,0.000106,0.424729,0.000131,0.000723,0.001580
3.42526,274.60,0.427945,0.002850,0.000106,0.425095,0.000131,0.000725,0.001586
3.42566,274.63,0.428319,0.002857,0.000106,0.425462,0.000131,0.000726,0.001591
3.42606,274.66,0.428694,0.002864,0.000106,0.425829,0.000131,0.000728,0.001597
3.42646,274.69,0.429069,0.002871,0.000106,0.426197,0.000132,0.000730,0.001602
3.42686,274.72,0.429444,0.002879,0.000106,0.426566,0.000132,0.000732,0.001608
3.42726,274.76,0.429820,0.002886,0.000106,0.426934,0.000132,0.000733,0.001613
3.42766,274.79,0.430197,0.002893,0.000106,0.427304,0.000132,0.000735,0.001619
3.42806,274.82,0.430574,0.002901,0.000106,0.427673,0.000132,0.000737,0.001624
3.42846,274.85,0.430952,0.002908,0.000106,0.428044,0.000132,0.000739,0.001630
3.42886,274.88,0.431330,0.002915,0.000107,0.428414,0.000132,0.000740,0.001635
3.42926,274.92,0.431708,0.002923,0.000107,0.428786,0.000133,0.000742,0.001641
3.42966,274.95,0.432088,0.002930,0.000107,0.429157,0.000133,0.000744,0.001647
3.43006,274.98,0.432467,0.002938,0.000107,0.429529,0.000133,0.000746,0.001653
3.43046,275.01,0.432847,0.002946,0.000107,0.429902,0.000133,0.000747,0.001658
3.43086,275.04,0.433228,0.002953,0.000107,0.430275,0.000133,0.000749,0.001664
3.43126,275.08,0.433609,0.002961,0.000107,0.430649,0.000133,0.000751,0.001670
3.43166,275.11,0.433991,0.002968,0.000107,0.431023,0.000133,0.000753,0.001676
3.43206,275.14,0.434373,0.002976,0.000107,0.431397,0.000133,0.000755,0.001682
3.43246,275.17,0.434756,0.002984,0.000107,0.431772,0.000134,0.000756,0.001688
3.43286,275.21,0.435139,0.002992,0.000108,0.432148,0.000134,0.000758,0.001694
3.43326,275.24,0.435523,0.003000,0.000108,0.432524,0.000134,0.000760,0.001699
3.43366,275.27,0.435907,0.003008,0.000108,0.432900,0.000134,0.000762,0.001705
3.43406,275.30,0.436292,0.003015,0.000108,0.433277,0.000134,0.000764,0.001712
3.43446,275.33,0.436678,0.003023,0.000108,0.433654,0.000134,0.000766,0.001718
3.43486,275.37,0.437064,0.003031,0.000108,0.434032,0.000134,0.000767,0.001724
3.43526,275.40,0.437450,0.003039,0.000108,0.434411,0.000135,0.000769,0.001730
3.43566,275.43,0.437837,0.003048,0.000108,0.434789,0.000135,0.000771,0.001736
3.43606,275.46,0.438224,0.003056,0.000108,0.435169,0.000135,0.000773,0.001742
3.43646,275.49,0.438612,0.003064,0.000108,0.435549,0.000135,0.000775,0.001748
3.43686,275.53,0.439001,0.003072,0.000108,0.435929,0.000135,0.000777,0.001755
3.43726,275.56,0.439390,0.003080,0.000109,0.436310,0.000135,0.000779,0.001761
3.43766,275.59,0.439780,0.003089,0.000109,0.436691,0.000135,0.000781,0.001767
3.43806,275.62,0.440170,0.003097,0.000109,0.437073,0.000135,0.000783,0.001774
3.43846,275.65,0.440561,0.003105,0.000109,0.437455,0.000136,0.000784,0.001780
3.43886,275.69,0.440952,0.003114,0.000109,0.437838,0.000136,0.000786,0.001786
3.43926,275.72,0.441344,0.003122,0.000109,0.438221,0.000136,0.000788,0.001793
3.43966,275.75,0.441736,0.003131,0.000109,0.438605,0.000136,0.000790,0.001799
3.44006,275.78,0.442129,0.003139,0.000109,0.438989,0.000136,0.000792,0.001806
3.44046,275.81,0.442522,0.003148,0.000109,0.439374,0.000136,0.000794,0.001813
3.44086,275.85,0.442916,0.003156,0.000109,0.439760,0.000136,0.000796,0.001819
3.44126,275.88,0.443310,0.003165,0.000110,0.440145,0.000137,0.000798,0.001826
3.44166,275.91,0.443705,0.003174,0.000110,0.440532,0.000137,0.000800,0.001833
3.44206,275.94,0.444101,0.003183,0.000110,0.440918,0.000137,0.000802,0.001839
3.44246,275.97,0.444497,0.003191,0.000110,0.441306,0.000137,0.000804,0.001846
3.44286,276.01,0.444894,0.003200,0.000110,0.441693,0.000137,0.000806,0.001853
3.44326,276.04,0.445291,0.003209,0.000110,0.442082,0.000137,0.000808,0.001860
3.44366,276.07,0.445689,0.003218,0.000110,0.442471,0.000137,0.000810,0.001866
3.44406,276.10,0.446087,0.003227,0.000110,0.442860,0.000138,0.000812,0.001873
3.44446,276.14,0.446486,0.003236,0.000110,0.443250,0.000138,0.000814,0.001880
3.44486,276.17,0.446885,0.003245,0.000110,0.443640,0.000138,0.000816,0.001887
3.44526,276.20,0.447285,0.003254,0.000111,0.444031,0.000138,0.000818,0.001894
3.44566,276.23,0.447686,0.003263,0.000111,0.444422,0.000138,0.000820,0.001901
3.44606,276.26,0.448087,0.003273,0.000111,0.444814,0.000138,0.000822,0.001909
3.44646,276.30,0.448488,0.003282,0.000111,0.445206,0.000138,0.000824,0.001916
3.44686,276.33,0.448891,0.003291,0.000111,0.445599,0.000138,0.000826,0.001923
3.44726,276.36,0.449293,0.003301,0.000111,0.445993,0.000139,0.000829,0.001930
3.44766,276.39,0.449697,0.003310,0.000111,0.446386,0.000139,0.000831,0.001937
3.44806,276.42,0.450100,0.003320,0.000111,0.446781,0.000139,0.000833,0.001945
3.44846,276.46,0.450505,0.003329,0.000111,0.447176,0.000139,0.000835,0.001952
3.44886,276.49,0.450910,0.003339,0.000111,0.447571,0.000139,0.000837,0.001959
3.44926,276.52,0.451315,0.003348,0.000112,0.447967,0.000139,0.000839,0.001967
3.44966,276.55,0.451722,0.003358,0.000112,0.448364,0.000139,0.000841,0.001974
3.45006,276.58,0.452128,0.003368,0.000112,0.448761,0.000140,0.000843,0.001982
3.45046,276.62,0.452536,0.003377,0.000112,0.449158,0.000140,0.000846,0.001989
3.45086,276.65,0.452943,0.003387,0.000112,0.449556,0.000140,0.000848,0.001997
3.45126,276.68,0.453352,0.003397,0.000112,0.449955,0.000140,0.000850,0.002005
3.45166,276.71,0.453761,0.003407,0.000112,0.450354,0.000140,0.000852,0.002012
3.45206,276.74,0.454170,0.003417,0.000112,0.450753,0.000140,0.000854,0.002020
3.45246,276.78,0.454581,0.003427,0.000112,0.451154,0.000140,0.000856,0.002028
3.45286,276.81,0.454991,0.003437,0.000112,0.451554,0.000141,0.000859,0.002036
3.45326,276.84,0.455403,0.003447,0.000113,0.451955,0.000141,0.000861,0.002043
3.45366,276.87,0.455815,0.003458,0.000113,0.452357,0.000141,0.000863,0.002051
3.45406,276.90,0.456227,0.003468,0.000113,0.452759,0.000141,0.000865,0.002059
3.45446,276.94,0.456640,0.003478,0.000113,0.453162,0.000141,0.000868,0.002067
3.45486,276.97,0.457054,0.003489,0.000113,0.453565,0.000141,0.000870,0.002075
3.45526,277.00,0.457468,0.003499,0.000113,0.453969,0.000141,0.000872,0.002084
3.45566,277.03,0.457883,0.003509,0.000113,0.454373,0.000142,0.000874,0.002092
3.45606,277.07,0.458298,0.003520,0.000113,0.454778,0.000142,0.000877,0.002100
3.45646,277.10,0.458714,0.003531,0.000113,0.455184,0.000142,0.000879,0.002108
3.45686,277.13,0.459131,0.003541,0.000113,0.455590,0.000142,0.000881,0.002116
3.45726,277.16,0.459548,0.003552,0.000114,0.455996,0.000142,0.000883,0.002125
3.45766,277.19,0.459966,0.003563,0.000114,0.456403,0.000142,0.000886,0.002133
3.45806,277.23,0.460384,0.003574,0.000114,0.456811,0.000142,0.000888,0.002142
3.45846,277.26,0.460803,0.003584,0.000114,0.457219,0.000143,0.000890,0.002150
3.45886,277.29,0.461223,0.003595,0.000114,0.457627,0.000143,0.000893,0.002159
3.45926,277.32,0.461643,0.003606,0.000114,0.458036,0.000143,0.000895,0.002167
3.45966,277.35,0.462064,0.003618,0.000114,0.458446,0.000143,0.000897,0.002176
3.46006,277.39,0.462485,0.003629,0.000114,0.458856,0.000143,0.000900,0.002185
3.46046,277.42,0.462907,0.003640,0.000114,0.459267,0.000143,0.000902,0.002193
3.46086,277.45,0.463330,0.003651,0.000115,0.459678,0.000144,0.000905,0.002202
3.46126,277.48,0.463753,0.003662,0.000115,0.460090,0.000144,0.000907,0.002211
3.46166,277.51,0.464177,0.003674,0.000115,0.460503,0.000144,0.000909,0.002220
3.46206,277.55,0.464601,0.003685,0.000115,0.460916,0.000144,0.000912,0.002229
3.46246,277.58,0.465026,0.003697,0.000115,0.461329,0.000144,0.000914,0.002238
3.46286,277.61,0.465452,0.003708,0.000115,0.461743,0.000144,0.000917,0.002247
3.46326,277.64,0.465878,0.003720,0.000115,0.462158,0.000144,0.000919,0.002256
3.46366,277.67,0.466305,0.003732,0.000115,0.462573,0.000145,0.000921,0.002265
3.46406,277.71,0.466732,0.003744,0.000115,0.462989,0.000145,0.000924,0.002274
3.46446,277.74,0.467160,0.003755,0.000115,0.463405,0.000145,0.000926,0.002284
3.46486,277.77,0.467589,0.003767,0.000116,0.463822,0.000145,0.000929,0.002293
3.46526,277.80,0.468019,0.003779,0.000116,0.464239,0.000145,0.000931,0.002302
3.46566,277.83,0.468448,0.003791,0.000116,0.464657,0.000145,0.000934,0.002312
3.46606,277.87,0.468879,0.003804,0.000116,0.465076,0.000145,0.000936,0.002321
3.46646,277.90,0.469310,0.003816,0.000116,0.465495,0.000146,0.000939,0.002331
3.46686,277.93,0.469742,0.003828,0.000116,0.465914,0.000146,0.000941,0.002341
3.46726,277.96,0.470175,0.003840,0.000116,0.466334,0.000146,0.000944,0.002350
3.46766,278.00,0.470608,0.003853,0.000116,0.466755,0.000146,0.000947,0.002360
3.46806,278.03,0.471041,0.003865,0.000116,0.467176,0.000146,0.000949,0.002370
3.46846,278.06,0.471476,0.003878,0.000117,0.467598,0.000146,0.000952,0.002380
3.46886,278.09,0.471911,0.003890,0.000117,0.468020,0.000147,0.000954,0.002390
3.46926,278.12,0.472346,0.003903,0.000117,0.468443,0.000147,0.000957,0.002400
3.46966,278.16,0.472783,0.003916,0.000117,0.468867,0.000147,0.000959,0.002410
3.47006,278.19,0.473220,0.003929,0.000117,0.469291,0.000147,0.000962,0.002420
3.47046,278.22,0.473657,0.003942,0.000117,0.469716,0.000147,0.000965,0.002430
3.47086,278.25,0.474095,0.003955,0.000117,0.470141,0.000147,0.000967,0.002441
3.47126,278.28,0.474534,0.003968,0.000117,0.470567,0.000147,0.000970,0.002451
3.47166,278.32,0.474974,0.003981,0.000117,0.470993,0.000148,0.000973,0.002461
3.47206,278.35,0.475414,0.003994,0.000118,0.471420,0.000148,0.000975,0.002472
3.47246,278.38,0.475855,0.004007,0.000118,0.471847,0.000148,0.000978,0.002482
3.47286,278.41,0.476296,0.004021,0.000118,0.472275,0.000148,0.000981,0.002493
3.47326,278.44,0.476738,0.004034,0.000118,0.472704,0.000148,0.000983,0.002503
3.47366,278.48,0.477181,0.004048,0.000118,0.473133,0.000148,0.000986,0.002514
3.47406,278.51,0.477624,0.004061,0.000118,0.473563,0.000149,0.000989,0.002525
3.47446,278.54,0.478069,0.004075,0.000118,0.473993,0.000149,0.000992,0.002536
3.47486,278.57,0.478513,0.004089,0.000118,0.474424,0.000149,0.000994,0.002547
3.47526,278.60,0.478959,0.004103,0.000118,0.474856,0.000149,0.000997,0.002558
3.47566,278.64,0.479405,0.004117,0.000119,0.475288,0.000149,0.001000,0.002569
3.47606,278.67,0.479851,0.004131,0.000119,0.475721,0.000149,0.001003,0.002580
3.47646,278.70,0.480299,0.004145,0.000119,0.476154,0.000149,0.001005,0.002591
3.47686,278.73,0.480747,0.004159,0.000119,0.476588,0.000150,0.001008,0.002603
3.47726,278.76,0.481196,0.004174,0.000119,0.477022,0.000150,0.001011,0.002614
3.47766,278.80,0.481645,0.004188,0.000119,0.477457,0.000150,0.001014,0.002625
3.47806,278.83,0.482095,0.004202,0.000119,0.477893,0.000150,0.001017,0.002637
3.47846,278.86,0.482546,0.004217,0.000119,0.478329,0.000150,0.001020,0.002649
3.47886,278.89,0.482997,0.004232,0.000119,0.478766,0.000150,0.001023,0.002660
3.47926,278.93,0.483449,0.004246,0.000120,0.479203,0.000151,0.001025,0.002672
3.47966,278.96,0.483902,0.004261,0.000120,0.479641,0.000151,0.001028,0.002684
3.48006,278.99,0.484356,0.004276,0.000120,0.480079,0.000151,0.001031,0.002696
3.48046,279.02,0.484810,0.004291,0.000120,0.480519,0.000151,0.001034,0.002708
3.48086,279.05,0.485265,0.004306,0.000120,0.480958,0.000151,0.001037,0.002720
3.48126,279.09,0.485720,0.004321,0.000120,0.481399,0.000151,0.001040,0.002732
3.48166,279.12,0.486176,0.004337,0.000120,0.481840,0.000152,0.001043,0.002744
3.48206,279.15,0.486633,0.004352,0.000120,0.482281,0.000152,0.001046,0.002757
3.48246,279.18,0.487091,0.004368,0.000120,0.482723,0.000152,0.001049,0.002769
3.48286,279.21,0.487549,0.004383,0.000121,0.483166,0.000152,0.001052,0.002781
3.48326,279.25,0.488008,0.004399,0.000121,0.483609,0.000152,0.001055,0.002794
3.48366,279.28,0.488468,0.004415,0.000121,0.484053,0.000152,0.001058,0.002807
3.48406,279.31,0.488928,0.004431,0.000121,0.484497,0.000152,0.001061,0.002819
3.48446,279.34,0.489389,0.004447,0.000121,0.484943,0.000153,0.001064,0.002832
3.48486,279.37,0.489851,0.004463,0.000121,0.485388,0.000153,0.001067,0.002845
3.48526,279.41,0.490314,0.004479,0.000121,0.485835,0.000153,0.001070,0.002858
3.48566,279.44,0.490777,0.004495,0.000121,0.486282,0.000153,0.001073,0.002871
3.48606,279.47,0.491241,0.004512,0.000121,0.486729,0.000153,0.001076,0.002884
3.48646,279.50,0.491705,0.004528,0.000122,0.487177,0.000153,0.001080,0.002898
3.48686,279.53,0.492171,0.004545,0.000122,0.487626,0.000154,0.001083,0.002911
3.48726,279.57,0.492637,0.004562,0.000122,0.488075,0.000154,0.001086,0.002925
3.48766,279.60,0.493104,0.004578,0.000122,0.488525,0.000154,0.001089,0.002938
3.48806,279.63,0.493571,0.004595,0.000122,0.488976,0.000154,0.001092,0.002952
3.48846,279.66,0.494039,0.004612,0.000122,0.489427,0.000154,0.001095,0.002965
3.48886,279.69,0.494508,0.004630,0.000122,0.489879,0.000154,0.001099,0.002979
3.48926,279.73,0.494978,0.004647,0.000122,0.490331,0.000155,0.001102,0.002993
3.48966,279.76,0.495448,0.004664,0.000122,0.490784,0.000155,0.001105,0.003007
3.49006,279.79,0.495919,0.004682,0.000123,0.491238,0.000155,0.001108,0.003021
3.49046,279.82,0.496391,0.004699,0.000123,0.491692,0.000155,0.001112,0.003036
3.49086,279.86,0.496864,0.004717,0.000123,0.492147,0.000155,0.001115,0.003050
3.49126,279.89,0.497337,0.004735,0.000123,0.492602,0.000155,0.001118,0.003064
3.49166,279.92,0.497811,0.004753,0.000123,0.493059,0.000156,0.001121,0.003079
3.49206,279.95,0.498286,0.004771,0.000123,0.493515,0.000156,0.001125,0.003094
3.49246,279.98,0.498762,0.004789,0.000123,0.493973,0.000156,0.001128,0.003108
3.49286,280.02,0.499238,0.004807,0.000123,0.494431,0.000156,0.001131,0.003123
3.49326,280.05,0.499715,0.004826,0.000124,0.494889,0.000156,0.001135,0.003138
3.49366,280.08,0.500193,0.004844,0.000124,0.495348,0.000156,0.001138,0.003153
3.49406,280.11,0.500672,0.004863,0.000124,0.495808,0.000157,0.001142,0.003168
3.49446,280.14,0.501151,0.004882,0.000124,0.496269,0.000157,0.001145,0.003184
3.49486,280.18,0.501631,0.004901,0.000124,0.496730,0.000157,0.001148,0.003199
3.49526,280.21,0.502112,0.004920,0.000124,0.497192,0.000157,0.001152,0.003215
3.49566,280.24,0.502593,0.004939,0.000124,0.497654,0.000157,0.001155,0.003230
3.49606,280.27,0.503076,0.004959,0.000124,0.498117,0.000157,0.001159,0.003246
3.49646,280.30,0.503559,0.004978,0.000124,0.498581,0.000158,0.001162,0.003262
3.49686,280.34,0.504043,0.004998,0.000125,0.499045,0.000158,0.001166,0.003278
3.49726,280.37,0.504528,0.005017,0.000125,0.499510,0.000158,0.001169,0.003294
3.49766,280.40,0.505013,0.005037,0.000125,0.499976,0.000158,0.001173,0.003310
3.49806,280.43,0.505499,0.005057,0.000125,0.500442,0.000158,0.001176,0.003326
3.49846,280.46,0.505986,0.005077,0.000125,0.500909,0.000158,0.001180,0.003343
3.49886,280.50,0.506474,0.005098,0.000125,0.501376,0.000159,0.001184,0.003359
3.49926,280.53,0.506963,0.005118,0.000125,0.501844,0.000159,0.001187,0.003376
3.49966,280.56,0.507452,0.005139,0.000125,0.502313,0.000159,0.001191,0.003393
3.50006,280.59,0.507942,0.005159,0.000126,0.502783,0.000159,0.001194,0.003410
3.50046,280.62,0.508433,0.005180,0.000126,0.503253,0.000159,0.001198,0.003427
3.50086,280.66,0.508925,0.005201,0.000126,0.503723,0.000160,0.001202,0.003444
3.50126,280.69,0.509417,0.005222,0.000126,0.504195,0.000160,0.001205,0.003461
3.50166,280.72,0.509911,0.005244,0.000126,0.504667,0.000160,0.001209,0.003479
3.50206,280.75,0.510405,0.005265,0.000126,0.505140,0.000160,0.001213,0.003496
3.50246,280.79,0.510900,0.005287,0.000126,0.505613,0.000160,0.001217,0.003514
3.50286,280.82,0.511395,0.005309,0.000126,0.506087,0.000160,0.001220,0.003532
3.50326,280.85,0.511892,0.005330,0.000126,0.506562,0.000161,0.001224,0.003550
3.50366,280.88,0.512389,0.005353,0.000127,0.507037,0.000161,0.001228,0.003568
3.50406,280.91,0.512888,0.005375,0.000127,0.507513,0.000161,0.001232,0.003586
3.50446,280.95,0.513387,0.005397,0.000127,0.507989,0.000161,0.001236,0.003605
3.50486,280.98,0.513886,0.005420,0.000127,0.508467,0.000161,0.001240,0.003623
3.50526,281.01,0.514387,0.005442,0.000127,0.508945,0.000161,0.001243,0.003642
3.50566,281.04,0.514888,0.005465,0.000127,0.509423,0.000162,0.001247,0.003661
3.50606,281.07,0.515391,0.005488,0.000127,0.509902,0.000162,0.001251,0.003680
3.50646,281.11,0.515894,0.005512,0.000127,0.510382,0.000162,0.001255,0.003699
3.50686,281.14,0.516398,0.005535,0.000128,0.510863,0.000162,0.001259,0.003718
3.50726,281.17,0.516903,0.005558,0.000128,0.511344,0.000162,0.001263,0.003737
3.50766,281.20,0.517408,0.005582,0.000128,0.511826,0.000163,0.001267,0.003757
3.50806,281.23,0.517915,0.005606,0.000128,0.512309,0.000163,0.001271,0.003777
3.50846,281.27,0.518422,0.005630,0.000128,0.512792,0.000163,0.001275,0.003797
3.50886,281.30,0.518930,0.005654,0.000128,0.513276,0.000163,0.001279,0.003817
3.50926,281.33,0.519439,0.005679,0.000128,0.513761,0.000163,0.001283,0.003837
3.50966,281.36,0.519949,0.005703,0.000128,0.514246,0.000163,0.001287,0.003857
3.51006,281.39,0.520460,0.005728,0.000129,0.514732,0.000164,0.001291,0.003878
3.51046,281.43,0.520972,0.005753,0.000129,0.515218,0.000164,0.001296,0.003899
3.51086,281.46,0.521484,0.005778,0.000129,0.515706,0.000164,0.001300,0.003919
3.51126,281.49,0.521997,0.005804,0.000129,0.516194,0.000164,0.001304,0.003940
3.51166,281.52,0.522512,0.005829,0.000129,0.516682,0.000164,0.001308,0.003962
3.51206,281.55,0.523027,0.005855,0.000129,0.517172,0.000164,0.001312,0.003983
3.51246,281.59,0.523543,0.005881,0.000129,0.517662,0.000165,0.001316,0.004005
3.51286,281.62,0.524059,0.005907,0.000129,0.518153,0.000165,0.001321,0.004026
3.51326,281.65,0.524577,0.005933,0.000130,0.518644,0.000165,0.001325,0.004048
3.51366,281.68,0.525096,0.005960,0.000130,0.519136,0.000165,0.001329,0.004070
3.51406,281.72,0.525615,0.005986,0.000130,0.519629,0.000165,0.001334,0.004092
3.51446,281.75,0.526136,0.006013,0.000130,0.520122,0.000166,0.001338,0.004115
3.51486,281.78,0.526657,0.006041,0.000130,0.520616,0.000166,0.001342,0.004137
3.51526,281.81,0.527179,0.006068,0.000130,0.521111,0.000166,0.001347,0.004160
3.51566,281.84,0.527702,0.006095,0.000130,0.521607,0.000166,0.001351,0.004183
3.51606,281.88,0.528226,0.006123,0.000130,0.522103,0.000166,0.001355,0.004206
3.51646,281.91,0.528751,0.006151,0.000131,0.522600,0.000166,0.001360,0.004230
3.51686,281.94,0.529277,0.006179,0.000131,0.523098,0.000167,0.001364,0.004253
3.51726,281.97,0.529804,0.006208,0.000131,0.523596,0.000167,0.001369,0.004277
3.51766,282.00,0.530332,0.006236,0.000131,0.524095,0.000167,0.001373,0.004301
3.51806,282.04,0.530860,0.006265,0.000131,0.524595,0.000167,0.001378,0.004325
3.51846,282.07,0.531390,0.006294,0.000131,0.525095,0.000167,0.001382,0.004350
3.51886,282.10,0.531920,0.006324,0.000131,0.525596,0.000168,0.001387,0.004374
3.51926,282.13,0.532452,0.006353,0.000132,0.526098,0.000168,0.001392,0.004399
3.51966,282.16,0.532984,0.006383,0.000132,0.526601,0.000168,0.001396,0.004424
3.52006,282.20,0.533517,0.006413,0.000132,0.527104,0.000168,0.001401,0.004449
3.52046,282.23,0.534051,0.006443,0.000132,0.527608,0.000168,0.001406,0.004475
3.52086,282.26,0.534587,0.006474,0.000132,0.528113,0.000169,0.001410,0.004500
3.52126,282.29,0.535123,0.006505,0.000132,0.528618,0.000169,0.001415,0.004526
3.52166,282.32,0.535660,0.006536,0.000132,0.529124,0.000169,0.001420,0.004552
3.52206,282.36,0.536198,0.006567,0.000132,0.529631,0.000169,0.001425,0.004579
3.52246,282.39,0.536737,0.006599,0.000133,0.530138,0.000169,0.001429,0.004605
3.52286,282.42,0.537277,0.006630,0.000133,0.530647,0.000169,0.001434,0.004632
3.52326,282.45,0.537818,0.006662,0.000133,0.531156,0.000170,0.001439,0.004659
3.52366,282.48,0.538360,0.006695,0.000133,0.531665,0.000170,0.001444,0.004686
3.52406,282.52,0.538903,0.006727,0.000133,0.532176,0.000170,0.001449,0.004714
3.52446,282.55,0.539447,0.006760,0.000133,0.532687,0.000170,0.001454,0.004741
3.52486,282.58,0.539992,0.006793,0.000133,0.533199,0.000170,0.001459,0.004769
3.52526,282.61,0.540538,0.006827,0.000133,0.533711,0.000171,0.001464,0.004798
3.52566,282.65,0.541085,0.006860,0.000134,0.534225,0.000171,0.001469,0.004826
3.52606,282.68,0.541633,0.006894,0.000134,0.534739,0.000171,0.001474,0.004855
3.52646,282.71,0.542182,0.006928,0.000134,0.535253,0.000171,0.001479,0.004884
3.52686,282.74,0.542732,0.006963,0.000134,0.535769,0.000171,0.001484,0.004913
3.52726,282.77,0.543283,0.006998,0.000134,0.536285,0.000172,0.001489,0.004943
3.52766,282.81,0.543835,0.007033,0.000134,0.536802,0.000172,0.001494,0.004972
3.52806,282.84,0.544388,0.007068,0.000134,0.537320,0.000172,0.001499,0.005002
3.52846,282.87,0.544942,0.007104,0.000135,0.537838,0.000172,0.001504,0.005033
3.52886,282.90,0.545497,0.007140,0.000135,0.538357,0.000172,0.001510,0.005063
3.52926,282.93,0.546053,0.007176,0.000135,0.538877,0.000173,0.001515,0.005094
3.52966,282.97,0.546610,0.007213,0.000135,0.539398,0.000173,0.001520,0.005125
3.53006,283.00,0.547169,0.007250,0.000135,0.539919,0.000173,0.001526,0.005157
3.53046,283.03,0.547728,0.007287,0.000135,0.540441,0.000173,0.001531,0.005189
3.53086,283.06,0.548288,0.007324,0.000135,0.540964,0.000173,0.001536,0.005221
3.53126,283.09,0.548850,0.007362,0.000135,0.541488,0.000174,0.001542,0.005253
3.53166,283.13,0.549412,0.007401,0.000136,0.542012,0.000174,0.001547,0.005286
3.53206,283.16,0.549976,0.007439,0.000136,0.542537,0.000174,0.001552,0.005318
3.53246,283.19,0.550541,0.007478,0.000136,0.543063,0.000174,0.001558,0.005352
3.53286,283.22,0.551107,0.007517,0.000136,0.543589,0.000174,0.001563,0.005385
3.53326,283.25,0.551674,0.007557,0.000136,0.544117,0.000175,0.001569,0.005419
3.53366,283.29,0.552242,0.007597,0.000136,0.544645,0.000175,0.001575,0.005453
3.53406,283.32,0.552811,0.007637,0.000136,0.545174,0.000175,0.001580,0.005488
3.53446,283.35,0.553381,0.007678,0.000137,0.545703,0.000175,0.001586,0.005523
3.53486,283.38,0.553952,0.007719,0.000137,0.546234,0.000175,0.001591,0.005558
3.53526,283.41,0.554525,0.007760,0.000137,0.546765,0.000176,0.001597,0.005593
3.53566,283.45,0.555099,0.007802,0.000137,0.547297,0.000176,0.001603,0.005629
3.53606,283.48,0.555673,0.007844,0.000137,0.547829,0.000176,0.001609,0.005665
3.53646,283.51,0.556249,0.007887,0.000137,0.548363,0.000176,0.001614,0.005702
3.53686,283.54,0.556826,0.007929,0.000137,0.548897,0.000176,0.001620,0.005739
3.53726,283.57,0.557405,0.007973,0.000138,0.549432,0.000177,0.001626,0.005776
3.53766,283.61,0.557984,0.008016,0.000138,0.549967,0.000177,0.001632,0.005814
3.53806,283.64,0.558564,0.008061,0.000138,0.550504,0.000177,0.001638,0.005852
3.53846,283.67,0.559146,0.008105,0.000138,0.551041,0.000177,0.001644,0.005890
3.53886,283.70,0.559729,0.008150,0.000138,0.551579,0.000177,0.001650,0.005929
3.53926,283.74,0.560313,0.008195,0.000138,0.552118,0.000178,0.001656,0.005968
3.53966,283.77,0.560899,0.008241,0.000138,0.552657,0.000178,0.001662,0.006007
3.54006,283.80,0.561485,0.008287,0.000138,0.553198,0.000178,0.001668,0.006047
3.54046,283.83,0.562073,0.008334,0.000139,0.553739,0.000178,0.001674,0.006087
3.54086,283.86,0.562662,0.008381,0.000139,0.554281,0.000178,0.001680,0.006128
3.54126,283.90,0.563252,0.008428,0.000139,0.554823,0.000179,0.001686,0.006169
3.54166,283.93,0.563843,0.008476,0.000139,0.555367,0.000179,0.001693,0.006211
3.54206,283.96,0.564436,0.008525,0.000139,0.555911,0.000179,0.001699,0.006253
3.54246,283.99,0.565030,0.008574,0.000139,0.556456,0.000179,0.001705,0.006295
3.54286,284.02,0.565625,0.008623,0.000139,0.557002,0.000179,0.001712,0.006338
3.54326,284.06,0.566221,0.008673,0.000140,0.557549,0.000180,0.001718,0.006381
3.54366,284.09,0.566819,0.008723,0.000140,0.558096,0.000180,0.001724,0.006425
3.54406,284.12,0.567418,0.008774,0.000140,0.558644,0.000180,0.001731,0.006469
3.54446,284.15,0.568018,0.008825,0.000140,0.559193,0.000180,0.001737,0.006513
3.54486,284.18,0.568620,0.008877,0.000140,0.559743,0.000180,0.001744,0.006558
3.54526,284.22,0.569222,0.008929,0.000140,0.560293,0.000181,0.001750,0.006604
3.54566,284.25,0.569827,0.008982,0.000140,0.560845,0.000181,0.001757,0.006650
3.54606,284.28,0.570432,0.009035,0.000141,0.561397,0.000181,0.001764,0.006696
3.54646,284.31,0.571039,0.009089,0.000141,0.561950,0.000181,0.001770,0.006743
3.54686,284.34,0.571647,0.009143,0.000141,0.562503,0.000181,0.001777,0.006791
3.54726,284.38,0.572256,0.009198,0.000141,0.563058,0.000182,0.001784,0.006839
3.54766,284.41,0.572867,0.009254,0.000141,0.563613,0.000182,0.001791,0.006887
3.54806,284.44,0.573479,0.009310,0.000141,0.564170,0.000182,0.001797,0.006936
3.54846,284.47,0.574093,0.009366,0.000141,0.564727,0.000182,0.001804,0.006986
3.54886,284.50,0.574708,0.009424,0.000142,0.565284,0.000183,0.001811,0.007036
3.54926,284.54,0.575324,0.009481,0.000142,0.565843,0.000183,0.001818,0.007086
3.54966,284.57,0.575942,0.009540,0.000142,0.566402,0.000183,0.001825,0.007137
3.55006,284.60,0.576561,0.009598,0.000142,0.566962,0.000183,0.001832,0.007189
3.55046,284.63,0.577181,0.009658,0.000142,0.567523,0.000183,0.001839,0.007241
3.55086,284.67,0.577803,0.009718,0.000142,0.568085,0.000184,0.001846,0.007294
3.55126,284.70,0.578427,0.009779,0.000142,0.568648,0.000184,0.001853,0.007347
3.55166,284.73,0.579052,0.009840,0.000143,0.569211,0.000184,0.001861,0.007401
3.55206,284.76,0.579678,0.009902,0.000143,0.569776,0.000184,0.001868,0.007456
3.55246,284.79,0.580306,0.009965,0.000143,0.570341,0.000184,0.001875,0.007511
3.55286,284.83,0.580935,0.010028,0.000143,0.570907,0.000185,0.001883,0.007567
3.55326,284.86,0.581566,0.010092,0.000143,0.571474,0.000185,0.001890,0.007623
3.55366,284.89,0.582198,0.010157,0.000143,0.572041,0.000185,0.001897,0.007680
3.55406,284.92,0.582832,0.010222,0.000143,0.572610,0.000185,0.001905,0.007738
3.55446,284.95,0.583467,0.010288,0.000144,0.573179,0.000186,0.001912,0.007796
3.55486,284.99,0.584104,0.010355,0.000144,0.573749,0.000186,0.001920,0.007855
3.55526,285.02,0.584742,0.010423,0.000144,0.574320,0.000186,0.001928,0.007915
3.55566,285.05,0.585382,0.010491,0.000144,0.574892,0.000186,0.001935,0.007975
3.55606,285.08,0.586024,0.010560,0.000144,0.575464,0.000186,0.001943,0.008036
3.55646,285.11,0.586667,0.010629,0.000144,0.576038,0.000187,0.001951,0.008098
3.55686,285.15,0.587312,0.010700,0.000145,0.576612,0.000187,0.001958,0.008160
3.55726,285.18,0.587958,0.010771,0.000145,0.577187,0.000187,0.001966,0.008223
3.55766,285.21,0.588606,0.010843,0.000145,0.577763,0.000187,0.001974,0.008287
3.55806,285.24,0.589256,0.010916,0.000145,0.578340,0.000187,0.001982,0.008352
3.55846,285.27,0.589907,0.010990,0.000145,0.578917,0.000188,0.001990,0.008417
3.55886,285.31,0.590560,0.011064,0.000145,0.579496,0.000188,0.001998,0.008483
3.55926,285.34,0.591214,0.011139,0.000145,0.580075,0.000188,0.002006,0.008550
3.55966,285.37,0.591871,0.011215,0.000146,0.580656,0.000188,0.002014,0.008618
3.56006,285.40,0.592529,0.011292,0.000146,0.581237,0.000189,0.002023,0.008687
3.56046,285.43,0.593189,0.011370,0.000146,0.581818,0.000189,0.002031,0.008756
3.56086,285.47,0.593850,0.011449,0.000146,0.582401,0.000189,0.002039,0.008826
3.56126,285.50,0.594513,0.011528,0.000146,0.582985,0.000189,0.002048,0.008897
3.56166,285.53,0.595178,0.011609,0.000146,0.583569,0.000189,0.002056,0.008969
3.56206,285.56,0.595845,0.011690,0.000146,0.584155,0.000190,0.002064,0.009042
3.56246,285.60,0.596514,0.011773,0.000147,0.584741,0.000190,0.002073,0.009115
3.56286,285.63,0.597184,0.011856,0.000147,0.585328,0.000190,0.002082,0.009190
3.56326,285.66,0.597856,0.011940,0.000147,0.585916,0.000190,0.002090,0.009265
3.56366,285.69,0.598530,0.012026,0.000147,0.586505,0.000191,0.002099,0.009342
3.56406,285.72,0.599206,0.012112,0.000147,0.587094,0.000191,0.002108,0.009419
3.56446,285.76,0.599884,0.012199,0.000147,0.587685,0.000191,0.002116,0.009497
3.56486,285.79,0.600564,0.012288,0.000148,0.588276,0.000191,0.002125,0.009577
3.56526,285.82,0.601246,0.012377,0.000148,0.588869,0.000192,0.002134,0.009657
3.56566,285.85,0.601929,0.012468,0.000148,0.589462,0.000192,0.002143,0.009738
3.56606,285.88,0.602615,0.012559,0.000148,0.590056,0.000192,0.002152,0.009820
3.56646,285.92,0.603303,0.012652,0.000148,0.590651,0.000192,0.002161,0.009904
3.56686,285.95,0.603992,0.012746,0.000148,0.591247,0.000192,0.002170,0.009988
3.56726,285.98,0.604684,0.012841,0.000148,0.591843,0.000193,0.002180,0.010074
3.56766,286.01,0.605378,0.012937,0.000149,0.592441,0.000193,0.002189,0.010160
3.56806,286.04,0.606073,0.013034,0.000149,0.593039,0.000193,0.002198,0.010248
3.56846,286.08,0.606771,0.013133,0.000149,0.593639,0.000193,0.002208,0.010337
3.56886,286.11,0.607471,0.013232,0.000149,0.594239,0.000194,0.002217,0.010427
3.56926,286.14,0.608173,0.013333,0.000149,0.594840,0.000194,0.002227,0.010518
3.56966,286.17,0.608877,0.013435,0.000149,0.595442,0.000194,0.002236,0.010610
3.57006,286.20,0.609584,0.013539,0.000150,0.596045,0.000194,0.002246,0.010704
3.57046,286.24,0.610292,0.013644,0.000150,0.596649,0.000195,0.002256,0.010799
3.57086,286.27,0.611003,0.013750,0.000150,0.597253,0.000195,0.002265,0.010895
3.57126,286.30,0.611716,0.013857,0.000150,0.597859,0.000195,0.002275,0.010992
3.57166,286.33,0.612432,0.013966,0.000150,0.598466,0.000195,0.002285,0.011091
3.57206,286.36,0.613149,0.014076,0.000150,0.599073,0.000195,0.002295,0.011191
3.57246,286.40,0.613869,0.014188,0.000150,0.599681,0.000196,0.002305,0.011292
3.57286,286.43,0.614592,0.014301,0.000151,0.600291,0.000196,0.002315,0.011395
3.57326,286.46,0.615316,0.014416,0.000151,0.600901,0.000196,0.002326,0.011499
3.57366,286.49,0.616043,0.014532,0.000151,0.601512,0.000196,0.002336,0.011604
3.57406,286.53,0.616773,0.014649,0.000151,0.602124,0.000197,0.002346,0.011711
3.57446,286.56,0.617505,0.014768,0.000151,0.602737,0.000197,0.002357,0.011820
3.57486,286.59,0.618240,0.014889,0.000151,0.603350,0.000197,0.002367,0.011930
3.57526,286.62,0.618977,0.015012,0.000152,0.603965,0.000197,0.002378,0.012041
3.57566,286.65,0.619716,0.015136,0.000152,0.604581,0.000198,0.002388,0.012155
3.57606,286.69,0.620458,0.015261,0.000152,0.605197,0.000198,0.002399,0.012269
3.57646,286.72,0.621203,0.015389,0.000152,0.605815,0.000198,0.002410,0.012386
3.57686,286.75,0.621951,0.015518,0.000152,0.606433,0.000198,0.002420,0.012504
3.57726,286.78,0.622701,0.015648,0.000152,0.607052,0.000199,0.002431,0.012623
3.57766,286.81,0.623454,0.015781,0.000153,0.607673,0.000199,0.002442,0.012745
3.57806,286.85,0.624210,0.015916,0.000153,0.608294,0.000199,0.002453,0.012868
3.57846,286.88,0.624968,0.016052,0.000153,0.608916,0.000199,0.002465,0.012993
3.57886,286.91,0.625729,0.016190,0.000153,0.609539,0.000200,0.002476,0.013119
3.57926,286.94,0.626493,0.016330,0.000153,0.610163,0.000200,0.002487,0.013248
3.57966,286.97,0.627261,0.016472,0.000153,0.610788,0.000200,0.002499,0.013378
3.58006,287.01,0.628031,0.016617,0.000154,0.611414,0.000200,0.002510,0.013511
3.58046,287.04,0.628804,0.016763,0.000154,0.612041,0.000200,0.002522,0.013645
3.58086,287.07,0.629580,0.016911,0.000154,0.612668,0.000201,0.002533,0.013782
3.58126,287.10,0.630359,0.017062,0.000154,0.613297,0.000201,0.002545,0.013920
3.58166,287.13,0.631141,0.017214,0.000154,0.613927,0.000201,0.002557,0.014060
3.58206,287.17,0.631926,0.017369,0.000154,0.614557,0.000201,0.002569,0.014203
3.58246,287.20,0.632715,0.017526,0.000155,0.615189,0.000202,0.002581,0.014348
3.58286,287.23,0.633507,0.017685,0.000155,0.615821,0.000202,0.002593,0.014495
3.58326,287.26,0.634302,0.017847,0.000155,0.616455,0.000202,0.002605,0.014644
3.58366,287.29,0.635101,0.018011,0.000155,0.617089,0.000202,0.002617,0.014796
3.58406,287.33,0.635903,0.018178,0.000155,0.617725,0.000203,0.002630,0.014950
3.58446,287.36,0.636708,0.018347,0.000155,0.618361,0.000203,0.002642,0.015106
3.58486,287.39,0.637517,0.018519,0.000156,0.618998,0.000203,0.002655,0.015265
3.58526,287.42,0.638329,0.018693,0.000156,0.619637,0.000203,0.002667,0.015426
3.58566,287.46,0.639145,0.018870,0.000156,0.620276,0.000204,0.002680,0.015590
3.58606,287.49,0.639965,0.019049,0.000156,0.620916,0.000204,0.002693,0.015757
3.58646,287.52,0.640789,0.019232,0.000156,0.621557,0.000204,0.002706,0.015926
3.58686,287.55,0.641616,0.019417,0.000156,0.622199,0.000204,0.002719,0.016098
3.58726,287.58,0.642447,0.019605,0.000157,0.622842,0.000205,0.002732,0.016272
3.58766,287.62,0.643282,0.019796,0.000157,0.623486,0.000205,0.002745,0.016450
3.58806,287.65,0.644121,0.019990,0.000157,0.624131,0.000205,0.002758,0.016630
3.58846,287.68,0.644964,0.020187,0.000157,0.624778,0.000205,0.002772,0.016813
3.58886,287.71,0.645811,0.020387,0.000157,0.625425,0.000206,0.002785,0.017000
3.58926,287.74,0.646663,0.020590,0.000157,0.626073,0.000206,0.002799,0.017189
3.58966,287.78,0.647519,0.020797,0.000158,0.626722,0.000206,0.002812,0.017382
3.59006,287.81,0.648378,0.021007,0.000158,0.627372,0.000206,0.002826,0.017578
3.59046,287.84,0.649243,0.021220,0.000158,0.628022,0.000207,0.002840,0.017777
3.59086,287.87,0.650112,0.021437,0.000158,0.628674,0.000207,0.002854,0.017980
3.59126,287.90,0.650985,0.021658,0.000158,0.629327,0.000207,0.002868,0.018186
3.59166,287.94,0.651863,0.021882,0.000158,0.629981,0.000208,0.002883,0.018395
3.59206,287.97,0.652746,0.022110,0.000159,0.630636,0.000208,0.002897,0.018608
3.59246,288.00,0.653634,0.022341,0.000159,0.631292,0.000208,0.002911,0.018825
3.59286,288.03,0.654526,0.022577,0.000159,0.631949,0.000208,0.002926,0.019046
3.59326,288.06,0.655424,0.022817,0.000159,0.632607,0.000209,0.002941,0.019271
3.59366,288.10,0.656326,0.023060,0.000159,0.633266,0.000209,0.002956,0.019499
3.59406,288.13,0.657234,0.023308,0.000159,0.633926,0.000209,0.002971,0.019732
3.59446,288.16,0.658147,0.023560,0.000160,0.634587,0.000209,0.002986,0.019969
3.59486,288.19,0.659066,0.023817,0.000160,0.635249,0.000210,0.003001,0.020210
3.59526,288.22,0.659990,0.024078,0.000160,0.635912,0.000210,0.003016,0.020455
3.59566,288.26,0.660919,0.024343,0.000160,0.636576,0.000210,0.003031,0.020705
3.59606,288.29,0.661855,0.024614,0.000160,0.637241,0.000210,0.003047,0.020959
3.59646,288.32,0.662796,0.024889,0.000160,0.637907,0.000211,0.003063,0.021218
3.59686,288.35,0.663743,0.025169,0.000161,0.638574,0.000211,0.003079,0.021482
3.59726,288.39,0.664696,0.025454,0.000161,0.639242,0.000211,0.003094,0.021751
3.59766,288.42,0.665655,0.025744,0.000161,0.639911,0.000211,0.003111,0.022025
3.59806,288.45,0.666621,0.026040,0.000161,0.640581,0.000212,0.003127,0.022304
3.59846,288.48,0.667593,0.026341,0.000161,0.641252,0.000212,0.003143,0.022588
3.59886,288.51,0.668572,0.026647,0.000161,0.641925,0.000212,0.003160,0.022878
3.59926,288.55,0.669557,0.026959,0.000162,0.642598,0.000212,0.003176,0.023173
3.59966,288.58,0.670550,0.027277,0.000162,0.643272,0.000213,0.003193,0.023474
3.60006,288.61,0.671549,0.027602,0.000162,0.643947,0.000213,0.003210,0.023781
3.60046,288.64,0.672556,0.027932,0.000162,0.644624,0.000213,0.003227,0.024094
3.60086,288.67,0.673569,0.028268,0.000162,0.645301,0.000214,0.003244,0.024413
3.60126,288.71,0.674591,0.028611,0.000163,0.645980,0.000214,0.003261,0.024739
3.60166,288.74,0.675620,0.028961,0.000163,0.646659,0.000214,0.003279,0.025070
3.60206,288.77,0.676657,0.029317,0.000163,0.647340,0.000214,0.003296,0.025409
3.60246,288.80,0.677702,0.029681,0.000163,0.648021,0.000215,0.003314,0.025754
3.60286,288.83,0.678755,0.030052,0.000163,0.648704,0.000215,0.003332,0.026107
3.60326,288.87,0.679817,0.030430,0.000163,0.649387,0.000215,0.003350,0.026466
3.60366,288.90,0.680887,0.030815,0.000164,0.650072,0.000215,0.003368,0.026833
3.60406,288.93,0.681966,0.031208,0.000164,0.650758,0.000216,0.003387,0.027208
3.60446,288.96,0.683054,0.031610,0.000164,0.651445,0.000216,0.003405,0.027590
3.60486,288.99,0.684152,0.032019,0.000164,0.652133,0.000216,0.003424,0.027981
3.60526,289.03,0.685259,0.032437,0.000164,0.652822,0.000217,0.003443,0.028380
3.60566,289.06,0.686376,0.032864,0.000165,0.653512,0.000217,0.003462,0.028787
3.60606,289.09,0.687502,0.033299,0.000165,0.654203,0.000217,0.003481,0.029203
3.60646,289.12,0.688639,0.033744,0.000165,0.654895,0.000217,0.003500,0.029628
3.60686,289.15,0.689786,0.034198,0.000165,0.655588,0.000218,0.003520,0.030062
3.60726,289.19,0.690945,0.034662,0.000165,0.656283,0.000218,0.003539,0.030506
3.60766,289.22,0.692114,0.035136,0.000165,0.656978,0.000218,0.003559,0.030960
3.60806,289.25,0.693294,0.035620,0.000166,0.657674,0.000218,0.003579,0.031423
3.60846,289.28,0.694486,0.036114,0.000166,0.658372,0.000219,0.003600,0.031897
3.60886,289.32,0.695691,0.036620,0.000166,0.659071,0.000219,0.003620,0.032382
3.60926,289.35,0.696907,0.037137,0.000166,0.659770,0.000219,0.003641,0.032878
3.60966,289.38,0.698136,0.037665,0.000166,0.660471,0.000220,0.003661,0.033385
3.61006,289.41,0.699378,0.038205,0.000167,0.661173,0.000220,0.003682,0.033904
3.61046,289.44,0.700633,0.038757,0.000167,0.661876,0.000220,0.003704,0.034434
3.61086,289.48,0.701902,0.039322,0.000167,0.662580,0.000220,0.003725,0.034978
3.61126,289.51,0.703185,0.039900,0.000167,0.663286,0.000221,0.003746,0.035534
3.61166,289.54,0.704483,0.040491,0.000167,0.663992,0.000221,0.003768,0.036103
3.61206,289.57,0.705796,0.041096,0.000167,0.664699,0.000221,0.003790,0.036686
3.61246,289.60,0.707123,0.041716,0.000168,0.665408,0.000222,0.003812,0.037282
3.61286,289.64,0.708467,0.042350,0.000168,0.666117,0.000222,0.003835,0.037894
3.61326,289.67,0.709827,0.042999,0.000168,0.666828,0.000222,0.003857,0.038520
3.61366,289.70,0.711204,0.043664,0.000168,0.667540,0.000222,0.003880,0.039162
3.61406,289.73,0.712598,0.044345,0.000168,0.668253,0.000223,0.003903,0.039819
3.61446,289.76,0.714009,0.045042,0.000169,0.668967,0.000223,0.003926,0.040494
3.61486,289.80,0.715440,0.045757,0.000169,0.669682,0.000223,0.003950,0.041185
3.61526,289.83,0.716889,0.046490,0.000169,0.670398,0.000224,0.003973,0.041894
3.61566,289.86,0.718357,0.047241,0.000169,0.671116,0.000224,0.003997,0.042620
3.61606,289.89,0.719846,0.048012,0.000169,0.671834,0.000224,0.004021,0.043366
3.61646,289.92,0.721355,0.048801,0.000169,0.672554,0.000224,0.004046,0.044131
3.61686,289.96,0.722886,0.049612,0.000170,0.673275,0.000225,0.004070,0.044917
3.61726,289.99,0.724440,0.050443,0.000170,0.673997,0.000225,0.004095,0.045723
3.61766,290.02,0.726016,0.051296,0.000170,0.674720,0.000225,0.004120,0.046550
3.61806,290.05,0.727616,0.052171,0.000170,0.675444,0.000226,0.004145,0.047400
3.61846,290.08,0.729240,0.053070,0.000170,0.676169,0.000226,0.004171,0.048273
3.61886,290.12,0.730889,0.053993,0.000171,0.676896,0.000226,0.004197,0.049170
3.61926,290.15,0.732565,0.054942,0.000171,0.677624,0.000226,0.004223,0.050092
3.61966,290.18,0.734268,0.055916,0.000171,0.678352,0.000227,0.004249,0.051039
3.62006,290.21,0.735999,0.056917,0.000171,0.679082,0.000227,0.004276,0.052013
3.62046,290.25,0.737759,0.057945,0.000171,0.679813,0.000227,0.004303,0.053015
3.62086,290.28,0.739549,0.059003,0.000172,0.680546,0.000228,0.004330,0.054045
3.62126,290.31,0.741370,0.060091,0.000172,0.681279,0.000228,0.004357,0.055105
3.62166,290.34,0.743224,0.061210,0.000172,0.682014,0.000228,0.004385,0.056196
3.62206,290.37,0.745110,0.062361,0.000172,0.682749,0.000229,0.004413,0.057319
3.62246,290.41,0.747032,0.063546,0.000172,0.683486,0.000229,0.004441,0.058475
3.62286,290.44,0.748990,0.064766,0.000173,0.684224,0.000229,0.004470,0.059666
3.62326,290.47,0.750985,0.066022,0.000173,0.684963,0.000229,0.004498,0.060893
3.62366,290.50,0.753019,0.067315,0.000173,0.685704,0.000230,0.004528,0.062157
3.62406,290.53,0.755093,0.068648,0.000173,0.686445,0.000230,0.004557,0.063460
3.62446,290.57,0.757210,0.070022,0.000173,0.687188,0.000230,0.004587,0.064803
3.62486,290.60,0.759370,0.071438,0.000174,0.687932,0.000231,0.004617,0.066189
3.62526,290.63,0.761575,0.072898,0.000174,0.688677,0.000231,0.004647,0.067618
3.62566,290.66,0.763827,0.074404,0.000174,0.689423,0.000231,0.004678,0.069093
3.62606,290.69,0.766128,0.075958,0.000174,0.690171,0.000232,0.004709,0.070616
3.62646,290.73,0.768481,0.077562,0.000174,0.690919,0.000232,0.004740,0.072188
3.62686,290.76,0.770887,0.079218,0.000175,0.691669,0.000232,0.004772,0.073812
3.62726,290.79,0.773348,0.080928,0.000175,0.692420,0.000232,0.004804,0.075490
3.62766,290.82,0.775866,0.082694,0.000175,0.693172,0.000233,0.004836,0.077223
3.62806,290.85,0.778446,0.084520,0.000175,0.693925,0.000233,0.004869,0.079016
3.62846,290.89,0.781087,0.086407,0.000175,0.694680,0.000233,0.004902,0.080870
3.62886,290.92,0.783795,0.088359,0.000175,0.695436,0.000234,0.004935,0.082788
3.62926,290.95,0.786571,0.090378,0.000176,0.696193,0.000234,0.004969,0.084773
3.62966,290.98,0.789418,0.092467,0.000176,0.696951,0.000234,0.005003,0.086827
3.63006,291.01,0.792341,0.094630,0.000176,0.697710,0.000235,0.005038,0.088955
3.63046,291.05,0.795341,0.096870,0.000176,0.698471,0.000235,0.005073,0.091160
3.63086,291.08,0.798423,0.099190,0.000176,0.699233,0.000235,0.005108,0.093444
3.63126,291.11,0.801590,0.101594,0.000177,0.699996,0.000236,0.005144,0.095812
3.63166,291.14,0.804847,0.104087,0.000177,0.700760,0.000236,0.005180,0.098268
3.63206,291.18,0.808198,0.106672,0.000177,0.701526,0.000236,0.005217,0.100817
3.63246,291.21,0.811647,0.109354,0.000177,0.702292,0.000236,0.005254,0.103461
3.63286,291.24,0.815198,0.112138,0.000177,0.703060,0.000237,0.005291,0.106207
3.63326,291.27,0.818858,0.115029,0.000178,0.703829,0.000237,0.005329,0.109060
3.63366,291.30,0.822631,0.118031,0.000178,0.704600,0.000237,0.005367,0.112023
3.63406,291.34,0.826522,0.121151,0.000178,0.705371,0.000238,0.005406,0.115104
3.63446,291.37,0.830539,0.124394,0.000178,0.706144,0.000238,0.005445,0.118308
3.63486,291.40,0.834686,0.127768,0.000179,0.706918,0.000238,0.005484,0.121641
3.63526,291.43,0.838971,0.131277,0.000179,0.707694,0.000239,0.005524,0.125111
3.63566,291.46,0.843401,0.134931,0.000179,0.708470,0.000239,0.005565,0.128723
3.63606,291.50,0.847983,0.138735,0.000179,0.709248,0.000239,0.005606,0.132486
3.63646,291.53,0.852726,0.142699,0.000179,0.710027,0.000240,0.005648,0.136408
3.63686,291.56,0.857637,0.146830,0.000180,0.710807,0.000240,0.005690,0.140496
3.63726,291.59,0.862726,0.151137,0.000180,0.711589,0.000240,0.005732,0.144761
3.63766,291.62,0.868002,0.155631,0.000180,0.712372,0.000241,0.005775,0.149211
3.63806,291.66,0.873476,0.160320,0.000180,0.713156,0.000241,0.005819,0.153857
3.63846,291.69,0.879158,0.165217,0.000180,0.713941,0.000241,0.005863,0.158709
3.63886,291.72,0.885060,0.170332,0.000181,0.714728,0.000242,0.005907,0.163779
3.63926,291.75,0.891194,0.175678,0.000181,0.715516,0.000242,0.005953,0.169079
3.63966,291.78,0.897572,0.181267,0.000181,0.716305,0.000242,0.005998,0.174622
3.64006,291.82,0.904209,0.187114,0.000181,0.717095,0.000243,0.006045,0.180422
3.64046,291.85,0.911119,0.193232,0.000181,0.717887,0.000243,0.006091,0.186493
3.64086,291.88,0.918318,0.199638,0.000182,0.718680,0.000243,0.006139,0.192851
3.64126,291.91,0.925821,0.206347,0.000182,0.719474,0.000244,0.006187,0.199512
3.64166,291.94,0.933648,0.213378,0.000182,0.720270,0.000244,0.006236,0.206493
3.64206,291.98,0.941815,0.220748,0.000182,0.721067,0.000244,0.006285,0.213813
3.64246,292.01,0.950342,0.228477,0.000182,0.721865,0.000244,0.006335,0.221493
3.64286,292.04,0.959251,0.236587,0.000183,0.722664,0.000245,0.006386,0.229551
3.64326,292.07,0.968563,0.245098,0.000183,0.723465,0.000245,0.006437,0.238010
3.64366,292.10,0.978301,0.254034,0.000183,0.724267,0.000245,0.006489,0.246894
3.64406,292.14,0.988490,0.263420,0.000183,0.725070,0.000246,0.006541,0.256227
3.64446,292.17,0.999155,0.273280,0.000184,0.725875,0.000246,0.006595,0.266033
3.64486,292.20,1.010323,0.283642,0.000184,0.726681,0.000246,0.006649,0.276341
3.64526,292.23,1.022022,0.294534,0.000184,0.727488,0.000247,0.006704,0.287178
3.64566,292.27,1.034282,0.305985,0.000184,0.728297,0.000247,0.006759,0.298573
3.64606,292.30,1.047132,0.318026,0.000184,0.729106,0.000247,0.006815,0.310557
3.64646,292.33,1.060604,0.330687,0.000185,0.729918,0.000248,0.006872,0.323161
3.64686,292.36,1.074731,0.344001,0.000185,0.730730,0.000248,0.006930,0.336416
3.64726,292.39,1.089544,0.358000,0.000185,0.731544,0.000248,0.006989,0.350357
3.64766,292.43,1.105077,0.372718,0.000185,0.732359,0.000249,0.007048,0.365014
3.64806,292.46,1.121362,0.388186,0.000185,0.733175,0.000249,0.007108,0.380422
3.64846,292.49,1.138431,0.404438,0.000186,0.733993,0.000250,0.007169,0.396612
3.64886,292.52,1.156315,0.421503,0.000186,0.734812,0.000250,0.007231,0.413615
3.64926,292.55,1.175043,0.439410,0.000186,0.735633,0.000250,0.007294,0.431459
3.64966,292.59,1.194640,0.458185,0.000186,0.736455,0.000251,0.007358,0.450170
3.65006,292.62,1.215128,0.477850,0.000187,0.737278,0.000251,0.007422,0.469770
3.65046,292.65,1.236521,0.498419,0.000187,0.738102,0.000251,0.007488,0.490273
3.65086,292.68,1.258829,0.519901,0.000187,0.738928,0.000252,0.007554,0.511688
3.65126,292.71,1.282052,0.542296,0.000187,0.739755,0.000252,0.007622,0.534016
3.65166,292.75,1.306176,0.565592,0.000187,0.740584,0.000252,0.007690,0.557242
3.65206,292.78,1.331176,0.589763,0.000188,0.741414,0.000253,0.007759,0.581343
3.65246,292.81,1.357011,0.614766,0.000188,0.742245,0.000253,0.007830,0.606276
3.65286,292.84,1.383619,0.640542,0.000188,0.743077,0.000253,0.007901,0.631980
3.65326,292.87,1.410917,0.667006,0.000188,0.743911,0.000254,0.007974,0.658371
3.65366,292.91,1.438796,0.694049,0.000189,0.744747,0.000254,0.008048,0.685340
3.65406,292.94,1.467119,0.721536,0.000189,0.745583,0.000254,0.008122,0.712751
3.65446,292.97,1.495719,0.749297,0.000189,0.746422,0.000255,0.008198,0.740436
3.65486,293.00,1.524395,0.777134,0.000189,0.747261,0.000255,0.008275,0.768195
3.65526,293.03,1.552913,0.804812,0.000189,0.748102,0.000255,0.008354,0.795794
3.65566,293.07,1.581008,0.832064,0.000190,0.748944,0.000256,0.008433,0.822966
3.65606,293.10,1.608380,0.858592,0.000190,0.749788,0.000256,0.008514,0.849414
3.65646,293.13,1.634704,0.884071,0.000190,0.750633,0.000256,0.008596,0.874810
3.65686,293.16,1.659632,0.908153,0.000190,0.751479,0.000257,0.008679,0.898809
3.65726,293.20,1.682805,0.930478,0.000191,0.752327,0.000257,0.008764,0.921048
3.65766,293.23,1.703859,0.950683,0.000191,0.753176,0.000258,0.008850,0.941167
3.65806,293.26,1.722442,0.968415,0.000191,0.754026,0.000258,0.008937,0.958811
3.65846,293.29,1.738222,0.983344,0.000191,0.754878,0.000258,0.009026,0.973650
3.65886,293.32,1.750909,0.995178,0.000191,0.755732,0.000259,0.009116,0.985393
3.65926,293.36,1.760262,1.003675,0.000192,0.756587,0.000259,0.009208,0.993799
3.65966,293.39,1.766102,1.008659,0.000192,0.757443,0.000259,0.009301,0.998689
3.66006,293.42,1.768323,1.010023,0.000192,0.758300,0.000260,0.009396,0.999957
3.66046,293.45,1.766900,1.007740,0.000192,0.759159,0.000260,0.009493,0.997578
3.66086,293.48,1.761882,1.001862,0.000193,0.760020,0.000260,0.009591,0.991601
3.66126,293.52,1.753398,0.992517,0.000193,0.760882,0.000261,0.009690,0.982155
3.66166,293.55,1.741648,0.979903,0.000193,0.761745,0.000261,0.009792,0.969440
3.66206,293.58,1.726889,0.964279,0.000193,0.762610,0.000261,0.009895,0.953712
3.66246,293.61,1.709425,0.945950,0.000193,0.763476,0.000262,0.010000,0.935277
3.66286,293.64,1.689597,0.925253,0.000194,0.764343,0.000262,0.010107,0.914473
3.66326,293.68,1.667760,0.902548,0.000194,0.765212,0.000263,0.010216,0.891659
3.66366,293.71,1.644279,0.878196,0.000194,0.766083,0.000263,0.010326,0.867196
3.66406,293.74,1.619511,0.852557,0.000194,0.766955,0.000263,0.010439,0.841443
3.66446,293.77,1.593798,0.825970,0.000195,0.767828,0.000264,0.010554,0.814741
3.66486,293.80,1.567457,0.798754,0.000195,0.768703,0.000264,0.010671,0.787409
3.66526,293.84,1.540779,0.771199,0.000195,0.769579,0.000264,0.010789,0.759734
3.66566,293.87,1.514018,0.743561,0.000195,0.770457,0.000265,0.010911,0.731974
3.66606,293.90,1.487400,0.716064,0.000196,0.771336,0.000265,0.011034,0.704353
3.66646,293.93,1.461114,0.688897,0.000196,0.772217,0.000266,0.011160,0.677061
3.66686,293.96,1.435319,0.662220,0.000196,0.773099,0.000266,0.011288,0.650254
3.66726,294.00,1.410142,0.636159,0.000196,0.773983,0.000266,0.011418,0.624063
3.66766,294.03,1.385684,0.610816,0.000196,0.774868,0.000267,0.011551,0.598587
3.66806,294.06,1.362022,0.586268,0.000197,0.775754,0.000267,0.011687,0.573902
3.66846,294.09,1.339211,0.562569,0.000197,0.776642,0.000267,0.011825,0.550064
3.66886,294.13,1.317287,0.539756,0.000197,0.777532,0.000268,0.011966,0.527110
3.66926,294.16,1.296273,0.517850,0.000197,0.778423,0.000268,0.012109,0.505060
3.66966,294.19,1.276175,0.496860,0.000198,0.779315,0.000269,0.012256,0.483923
3.67006,294.22,1.256993,0.476784,0.000198,0.780209,0.000269,0.012405,0.463697
3.67046,294.25,1.238715,0.457610,0.000198,0.781105,0.000269,0.012558,0.444370
3.67086,294.29,1.221324,0.439322,0.000198,0.782001,0.000270,0.012713,0.425926
3.67126,294.32,1.204797,0.421897,0.000199,0.782900,0.000270,0.012872,0.408341
3.67166,294.35,1.189108,0.405308,0.000199,0.783800,0.000270,0.013034,0.391590
3.67206,294.38,1.174227,0.389526,0.000199,0.784701,0.000271,0.013200,0.375641
3.67246,294.41,1.160124,0.374519,0.000199,0.785604,0.000271,0.013369,0.360466
3.67286,294.45,1.146766,0.360257,0.000200,0.786509,0.000272,0.013541,0.346030
3.67326,294.48,1.134121,0.346706,0.000200,0.787415,0.000272,0.013718,0.332302
3.67366,294.51,1.122155,0.333833,0.000200,0.788322,0.000272,0.013898,0.319249
3.67406,294.54,1.110838,0.321606,0.000200,0.789232,0.000273,0.014082,0.306838
3.67446,294.57,1.100136,0.309994,0.000201,0.790142,0.000273,0.014270,0.295037
3.67486,294.61,1.090019,0.298965,0.000201,0.791054,0.000274,0.014462,0.283815
3.67526,294.64,1.080457,0.288489,0.000201,0.791968,0.000274,0.014658,0.273142
3.67566,294.67,1.071422,0.278539,0.000201,0.792883,0.000274,0.014859,0.262990
3.67606,294.70,1.062885,0.269085,0.000202,0.793800,0.000275,0.015065,0.253331
3.67646,294.73,1.054821,0.260103,0.000202,0.794718,0.000275,0.015275,0.244138
3.67686,294.77,1.047205,0.251567,0.000202,0.795638,0.000275,0.015490,0.235386
3.67726,294.80,1.040012,0.243453,0.000202,0.796559,0.000276,0.015710,0.227052
3.67766,294.83,1.033221,0.235738,0.000203,0.797482,0.000276,0.015935,0.219111
3.67806,294.86,1.026809,0.228402,0.000203,0.798407,0.000277,0.016166,0.211544
3.67846,294.89,1.020756,0.221423,0.000203,0.799333,0.000277,0.016402,0.204329
3.67886,294.93,1.015045,0.214784,0.000203,0.800261,0.000277,0.016644,0.197447
3.67926,294.96,1.009656,0.208466,0.000204,0.801190,0.000278,0.016892,0.190880
3.67966,294.99,1.004572,0.202452,0.000204,0.802121,0.000278,0.017146,0.184612
3.68006,295.02,0.999779,0.196726,0.000204,0.803053,0.000279,0.017406,0.178625
3.68046,295.06,0.995260,0.191273,0.000204,0.803987,0.000279,0.017673,0.172905
3.68086,295.09,0.991002,0.186080,0.000204,0.804922,0.000279,0.017946,0.167437
3.68126,295.12,0.986992,0.181132,0.000205,0.805859,0.000280,0.018227,0.162209
3.68166,295.15,0.983216,0.176418,0.000205,0.806798,0.000280,0.018515,0.157206
3.68206,295.18,0.979664,0.171926,0.000205,0.807738,0.000281,0.018810,0.152418
3.68246,295.22,0.976325,0.167645,0.000206,0.808680,0.000281,0.019113,0.147833
3.68286,295.25,0.973188,0.163564,0.000206,0.809624,0.000281,0.019424,0.143441
3.68326,295.28,0.970243,0.159674,0.000206,0.810569,0.000282,0.019744,0.139231
3.68366,295.31,0.967482,0.155966,0.000206,0.811515,0.000282,0.020072,0.135194
3.68406,295.34,0.964896,0.152432,0.000207,0.812464,0.000283,0.020410,0.131322
3.68446,295.38,0.962477,0.149063,0.000207,0.813414,0.000283,0.020756,0.127606
3.68486,295.41,0.960217,0.145852,0.000207,0.814365,0.000284,0.021113,0.124038
3.68526,295.44,0.958110,0.142792,0.000207,0.815318,0.000284,0.021479,0.120611
3.68566,295.47,0.956149,0.139876,0.000208,0.816273,0.000284,0.021856,0.117318
3.68606,295.50,0.954328,0.137099,0.000208,0.817230,0.000285,0.022244,0.114152
3.68646,295.54,0.952642,0.134454,0.000208,0.818188,0.000285,0.022643,0.111107
3.68686,295.57,0.951084,0.131936,0.000208,0.819147,0.000286,0.023054,0.108178
3.68726,295.60,0.949649,0.129541,0.000209,0.820109,0.000286,0.023477,0.105359
3.68766,295.63,0.948334,0.127263,0.000209,0.821071,0.000286,0.023913,0.102644
3.68806,295.66,0.947134,0.125098,0.000209,0.822036,0.000287,0.024362,0.100029
3.68846,295.70,0.946044,0.123042,0.000209,0.823002,0.000287,0.024825,0.097510
3.68886,295.73,0.945061,0.121091,0.000210,0.823970,0.000288,0.025303,0.095081
3.68926,295.76,0.944181,0.119242,0.000210,0.824940,0.000288,0.025795,0.092739
3.68966,295.79,0.943402,0.117491,0.000210,0.825911,0.000289,0.026304,0.090479
3.69006,295.82,0.942719,0.115835,0.000210,0.826884,0.000289,0.026828,0.088298
3.69046,295.86,0.942131,0.114272,0.000211,0.827858,0.000289,0.027370,0.086193
3.69086,295.89,0.941634,0.112799,0.000211,0.828835,0.000290,0.027929,0.084160
3.69126,295.92,0.941226,0.111414,0.000211,0.829813,0.000290,0.028507,0.082196
3.69166,295.95,0.940906,0.110114,0.000211,0.830792,0.000291,0.029105,0.080298
3.69206,295.99,0.940671,0.108898,0.000212,0.831773,0.000291,0.029723,0.078463
3.69246,296.02,0.940519,0.107763,0.000212,0.832756,0.000292,0.030362,0.076689
3.69286,296.05,0.940449,0.106708,0.000212,0.833741,0.000292,0.031023,0.074972
3.69326,296.08,0.940460,0.105733,0.000212,0.834727,0.000292,0.031708,0.073311
3.69366,296.11,0.940550,0.104835,0.000213,0.835715,0.000293,0.032417,0.071703
3.69406,296.15,0.940718,0.104013,0.000213,0.836705,0.000293,0.033152,0.070146
3.69446,296.18,0.940964,0.103267,0.000213,0.837696,0.000294,0.033913,0.068639
3.69486,296.21,0.941286,0.102597,0.000214,0.838690,0.000294,0.034703,0.067178
3.69526,296.24,0.941685,0.102000,0.000214,0.839684,0.000295,0.035522,0.065762
3.69566,296.27,0.942160,0.101479,0.000214,0.840681,0.000295,0.036372,0.064389
3.69606,296.31,0.942710,0.101031,0.000214,0.841679,0.000295,0.037255,0.063058
3.69646,296.34,0.943336,0.100657,0.000215,0.842679,0.000296,0.038171,0.061767
3.69686,296.37,0.944039,0.100358,0.000215,0.843681,0.000296,0.039124,0.060515
3.69726,296.40,0.944817,0.100133,0.000215,0.844685,0.000297,0.040114,0.059299
3.69766,296.43,0.945673,0.099983,0.000215,0.845690,0.000297,0.041144,0.058119
3.69806,296.47,0.946606,0.099910,0.000216,0.846697,0.000298,0.042216,0.056973
3.69846,296.50,0.947618,0.099913,0.000216,0.847706,0.000298,0.043331,0.055860
3.69886,296.53,0.948710,0.099994,0.000216,0.848716,0.000299,0.044493,0.054779
3.69926,296.56,0.949883,0.100154,0.000217,0.849728,0.000299,0.045704,0.053728
3.69966,296.59,0.951138,0.100396,0.000217,0.850742,0.000299,0.046966,0.052706
3.70006,296.63,0.952478,0.100720,0.000217,0.851758,0.000300,0.048283,0.051713
3.70046,296.66,0.953904,0.101128,0.000217,0.852775,0.000300,0.049656,0.050747
3.70086,296.69,0.955418,0.101623,0.000218,0.853795,0.000301,0.051090,0.049808
3.70126,296.72,0.957023,0.102208,0.000218,0.854816,0.000301,0.052588,0.048894
3.70166,296.75,0.958722,0.102884,0.000218,0.855838,0.000302,0.054153,0.048004
3.70206,296.79,0.960518,0.103655,0.000218,0.856863,0.000302,0.055789,0.047139
3.70246,296.82,0.962413,0.104524,0.000219,0.857889,0.000303,0.057501,0.046296
3.70286,296.85,0.964412,0.105494,0.000219,0.858917,0.000303,0.059292,0.045475
3.70326,296.88,0.966517,0.106570,0.000219,0.859947,0.000303,0.061166,0.044675
3.70366,296.92,0.968734,0.107755,0.000220,0.860979,0.000304,0.063130,0.043896
3.70406,296.95,0.971066,0.109054,0.000220,0.862013,0.000304,0.065187,0.043137
3.70446,296.98,0.973519,0.110471,0.000220,0.863048,0.000305,0.067343,0.042397
3.70486,297.01,0.976096,0.112011,0.000220,0.864085,0.000305,0.069604,0.041675
3.70526,297.04,0.978805,0.113681,0.000221,0.865124,0.000306,0.071976,0.040972
3.70566,297.08,0.981649,0.115484,0.000221,0.866165,0.000306,0.074466,0.040286
3.70606,297.11,0.984636,0.117429,0.000221,0.867207,0.000307,0.077078,0.039617
3.70646,297.14,0.987772,0.119520,0.000221,0.868252,0.000307,0.079822,0.038964
3.70686,297.17,0.991063,0.121765,0.000222,0.869298,0.000308,0.082703,0.038327
3.70726,297.20,0.994517,0.124171,0.000222,0.870346,0.000308,0.085730,0.037706
3.70766,297.24,0.998140,0.126744,0.000222,0.871396,0.000309,0.088910,0.037099
3.70806,297.27,1.001941,0.129493,0.000223,0.872448,0.000309,0.092250,0.036506
3.70846,297.30,1.005927,0.132425,0.000223,0.873501,0.000309,0.095760,0.035928
3.70886,297.33,1.010105,0.135548,0.000223,0.874557,0.000310,0.099448,0.035363
3.70926,297.36,1.014484,0.138870,0.000223,0.875614,0.000310,0.103321,0.034811
3.70966,297.40,1.019071,0.142398,0.000224,0.876673,0.000311,0.107387,0.034271
3.71006,297.43,1.023874,0.146140,0.000224,0.877734,0.000311,0.111656,0.033744
3.71046,297.46,1.028900,0.150103,0.000224,0.878797,0.000312,0.116133,0.033229
3.71086,297.49,1.034155,0.154293,0.000225,0.879862,0.000312,0.120827,0.032725
3.71126,297.52,1.039645,0.158717,0.000225,0.880929,0.000313,0.125742,0.032233
3.71166,297.56,1.045374,0.163377,0.000225,0.881997,0.000313,0.130883,0.031752
3.71206,297.59,1.051345,0.168278,0.000225,0.883068,0.000314,0.136254,0.031281
3.71246,297.62,1.057559,0.173419,0.000226,0.884140,0.000314,0.141855,0.030820
3.71286,297.65,1.064013,0.178799,0.000226,0.885214,0.000315,0.147684,0.030370
3.71326,297.68,1.070702,0.184412,0.000226,0.886290,0.000315,0.153738,0.029929
3.71366,297.72,1.077617,0.190249,0.000227,0.887368,0.000316,0.160006,0.029497
3.71406,297.75,1.084746,0.196298,0.000227,0.888448,0.000316,0.166477,0.029075
3.71446,297.78,1.092069,0.202540,0.000227,0.889530,0.000317,0.173131,0.028662
3.71486,297.81,1.099563,0.208949,0.000228,0.890613,0.000317,0.179944,0.028257
3.71526,297.85,1.107194,0.215496,0.000228,0.891699,0.000318,0.186886,0.027861
3.71566,297.88,1.114926,0.222140,0.000228,0.892786,0.000318,0.193918,0.027473
3.71606,297.91,1.122711,0.228835,0.000228,0.893876,0.000319,0.200993,0.027093
3.71646,297.94,1.130495,0.235528,0.000229,0.894967,0.000319,0.208056,0.026721
3.71686,297.97,1.138213,0.242153,0.000229,0.896061,0.000320,0.215046,0.026356
3.71726,298.01,1.145795,0.248639,0.000229,0.897156,0.000320,0.221889,0.025998
3.71766,298.04,1.153162,0.254909,0.000230,0.898253,0.000321,0.228508,0.025648
3.71806,298.07,1.160229,0.260877,0.000230,0.899352,0.000321,0.234818,0.025305
3.71846,298.10,1.166906,0.266453,0.000230,0.900453,0.000322,0.240731,0.024968
3.71886,298.13,1.173104,0.271548,0.000230,0.901556,0.000322,0.246155,0.024639
3.71926,298.17,1.178732,0.276071,0.000231,0.902661,0.000323,0.251000,0.024315
3.71966,298.20,1.183704,0.279936,0.000231,0.903768,0.000323,0.255182,0.023998
3.72006,298.23,1.187944,0.283066,0.000231,0.904877,0.000324,0.258623,0.023687
3.72046,298.26,1.191384,0.285396,0.000232,0.905988,0.000324,0.261256,0.023382
3.72086,298.29,1.193973,0.286872,0.000232,0.907101,0.000325,0.263031,0.023083
3.72126,298.33,1.195677,0.287461,0.000232,0.908216,0.000325,0.263913,0.022789
3.72166,298.36,1.196480,0.287148,0.000233,0.909333,0.000326,0.263887,0.022501
3.72206,298.39,1.196387,0.285936,0.000233,0.910452,0.000326,0.262957,0.022218
3.72246,298.42,1.195422,0.283849,0.000233,0.911572,0.000327,0.261147,0.021941
3.72286,298.45,1.193626,0.280931,0.000234,0.912695,0.000327,0.258500,0.021669
3.72326,298.49,1.191059,0.277238,0.000234,0.913820,0.000328,0.255075,0.021401
3.72366,298.52,1.187791,0.272844,0.000234,0.914947,0.000328,0.250942,0.021139
3.72406,298.55,1.183905,0.267829,0.000234,0.916076,0.000329,0.246184,0.020881
3.72446,298.58,1.179488,0.262281,0.000235,0.917207,0.000329,0.240888,0.020628
3.72486,298.61,1.174630,0.256291,0.000235,0.918340,0.000330,0.235146,0.020380
3.72526,298.65,1.169423,0.249948,0.000235,0.919475,0.000330,0.229047,0.020136
3.72566,298.68,1.163953,0.243341,0.000236,0.920612,0.000331,0.222679,0.019896
3.72606,298.71,1.158303,0.236552,0.000236,0.921751,0.000331,0.216124,0.019660
3.72646,298.74,1.152548,0.229656,0.000236,0.922892,0.000332,0.209459,0.019429
3.72686,298.78,1.146756,0.222721,0.000237,0.924035,0.000332,0.202750,0.019202
3.72726,298.81,1.140986,0.215806,0.000237,0.925180,0.000333,0.196058,0.018978
3.72766,298.84,1.135290,0.208963,0.000237,0.926327,0.000333,0.189433,0.018759
3.72806,298.87,1.129711,0.202234,0.000238,0.927477,0.000334,0.182920,0.018543
3.72846,298.90,1.124283,0.195655,0.000238,0.928628,0.000334,0.176552,0.018331
3.72886,298.94,1.119036,0.189254,0.000238,0.929782,0.000335,0.170359,0.018122
3.72926,298.97,1.113990,0.183052,0.000238,0.930937,0.000335,0.164362,0.017917
3.72966,299.00,1.109161,0.177067,0.000239,0.932095,0.000336,0.158576,0.017716
3.73006,299.03,1.104562,0.171307,0.000239,0.933254,0.000337,0.153015,0.017518
3.73046,299.06,1.100198,0.165782,0.000239,0.934416,0.000337,0.147684,0.017323
3.73086,299.10,1.096074,0.160494,0.000240,0.935580,0.000338,0.142586,0.017131
3.73126,299.13,1.092190,0.155444,0.000240,0.936746,0.000338,0.137724,0.016943
3.73166,299.16,1.088544,0.150630,0.000240,0.937914,0.000339,0.133095,0.016757
3.73206,299.19,1.085133,0.146048,0.000241,0.939084,0.000339,0.128695,0.016575
3.73246,299.22,1.081951,0.141695,0.000241,0.940257,0.000340,0.124520,0.016395
3.73286,299.26,1.078993,0.137562,0.000241,0.941431,0.000340,0.120563,0.016219
3.73326,299.29,1.076252,0.133645,0.000242,0.942608,0.000341,0.116819,0.016045
3.73366,299.32,1.073720,0.129934,0.000242,0.943786,0.000341,0.113278,0.015874
3.73406,299.35,1.071390,0.126423,0.000242,0.944967,0.000342,0.109935,0.015706
3.73446,299.38,1.069253,0.123103,0.000243,0.946150,0.000342,0.106780,0.015540
3.73486,299.42,1.067302,0.119967,0.000243,0.947335,0.000343,0.103806,0.015377
3.73526,299.45,1.065529,0.117006,0.000243,0.948522,0.000344,0.101005,0.015216
3.73566,299.48,1.063925,0.114213,0.000244,0.949712,0.000344,0.098369,0.015058
3.73606,299.51,1.062484,0.111580,0.000244,0.950903,0.000345,0.095891,0.014903
3.73646,299.54,1.061197,0.109100,0.000244,0.952097,0.000345,0.093564,0.014749
3.73686,299.58,1.060059,0.106766,0.000245,0.953293,0.000346,0.091379,0.014598
3.73726,299.61,1.059062,0.104571,0.000245,0.954491,0.000346,0.089332,0.014450
3.73766,299.64,1.058199,0.102508,0.000245,0.955691,0.000347,0.087415,0.014304
3.73806,299.67,1.057466,0.100572,0.000246,0.956894,0.000347,0.085622,0.014159
3.73846,299.71,1.056855,0.098756,0.000246,0.958098,0.000348,0.083948,0.014017
3.73886,299.74,1.056362,0.097056,0.000246,0.959305,0.000349,0.082387,0.013878
3.73926,299.77,1.055981,0.095466,0.000247,0.960514,0.000349,0.080934,0.013740
3.73966,299.80,1.055707,0.093982,0.000247,0.961726,0.000350,0.079584,0.013604
3.74006,299.83,1.055537,0.092598,0.000247,0.962939,0.000350,0.078333,0.013470
3.74046,299.87,1.055465,0.091311,0.000248,0.964155,0.000351,0.077177,0.013338
3.74086,299.90,1.055489,0.090116,0.000248,0.965373,0.000351,0.076112,0.013208
3.74126,299.93,1.055604,0.089011,0.000248,0.966593,0.000352,0.075134,0.013080
3.74166,299.96,1.055807,0.087992,0.000249,0.967815,0.000353,0.074240,0.012954
3.74206,299.99,1.056095,0.087055,0.000249,0.969040,0.000353,0.073427,0.012830
3.74246,300.03,1.056465,0.086198,0.000249,0.970267,0.000354,0.072692,0.012707
3.74286,300.06,1.056914,0.085419,0.000250,0.971496,0.000354,0.072032,0.012586
3.74326,300.09,1.057441,0.084714,0.000250,0.972727,0.000355,0.071446,0.012467
3.74366,300.12,1.058042,0.084082,0.000250,0.973960,0.000355,0.070930,0.012350
3.74406,300.15,1.058716,0.083520,0.000251,0.975196,0.000356,0.070483,0.012234
3.74446,300.19,1.059461,0.083027,0.000251,0.976434,0.000357,0.070104,0.012120
3.74486,300.22,1.060276,0.082601,0.000251,0.977675,0.000357,0.069790,0.012007
3.74526,300.25,1.061159,0.082241,0.000252,0.978918,0.000358,0.069540,0.011896
3.74566,300.28,1.062108,0.081946,0.000252,0.980162,0.000358,0.069353,0.011787
3.74606,300.31,1.063124,0.081714,0.000252,0.981410,0.000359,0.069229,0.011679
3.74646,300.35,1.064204,0.081544,0.000253,0.982659,0.000359,0.069165,0.011572
3.74686,300.38,1.065348,0.081437,0.000253,0.983911,0.000360,0.069161,0.011467
3.74726,300.41,1.066555,0.081390,0.000253,0.985165,0.000361,0.069218,0.011363
3.74766,300.44,1.067826,0.081404,0.000254,0.986422,0.000361,0.069333,0.011261
3.74806,300.47,1.069160,0.081479,0.000254,0.987681,0.000362,0.069508,0.011160
3.74846,300.51,1.070556,0.081614,0.000254,0.988942,0.000362,0.069742,0.011060
3.74886,300.54,1.072015,0.081810,0.000255,0.990205,0.000363,0.070035,0.010962
3.74926,300.57,1.073537,0.082066,0.000255,0.991471,0.000364,0.070387,0.010865
3.74966,300.60,1.075121,0.082383,0.000255,0.992739,0.000364,0.070799,0.010770
3.75006,300.64,1.076770,0.082761,0.000256,0.994009,0.000365,0.071271,0.010675
3.75046,300.67,1.078483,0.083201,0.000256,0.995282,0.000365,0.071803,0.010582
3.75086,300.70,1.080261,0.083704,0.000256,0.996557,0.000366,0.072397,0.010490
3.75126,300.73,1.082105,0.084270,0.000257,0.997835,0.000367,0.073053,0.010399
3.75166,300.76,1.084016,0.084901,0.000257,0.999115,0.000367,0.073773,0.010309
3.75206,300.80,1.085995,0.085598,0.000257,1.000397,0.000368,0.074558,0.010221
3.75246,300.83,1.088044,0.086362,0.000258,1.001682,0.000368,0.075408,0.010134
3.75286,300.86,1.090164,0.087196,0.000258,1.002969,0.000369,0.076327,0.010047
3.75326,300.89,1.092358,0.088100,0.000259,1.004258,0.000370,0.077315,0.009962
3.75366,300.92,1.094626,0.089076,0.000259,1.005550,0.000370,0.078375,0.009878
3.75406,300.96,1.096972,0.090128,0.000259,1.006844,0.000371,0.079509,0.009795
3.75446,300.99,1.099397,0.091256,0.000260,1.008141,0.000372,0.080718,0.009713
3.75486,301.02,1.101904,0.092464,0.000260,1.009440,0.000372,0.082006,0.009632
3.75526,301.05,1.104496,0.093755,0.000260,1.010741,0.000373,0.083376,0.009552
3.75566,301.08,1.107176,0.095131,0.000261,1.012045,0.000373,0.084830,0.009473
3.75606,301.12,1.109947,0.096595,0.000261,1.013351,0.000374,0.086372,0.009395
3.75646,301.15,1.112812,0.098152,0.000261,1.014660,0.000375,0.088005,0.009318
3.75686,301.18,1.115776,0.099805,0.000262,1.015971,0.000375,0.089733,0.009242
3.75726,301.21,1.118843,0.101558,0.000262,1.017285,0.000376,0.091560,0.009167
3.75766,301.24,1.122016,0.103415,0.000263,1.018601,0.000377,0.093490,0.009093
3.75806,301.28,1.125300,0.105381,0.000263,1.019919,0.000377,0.095529,0.009019
3.75846,301.31,1.128701,0.107461,0.000263,1.021240,0.000378,0.097680,0.008947
3.75886,301.34,1.132224,0.109660,0.000264,1.022564,0.000378,0.099950,0.008875
3.75926,301.37,1.135875,0.111985,0.000264,1.023890,0.000379,0.102345,0.008805
3.75966,301.40,1.139659,0.114441,0.000264,1.025218,0.000380,0.104870,0.008735
3.76006,301.44,1.143583,0.117034,0.000265,1.026549,0.000380,0.107531,0.008666
3.76046,301.47,1.147655,0.119772,0.000265,1.027883,0.000381,0.110337,0.008597
3.76086,301.50,1.151881,0.122663,0.000265,1.029218,0.000382,0.113294,0.008530
3.76126,301.53,1.156270,0.125713,0.000266,1.030557,0.000382,0.116410,0.008463
3.76166,301.56,1.160830,0.128933,0.000266,1.031898,0.000383,0.119694,0.008397
3.76206,301.60,1.165571,0.132329,0.000267,1.033241,0.000384,0.123155,0.008332
3.76246,301.63,1.170500,0.135913,0.000267,1.034587,0.000384,0.126803,0.008268
3.76286,301.66,1.175630,0.139694,0.000267,1.035936,0.000385,0.130647,0.008204
3.76326,301.69,1.180970,0.143684,0.000268,1.037287,0.000386,0.134698,0.008141
3.76366,301.73,1.186533,0.147892,0.000268,1.038640,0.000386,0.138968,0.008079
3.76406,301.76,1.192328,0.152332,0.000268,1.039996,0.000387,0.143468,0.008017
3.76446,301.79,1.198371,0.157016,0.000269,1.041355,0.000388,0.148212,0.007957
3.76486,301.82,1.204673,0.161957,0.000269,1.042716,0.000388,0.153212,0.007897
3.76526,301.85,1.211249,0.167169,0.000270,1.044080,0.000389,0.158482,0.007837
3.76566,301.89,1.218113,0.172666,0.000270,1.045447,0.000390,0.164037,0.007778
3.76606,301.92,1.225280,0.178464,0.000270,1.046816,0.000390,0.169893,0.007720
3.76646,301.95,1.232765,0.184578,0.000271,1.048187,0.000391,0.176063,0.007663
3.76686,301.98,1.240585,0.191024,0.000271,1.049561,0.000392,0.182565,0.007606
3.76726,302.01,1.248755,0.197817,0.000271,1.050938,0.000392,0.189414,0.007550
3.76766,302.05,1.257293,0.204976,0.000272,1.052317,0.000393,0.196626,0.007494
3.76806,302.08,1.266213,0.212514,0.000272,1.053699,0.000394,0.204219,0.007439
3.76846,302.11,1.275533,0.220449,0.000273,1.055084,0.000394,0.212207,0.007385
3.76886,302.14,1.285267,0.228796,0.000273,1.056471,0.000395,0.220607,0.007331
3.76926,302.17,1.295429,0.237569,0.000273,1.057861,0.000396,0.229432,0.007278
3.76966,302.21,1.306033,0.246780,0.000274,1.059253,0.000396,0.238694,0.007225
3.77006,302.24,1.317088,0.256440,0.000274,1.060648,0.000397,0.248405,0.007173
3.77046,302.27,1.328602,0.266556,0.000275,1.062046,0.000398,0.258573,0.007122
3.77086,302.30,1.340580,0.277134,0.000275,1.063447,0.000398,0.269200,0.007071
3.77126,302.33,1.353022,0.288172,0.000275,1.064850,0.000399,0.280288,0.007020
3.77166,302.37,1.365920,0.299664,0.000276,1.066255,0.000400,0.291829,0.006971
3.77206,302.40,1.379262,0.311598,0.000276,1.067664,0.000400,0.303811,0.006921
3.77246,302.43,1.393027,0.323952,0.000277,1.069075,0.000401,0.316212,0.006872
3.77286,302.46,1.407184,0.336695,0.000277,1.070489,0.000402,0.329003,0.006824
3.77326,302.49,1.421691,0.349786,0.000277,1.071905,0.000402,0.342141,0.006776
3.77366,302.53,1.436495,0.363170,0.000278,1.073324,0.000403,0.355572,0.006729
3.77406,302.56,1.451525,0.376779,0.000278,1.074746,0.000404,0.369226,0.006682
3.77446,302.59,1.466699,0.390529,0.000278,1.076171,0.000405,0.383021,0.006636
3.77486,302.62,1.481917,0.404318,0.000279,1.077598,0.000405,0.396855,0.006590
3.77526,302.66,1.497060,0.418032,0.000279,1.079028,0.000406,0.410613,0.006545
3.77566,302.69,1.511996,0.431535,0.000280,1.080461,0.000407,0.424160,0.006500
3.77606,302.72,1.526575,0.444678,0.000280,1.081896,0.000407,0.437347,0.006455
3.77646,302.75,1.540634,0.457300,0.000280,1.083335,0.000408,0.450011,0.006411
3.77686,302.78,1.554001,0.469225,0.000281,1.084776,0.000409,0.461979,0.006368
3.77726,302.82,1.566493,0.480274,0.000281,1.086219,0.000410,0.473070,0.006325
3.77766,302.85,1.577931,0.490265,0.000282,1.087666,0.000410,0.483103,0.006282
3.77806,302.88,1.588137,0.499021,0.000282,1.089115,0.000411,0.491900,0.006240
3.77846,302.91,1.596946,0.506379,0.000282,1.090567,0.000412,0.499299,0.006198
3.77886,302.94,1.604213,0.512191,0.000283,1.092022,0.000412,0.505151,0.006157
3.77926,302.98,1.609817,0.516337,0.000283,1.093480,0.000413,0.509337,0.006116
3.77966,303.01,1.613670,0.518729,0.000284,1.094940,0.000414,0.511769,0.006075
3.78006,303.04,1.615718,0.519314,0.000284,1.096404,0.000415,0.512393,0.006035
3.78046,303.07,1.615949,0.518079,0.000285,1.097870,0.000415,0.511196,0.005995
3.78086,303.10,1.614387,0.515049,0.000285,1.099339,0.000416,0.508204,0.005956
3.78126,303.14,1.611099,0.510288,0.000285,1.100810,0.000417,0.503482,0.005917
3.78166,303.17,1.606182,0.503897,0.000286,1.102285,0.000418,0.497128,0.005878
3.78206,303.20,1.599767,0.496004,0.000286,1.103762,0.000418,0.489273,0.005840
3.78246,303.23,1.592005,0.486762,0.000287,1.105243,0.000419,0.480067,0.005802
3.78286,303.26,1.583066,0.476340,0.000287,1.106726,0.000420,0.469682,0.005765
3.78326,303.30,1.573129,0.464917,0.000287,1.108212,0.000421,0.458295,0.005727
3.78366,303.33,1.562376,0.452675,0.000288,1.109701,0.000421,0.446089,0.005691
3.78406,303.36,1.550985,0.439793,0.000288,1.111192,0.000422,0.433242,0.005654
3.78446,303.39,1.539128,0.426440,0.000289,1.112687,0.000423,0.419924,0.005618
3.78486,303.42,1.526962,0.412777,0.000289,1.114185,0.000424,0.406296,0.005582
3.78526,303.46,1.514632,0.398947,0.000290,1.115685,0.000424,0.392500,0.005547
3.78566,303.49,1.502268,0.385079,0.000290,1.117188,0.000425,0.378666,0.005512
3.78606,303.52,1.489980,0.371285,0.000290,1.118695,0.000426,0.364906,0.005477
3.78646,303.55,1.477863,0.357660,0.000291,1.120204,0.000427,0.351313,0.005443
3.78686,303.59,1.465997,0.344282,0.000291,1.121716,0.000427,0.337968,0.005409
3.78726,303.62,1.454446,0.331215,0.000292,1.123231,0.000428,0.324934,0.005375
3.78766,303.65,1.443259,0.318511,0.000292,1.124749,0.000429,0.312262,0.005342
3.78806,303.68,1.432476,0.306206,0.000292,1.126270,0.000430,0.299990,0.005308
3.78846,303.71,1.422123,0.294330,0.000293,1.127794,0.000430,0.288145,0.005276
3.78886,303.75,1.412219,0.282899,0.000293,1.129320,0.000431,0.276746,0.005243
3.78926,303.78,1.402775,0.271925,0.000294,1.130850,0.000432,0.265803,0.005211
3.78966,303.81,1.393795,0.261412,0.000294,1.132383,0.000433,0.255320,0.005179
3.79006,303.84,1.385277,0.251358,0.000295,1.133919,0.000434,0.245298,0.005147
3.79046,303.87,1.377217,0.241759,0.000295,1.135457,0.000434,0.235729,0.005116
3.79086,303.91,1.369605,0.232606,0.000296,1.136999,0.000435,0.226605,0.005085
3.79126,303.94,1.362431,0.223887,0.000296,1.138544,0.000436,0.217916,0.005054
3.79166,303.97,1.355681,0.215589,0.000296,1.140092,0.000437,0.209647,0.005023
3.79206,304.00,1.349340,0.207698,0.000297,1.141643,0.000437,0.201785,0.004993
3.79246,304.03,1.343394,0.200198,0.000297,1.143196,0.000438,0.194314,0.004963
3.79286,304.07,1.337826,0.193073,0.000298,1.144753,0.000439,0.187218,0.004934
3.79326,304.10,1.332620,0.186307,0.000298,1.146313,0.000440,0.180480,0.004904
3.79366,304.13,1.327759,0.179883,0.000299,1.147876,0.000441,0.174084,0.004875
3.79406,304.16,1.323228,0.173786,0.000299,1.149442,0.000441,0.168015,0.004846
3.79446,304.19,1.319011,0.167999,0.000299,1.151011,0.000442,0.162256,0.004817
3.79486,304.23,1.315092,0.162508,0.000300,1.152583,0.000443,0.156792,0.004789
3.79526,304.26,1.311456,0.157298,0.000300,1.154159,0.000444,0.151608,0.004761
3.79566,304.29,1.308090,0.152353,0.000301,1.155737,0.000445,0.146690,0.004733
3.79606,304.32,1.304979,0.147661,0.000301,1.157318,0.000445,0.142025,0.004705
3.79646,304.35,1.302111,0.143208,0.000302,1.158903,0.000446,0.137598,0.004678
3.79686,304.39,1.299473,0.138983,0.000302,1.160491,0.000447,0.133399,0.004651
3.79726,304.42,1.297054,0.134972,0.000303,1.162081,0.000448,0.129414,0.004624
3.79766,304.45,1.294841,0.131166,0.000303,1.163675,0.000449,0.125633,0.004597
3.79806,304.48,1.292825,0.127553,0.000303,1.165272,0.000450,0.122046,0.004571
3.79846,304.52,1.290996,0.124123,0.000304,1.166873,0.000450,0.118641,0.004544
3.79886,304.55,1.289344,0.120868,0.000304,1.168476,0.000451,0.115411,0.004518
3.79926,304.58,1.287861,0.117778,0.000305,1.170082,0.000452,0.112346,0.004493
3.79966,304.61,1.286538,0.114846,0.000305,1.171692,0.000453,0.109437,0.004467
3.80006,304.64,1.285367,0.112062,0.000306,1.173305,0.000454,0.106678,0.004442
3.80046,304.68,1.284341,0.109420,0.000306,1.174921,0.000455,0.104060,0.004416
3.80086,304.71,1.283454,0.106913,0.000307,1.176540,0.000455,0.101577,0.004392
3.80126,304.74,1.282698,0.104535,0.000307,1.178163,0.000456,0.099222,0.004367
3.80166,304.77,1.282068,0.102280,0.000308,1.179788,0.000457,0.096990,0.004342
3.80206,304.80,1.281558,0.100141,0.000308,1.181417,0.000458,0.094875,0.004318
3.80246,304.84,1.281164,0.098115,0.000309,1.183049,0.000459,0.092871,0.004294
3.80286,304.87,1.280879,0.096195,0.000309,1.184684,0.000460,0.090973,0.004270
3.80326,304.90,1.280700,0.094377,0.000309,1.186323,0.000461,0.089178,0.004246
3.80366,304.93,1.280622,0.092657,0.000310,1.187965,0.000461,0.087480,0.004223
3.80406,304.96,1.280641,0.091031,0.000310,1.189610,0.000462,0.085877,0.004199
3.80446,305.00,1.280753,0.089495,0.000311,1.191258,0.000463,0.084363,0.004176
3.80486,305.03,1.280956,0.088046,0.000311,1.192910,0.000464,0.082936,0.004153
3.80526,305.06,1.281246,0.086681,0.000312,1.194565,0.000465,0.081592,0.004131
3.80566,305.09,1.281620,0.085397,0.000312,1.196223,0.000466,0.080329,0.004108
3.80606,305.12,1.282075,0.084190,0.000313,1.197884,0.000467,0.079144,0.004086
3.80646,305.16,1.282608,0.083059,0.000313,1.199549,0.000467,0.078033,0.004063
3.80686,305.19,1.283219,0.082002,0.000314,1.201217,0.000468,0.076996,0.004041
3.80726,305.22,1.283903,0.081015,0.000314,1.202889,0.000469,0.076030,0.004020
3.80766,305.25,1.284661,0.080097,0.000315,1.204563,0.000470,0.075133,0.003998
3.80806,305.28,1.285489,0.079247,0.000315,1.206241,0.000471,0.074303,0.003976
3.80846,305.32,1.286386,0.078463,0.000316,1.207923,0.000472,0.073539,0.003955
3.80886,305.35,1.287351,0.077744,0.000316,1.209608,0.000473,0.072840,0.003934
3.80926,305.38,1.288383,0.077087,0.000317,1.211296,0.000474,0.072203,0.003913
3.80966,305.41,1.289481,0.076494,0.000317,1.212987,0.000475,0.071629,0.003892
3.81006,305.45,1.290643,0.075961,0.000318,1.214682,0.000475,0.071115,0.003872
3.81046,305.48,1.291870,0.075489,0.000318,1.216381,0.000476,0.070663,0.003851
3.81086,305.51,1.293159,0.075077,0.000318,1.218082,0.000477,0.070270,0.003831
3.81126,305.54,1.294512,0.074725,0.000319,1.219787,0.000478,0.069936,0.003811
3.81166,305.57,1.295928,0.074432,0.000319,1.221496,0.000479,0.069662,0.003791
3.81206,305.61,1.297406,0.074198,0.000320,1.223208,0.000480,0.069447,0.003771
3.81246,305.64,1.298947,0.074024,0.000320,1.224923,0.000481,0.069291,0.003751
3.81286,305.67,1.300550,0.073908,0.000321,1.226642,0.000482,0.069194,0.003732
3.81326,305.70,1.302217,0.073853,0.000321,1.228364,0.000483,0.069156,0.003712
3.81366,305.73,1.303947,0.073857,0.000322,1.230090,0.000484,0.069178,0.003693
3.81406,305.77,1.305741,0.073922,0.000322,1.231819,0.000485,0.069261,0.003674
3.81446,305.80,1.307601,0.074049,0.000323,1.233552,0.000485,0.069405,0.003655
3.81486,305.83,1.309526,0.074238,0.000323,1.235288,0.000486,0.069612,0.003636
3.81526,305.86,1.311518,0.074490,0.000324,1.237028,0.000487,0.069882,0.003617
3.81566,305.89,1.313579,0.074808,0.000324,1.238771,0.000488,0.070216,0.003599
3.81606,305.93,1.315709,0.075191,0.000325,1.240518,0.000489,0.070617,0.003581
3.81646,305.96,1.317910,0.075643,0.000325,1.242268,0.000490,0.071085,0.003562
3.81686,305.99,1.320185,0.076164,0.000326,1.244021,0.000491,0.071623,0.003544
3.81726,306.02,1.322535,0.076756,0.000326,1.245779,0.000492,0.072232,0.003526
3.81766,306.05,1.324963,0.077423,0.000327,1.247540,0.000493,0.072915,0.003509
3.81806,306.09,1.327470,0.078166,0.000327,1.249304,0.000494,0.073675,0.003491
3.81846,306.12,1.330060,0.078988,0.000328,1.251072,0.000495,0.074513,0.003473
3.81886,306.15,1.332736,0.079892,0.000328,1.252843,0.000496,0.075433,0.003456
3.81926,306.18,1.335500,0.080881,0.000329,1.254619,0.000497,0.076438,0.003439
3.81966,306.21,1.338356,0.081959,0.000329,1.256397,0.000498,0.077531,0.003422
3.82006,306.25,1.341308,0.083129,0.000330,1.258180,0.000499,0.078717,0.003405
3.82046,306.28,1.344360,0.084395,0.000330,1.259965,0.000500,0.079998,0.003388
3.82086,306.31,1.347516,0.085761,0.000331,1.261755,0.000501,0.081380,0.003371
3.82126,306.34,1.350781,0.087233,0.000332,1.263548,0.000502,0.082867,0.003354
3.82166,306.38,1.354159,0.088814,0.000332,1.265345,0.000503,0.084463,0.003338
3.82206,306.41,1.357655,0.090510,0.000333,1.267145,0.000504,0.086174,0.003321
3.82246,306.44,1.361276,0.092326,0.000333,1.268950,0.000505,0.088005,0.003305
3.82286,306.47,1.365026,0.094269,0.000334,1.270757,0.000506,0.089963,0.003289
3.82326,306.50,1.368913,0.096344,0.000334,1.272569,0.000507,0.092052,0.003273
3.82366,306.54,1.372942,0.098558,0.000335,1.274384,0.000508,0.094281,0.003257
3.82406,306.57,1.377121,0.100918,0.000335,1.276203,0.000509,0.096655,0.003241
3.82446,306.60,1.381456,0.103431,0.000336,1.278025,0.000510,0.099182,0.003225
3.82486,306.63,1.385955,0.106104,0.000336,1.279852,0.000511,0.101869,0.003210
3.82526,306.66,1.390626,0.108944,0.000337,1.281682,0.000512,0.104724,0.003194
3.82566,306.70,1.395476,0.111960,0.000337,1.283515,0.000513,0.107754,0.003179
3.82606,306.73,1.400513,0.115160,0.000338,1.285353,0.000514,0.110967,0.003164
3.82646,306.76,1.405745,0.118551,0.000338,1.287194,0.000515,0.114372,0.003149
3.82686,306.79,1.411180,0.122141,0.000339,1.289039,0.000516,0.117976,0.003134
3.82726,306.82,1.416826,0.125939,0.000339,1.290888,0.000517,0.121787,0.003119
3.82766,306.86,1.422690,0.129950,0.000340,1.292740,0.000518,0.125811,0.003104
3.82806,306.89,1.428779,0.134182,0.000340,1.294597,0.000519,0.130056,0.003089
3.82846,306.92,1.435097,0.138640,0.000341,1.296457,0.000520,0.134528,0.003074
3.82886,306.95,1.441651,0.143330,0.000342,1.298321,0.000521,0.139230,0.003060
3.82926,306.98,1.448442,0.148253,0.000342,1.300189,0.000522,0.144167,0.003046
3.82966,307.02,1.455472,0.153411,0.000343,1.302060,0.000523,0.149338,0.003031
3.83006,307.05,1.462739,0.158803,0.000343,1.303936,0.000524,0.154742,0.003017
3.83046,307.08,1.470238,0.164423,0.000344,1.305815,0.000525,0.160375,0.003003
3.83086,307.11,1.477962,0.170264,0.000344,1.307698,0.000526,0.166228,0.002989
3.83126,307.14,1.485898,0.176313,0.000345,1.309585,0.000527,0.172289,0.002975
3.83166,307.18,1.494028,0.182551,0.000345,1.311476,0.000528,0.178540,0.002961
3.83206,307.21,1.502327,0.188956,0.000346,1.313371,0.000529,0.184957,0.002948
3.83246,307.24,1.510767,0.195497,0.000346,1.315270,0.000530,0.191510,0.002934
3.83286,307.27,1.519308,0.202136,0.000347,1.317172,0.000531,0.198161,0.002920
3.83326,307.31,1.527906,0.208827,0.000348,1.319079,0.000532,0.204864,0.002907
3.83366,307.34,1.536507,0.215517,0.000348,1.320989,0.000533,0.211566,0.002894
3.83406,307.37,1.545048,0.222144,0.000349,1.322904,0.000534,0.218204,0.002880
3.83446,307.40,1.553459,0.228636,0.000349,1.324822,0.000535,0.224709,0.002867
3.83486,307.43,1.561662,0.234917,0.000350,1.326745,0.000537,0.231001,0.002854
3.83526,307.47,1.569573,0.240902,0.000350,1.328671,0.000538,0.236997,0.002841
3.83566,307.50,1.577104,0.246502,0.000351,1.330601,0.000539,0.242609,0.002828
3.83606,307.53,1.584163,0.251627,0.000351,1.332535,0.000540,0.247745,0.002815
3.83646,307.56,1.590660,0.256187,0.000352,1.334474,0.000541,0.252315,0.002803
3.83686,307.59,1.596510,0.260094,0.000353,1.336416,0.000542,0.256234,0.002790
3.83726,307.63,1.601633,0.263270,0.000353,1.338362,0.000543,0.259421,0.002778
3.83766,307.66,1.605961,0.265648,0.000354,1.340313,0.000544,0.261810,0.002765
3.83806,307.69,1.609441,0.267174,0.000354,1.342267,0.000545,0.263346,0.002753
3.83846,307.72,1.612036,0.267810,0.000355,1.344226,0.000546,0.263993,0.002740
3.83886,307.75,1.613728,0.267539,0.000355,1.346188,0.000547,0.263733,0.002728
3.83926,307.79,1.614518,0.266363,0.000356,1.348155,0.000549,0.262567,0.002716
3.83966,307.82,1.614428,0.264302,0.000357,1.350126,0.000550,0.260517,0.002704
3.84006,307.85,1.613498,0.261398,0.000357,1.352100,0.000551,0.257623,0.002692
3.84046,307.88,1.611785,0.257706,0.000358,1.354079,0.000552,0.253941,0.002680
3.84086,307.91,1.609358,0.253296,0.000358,1.356062,0.000553,0.249541,0.002668
3.84126,307.95,1.606298,0.248249,0.000359,1.358049,0.000554,0.244504,0.002657
3.84166,307.98,1.602692,0.242651,0.000359,1.360041,0.000555,0.238917,0.002645
3.84206,308.01,1.598630,0.236594,0.000360,1.362036,0.000556,0.232869,0.002633
3.84246,308.04,1.594203,0.230167,0.000361,1.364036,0.000558,0.226452,0.002622
3.84286,308.07,1.589498,0.223458,0.000361,1.366040,0.000559,0.219754,0.002611
3.84326,308.11,1.584599,0.216551,0.000362,1.368048,0.000560,0.212856,0.002599
3.84366,308.14,1.579582,0.209522,0.000362,1.370060,0.000561,0.205836,0.002588
3.84406,308.17,1.574515,0.202438,0.000363,1.372076,0.000562,0.198763,0.002577
3.84446,308.20,1.569459,0.195362,0.000364,1.374097,0.000563,0.191696,0.002566
3.84486,308.24,1.564466,0.188345,0.000364,1.376122,0.000565,0.184688,0.002554
3.84526,308.27,1.559581,0.181430,0.000365,1.378151,0.000566,0.177783,0.002544
3.84566,308.30,1.554839,0.174655,0.000365,1.380184,0.000567,0.171016,0.002533
3.84606,308.33,1.550269,0.168047,0.000366,1.382222,0.000568,0.164418,0.002522
3.84646,308.36,1.545893,0.161629,0.000367,1.384264,0.000569,0.158009,0.002511
3.84686,308.40,1.541728,0.155419,0.000367,1.386310,0.000570,0.151807,0.002500
3.84726,308.43,1.537786,0.149426,0.000368,1.388360,0.000572,0.145824,0.002490
3.84766,308.46,1.534074,0.143659,0.000368,1.390415,0.000573,0.140066,0.002479
3.84806,308.49,1.530596,0.138122,0.000369,1.392474,0.000574,0.134537,0.002469
3.84846,308.52,1.527352,0.132815,0.000370,1.394537,0.000575,0.129239,0.002458
3.84886,308.56,1.524342,0.127737,0.000370,1.396605,0.000576,0.124169,0.002448
3.84926,308.59,1.521561,0.122883,0.000371,1.398677,0.000578,0.119325,0.002437
3.84966,308.62,1.519004,0.118250,0.000371,1.400754,0.000579,0.114700,0.002427
3.85006,308.65,1.516665,0.113831,0.000372,1.402834,0.000580,0.110289,0.002417
3.85046,308.68,1.514538,0.109618,0.000373,1.404920,0.000581,0.106085,0.002407
3.85086,308.72,1.512615,0.105605,0.000373,1.407009,0.000582,0.102080,0.002397
3.85126,308.75,1.510887,0.101783,0.000374,1.409103,0.000584,0.098266,0.002387
3.85166,308.78,1.509346,0.098145,0.000375,1.411202,0.000585,0.094636,0.002377
3.85206,308.81,1.507985,0.094681,0.000375,1.413305,0.000586,0.091180,0.002367
3.85246,308.84,1.506796,0.091384,0.000376,1.415412,0.000587,0.087891,0.002357
3.85286,308.88,1.505769,0.088245,0.000376,1.417524,0.000589,0.084760,0.002347
3.85326,308.91,1.504897,0.085257,0.000377,1.419640,0.000590,0.081780,0.002338
3.85366,308.94,1.504173,0.082412,0.000378,1.421761,0.000591,0.078943,0.002328
3.85406,308.97,1.503589,0.079703,0.000378,1.423886,0.000592,0.076242,0.002319
3.85446,309.00,1.503138,0.077122,0.000379,1.426016,0.000594,0.073668,0.002309
3.85486,309.04,1.502813,0.074663,0.000380,1.428150,0.000595,0.071217,0.002300
3.85526,309.07,1.502608,0.072319,0.000380,1.430289,0.000596,0.068880,0.002290
3.85566,309.10,1.502516,0.070084,0.000381,1.432432,0.000597,0.066653,0.002281
3.85606,309.13,1.502532,0.067952,0.000381,1.434580,0.000599,0.064528,0.002272
3.85646,309.17,1.502650,0.065917,0.000382,1.436732,0.000600,0.062501,0.002262
3.85686,309.20,1.502864,0.063975,0.000383,1.438889,0.000601,0.060566,0.002253
3.85726,309.23,1.503171,0.062120,0.000383,1.441051,0.000603,0.058719,0.002244
3.85766,309.26,1.503565,0.060348,0.000384,1.443217,0.000604,0.056953,0.002235
3.85806,309.29,1.504041,0.058653,0.000385,1.445388,0.000605,0.055266,0.002226
3.85846,309.33,1.504596,0.057033,0.000385,1.447563,0.000606,0.053653,0.002217
3.85886,309.36,1.505226,0.055482,0.000386,1.449743,0.000608,0.052109,0.002208
3.85926,309.39,1.505926,0.053998,0.000387,1.451928,0.000609,0.050632,0.002199
3.85966,309.42,1.506694,0.052576,0.000387,1.454118,0.000610,0.049217,0.002191
3.86006,309.45,1.507526,0.051214,0.000388,1.456312,0.000612,0.047862,0.002182
3.86046,309.49,1.508419,0.049908,0.000389,1.458510,0.000613,0.046563,0.002173
3.86086,309.52,1.509370,0.048656,0.000389,1.460714,0.000614,0.045317,0.002165
3.86126,309.55,1.510376,0.047454,0.000390,1.462922,0.000616,0.044122,0.002156
3.86166,309.58,1.511435,0.046300,0.000390,1.465135,0.000617,0.042975,0.002147
3.86206,309.61,1.512545,0.045192,0.000391,1.467352,0.000618,0.041873,0.002139
3.86246,309.65,1.513702,0.044128,0.000392,1.469575,0.000620,0.040815,0.002131
3.86286,309.68,1.514906,0.043104,0.000392,1.471802,0.000621,0.039798,0.002122
3.86326,309.71,1.516153,0.042119,0.000393,1.474034,0.000622,0.038820,0.002114
3.86366,309.74,1.517443,0.041172,0.000394,1.476271,0.000624,0.037879,0.002106
3.86406,309.77,1.518772,0.040260,0.000394,1.478512,0.000625,0.036973,0.002097
3.86446,309.81,1.520140,0.039382,0.000395,1.480758,0.000626,0.036101,0.002089
3.86486,309.84,1.521545,0.038535,0.000396,1.483009,0.000628,0.035261,0.002081
3.86526,309.87,1.522985,0.037720,0.000396,1.485265,0.000629,0.034451,0.002073
3.86566,309.90,1.524459,0.036933,0.000397,1.487526,0.000631,0.033671,0.002065
3.86606,309.93,1.525966,0.036174,0.000398,1.489792,0.000632,0.032918,0.002057
3.86646,309.97,1.527504,0.035442,0.000399,1.492063,0.000633,0.032191,0.002049
3.86686,310.00,1.529072,0.034734,0.000399,1.494338,0.000635,0.031490,0.002041
3.86726,310.03,1.530669,0.034051,0.000400,1.496618,0.000636,0.030813,0.002033
3.86766,310.06,1.532295,0.033391,0.000401,1.498904,0.000637,0.030158,0.002025
3.86806,310.09,1.533947,0.032753,0.000401,1.501194,0.000639,0.029526,0.002018
3.86846,310.13,1.535625,0.032136,0.000402,1.503489,0.000640,0.028915,0.002010
3.86886,310.16,1.537328,0.031539,0.000403,1.505789,0.000642,0.028323,0.002002
3.86926,310.19,1.539055,0.030961,0.000403,1.508094,0.000643,0.027751,0.001995
3.86966,310.22,1.540806,0.030402,0.000404,1.510404,0.000645,0.027197,0.001987
3.87006,310.26,1.542579,0.029860,0.000405,1.512719,0.000646,0.026661,0.001979
3.87046,310.29,1.544375,0.029335,0.000405,1.515039,0.000647,0.026142,0.001972
3.87086,310.32,1.546191,0.028827,0.000406,1.517364,0.000649,0.025639,0.001965
3.87126,310.35,1.548028,0.028334,0.000407,1.519694,0.000650,0.025151,0.001957
3.87166,310.38,1.549885,0.027856,0.000408,1.522030,0.000652,0.024678,0.001950
3.87206,310.42,1.551761,0.027392,0.000408,1.524370,0.000653,0.024219,0.001942
3.87246,310.45,1.553657,0.026941,0.000409,1.526715,0.000655,0.023774,0.001935
3.87286,310.48,1.555570,0.026504,0.000410,1.529066,0.000656,0.023342,0.001928
3.87326,310.51,1.557501,0.026080,0.000410,1.531421,0.000658,0.022923,0.001921
3.87366,310.54,1.559449,0.025668,0.000411,1.533782,0.000659,0.022516,0.001913
3.87406,310.58,1.561415,0.025267,0.000412,1.536147,0.000661,0.022120,0.001906
3.87446,310.61,1.563396,0.024878,0.000412,1.538518,0.000662,0.021736,0.001899
3.87486,310.64,1.565394,0.024499,0.000413,1.540894,0.000663,0.021363,0.001892
3.87526,310.67,1.567407,0.024131,0.000414,1.543276,0.000665,0.020999,0.001885
3.87566,310.70,1.569435,0.023773,0.000415,1.545662,0.000666,0.020646,0.001878
3.87606,310.74,1.571478,0.023425,0.000415,1.548054,0.000668,0.020302,0.001871
3.87646,310.77,1.573536,0.023086,0.000416,1.550450,0.000669,0.019968,0.001864
3.87686,310.80,1.575608,0.022755,0.000417,1.552852,0.000671,0.019642,0.001858
3.87726,310.83,1.577694,0.022434,0.000418,1.555260,0.000672,0.019325,0.001851
3.87766,310.86,1.579793,0.022121,0.000418,1.557672,0.000674,0.019017,0.001844
3.87806,310.90,1.581906,0.021815,0.000419,1.560090,0.000676,0.018716,0.001837
3.87846,310.93,1.584031,0.021518,0.000420,1.562513,0.000677,0.018423,0.001830
3.87886,310.96,1.586170,0.021228,0.000420,1.564942,0.000679,0.018138,0.001824
3.87926,310.99,1.588321,0.020945,0.000421,1.567375,0.000680,0.017859,0.001817
3.87966,311.02,1.590484,0.020669,0.000422,1.569815,0.000682,0.017588,0.001811
3.88006,311.06,1.592659,0.020400,0.000423,1.572259,0.000683,0.017323,0.001804
3.88046,311.09,1.594846,0.020138,0.000423,1.574709,0.000685,0.017065,0.001797
3.88086,311.12,1.597045,0.019882,0.000424,1.577164,0.000686,0.016813,0.001791
3.88126,311.15,1.599256,0.019631,0.000425,1.579624,0.000688,0.016567,0.001785
3.88166,311.19,1.601477,0.019387,0.000426,1.582090,0.000690,0.016327,0.001778
3.88206,311.22,1.603710,0.019149,0.000426,1.584562,0.000691,0.016093,0.001772
3.88246,311.25,1.605954,0.018916,0.000427,1.587038,0.000693,0.015864,0.001765
3.88286,311.28,1.608209,0.018688,0.000428,1.589521,0.000694,0.015640,0.001759
3.88326,311.31,1.610474,0.018465,0.000429,1.592008,0.000696,0.015422,0.001753
3.88366,311.35,1.612749,0.018248,0.000429,1.594501,0.000698,0.015208,0.001746
3.88406,311.38,1.615035,0.018035,0.000430,1.597000,0.000699,0.015000,0.001740
3.88446,311.41,1.617332,0.017827,0.000431,1.599504,0.000701,0.014795,0.001734
3.88486,311.44,1.619638,0.017624,0.000432,1.602014,0.000702,0.014596,0.001728
3.88526,311.47,1.621954,0.017425,0.000433,1.604529,0.000704,0.014401,0.001722
3.88566,311.51,1.624280,0.017231,0.000433,1.607050,0.000706,0.014210,0.001716
3.88606,311.54,1.626616,0.017040,0.000434,1.609576,0.000707,0.014023,0.001710
3.88646,311.57,1.628962,0.016854,0.000435,1.612108,0.000709,0.013841,0.001704
3.88686,311.60,1.631317,0.016671,0.000436,1.614646,0.000711,0.013662,0.001698
3.88726,311.63,1.633681,0.016493,0.000436,1.617189,0.000712,0.013487,0.001692
3.88766,311.67,1.636055,0.016318,0.000437,1.619737,0.000714,0.013315,0.001686
3.88806,311.70,1.638438,0.016146,0.000438,1.622292,0.000716,0.013147,0.001680
3.88846,311.73,1.640830,0.015978,0.000439,1.624852,0.000717,0.012983,0.001674
3.88886,311.76,1.643231,0.015814,0.000440,1.627417,0.000719,0.012822,0.001668
3.88926,311.79,1.645641,0.015653,0.000440,1.629989,0.000721,0.012664,0.001662
3.88966,311.83,1.648061,0.015495,0.000441,1.632566,0.000722,0.012510,0.001657
3.89006,311.86,1.650489,0.015340,0.000442,1.635149,0.000724,0.012358,0.001651
3.89046,311.89,1.652925,0.015188,0.000443,1.637737,0.000726,0.012209,0.001645
3.89086,311.92,1.655371,0.015039,0.000444,1.640332,0.000727,0.012064,0.001639
3.89126,311.95,1.657825,0.014893,0.000444,1.642932,0.000729,0.011921,0.001634
3.89166,311.99,1.660287,0.014750,0.000445,1.645537,0.000731,0.011781,0.001628
3.89206,312.02,1.662758,0.014609,0.000446,1.648149,0.000733,0.011644,0.001623
3.89246,312.05,1.665238,0.014472,0.000447,1.650766,0.000734,0.011509,0.001617
3.89286,312.08,1.667726,0.014336,0.000448,1.653390,0.000736,0.011377,0.001611
3.89326,312.12,1.670222,0.014204,0.000448,1.656019,0.000738,0.011247,0.001606
3.89366,312.15,1.672727,0.014073,0.000449,1.658654,0.000740,0.011120,0.001600
3.89406,312.18,1.675240,0.013945,0.000450,1.661295,0.000741,0.010995,0.001595
3.89446,312.21,1.677761,0.013820,0.000451,1.663941,0.000743,0.010872,0.001590
3.89486,312.24,1.680291,0.013697,0.000452,1.666594,0.000745,0.010752,0.001584
3.89526,312.28,1.682828,0.013576,0.000452,1.669253,0.000747,0.010634,0.001579
3.89566,312.31,1.685374,0.013457,0.000453,1.671917,0.000748,0.010517,0.001573
3.89606,312.34,1.687927,0.013340,0.000454,1.674588,0.000750,0.010403,0.001568
3.89646,312.37,1.690489,0.013225,0.000455,1.677264,0.000752,0.010291,0.001563
3.89686,312.40,1.693059,0.013112,0.000456,1.679946,0.000754,0.010181,0.001558
3.89726,312.44,1.695636,0.013001,0.000457,1.682635,0.000756,0.010073,0.001552
3.89766,312.47,1.698222,0.012892,0.000457,1.685329,0.000757,0.009967,0.001547
3.89806,312.50,1.700815,0.012785,0.000458,1.688030,0.000759,0.009862,0.001542
3.89846,312.53,1.703417,0.012680,0.000459,1.690736,0.000761,0.009760,0.001537
3.89886,312.56,1.706026,0.012577,0.000460,1.693449,0.000763,0.009659,0.001532
3.89926,312.60,1.708643,0.012475,0.000461,1.696168,0.000765,0.009560,0.001527
3.89966,312.63,1.711268,0.012375,0.000462,1.698892,0.000767,0.009462,0.001521
3.90007,312.66,1.713900,0.012277,0.000462,1.701623,0.000768,0.009366,0.001516
3.90047,312.69,1.716540,0.012180,0.000463,1.704360,0.000770,0.009272,0.001511
3.90087,312.72,1.719189,0.012085,0.000464,1.707104,0.000772,0.009179,0.001506
3.90127,312.76,1.721844,0.011991,0.000465,1.709853,0.000774,0.009088,0.001501
3.90167,312.79,1.724508,0.011899,0.000466,1.712609,0.000776,0.008998,0.001496
3.90207,312.82,1.727179,0.011809,0.000467,1.715370,0.000778,0.008910,0.001491
3.90247,312.85,1.729858,0.011719,0.000468,1.718139,0.000780,0.008823,0.001487
3.90287,312.88,1.732544,0.011632,0.000468,1.720913,0.000782,0.008737,0.001482
3.90327,312.92,1.735238,0.011545,0.000469,1.723693,0.000784,0.008653,0.001477
3.90367,312.95,1.737940,0.011460,0.000470,1.726480,0.000785,0.008570,0.001472
3.90407,312.98,1.740650,0.011376,0.000471,1.729273,0.000787,0.008488,0.001467
3.90447,313.01,1.743367,0.011294,0.000472,1.732073,0.000789,0.008408,0.001462
3.90487,313.05,1.746091,0.011213,0.000473,1.734878,0.000791,0.008329,0.001458
3.90527,313.08,1.748823,0.011133,0.000474,1.737690,0.000793,0.008251,0.001453
3.90567,313.11,1.751563,0.011054,0.000475,1.740509,0.000795,0.008174,0.001448
3.90607,313.14,1.754311,0.010977,0.000475,1.743334,0.000797,0.008099,0.001443
3.90647,313.17,1.757065,0.010901,0.000476,1.746165,0.000799,0.008024,0.001439
3.90687,313.21,1.759828,0.010825,0.000477,1.749002,0.000801,0.007951,0.001434
3.90727,313.24,1.762598,0.010751,0.000478,1.751846,0.000803,0.007879,0.001429
3.90767,313.27,1.765375,0.010678,0.000479,1.754697,0.000805,0.007808,0.001425
3.90807,313.30,1.768161,0.010607,0.000480,1.757554,0.000807,0.007737,0.001420
3.90847,313.33,1.770953,0.010536,0.000481,1.760417,0.000809,0.007668,0.001416
3.90887,313.37,1.773753,0.010466,0.000482,1.763287,0.000811,0.007600,0.001411
3.90927,313.40,1.776561,0.010397,0.000483,1.766164,0.000813,0.007533,0.001407
3.90967,313.43,1.779376,0.010329,0.000484,1.769047,0.000815,0.007467,0.001402
3.91007,313.46,1.782199,0.010263,0.000484,1.771936,0.000817,0.007402,0.001398
3.91047,313.49,1.785029,0.010197,0.000485,1.774833,0.000819,0.007337,0.001393
3.91087,313.53,1.787867,0.010132,0.000486,1.777735,0.000821,0.007274,0.001389
3.91127,313.56,1.790713,0.010068,0.000487,1.780645,0.000823,0.007212,0.001384
3.91167,313.59,1.793565,0.010005,0.000488,1.783561,0.000825,0.007150,0.001380
3.91207,313.62,1.796426,0.009943,0.000489,1.786483,0.000828,0.007089,0.001376
3.91247,313.65,1.799294,0.009881,0.000490,1.789413,0.000830,0.007029,0.001371
3.91287,313.69,1.802169,0.009821,0.000491,1.792349,0.000832,0.006970,0.001367
3.91327,313.72,1.805052,0.009761,0.000492,1.795291,0.000834,0.006912,0.001363
3.91367,313.75,1.807943,0.009702,0.000493,1.798241,0.000836,0.006854,0.001358
3.91407,313.78,1.810841,0.009644,0.000494,1.801197,0.000838,0.006797,0.001354
3.91447,313.81,1.813747,0.009587,0.000495,1.804160,0.000840,0.006741,0.001350
3.91487,313.85,1.816660,0.009530,0.000496,1.807130,0.000842,0.006686,0.001346
3.91527,313.88,1.819581,0.009475,0.000497,1.810106,0.000845,0.006632,0.001341
3.91567,313.91,1.822509,0.009420,0.000497,1.813089,0.000847,0.006578,0.001337
3.91607,313.94,1.825445,0.009366,0.000498,1.816080,0.000849,0.006525,0.001333
3.91647,313.98,1.828389,0.009312,0.000499,1.819077,0.000851,0.006472,0.001329
3.91687,314.01,1.831340,0.009259,0.000500,1.822080,0.000853,0.006421,0.001325
3.91727,314.04,1.834298,0.009207,0.000501,1.825091,0.000855,0.006370,0.001321
3.91767,314.07,1.837265,0.009156,0.000502,1.828109,0.000858,0.006319,0.001317
3.91807,314.10,1.840238,0.009105,0.000503,1.831133,0.000860,0.006269,0.001312
3.91847,314.14,1.843220,0.009055,0.000504,1.834165,0.000862,0.006220,0.001308
3.91887,314.17,1.846209,0.009006,0.000505,1.837204,0.000864,0.006172,0.001304
3.91927,314.20,1.849206,0.008957,0.000506,1.840249,0.000866,0.006124,0.001300
3.91967,314.23,1.852210,0.008909,0.000507,1.843302,0.000869,0.006077,0.001296
3.92007,314.26,1.855222,0.008861,0.000508,1.846361,0.000871,0.006030,0.001292
3.92047,314.30,1.858242,0.008814,0.000509,1.849428,0.000873,0.005984,0.001288
3.92087,314.33,1.861269,0.008768,0.000510,1.852501,0.000875,0.005938,0.001284
3.92127,314.36,1.864304,0.008722,0.000511,1.855582,0.000878,0.005893,0.001281
3.92167,314.39,1.867347,0.008677,0.000512,1.858670,0.000880,0.005849,0.001277
3.92207,314.42,1.870397,0.008632,0.000513,1.861765,0.000882,0.005805,0.001273
3.92247,314.46,1.873455,0.008588,0.000514,1.864867,0.000885,0.005761,0.001269
3.92287,314.49,1.876521,0.008545,0.000515,1.867976,0.000887,0.005719,0.001265
3.92327,314.52,1.879595,0.008502,0.000516,1.871093,0.000889,0.005676,0.001261
3.92367,314.55,1.882676,0.008459,0.000517,1.874217,0.000892,0.005634,0.001257
3.92407,314.58,1.885765,0.008418,0.000518,1.877348,0.000894,0.005593,0.001254
3.92447,314.62,1.888862,0.008376,0.000519,1.880486,0.000896,0.005552,0.001250
3.92487,314.65,1.891966,0.008335,0.000520,1.883631,0.000899,0.005512,0.001246
3.92527,314.68,1.895079,0.008295,0.000521,1.886784,0.000901,0.005472,0.001242
3.92567,314.71,1.898199,0.008255,0.000522,1.889944,0.000903,0.005432,0.001239
3.92607,314.74,1.901327,0.008216,0.000523,1.893111,0.000906,0.005393,0.001235
3.92647,314.78,1.904463,0.008177,0.000524,1.896286,0.000908,0.005355,0.001231
3.92687,314.81,1.907606,0.008138,0.000525,1.899468,0.000911,0.005317,0.001227
3.92727,314.84,1.910758,0.008100,0.000526,1.902657,0.000913,0.005279,0.001224
3.92767,314.87,1.913917,0.008063,0.000527,1.905854,0.000915,0.005242,0.001220
3.92807,314.91,1.917084,0.008026,0.000528,1.909059,0.000918,0.005205,0.001216
3.92847,314.94,1.920260,0.007989,0.000529,1.912270,0.000920,0.005169,0.001213
3.92887,314.97,1.923443,0.007953,0.000530,1.915490,0.000923,0.005133,0.001209
3.92927,315.00,1.926634,0.007917,0.000531,1.918716,0.000925,0.005097,0.001206
3.92967,315.03,1.929832,0.007882,0.000532,1.921950,0.000928,0.005062,0.001202
3.93007,315.07,1.933039,0.007847,0.000533,1.925192,0.000930,0.005027,0.001199
3.93047,315.10,1.936254,0.007813,0.000535,1.928441,0.000933,0.004993,0.001195
3.93087,315.13,1.939477,0.007779,0.000536,1.931698,0.000935,0.004959,0.001192
3.93127,315.16,1.942708,0.007745,0.000537,1.934963,0.000938,0.004925,0.001188
3.93167,315.19,1.945947,0.007712,0.000538,1.938235,0.000940,0.004892,0.001185
3.93207,315.23,1.949193,0.007679,0.000539,1.941515,0.000943,0.004859,0.001181
3.93247,315.26,1.952448,0.007646,0.000540,1.944802,0.000945,0.004826,0.001178
3.93287,315.29,1.955711,0.007614,0.000541,1.948097,0.000948,0.004794,0.001174
3.93327,315.32,1.958982,0.007582,0.000542,1.951400,0.000950,0.004762,0.001171
3.93367,315.35,1.962261,0.007551,0.000543,1.954710,0.000953,0.004730,0.001167
3.93407,315.39,1.965549,0.007520,0.000544,1.958029,0.000956,0.004699,0.001164
3.93447,315.42,1.968844,0.007489,0.000545,1.961355,0.000958,0.004668,0.001160
3.93487,315.45,1.972147,0.007459,0.000546,1.964688,0.000961,0.004637,0.001157
3.93527,315.48,1.975459,0.007429,0.000547,1.968030,0.000963,0.004607,0.001154
3.93567,315.51,1.978779,0.007399,0.000549,1.971380,0.000966,0.004577,0.001150
3.93607,315.55,1.982107,0.007370,0.000550,1.974737,0.000969,0.004548,0.001147
3.93647,315.58,1.985443,0.007341,0.000551,1.978102,0.000971,0.004518,0.001144
3.93687,315.61,1.988788,0.007312,0.000552,1.981475,0.000974,0.004489,0.001140
3.93727,315.64,1.992140,0.007284,0.000553,1.984856,0.000977,0.004461,0.001137
3.93767,315.67,1.995501,0.007256,0.000554,1.988245,0.000979,0.004432,0.001134
3.93807,315.71,1.998871,0.007228,0.000555,1.991642,0.000982,0.004404,0.001131
3.93847,315.74,2.002248,0.007201,0.000556,1.995047,0.000985,0.004376,0.001127
3.93887,315.77,2.005634,0.007174,0.000557,1.998460,0.000988,0.004348,0.001124
3.93927,315.80,2.009028,0.007147,0.000559,2.001881,0.000990,0.004321,0.001121
3.93967,315.84,2.012431,0.007121,0.000560,2.005310,0.000993,0.004294,0.001118
3.94007,315.87,2.015842,0.007095,0.000561,2.008747,0.000996,0.004267,0.001115
3.94047,315.90,2.019261,0.007069,0.000562,2.012192,0.000999,0.004241,0.001111
3.94087,315.93,2.022689,0.007043,0.000563,2.015645,0.001001,0.004215,0.001108
3.94127,315.96,2.026125,0.007018,0.000564,2.019107,0.001004,0.004189,0.001105
3.94167,316.00,2.029570,0.006993,0.000565,2.022577,0.001007,0.004163,0.001102
3.94207,316.03,2.033023,0.006968,0.000567,2.026054,0.001010,0.004137,0.001099
3.94247,316.06,2.036484,0.006944,0.000568,2.029540,0.001013,0.004112,0.001096
3.94287,316.09,2.039955,0.006920,0.000569,2.033035,0.001015,0.004087,0.001093
3.94327,316.12,2.043433,0.006896,0.000570,2.036537,0.001018,0.004062,0.001090
3.94367,316.16,2.046921,0.006872,0.000571,2.040048,0.001021,0.004038,0.001087
3.94407,316.19,2.050416,0.006849,0.000572,2.043567,0.001024,0.004014,0.001083
3.94447,316.22,2.053921,0.006826,0.000574,2.047095,0.001027,0.003990,0.001080
3.94487,316.25,2.057434,0.006803,0.000575,2.050631,0.001030,0.003966,0.001077
3.94527,316.28,2.060955,0.006781,0.000576,2.054175,0.001033,0.003942,0.001074
3.94567,316.32,2.064486,0.006758,0.000577,2.057727,0.001036,0.003919,0.001071
3.94607,316.35,2.068025,0.006736,0.000578,2.061288,0.001039,0.003896,0.001068
3.94647,316.38,2.071572,0.006714,0.000579,2.064858,0.001042,0.003873,0.001065
3.94687,316.41,2.075129,0.006693,0.000581,2.068436,0.001045,0.003850,0.001062
3.94727,316.44,2.078694,0.006671,0.000582,2.072022,0.001047,0.003828,0.001059
3.94767,316.48,2.082268,0.006650,0.000583,2.075617,0.001050,0.003805,0.001057
3.94807,316.51,2.085850,0.006629,0.000584,2.079221,0.001053,0.003783,0.001054
3.94847,316.54,2.089442,0.006609,0.000585,2.082833,0.001057,0.003761,0.001051
3.94887,316.57,2.093042,0.006588,0.000587,2.086453,0.001060,0.003740,0.001048
3.94927,316.60,2.096651,0.006568,0.000588,2.090083,0.001063,0.003718,0.001045
3.94967,316.64,2.100269,0.006548,0.000589,2.093721,0.001066,0.003697,0.001042
3.95007,316.67,2.103896,0.006529,0.000590,2.097367,0.001069,0.003676,0.001039
3.95047,316.70,2.107532,0.006509,0.000592,2.101023,0.001072,0.003655,0.001036
3.95087,316.73,2.111176,0.006490,0.000593,2.104687,0.001075,0.003634,0.001033
3.95127,316.77,2.114830,0.006471,0.000594,2.108359,0.001078,0.003614,0.001031
3.95167,316.80,2.118493,0.006452,0.000595,2.112041,0.001081,0.003593,0.001028
3.95207,316.83,2.122164,0.006433,0.000597,2.115731,0.001084,0.003573,0.001025
3.95247,316.86,2.125845,0.006415,0.000598,2.119430,0.001087,0.003553,0.001022
3.95287,316.89,2.129535,0.006396,0.000599,2.123138,0.001091,0.003533,0.001019
3.95327,316.93,2.133233,0.006378,0.000600,2.126855,0.001094,0.003514,0.001017
3.95367,316.96,2.136941,0.006360,0.000602,2.130581,0.001097,0.003494,0.001014
3.95407,316.99,2.140658,0.006343,0.000603,2.134315,0.001100,0.003475,0.001011
3.95447,317.02,2.144384,0.006325,0.000604,2.138059,0.001103,0.003456,0.001008
3.95487,317.05,2.148119,0.006308,0.000605,2.141811,0.001107,0.003437,0.001006
3.95527,317.09,2.151864,0.006291,0.000607,2.145573,0.001110,0.003418,0.001003
3.95567,317.12,2.155617,0.006274,0.000608,2.149343,0.001113,0.003399,0.001000
3.95607,317.15,2.159380,0.006258,0.000609,2.153123,0.001116,0.003381,0.000997
3.95647,317.18,2.163152,0.006241,0.000610,2.156911,0.001120,0.003362,0.000995
3.95687,317.21,2.166934,0.006225,0.000612,2.160709,0.001123,0.003344,0.000992
3.95727,317.25,2.170725,0.006209,0.000613,2.164516,0.001126,0.003326,0.000989
3.95767,317.28,2.174525,0.006193,0.000614,2.168332,0.001130,0.003308,0.000987
3.95807,317.31,2.178334,0.006177,0.000616,2.172157,0.001133,0.003291,0.000984
3.95847,317.34,2.182153,0.006161,0.000617,2.175991,0.001137,0.003273,0.000982
3.95887,317.37,2.185981,0.006146,0.000618,2.179835,0.001140,0.003256,0.000979
3.95927,317.41,2.189818,0.006131,0.000620,2.183688,0.001143,0.003239,0.000976
3.95967,317.44,2.193665,0.006116,0.000621,2.187550,0.001147,0.003221,0.000974
3.96007,317.47,2.197522,0.006101,0.000622,2.191421,0.001150,0.003204,0.000971
3.96047,317.50,2.201388,0.006086,0.000624,2.195302,0.001154,0.003188,0.000969
3.96087,317.53,2.205263,0.006072,0.000625,2.199192,0.001157,0.003171,0.000966
3.96127,317.57,2.209148,0.006057,0.000626,2.203091,0.001161,0.003154,0.000963
3.96167,317.60,2.213043,0.006043,0.000628,2.207000,0.001164,0.003138,0.000961
3.96207,317.63,2.216947,0.006029,0.000629,2.210918,0.001168,0.003122,0.000958
3.96247,317.66,2.220861,0.006015,0.000630,2.214846,0.001171,0.003105,0.000956
3.96287,317.70,2.224784,0.006001,0.000632,2.218783,0.001175,0.003089,0.000953
3.96327,317.73,2.228717,0.005988,0.000633,2.222729,0.001178,0.003074,0.000951
3.96367,317.76,2.232660,0.005974,0.000634,2.226685,0.001182,0.003058,0.000948
3.96407,317.79,2.236612,0.005961,0.000636,2.230651,0.001185,0.003042,0.000946
3.96447,317.82,2.240575,0.005948,0.000637,2.234626,0.001189,0.003027,0.000943
3.96487,317.86,2.244547,0.005935,0.000638,2.238611,0.001193,0.003011,0.000941
3.96527,317.89,2.248529,0.005923,0.000640,2.242606,0.001196,0.002996,0.000938
3.96567,317.92,2.252520,0.005910,0.000641,2.246610,0.001200,0.002981,0.000936
3.96607,317.95,2.256522,0.005897,0.000643,2.250624,0.001204,0.002966,0.000933
3.96647,317.98,2.260533,0.005885,0.000644,2.254648,0.001207,0.002951,0.000931
3.96687,318.02,2.264554,0.005873,0.000645,2.258681,0.001211,0.002936,0.000929
3.96727,318.05,2.268585,0.005861,0.000647,2.262724,0.001215,0.002921,0.000926
3.96767,318.08,2.272626,0.005849,0.000648,2.266777,0.001219,0.002907,0.000924
3.96807,318.11,2.276678,0.005837,0.000650,2.270840,0.001222,0.002892,0.000921
3.96847,318.14,2.280739,0.005826,0.000651,2.274913,0.001226,0.002878,0.000919
3.96887,318.18,2.284810,0.005814,0.000652,2.278995,0.001230,0.002864,0.000917
3.96927,318.21,2.288891,0.005803,0.000654,2.283088,0.001234,0.002850,0.000914
3.96967,318.24,2.292982,0.005792,0.000655,2.287190,0.001238,0.002836,0.000912
3.97007,318.27,2.297084,0.005781,0.000657,2.291303,0.001242,0.002822,0.000910
3.97047,318.30,2.301195,0.005770,0.000658,2.295425,0.001245,0.002808,0.000907
3.97087,318.34,2.305317,0.005759,0.000660,2.299557,0.001249,0.002794,0.000905
3.97127,318.37,2.309449,0.005749,0.000661,2.303700,0.001253,0.002781,0.000903
3.97167,318.40,2.313591,0.005738,0.000663,2.307853,0.001257,0.002767,0.000900
3.97207,318.43,2.317743,0.005728,0.000664,2.312015,0.001261,0.002754,0.000898
3.97247,318.46,2.321906,0.005718,0.000665,2.316188,0.001265,0.002741,0.000896
3.97287,318.50,2.326079,0.005708,0.000667,2.320371,0.001269,0.002728,0.000893
3.97327,318.53,2.330262,0.005698,0.000668,2.324564,0.001273,0.002714,0.000891
3.97367,318.56,2.334456,0.005688,0.000670,2.328767,0.001277,0.002701,0.000889
3.97407,318.59,2.338660,0.005678,0.000671,2.332981,0.001281,0.002689,0.000887
3.97447,318.63,2.342874,0.005669,0.000673,2.337205,0.001285,0.002676,0.000884
3.97487,318.66,2.347099,0.005659,0.000674,2.341439,0.001289,0.002663,0.000882
3.97527,318.69,2.351334,0.005650,0.000676,2.345684,0.001294,0.002651,0.000880
3.97567,318.72,2.355580,0.005641,0.000677,2.349939,0.001298,0.002638,0.000878
3.97607,318.75,2.359836,0.005632,0.000679,2.354204,0.001302,0.002626,0.000875
3.97647,318.79,2.364103,0.005623,0.000680,2.358480,0.001306,0.002613,0.000873
3.97687,318.82,2.368381,0.005614,0.000682,2.362766,0.001310,0.002601,0.000871
3.97727,318.85,2.372669,0.005606,0.000683,2.367063,0.001314,0.002589,0.000869
3.97767,318.88,2.376967,0.005597,0.000685,2.371370,0.001319,0.002577,0.000867
3.97807,318.91,2.381277,0.005589,0.000687,2.375688,0.001323,0.002565,0.000864
3.97847,318.95,2.385597,0.005580,0.000688,2.380016,0.001327,0.002553,0.000862
3.97887,318.98,2.389928,0.005572,0.000690,2.384355,0.001332,0.002541,0.000860
3.97927,319.01,2.394269,0.005564,0.000691,2.388705,0.001336,0.002530,0.000858
3.97967,319.04,2.398621,0.005556,0.000693,2.393065,0.001340,0.002518,0.000856
3.98007,319.07,2.402985,0.005549,0.000694,2.397436,0.001345,0.002506,0.000854
3.98047,319.11,2.407359,0.005541,0.000696,2.401818,0.001349,0.002495,0.000852
3.98087,319.14,2.411743,0.005533,0.000697,2.406210,0.001353,0.002484,0.000849
3.98127,319.17,2.416139,0.005526,0.000699,2.410613,0.001358,0.002472,0.000847
3.98167,319.20,2.420546,0.005518,0.000701,2.415027,0.001362,0.002461,0.000845
3.98207,319.23,2.424963,0.005511,0.000702,2.419452,0.001367,0.002450,0.000843
3.98247,319.27,2.429392,0.005504,0.000704,2.423888,0.001371,0.002439,0.000841
3.98287,319.30,2.433832,0.005497,0.000705,2.428335,0.001376,0.002428,0.000839
3.98327,319.33,2.438282,0.005490,0.000707,2.432792,0.001380,0.002417,0.000837
3.98367,319.36,2.442744,0.005483,0.000709,2.437261,0.001385,0.002406,0.000835
3.98407,319.39,2.447217,0.005477,0.000710,2.441740,0.001389,0.002395,0.000833
3.98447,319.43,2.451701,0.005470,0.000712,2.446231,0.001394,0.002385,0.000831
3.98487,319.46,2.456196,0.005464,0.000713,2.450732,0.001399,0.002374,0.000829
3.98527,319.49,2.460703,0.005458,0.000715,2.455245,0.001403,0.002364,0.000827
3.98567,319.52,2.465220,0.005451,0.000717,2.459769,0.001408,0.002353,0.000825
3.98607,319.55,2.469749,0.005445,0.000718,2.464304,0.001413,0.002343,0.000823
3.98647,319.59,2.474289,0.005439,0.000720,2.468850,0.001418,0.002333,0.000821
3.98687,319.62,2.478841,0.005433,0.000722,2.473408,0.001422,0.002322,0.000819
3.98727,319.65,2.483404,0.005428,0.000723,2.477976,0.001427,0.002312,0.000817
3.98767,319.68,2.487978,0.005422,0.000725,2.482556,0.001432,0.002302,0.000815
3.98807,319.72,2.492564,0.005416,0.000727,2.487147,0.001437,0.002292,0.000813
3.98847,319.75,2.497161,0.005411,0.000728,2.491750,0.001442,0.002282,0.000811
3.98887,319.78,2.501769,0.005405,0.000730,2.496364,0.001446,0.002272,0.000809
3.98927,319.81,2.506389,0.005400,0.000732,2.500989,0.001451,0.002262,0.000807
3.98967,319.84,2.511021,0.005395,0.000733,2.505626,0.001456,0.002253,0.000805
3.99007,319.88,2.515664,0.005390,0.000735,2.510274,0.001461,0.002243,0.000803
3.99047,319.91,2.520319,0.005385,0.000737,2.514934,0.001466,0.002233,0.000801
3.99087,319.94,2.524985,0.005380,0.000738,2.519605,0.001471,0.002224,0.000799
3.99127,319.97,2.529663,0.005376,0.000740,2.524288,0.001476,0.002214,0.000797
3.99167,320.00,2.534353,0.005371,0.000742,2.528982,0.001481,0.002205,0.000795
3.99207,320.04,2.539054,0.005366,0.000744,2.533688,0.001487,0.002195,0.000793
3.99247,320.07,2.543768,0.005362,0.000745,2.538406,0.001492,0.002186,0.000791
3.99287,320.10,2.548493,0.005358,0.000747,2.543135,0.001497,0.002177,0.000789
3.99327,320.13,2.553230,0.005353,0.000749,2.547876,0.001502,0.002168,0.000787
3.99367,320.16,2.557978,0.005349,0.000751,2.552629,0.001507,0.002158,0.000786
3.99407,320.20,2.562739,0.005345,0.000752,2.557394,0.001512,0.002149,0.000784
3.99447,320.23,2.567511,0.005341,0.000754,2.562170,0.001518,0.002140,0.000782
3.99487,320.26,2.572296,0.005338,0.000756,2.566958,0.001523,0.002131,0.000780
3.99527,320.29,2.577092,0.005334,0.000758,2.571759,0.001528,0.002123,0.000778
3.99567,320.32,2.581901,0.005330,0.000760,2.576571,0.001534,0.002114,0.000776
3.99607,320.36,2.586721,0.005327,0.000761,2.581395,0.001539,0.002105,0.000774
3.99647,320.39,2.591554,0.005323,0.000763,2.586231,0.001544,0.002096,0.000773
3.99687,320.42,2.596399,0.005320,0.000765,2.591079,0.001550,0.002088,0.000771
3.99727,320.45,2.601256,0.005317,0.000767,2.595939,0.001555,0.002079,0.000769
3.99767,320.48,2.606125,0.005314,0.000769,2.600811,0.001561,0.002070,0.000767
3.99807,320.52,2.611006,0.005311,0.000770,2.605695,0.001566,0.002062,0.000765
3.99847,320.55,2.615899,0.005308,0.000772,2.610592,0.001572,0.002053,0.000763
3.99887,320.58,2.620805,0.005305,0.000774,2.615500,0.001577,0.002045,0.000762
3.99927,320.61,2.625723,0.005302,0.000776,2.620421,0.001583,0.002037,0.000760
3.99967,320.65,2.630654,0.005299,0.000778,2.625354,0.001589,0.002028,0.000758
4.00007,320.68,2.635597,0.005297,0.000780,2.630300,0.001594,0.002020,0.000756
4.00047,320.71,2.640552,0.005294,0.000781,2.635257,0.001600,0.002012,0.000754
4.00087,320.74,2.645519,0.005292,0.000783,2.640227,0.001606,0.002004,0.000753
4.00127,320.77,2.650500,0.005290,0.000785,2.645210,0.001612,0.001996,0.000751
4.00167,320.81,2.655492,0.005288,0.000787,2.650205,0.001617,0.001988,0.000749
4.00207,320.84,2.660498,0.005286,0.000789,2.655212,0.001623,0.001980,0.000747
4.00247,320.87,2.665515,0.005284,0.000791,2.660232,0.001629,0.001972,0.000746
4.00287,320.90,2.670546,0.005282,0.000793,2.665264,0.001635,0.001964,0.000744
4.00327,320.93,2.675589,0.005280,0.000795,2.670309,0.001641,0.001956,0.000742
4.00367,320.97,2.680645,0.005278,0.000797,2.675367,0.001647,0.001948,0.000740
4.00407,321.00,2.685713,0.005277,0.000799,2.680437,0.001653,0.001940,0.000739
4.00447,321.03,2.690795,0.005275,0.000800,2.685519,0.001659,0.001933,0.000737
4.00487,321.06,2.695889,0.005274,0.000802,2.690615,0.001665,0.001925,0.000735
4.00527,321.09,2.700995,0.005272,0.000804,2.695723,0.001671,0.001918,0.000734
4.00567,321.13,2.706115,0.005271,0.000806,2.700844,0.001677,0.001910,0.000732
4.00607,321.16,2.711248,0.005270,0.000808,2.705978,0.001683,0.001903,0.000730
4.00647,321.19,2.716393,0.005269,0.000810,2.711124,0.001690,0.001895,0.000729
4.00687,321.22,2.721552,0.005268,0.000812,2.716284,0.001696,0.001888,0.000727
4.00727,321.25,2.726723,0.005267,0.000814,2.721456,0.001702,0.001880,0.000725
4.00767,321.29,2.731908,0.005267,0.000816,2.726641,0.001709,0.001873,0.000724
4.00807,321.32,2.737106,0.005266,0.000818,2.731840,0.001715,0.001866,0.000722
4.00847,321.35,2.742316,0.005265,0.000820,2.737051,0.001721,0.001858,0.000720
4.00887,321.38,2.747540,0.005265,0.000822,2.742275,0.001728,0.001851,0.000719
4.00927,321.41,2.752777,0.005264,0.000824,2.747513,0.001734,0.001844,0.000717
4.00967,321.45,2.758027,0.005264,0.000826,2.752763,0.001741,0.001837,0.000715
4.01007,321.48,2.763291,0.005264,0.000828,2.758027,0.001747,0.001830,0.000714
4.01047,321.51,2.768568,0.005264,0.000830,2.763304,0.001754,0.001823,0.000712
4.01087,321.54,2.773858,0.005264,0.000832,2.768594,0.001760,0.001816,0.000710
4.01127,321.58,2.779161,0.005264,0.000834,2.773897,0.001767,0.001809,0.000709
4.01167,321.61,2.784478,0.005264,0.000836,2.779214,0.001774,0.001802,0.000707
4.01207,321.64,2.789808,0.005264,0.000839,2.784544,0.001780,0.001795,0.000706
4.01247,321.67,2.795152,0.005265,0.000841,2.789887,0.001787,0.001788,0.000704
4.01287,321.70,2.800509,0.005265,0.000843,2.795244,0.001794,0.001782,0.000702
4.01327,321.74,2.805880,0.005266,0.000845,2.800614,0.001801,0.001775,0.000701
4.01367,321.77,2.811264,0.005267,0.000847,2.805998,0.001808,0.001768,0.000699
4.01407,321.80,2.816662,0.005267,0.000849,2.811395,0.001815,0.001761,0.000698
4.01447,321.83,2.822074,0.005268,0.000851,2.816806,0.001822,0.001755,0.000696
4.01487,321.86,2.827499,0.005269,0.000853,2.822230,0.001829,0.001748,0.000695
4.01527,321.90,2.832938,0.005270,0.000855,2.827668,0.001836,0.001742,0.000693
4.01567,321.93,2.838391,0.005271,0.000858,2.833120,0.001843,0.001735,0.000691
4.01607,321.96,2.843857,0.005272,0.000860,2.838585,0.001850,0.001729,0.000690
4.01647,321.99,2.849338,0.005274,0.000862,2.844064,0.001857,0.001722,0.000688
4.01687,322.02,2.854832,0.005275,0.000864,2.849557,0.001864,0.001716,0.000687
4.01727,322.06,2.860340,0.005277,0.000866,2.855064,0.001872,0.001710,0.000685
4.01767,322.09,2.865862,0.005278,0.000868,2.860584,0.001879,0.001703,0.000684
4.01807,322.12,2.871398,0.005280,0.000871,2.866118,0.001886,0.001697,0.000682
4.01847,322.15,2.876948,0.005282,0.000873,2.871667,0.001894,0.001691,0.000681
4.01887,322.18,2.882512,0.005284,0.000875,2.877229,0.001901,0.001685,0.000679
4.01927,322.22,2.888091,0.005285,0.000877,2.882805,0.001909,0.001678,0.000678
4.01967,322.25,2.893683,0.005288,0.000879,2.888395,0.001916,0.001672,0.000676
4.02007,322.28,2.899289,0.005290,0.000882,2.894000,0.001924,0.001666,0.000675
4.02047,322.31,2.904910,0.005292,0.000884,2.899618,0.001932,0.001660,0.000673
4.02087,322.34,2.910545,0.005294,0.000886,2.905251,0.001939,0.001654,0.000672
4.02127,322.38,2.916194,0.005297,0.000888,2.910897,0.001947,0.001648,0.000670
4.02167,322.41,2.921857,0.005299,0.000891,2.916558,0.001955,0.001642,0.000669
4.02207,322.44,2.927535,0.005302,0.000893,2.922233,0.001963,0.001636,0.000667
4.02247,322.47,2.933228,0.005305,0.000895,2.927923,0.001970,0.001630,0.000666
4.02287,322.51,2.938934,0.005307,0.000898,2.933627,0.001978,0.001624,0.000664
4.02327,322.54,2.944655,0.005310,0.000900,2.939345,0.001986,0.001618,0.000663
4.02367,322.57,2.950391,0.005313,0.000902,2.945078,0.001994,0.001613,0.000661
4.02407,322.60,2.956141,0.005316,0.000904,2.950825,0.002002,0.001607,0.000660
4.02447,322.63,2.961906,0.005320,0.000907,2.956586,0.002011,0.001601,0.000658
4.02487,322.67,2.967685,0.005323,0.000909,2.962362,0.002019,0.001595,0.000657
4.02527,322.70,2.973479,0.005326,0.000911,2.968153,0.002027,0.001590,0.000656
4.02567,322.73,2.979288,0.005330,0.000914,2.973958,0.002035,0.001584,0.000654
4.02607,322.76,2.985111,0.005333,0.000916,2.979778,0.002044,0.001578,0.000653
4.02647,322.79,2.990949,0.005337,0.000919,2.985612,0.002052,0.001573,0.000651
4.02687,322.83,2.996803,0.005341,0.000921,2.991462,0.002060,0.001567,0.000650
4.02727,322.86,3.002670,0.005345,0.000923,2.997326,0.002069,0.001562,0.000648
4.02767,322.89,3.008553,0.005349,0.000926,3.003204,0.002077,0.001556,0.000647
4.02807,322.92,3.014451,0.005353,0.000928,3.009098,0.002086,0.001551,0.000646
4.02847,322.95,3.020363,0.005357,0.000931,3.015006,0.002095,0.001545,0.000644
4.02887,322.99,3.026291,0.005361,0.000933,3.020930,0.002103,0.001540,0.000643
4.02927,323.02,3.032234,0.005366,0.000935,3.026868,0.002112,0.001535,0.000641
4.02967,323.05,3.038192,0.005370,0.000938,3.032821,0.002121,0.001529,0.000640
4.03007,323.08,3.044165,0.005375,0.000940,3.038790,0.002130,0.001524,0.000639
4.03047,323.11,3.050153,0.005379,0.000943,3.044773,0.002139,0.001519,0.000637
4.03087,323.15,3.056156,0.005384,0.000945,3.050772,0.002148,0.001513,0.000636
4.03127,323.18,3.062174,0.005389,0.000948,3.056785,0.002157,0.001508,0.000635
4.03167,323.21,3.068208,0.005394,0.000950,3.062814,0.002166,0.001503,0.000633
4.03207,323.24,3.074257,0.005399,0.000953,3.068858,0.002175,0.001498,0.000632
4.03247,323.27,3.080322,0.005404,0.000955,3.074917,0.002185,0.001492,0.000630
4.03287,323.31,3.086402,0.005410,0.000958,3.080992,0.002194,0.001487,0.000629
4.03327,323.34,3.092497,0.005415,0.000960,3.087082,0.002203,0.001482,0.000628
4.03367,323.37,3.098608,0.005421,0.000963,3.093187,0.002213,0.001477,0.000626
4.03407,323.40,3.104734,0.005426,0.000966,3.099308,0.002222,0.001472,0.000625
4.03447,323.44,3.110876,0.005432,0.000968,3.105444,0.002232,0.001467,0.000624
4.03487,323.47,3.117034,0.005438,0.000971,3.111596,0.002241,0.001462,0.000622
4.03527,323.50,3.123207,0.005444,0.000973,3.117763,0.002251,0.001457,0.000621
4.03567,323.53,3.129396,0.005450,0.000976,3.123946,0.002261,0.001452,0.000620
4.03607,323.56,3.135600,0.005456,0.000978,3.130144,0.002271,0.001447,0.000618
4.03647,323.60,3.141820,0.005462,0.000981,3.136358,0.002280,0.001442,0.000617
4.03687,323.63,3.148057,0.005468,0.000984,3.142588,0.002290,0.001438,0.000616
4.03727,323.66,3.154308,0.005475,0.000986,3.148834,0.002300,0.001433,0.000615
4.03767,323.69,3.160576,0.005481,0.000989,3.155095,0.002310,0.001428,0.000613
4.03807,323.72,3.166860,0.005488,0.000992,3.161372,0.002321,0.001423,0.000612
4.03847,323.76,3.173160,0.005495,0.000994,3.167665,0.002331,0.001418,0.000611
4.03887,323.79,3.179475,0.005502,0.000997,3.173974,0.002341,0.001414,0.000609
4.03927,323.82,3.185807,0.005509,0.001000,3.180298,0.002352,0.001409,0.000608
4.03967,323.85,3.192155,0.005516,0.001002,3.186639,0.002362,0.001404,0.000607
4.04007,323.88,3.198519,0.005523,0.001005,3.192996,0.002372,0.001399,0.000606
4.04047,323.92,3.204899,0.005531,0.001008,3.199369,0.002383,0.001395,0.000604
4.04087,323.95,3.211296,0.005538,0.001011,3.205758,0.002394,0.001390,0.000603
4.04127,323.98,3.217708,0.005546,0.001013,3.212163,0.002404,0.001386,0.000602
4.04167,324.01,3.224137,0.005553,0.001016,3.218584,0.002415,0.001381,0.000600
4.04207,324.04,3.230582,0.005561,0.001019,3.225021,0.002426,0.001377,0.000599
4.04247,324.08,3.237044,0.005569,0.001022,3.231475,0.002437,0.001372,0.000598
4.04287,324.11,3.243522,0.005577,0.001025,3.237945,0.002448,0.001367,0.000597
4.04327,324.14,3.250016,0.005585,0.001027,3.244431,0.002459,0.001363,0.000595
4.04367,324.17,3.256527,0.005593,0.001030,3.250934,0.002470,0.001359,0.000594
4.04407,324.20,3.263055,0.005602,0.001033,3.257453,0.002482,0.001354,0.000593
4.04447,324.24,3.269599,0.005610,0.001036,3.263989,0.002493,0.001350,0.000592
4.04487,324.27,3.276160,0.005619,0.001039,3.270541,0.002505,0.001345,0.000591
4.04527,324.30,3.282737,0.005628,0.001042,3.277109,0.002516,0.001341,0.000589
4.04567,324.33,3.289331,0.005636,0.001044,3.283695,0.002528,0.001337,0.000588
4.04607,324.37,3.295942,0.005645,0.001047,3.290296,0.002539,0.001332,0.000587
4.04647,324.40,3.302569,0.005654,0.001050,3.296915,0.002551,0.001328,0.000586
4.04687,324.43,3.309214,0.005664,0.001053,3.303550,0.002563,0.001324,0.000584
4.04727,324.46,3.315875,0.005673,0.001056,3.310202,0.002575,0.001319,0.000583
4.04767,324.49,3.322553,0.005683,0.001059,3.316871,0.002587,0.001315,0.000582
4.04807,324.53,3.329248,0.005692,0.001062,3.323556,0.002599,0.001311,0.000581
4.04847,324.56,3.335960,0.005702,0.001065,3.330259,0.002611,0.001307,0.000580
4.04887,324.59,3.342690,0.005712,0.001068,3.336978,0.002624,0.001303,0.000578
4.04927,324.62,3.349436,0.005722,0.001071,3.343714,0.002636,0.001298,0.000577
4.04967,324.65,3.356199,0.005732,0.001074,3.350468,0.002648,0.001294,0.000576
4.05007,324.69,3.362980,0.005742,0.001077,3.357238,0.002661,0.001290,0.000575
4.05047,324.72,3.369778,0.005752,0.001080,3.364025,0.002674,0.001286,0.000574
4.05087,324.75,3.376593,0.005763,0.001083,3.370830,0.002686,0.001282,0.000573
4.05127,324.78,3.383425,0.005773,0.001086,3.377651,0.002699,0.001278,0.000571
4.05167,324.81,3.390274,0.005784,0.001089,3.384490,0.002712,0.001274,0.000570
4.05207,324.85,3.397141,0.005795,0.001092,3.391346,0.002725,0.001270,0.000569
4.05247,324.88,3.404026,0.005806,0.001095,3.398220,0.002739,0.001266,0.000568
4.05287,324.91,3.410928,0.005817,0.001098,3.405110,0.002752,0.001262,0.000567
4.05327,324.94,3.417847,0.005829,0.001101,3.412018,0.002765,0.001258,0.000566
4.05367,324.97,3.424784,0.005840,0.001105,3.418944,0.002779,0.001254,0.000564
4.05407,325.01,3.431738,0.005852,0.001108,3.425887,0.002792,0.001250,0.000563
4.05447,325.04,3.438710,0.005863,0.001111,3.432847,0.002806,0.001246,0.000562
4.05487,325.07,3.445700,0.005875,0.001114,3.439825,0.002820,0.001242,0.000561
4.05527,325.10,3.452707,0.005887,0.001117,3.446820,0.002833,0.001238,0.000560
4.05567,325.13,3.459733,0.005899,0.001120,3.453833,0.002847,0.001234,0.000559
4.05607,325.17,3.466776,0.005912,0.001124,3.460864,0.002862,0.001231,0.000558
4.05647,325.20,3.473836,0.005924,0.001127,3.467912,0.002876,0.001227,0.000556
4.05687,325.23,3.480915,0.005937,0.001130,3.474978,0.002890,0.001223,0.000555
4.05727,325.26,3.488012,0.005949,0.001133,3.482062,0.002904,0.001219,0.000554
4.05767,325.30,3.495126,0.005962,0.001137,3.489164,0.002919,0.001215,0.000553
4.05807,325.33,3.502259,0.005975,0.001140,3.496284,0.002934,0.001212,0.000552
4.05847,325.36,3.509410,0.005988,0.001143,3.503421,0.002948,0.001208,0.000551
4.05887,325.39,3.516578,0.006002,0.001147,3.510576,0.002963,0.001204,0.000550
4.05927,325.42,3.523765,0.006015,0.001150,3.517750,0.002978,0.001201,0.000549
4.05967,325.46,3.530970,0.006029,0.001153,3.524941,0.002993,0.001197,0.000548
4.06007,325.49,3.538193,0.006043,0.001157,3.532151,0.003009,0.001193,0.000547
4.06047,325.52,3.545435,0.006057,0.001160,3.539378,0.003024,0.001190,0.000545
4.06087,325.55,3.552695,0.006071,0.001163,3.546624,0.003040,0.001186,0.000544
4.06127,325.58,3.559973,0.006085,0.001167,3.553888,0.003055,0.001182,0.000543
4.06167,325.62,3.567269,0.006099,0.001170,3.561170,0.003071,0.001179,0.000542
4.06207,325.65,3.574584,0.006114,0.001174,3.568470,0.003087,0.001175,0.000541
4.06247,325.68,3.581918,0.006129,0.001177,3.575789,0.003103,0.001172,0.000540
4.06287,325.71,3.589270,0.006144,0.001180,3.583126,0.003119,0.001168,0.000539
4.06327,325.74,3.596640,0.006159,0.001184,3.590481,0.003135,0.001165,0.000538
4.06367,325.78,3.604029,0.006174,0.001187,3.597855,0.003152,0.001161,0.000537
4.06407,325.81,3.611437,0.006190,0.001191,3.605247,0.003168,0.001158,0.000536
4.06447,325.84,3.618863,0.006205,0.001194,3.612658,0.003185,0.001154,0.000535
4.06487,325.87,3.626308,0.006221,0.001198,3.620087,0.003202,0.001151,0.000534
4.06527,325.90,3.633772,0.006237,0.001202,3.627535,0.003219,0.001147,0.000533
4.06567,325.94,3.641255,0.006253,0.001205,3.635002,0.003236,0.001144,0.000532
4.06607,325.97,3.648757,0.006269,0.001209,3.642487,0.003253,0.001140,0.000531
4.06647,326.00,3.656277,0.006286,0.001212,3.649991,0.003270,0.001137,0.000529
4.06687,326.03,3.663816,0.006303,0.001216,3.657514,0.003288,0.001134,0.000528
4.06727,326.06,3.671375,0.006319,0.001220,3.665055,0.003306,0.001130,0.000527
4.06767,326.10,3.678952,0.006336,0.001223,3.672616,0.003323,0.001127,0.000526
4.06807,326.13,3.686549,0.006354,0.001227,3.680195,0.003341,0.001124,0.000525
4.06847,326.16,3.694164,0.006371,0.001231,3.687793,0.003359,0.001120,0.000524
4.06887,326.19,3.701799,0.006389,0.001234,3.695410,0.003378,0.001117,0.000523
4.06927,326.23,3.709453,0.006406,0.001238,3.703046,0.003396,0.001114,0.000522
4.06967,326.26,3.717126,0.006424,0.001242,3.710701,0.003415,0.001110,0.000521
4.07007,326.29,3.724818,0.006443,0.001245,3.718375,0.003434,0.001107,0.000520
4.07047,326.32,3.732530,0.006461,0.001249,3.726069,0.003453,0.001104,0.000519
4.07087,326.35,3.740261,0.006480,0.001253,3.733781,0.003472,0.001101,0.000518
4.07127,326.39,3.748011,0.006498,0.001257,3.741513,0.003491,0.001098,0.000517
4.07167,326.42,3.755781,0.006517,0.001261,3.749264,0.003510,0.001094,0.000516
4.07207,326.45,3.763571,0.006537,0.001264,3.757034,0.003530,0.001091,0.000515
4.07247,326.48,3.771380,0.006556,0.001268,3.764823,0.003550,0.001088,0.000514
4.07287,326.51,3.779208,0.006576,0.001272,3.772632,0.003570,0.001085,0.000513
4.07327,326.55,3.787056,0.006596,0.001276,3.780461,0.003590,0.001082,0.000512
4.07367,326.58,3.794924,0.006616,0.001280,3.788308,0.003610,0.001079,0.000511
4.07407,326.61,3.802811,0.006636,0.001284,3.796175,0.003631,0.001075,0.000510
4.07447,326.64,3.810718,0.006656,0.001288,3.804062,0.003651,0.001072,0.000509
4.07487,326.67,3.818645,0.006677,0.001292,3.811968,0.003672,0.001069,0.000508
4.07527,326.71,3.826592,0.006698,0.001296,3.819894,0.003693,0.001066,0.000507
4.07567,326.74,3.834559,0.006719,0.001300,3.827840,0.003715,0.001063,0.000506
4.07607,326.77,3.842545,0.006741,0.001304,3.835805,0.003736,0.001060,0.000505
4.07647,326.80,3.850552,0.006762,0.001308,3.843790,0.003758,0.001057,0.000504
4.07687,326.83,3.858578,0.006784,0.001312,3.851794,0.003780,0.001054,0.000503
4.07727,326.87,3.866625,0.006806,0.001316,3.859819,0.003802,0.001051,0.000502
4.07767,326.90,3.874691,0.006828,0.001320,3.867863,0.003824,0.001048,0.000501
4.07807,326.93,3.882778,0.006851,0.001324,3.875927,0.003846,0.001045,0.000501
4.07847,326.96,3.890885,0.006874,0.001328,3.884011,0.003869,0.001042,0.000500
4.07887,326.99,3.899012,0.006897,0.001332,3.892115,0.003892,0.001039,0.000499
4.07927,327.03,3.907159,0.006920,0.001337,3.900239,0.003915,0.001036,0.000498
4.07967,327.06,3.915327,0.006944,0.001341,3.908383,0.003938,0.001033,0.000497
4.08007,327.09,3.923514,0.006968,0.001345,3.916547,0.003962,0.001030,0.000496
4.08047,327.12,3.931723,0.006992,0.001349,3.924731,0.003986,0.001027,0.000495
4.08087,327.16,3.939951,0.007016,0.001353,3.932935,0.004010,0.001024,0.000494
4.08127,327.19,3.948200,0.007041,0.001358,3.941159,0.004034,0.001022,0.000493
4.08167,327.22,3.956470,0.007066,0.001362,3.949404,0.004058,0.001019,0.000492
4.08207,327.25,3.964760,0.007091,0.001366,3.957669,0.004083,0.001016,0.000491
4.08247,327.28,3.973070,0.007116,0.001371,3.965954,0.004108,0.001013,0.000490
4.08287,327.32,3.981402,0.007142,0.001375,3.974260,0.004133,0.001010,0.000489
4.08327,327.35,3.989753,0.007168,0.001379,3.982585,0.004159,0.001007,0.000488
4.08367,327.38,3.998126,0.007194,0.001384,3.990932,0.004184,0.001005,0.000487
4.08407,327.41,4.006519,0.007221,0.001388,3.999298,0.004210,0.001002,0.000486
4.08447,327.44,4.014933,0.007248,0.001392,4.007685,0.004237,0.000999,0.000486
4.08487,327.48,4.023368,0.007275,0.001397,4.016093,0.004263,0.000996,0.000485
4.08527,327.51,4.031824,0.007302,0.001401,4.024521,0.004290,0.000993,0.000484
4.08567,327.54,4.040300,0.007330,0.001406,4.032970,0.004317,0.000991,0.000483
4.08607,327.57,4.048798,0.007358,0.001410,4.041440,0.004344,0.000988,0.000482
4.08647,327.60,4.057316,0.007387,0.001415,4.049930,0.004371,0.000985,0.000481
4.08687,327.64,4.065856,0.007415,0.001420,4.058440,0.004399,0.000983,0.000480
4.08727,327.67,4.074416,0.007444,0.001424,4.066972,0.004427,0.000980,0.000479
4.08767,327.70,4.082998,0.007474,0.001429,4.075524,0.004456,0.000977,0.000478
4.08807,327.73,4.091601,0.007503,0.001433,4.084097,0.004484,0.000974,0.000477
4.08847,327.76,4.100224,0.007533,0.001438,4.092691,0.004513,0.000972,0.000477
4.08887,327.80,4.108870,0.007564,0.001443,4.101306,0.004543,0.000969,0.000476
4.08927,327.83,4.117536,0.007595,0.001447,4.109941,0.004572,0.000966,0.000475
4.08967,327.86,4.126223,0.007626,0.001452,4.118598,0.004602,0.000964,0.000474
4.09007,327.89,4.134932,0.007657,0.001457,4.127275,0.004632,0.000961,0.000473
4.09047,327.92,4.143663,0.007689,0.001462,4.135974,0.004663,0.000959,0.000472
4.09087,327.96,4.152414,0.007721,0.001466,4.144694,0.004694,0.000956,0.000471
4.09127,327.99,4.161188,0.007753,0.001471,4.153434,0.004725,0.000953,0.000470
4.09167,328.02,4.169982,0.007786,0.001476,4.162196,0.004757,0.000951,0.000469
4.09207,328.05,4.178798,0.007819,0.001481,4.170979,0.004788,0.000948,0.000469
4.09247,328.08,4.187636,0.007853,0.001486,4.179783,0.004821,0.000946,0.000468
4.09287,328.12,4.196495,0.007887,0.001491,4.188608,0.004853,0.000943,0.000467
4.09327,328.15,4.205376,0.007921,0.001496,4.197455,0.004886,0.000941,0.000466
4.09367,328.18,4.214279,0.007956,0.001501,4.206323,0.004919,0.000938,0.000465
4.09407,328.21,4.223203,0.007991,0.001505,4.215212,0.004953,0.000936,0.000464
4.09447,328.25,4.232149,0.008027,0.001510,4.224122,0.004987,0.000933,0.000463
4.09487,328.28,4.241117,0.008063,0.001516,4.233054,0.005021,0.000931,0.000463
4.09527,328.31,4.250107,0.008099,0.001521,4.242007,0.005056,0.000928,0.000462
4.09567,328.34,4.259118,0.008136,0.001526,4.250982,0.005091,0.000926,0.000461
4.09607,328.37,4.268152,0.008173,0.001531,4.259978,0.005127,0.000923,0.000460
4.09647,328.41,4.277207,0.008211,0.001536,4.268996,0.005163,0.000921,0.000459
4.09687,328.44,4.286284,0.008249,0.001541,4.278035,0.005199,0.000918,0.000458
4.09727,328.47,4.295384,0.008288,0.001546,4.287096,0.005236,0.000916,0.000458
4.09767,328.50,4.304505,0.008327,0.001551,4.296178,0.005273,0.000913,0.000457
4.09807,328.53,4.313648,0.008366,0.001557,4.305282,0.005310,0.000911,0.000456
4.09847,328.57,4.322814,0.008406,0.001562,4.314408,0.005349,0.000909,0.000455
4.09887,328.60,4.332002,0.008447,0.001567,4.323555,0.005387,0.000906,0.000454
4.09927,328.63,4.341212,0.008488,0.001573,4.332724,0.005426,0.000904,0.000453
4.09967,328.66,4.350444,0.008529,0.001578,4.341915,0.005465,0.000901,0.000453
4.10007,328.69,4.359698,0.008571,0.001583,4.351127,0.005505,0.000899,0.000452
4.10047,328.73,4.368975,0.008614,0.001589,4.360361,0.005545,0.000897,0.000451
4.10087,328.76,4.378274,0.008657,0.001594,4.369618,0.005586,0.000894,0.000450
4.10127,328.79,4.387596,0.008700,0.001600,4.378896,0.005627,0.000892,0.000449
4.10167,328.82,4.396940,0.008744,0.001605,4.388195,0.005669,0.000890,0.000448
4.10207,328.85,4.406306,0.008789,0.001611,4.397517,0.005712,0.000887,0.000448
4.10247,328.89,4.415695,0.008834,0.001616,4.406861,0.005754,0.000885,0.000447
4.10287,328.92,4.425106,0.008880,0.001622,4.416227,0.005798,0.000883,0.000446
4.10327,328.95,4.434540,0.008926,0.001627,4.425614,0.005841,0.000880,0.000445
4.10367,328.98,4.443997,0.008973,0.001633,4.435024,0.005886,0.000878,0.000444
4.10407,329.01,4.453476,0.009020,0.001638,4.444456,0.005931,0.000876,0.000444
4.10447,329.05,4.462978,0.009068,0.001644,4.453909,0.005976,0.000874,0.000443
4.10487,329.08,4.472502,0.009117,0.001650,4.463385,0.006022,0.000871,0.000442
4.10527,329.11,4.482049,0.009166,0.001656,4.472883,0.006069,0.000869,0.000441
4.10567,329.14,4.491619,0.009216,0.001661,4.482403,0.006116,0.000867,0.000440
4.10607,329.18,4.501212,0.009267,0.001667,4.491946,0.006164,0.000865,0.000440
4.10647,329.21,4.510828,0.009318,0.001673,4.501510,0.006212,0.000862,0.000439
4.10687,329.24,4.520467,0.009370,0.001679,4.511097,0.006261,0.000860,0.000438
4.10727,329.27,4.530128,0.009422,0.001685,4.520706,0.006311,0.000858,0.000437
4.10767,329.30,4.539812,0.009475,0.001691,4.530337,0.006361,0.000856,0.000437
4.10807,329.34,4.549520,0.009529,0.001697,4.539991,0.006412,0.000854,0.000436
4.10847,329.37,4.559250,0.009584,0.001703,4.549666,0.006464,0.000851,0.000435
4.10887,329.40,4.569004,0.009639,0.001709,4.559364,0.006516,0.000849,0.000434
4.10927,329.43,4.578780,0.009695,0.001715,4.569085,0.006569,0.000847,0.000433
4.10967,329.46,4.588580,0.009752,0.001721,4.578828,0.006623,0.000845,0.000433
4.11007,329.50,4.598403,0.009810,0.001727,4.588593,0.006677,0.000843,0.000432
4.11047,329.53,4.608249,0.009868,0.001733,4.598381,0.006732,0.000841,0.000431
4.11087,329.56,4.618118,0.009927,0.001739,4.608191,0.006788,0.000838,0.000430
4.11127,329.59,4.628010,0.009987,0.001745,4.618023,0.006845,0.000836,0.000430
4.11167,329.62,4.637926,0.010048,0.001752,4.627878,0.006902,0.000834,0.000429
4.11207,329.66,4.647865,0.010109,0.001758,4.637756,0.006960,0.000832,0.000428
4.11247,329.69,4.657827,0.010171,0.001764,4.647656,0.007019,0.000830,0.000427
4.11287,329.72,4.667813,0.010235,0.001771,4.657579,0.007079,0.000828,0.000427
4.11327,329.75,4.677822,0.010299,0.001777,4.667524,0.007140,0.000826,0.000426
4.11367,329.78,4.687855,0.010364,0.001783,4.677491,0.007201,0.000824,0.000425
4.11407,329.82,4.697911,0.010430,0.001790,4.687482,0.007264,0.000822,0.000424
4.11447,329.85,4.707991,0.010497,0.001796,4.697494,0.007327,0.000820,0.000424
4.11487,329.88,4.718094,0.010565,0.001803,4.707530,0.007391,0.000818,0.000423
4.11527,329.91,4.728221,0.010633,0.001809,4.717588,0.007456,0.000816,0.000422
4.11567,329.94,4.738372,0.010703,0.001816,4.727669,0.007522,0.000814,0.000421
4.11607,329.98,4.748546,0.010774,0.001823,4.737772,0.007589,0.000811,0.000421
4.11647,330.01,4.758744,0.010846,0.001829,4.747898,0.007657,0.000809,0.000420
4.11687,330.04,4.768965,0.010918,0.001836,4.758047,0.007726,0.000807,0.000419
4.11727,330.07,4.779210,0.010992,0.001843,4.768218,0.007796,0.000805,0.000418
4.11767,330.11,4.789480,0.011067,0.001850,4.778412,0.007867,0.000803,0.000418
4.11807,330.14,4.799773,0.011143,0.001856,4.788629,0.007939,0.000801,0.000417
4.11847,330.17,4.810089,0.011221,0.001863,4.798869,0.008012,0.000799,0.000416
4.11887,330.20,4.820430,0.011299,0.001870,4.809131,0.008086,0.000798,0.000415
4.11927,330.23,4.830795,0.011379,0.001877,4.819416,0.008162,0.000796,0.000415
4.11967,330.27,4.841183,0.011459,0.001884,4.829724,0.008238,0.000794,0.000414
4.12007,330.30,4.851596,0.011541,0.001891,4.840055,0.008316,0.000792,0.000413
4.12047,330.33,4.862033,0.011625,0.001898,4.850408,0.008395,0.000790,0.000413
4.12087,330.36,4.872493,0.011709,0.001905,4.860784,0.008475,0.000788,0.000412
4.12127,330.39,4.882978,0.011795,0.001912,4.871183,0.008556,0.000786,0.000411
4.12167,330.43,4.893487,0.011882,0.001919,4.881605,0.008639,0.000784,0.000410
4.12207,330.46,4.904020,0.011971,0.001927,4.892050,0.008723,0.000782,0.000410
4.12247,330.49,4.914578,0.012061,0.001934,4.902517,0.008808,0.000780,0.000409
4.12287,330.52,4.925159,0.012152,0.001941,4.913007,0.008895,0.000778,0.000408
4.12327,330.55,4.935765,0.012245,0.001949,4.923520,0.008983,0.000776,0.000408
4.12367,330.59,4.946395,0.012339,0.001956,4.934056,0.009073,0.000774,0.000407
4.12407,330.62,4.957050,0.012435,0.001963,4.944615,0.009164,0.000773,0.000406
4.12447,330.65,4.967729,0.012532,0.001971,4.955197,0.009256,0.000771,0.000406
4.12487,330.68,4.978432,0.012631,0.001978,4.965801,0.009350,0.000769,0.000405
4.12527,330.71,4.989160,0.012732,0.001986,4.976428,0.009446,0.000767,0.000404
4.12567,330.75,4.999913,0.012834,0.001993,4.987079,0.009543,0.000765,0.000403
4.12607,330.78,5.010690,0.012938,0.002001,4.997752,0.009642,0.000763,0.000403
4.12647,330.81,5.021491,0.013044,0.002009,5.008447,0.009743,0.000761,0.000402
4.12687,330.84,5.032317,0.013151,0.002016,5.019166,0.009845,0.000760,0.000401
4.12727,330.87,5.043168,0.013261,0.002024,5.029908,0.009949,0.000758,0.000401
4.12767,330.91,5.054044,0.013372,0.002032,5.040672,0.010055,0.000756,0.000400
4.12807,330.94,5.064944,0.013485,0.002040,5.051459,0.010163,0.000754,0.000399
4.12847,330.97,5.075870,0.013600,0.002048,5.062270,0.010273,0.000752,0.000399
4.12887,331.00,5.086820,0.013717,0.002056,5.073102,0.010385,0.000750,0.000398
4.12927,331.04,5.097795,0.013836,0.002064,5.083958,0.010498,0.000749,0.000397
4.12967,331.07,5.108794,0.013958,0.002072,5.094837,0.010614,0.000747,0.000397
4.13007,331.10,5.119819,0.014081,0.002080,5.105738,0.010732,0.000745,0.000396
4.13047,331.13,5.130869,0.014207,0.002088,5.116663,0.010852,0.000743,0.000395
4.13087,331.16,5.141944,0.014335,0.002096,5.127610,0.010974,0.000742,0.000395
4.13127,331.20,5.153045,0.014465,0.002104,5.138580,0.011099,0.000740,0.000394
4.13167,331.23,5.164170,0.014598,0.002112,5.149572,0.011226,0.000738,0.000393
4.13207,331.26,5.175321,0.014733,0.002121,5.160588,0.011355,0.000736,0.000393
4.13247,331.29,5.186496,0.014871,0.002129,5.171626,0.011487,0.000735,0.000392
4.13287,331.32,5.197698,0.015011,0.002138,5.182687,0.011621,0.000733,0.000391
4.13327,331.36,5.208924,0.015154,0.002146,5.193771,0.011758,0.000731,0.000391
4.13367,331.39,5.220177,0.015299,0.002155,5.204877,0.011898,0.000729,0.000390
4.13407,331.42,5.231454,0.015448,0.002163,5.216007,0.012040,0.000728,0.000389
4.13447,331.45,5.242758,0.015599,0.002172,5.227159,0.012185,0.000726,0.000389
4.13487,331.48,5.254087,0.015754,0.002180,5.238333,0.012333,0.000724,0.000388
4.13527,331.52,5.265441,0.015911,0.002189,5.249531,0.012484,0.000723,0.000387
4.13567,331.55,5.276822,0.016071,0.002198,5.260751,0.012638,0.000721,0.000387
4.13607,331.58,5.288228,0.016235,0.002207,5.271993,0.012796,0.000719,0.000386
4.13647,331.61,5.299661,0.016402,0.002216,5.283259,0.012956,0.000717,0.000385
4.13687,331.64,5.311119,0.016572,0.002225,5.294547,0.013120,0.000716,0.000385
4.13727,331.68,5.322604,0.016746,0.002234,5.305857,0.013287,0.000714,0.000384
4.13767,331.71,5.334114,0.016924,0.002243,5.317190,0.013458,0.000712,0.000383
4.13807,331.74,5.345651,0.017105,0.002252,5.328546,0.013632,0.000711,0.000383
4.13847,331.77,5.357215,0.017290,0.002261,5.339924,0.013811,0.000709,0.000382
4.13887,331.80,5.368804,0.017479,0.002270,5.351325,0.013993,0.000708,0.000382
4.13927,331.84,5.380421,0.017672,0.002279,5.362749,0.014179,0.000706,0.000381
4.13967,331.87,5.392064,0.017869,0.002289,5.374194,0.014369,0.000704,0.000380
4.14007,331.90,5.403733,0.018071,0.002298,5.385663,0.014563,0.000703,0.000380
4.14047,331.93,5.415430,0.018277,0.002307,5.397153,0.014762,0.000701,0.000379
4.14087,331.97,5.427153,0.018487,0.002317,5.408666,0.014965,0.000699,0.000378
4.14127,332.00,5.438904,0.018702,0.002327,5.420202,0.015173,0.000698,0.000378
4.14167,332.03,5.450682,0.018922,0.002336,5.431759,0.015386,0.000696,0.000377
4.14207,332.06,5.462487,0.019147,0.002346,5.443339,0.015604,0.000695,0.000376
4.14247,332.09,5.474319,0.019378,0.002356,5.454942,0.015826,0.000693,0.000376
4.14287,332.13,5.486179,0.019613,0.002365,5.466566,0.016054,0.000691,0.000375
4.14327,332.16,5.498067,0.019854,0.002375,5.478213,0.016288,0.000690,0.000375
4.14367,332.19,5.509983,0.020101,0.002385,5.489882,0.016527,0.000688,0.000374
4.14407,332.22,5.521927,0.020354,0.002395,5.501573,0.016772,0.000687,0.000373
4.14447,332.25,5.533899,0.020612,0.002405,5.513287,0.017023,0.000685,0.000373
4.14487,332.29,5.545899,0.020877,0.002415,5.525022,0.017280,0.000684,0.000372
4.14527,332.32,5.557928,0.021149,0.002425,5.536779,0.017544,0.000682,0.000372
4.14567,332.35,5.569986,0.021427,0.002436,5.548559,0.017814,0.000680,0.000371
4.14607,332.38,5.582073,0.021713,0.002446,5.560360,0.018091,0.000679,0.000370
4.14647,332.41,5.594188,0.022005,0.002456,5.572183,0.018375,0.000677,0.000370
4.14687,332.45,5.606333,0.022305,0.002467,5.584028,0.018667,0.000676,0.000369
4.14727,332.48,5.618508,0.022613,0.002477,5.595895,0.018967,0.000674,0.000368
4.14767,332.51,5.630713,0.022928,0.002488,5.607784,0.019274,0.000673,0.000368
4.14807,332.54,5.642947,0.023252,0.002498,5.619695,0.019589,0.000671,0.000367
4.14847,332.57,5.655212,0.023585,0.002509,5.631627,0.019913,0.000670,0.000367
4.14887,332.61,5.667508,0.023926,0.002520,5.643581,0.020246,0.000668,0.000366
4.14927,332.64,5.679834,0.024277,0.002531,5.655557,0.020588,0.000667,0.000365
4.14967,332.67,5.692191,0.024638,0.002542,5.667554,0.020940,0.000665,0.000365
4.15007,332.70,5.704580,0.025008,0.002553,5.679572,0.021302,0.000664,0.000364
4.15047,332.73,5.717001,0.025389,0.002564,5.691613,0.021674,0.000662,0.000364
4.15087,332.77,5.729454,0.025780,0.002575,5.703674,0.022056,0.000661,0.000363
4.15127,332.80,5.741940,0.026183,0.002586,5.715757,0.022450,0.000659,0.000363
4.15167,332.83,5.754459,0.026598,0.002597,5.727861,0.022855,0.000658,0.000362
4.15207,332.86,5.767011,0.027024,0.002609,5.739987,0.023272,0.000656,0.000361
4.15247,332.90,5.779596,0.027463,0.002620,5.752133,0.023702,0.000655,0.000361
4.15287,332.93,5.792216,0.027915,0.002632,5.764301,0.024145,0.000653,0.000360
4.15327,332.96,5.804871,0.028381,0.002643,5.776490,0.024601,0.000652,0.000360
4.15367,332.99,5.817561,0.028861,0.002655,5.788700,0.025072,0.000651,0.000359
4.15407,333.02,5.830287,0.029356,0.002666,5.800931,0.025557,0.000649,0.000358
4.15447,333.06,5.843049,0.029866,0.002678,5.813183,0.026057,0.000648,0.000358
4.15487,333.09,5.855848,0.030393,0.002690,5.825455,0.026574,0.000646,0.000357
4.15527,333.12,5.868685,0.030936,0.002702,5.837749,0.027107,0.000645,0.000357
4.15567,333.15,5.881560,0.031497,0.002714,5.850063,0.027658,0.000643,0.000356
4.15607,333.18,5.894474,0.032076,0.002726,5.862398,0.028227,0.000642,0.000356
4.15647,333.22,5.907427,0.032674,0.002738,5.874753,0.028815,0.000641,0.000355
4.15687,333.25,5.920421,0.033292,0.002751,5.887129,0.029423,0.000639,0.000354
4.15727,333.28,5.933457,0.033932,0.002763,5.899525,0.030052,0.000638,0.000354
4.15767,333.31,5.946535,0.034593,0.002776,5.911942,0.030703,0.000636,0.000353
4.15807,333.34,5.959655,0.035276,0.002788,5.924379,0.031376,0.000635,0.000353
4.15847,333.38,5.972821,0.035984,0.002801,5.936836,0.032073,0.000634,0.000352
4.15887,333.41,5.986031,0.036717,0.002813,5.949314,0.032796,0.000632,0.000352
4.15927,333.44,5.999287,0.037477,0.002826,5.961811,0.033544,0.000631,0.000351
4.15967,333.47,6.012592,0.038263,0.002839,5.974328,0.034320,0.000629,0.000350
4.16007,333.50,6.025945,0.039079,0.002852,5.986866,0.035125,0.000628,0.000350
4.16047,333.54,6.039348,0.039925,0.002865,5.999423,0.035960,0.000627,0.000349
4.16087,333.57,6.052803,0.040803,0.002878,6.012000,0.036826,0.000625,0.000349
4.16127,333.60,6.066310,0.041714,0.002891,6.024596,0.037726,0.000624,0.000348
4.16167,333.63,6.079873,0.042661,0.002905,6.037212,0.038661,0.000623,0.000348
4.16207,333.66,6.093492,0.043644,0.002918,6.049848,0.039633,0.000621,0.000347
4.16247,333.70,6.107169,0.044666,0.002932,6.062503,0.040644,0.000620,0.000347
4.16287,333.73,6.120907,0.045729,0.002945,6.075177,0.041695,0.000619,0.000346
4.16327,333.76,6.134706,0.046835,0.002959,6.087871,0.042790,0.000617,0.000345
4.16367,333.79,6.148570,0.047987,0.002973,6.100584,0.043929,0.000616,0.000345
4.16407,333.83,6.162501,0.049185,0.002987,6.113315,0.045116,0.000615,0.000344
4.16447,333.86,6.176501,0.050435,0.003001,6.126066,0.046353,0.000613,0.000344
4.16487,333.89,6.190573,0.051737,0.003015,6.138836,0.047643,0.000612,0.000343
4.16527,333.92,6.204719,0.053095,0.003029,6.151624,0.048989,0.000611,0.000343
4.16567,333.95,6.218943,0.054512,0.003043,6.164431,0.050393,0.000609,0.000342
4.16607,333.99,6.233248,0.055991,0.003058,6.177256,0.051860,0.000608,0.000342
4.16647,334.02,6.247636,0.057536,0.003072,6.190100,0.053392,0.000607,0.000341
4.16687,334.05,6.262113,0.059150,0.003087,6.202963,0.054994,0.000605,0.000341
4.16727,334.08,6.276681,0.060838,0.003101,6.215843,0.056669,0.000604,0.000340
4.16767,334.11,6.291345,0.062603,0.003116,6.228742,0.058421,0.000603,0.000339
4.16807,334.15,6.306108,0.064449,0.003131,6.241659,0.060254,0.000601,0.000339
4.16847,334.18,6.320976,0.066383,0.003146,6.254594,0.062175,0.000600,0.000338
4.16887,334.21,6.335953,0.068407,0.003161,6.267546,0.064186,0.000599,0.000338
4.16927,334.24,6.351045,0.070529,0.003176,6.280516,0.066294,0.000598,0.000337
4.16967,334.27,6.366256,0.072752,0.003192,6.293504,0.068504,0.000596,0.000337
4.17007,334.31,6.381593,0.075084,0.003207,6.306509,0.070822,0.000595,0.000336
4.17047,334.34,6.397062,0.077530,0.003223,6.319532,0.073254,0.000594,0.000336
4.17087,334.37,6.412668,0.080096,0.003238,6.332572,0.075807,0.000593,0.000335
4.17127,334.40,6.428419,0.082790,0.003254,6.345629,0.078487,0.000591,0.000335
4.17167,334.43,6.444321,0.085618,0.003270,6.358703,0.081301,0.000590,0.000334
4.17207,334.47,6.460382,0.088588,0.003286,6.371793,0.084257,0.000589,0.000334
4.17247,334.50,6.476609,0.091708,0.003302,6.384901,0.087362,0.000588,0.000333
4.17287,334.53,6.493010,0.094985,0.003319,6.398025,0.090624,0.000586,0.000333
4.17327,334.56,6.509593,0.098427,0.003335,6.411166,0.094052,0.000585,0.000332
4.17367,334.59,6.526365,0.102043,0.003351,6.424323,0.097653,0.000584,0.000332
4.17407,334.63,6.543336,0.105840,0.003368,6.437496,0.101435,0.000583,0.000331
4.17447,334.66,6.560513,0.109828,0.003385,6.450686,0.105408,0.000581,0.000331
4.17487,334.69,6.577904,0.114013,0.003402,6.463891,0.109579,0.000580,0.000330
4.17527,334.72,6.595517,0.118405,0.003419,6.477112,0.113955,0.000579,0.000330
4.17567,334.76,6.613358,0.123009,0.003436,6.490349,0.118544,0.000578,0.000329
4.17607,334.79,6.631434,0.127832,0.003453,6.503601,0.123351,0.000577,0.000329
4.17647,334.82,6.649749,0.132880,0.003470,6.516869,0.128384,0.000575,0.000328
4.17687,334.85,6.668308,0.138156,0.003488,6.530152,0.133644,0.000574,0.000328
4.17727,334.88,6.687113,0.143662,0.003506,6.543451,0.139134,0.000573,0.000327
4.17767,334.92,6.706162,0.149398,0.003523,6.556764,0.144854,0.000572,0.000326
4.17807,334.95,6.725453,0.155361,0.003541,6.570092,0.150801,0.000571,0.000326
4.17847,334.98,6.744978,0.161544,0.003559,6.583434,0.156967,0.000569,0.000325
4.17887,335.01,6.764727,0.167936,0.003578,6.596792,0.163343,0.000568,0.000325
4.17927,335.04,6.784684,0.174521,0.003596,6.610163,0.169911,0.000567,0.000324
4.17967,335.08,6.804827,0.181278,0.003614,6.623549,0.176651,0.000566,0.000324
4.18007,335.11,6.825128,0.188179,0.003633,6.636949,0.183536,0.000565,0.000323
4.18047,335.14,6.845553,0.195190,0.003652,6.650363,0.190530,0.000564,0.000323
4.18087,335.17,6.866058,0.202268,0.003671,6.663790,0.197590,0.000562,0.000322
4.18127,335.20,6.886593,0.209362,0.003690,6.677231,0.204667,0.000561,0.000322
4.18167,335.24,6.907098,0.216413,0.003709,6.690686,0.211700,0.000560,0.000322
4.18207,335.27,6.927507,0.223353,0.003728,6.704154,0.218623,0.000559,0.000321
4.18247,335.30,6.947742,0.230108,0.003748,6.717634,0.225360,0.000558,0.000321
4.18287,335.33,6.967724,0.236596,0.003767,6.731128,0.231830,0.000557,0.000320
4.18327,335.36,6.987363,0.242729,0.003787,6.744635,0.237945,0.000556,0.000320
4.18367,335.40,7.006570,0.248417,0.003807,6.758154,0.243614,0.000554,0.000319
4.18407,335.43,7.025255,0.253570,0.003827,6.771685,0.248749,0.000553,0.000319
4.18447,335.46,7.043328,0.258099,0.003848,6.785229,0.253260,0.000552,0.000318
4.18487,335.49,7.060708,0.261924,0.003868,6.798784,0.257066,0.000551,0.000318
4.18527,335.52,7.077324,0.264972,0.003889,6.812352,0.260095,0.000550,0.000317
4.18567,335.56,7.093115,0.267184,0.003910,6.825931,0.262288,0.000549,0.000317
4.18607,335.59,7.108040,0.268518,0.003930,6.839522,0.263602,0.000548,0.000316
4.18647,335.62,7.122072,0.268948,0.003952,6.853124,0.264013,0.000547,0.000316
4.18687,335.65,7.135207,0.268471,0.003973,6.866737,0.263516,0.000545,0.000315
4.18727,335.69,7.147460,0.267099,0.003994,6.880361,0.262125,0.000544,0.000315
4.18767,335.72,7.158864,0.264868,0.004016,6.893995,0.259874,0.000543,0.000314
4.18807,335.75,7.169470,0.261829,0.004038,6.907641,0.256814,0.000542,0.000314
4.18847,335.78,7.179343,0.258047,0.004060,6.921296,0.253012,0.000541,0.000313
4.18887,335.81,7.188561,0.253599,0.004082,6.934962,0.248543,0.000540,0.000313
4.18927,335.85,7.197209,0.248571,0.004104,6.948637,0.243495,0.000539,0.000312
4.18967,335.88,7.205376,0.243053,0.004127,6.962323,0.237956,0.000538,0.000312
4.19007,335.91,7.213153,0.237135,0.004150,6.976018,0.232017,0.000537,0.000311
4.19047,335.94,7.220629,0.230907,0.004172,6.989722,0.225768,0.000536,0.000311
4.19087,335.97,7.227890,0.224454,0.004196,7.003435,0.219293,0.000535,0.000310
4.19127,336.01,7.235012,0.217855,0.004219,7.017158,0.212672,0.000533,0.000310
4.19167,336.04,7.242069,0.211181,0.004242,7.030889,0.205976,0.000532,0.000310
4.19207,336.07,7.249124,0.204496,0.004266,7.044628,0.199269,0.000531,0.000309
4.19247,336.10,7.256231,0.197855,0.004290,7.058376,0.192606,0.000530,0.000309
4.19287,336.13,7.263437,0.191306,0.004314,7.072131,0.186034,0.000529,0.000308
4.19327,336.17,7.270782,0.184887,0.004338,7.085895,0.179592,0.000528,0.000308
4.19367,336.20,7.278296,0.178630,0.004363,7.099666,0.173312,0.000527,0.000307
4.19407,336.23,7.286004,0.172559,0.004387,7.113445,0.167218,0.000526,0.000307
4.19447,336.26,7.293924,0.166694,0.004412,7.127230,0.161330,0.000525,0.000306
4.19487,336.29,7.302070,0.161047,0.004437,7.141023,0.155659,0.000524,0.000306
4.19527,336.33,7.310450,0.155628,0.004463,7.154822,0.150217,0.000523,0.000305
4.19567,336.36,7.319070,0.150442,0.004488,7.168628,0.145007,0.000522,0.000305
4.19607,336.39,7.327931,0.145491,0.004514,7.182440,0.140032,0.000521,0.000304
4.19647,336.42,7.337033,0.140775,0.004540,7.196258,0.135291,0.000520,0.000304
4.19687,336.45,7.346372,0.136290,0.004566,7.210082,0.130781,0.000519,0.000304
4.19727,336.49,7.355944,0.132033,0.004593,7.223911,0.126499,0.000518,0.000303
4.19767,336.52,7.365742,0.127997,0.004619,7.237745,0.122438,0.000517,0.000303
4.19807,336.55,7.375762,0.124177,0.004646,7.251585,0.118593,0.000516,0.000302
4.19847,336.58,7.385994,0.120565,0.004673,7.265429,0.114955,0.000515,0.000302
4.19887,336.62,7.396432,0.117154,0.004701,7.279278,0.111518,0.000514,0.000301
4.19927,336.65,7.407066,0.113935,0.004728,7.293131,0.108273,0.000513,0.000301
4.19967,336.68,7.417890,0.110902,0.004756,7.306988,0.105213,0.000512,0.000300
4.20007,336.71,7.428894,0.108045,0.004784,7.320849,0.102330,0.000511,0.000300
4.20047,336.74,7.440071,0.105358,0.004813,7.334714,0.099616,0.000510,0.000300
4.20087,336.78,7.451413,0.102832,0.004841,7.348581,0.097063,0.000509,0.000299
4.20127,336.81,7.462912,0.100460,0.004870,7.362452,0.094664,0.000508,0.000299
4.20167,336.84,7.474561,0.098236,0.004899,7.376325,0.092412,0.000507,0.000298
4.20207,336.87,7.486352,0.096151,0.004929,7.390201,0.090299,0.000506,0.000298
4.20247,336.90,7.498280,0.094200,0.004958,7.404079,0.088320,0.000505,0.000297
4.20287,336.94,7.510336,0.092377,0.004988,7.417959,0.086469,0.000504,0.000297
4.20327,336.97,7.522516,0.090675,0.005018,7.431841,0.084738,0.000503,0.000296
4.20367,337.00,7.534813,0.089089,0.005049,7.445724,0.083123,0.000502,0.000296
4.20407,337.03,7.547222,0.087614,0.005080,7.459608,0.081619,0.000501,0.000296
4.20447,337.06,7.559738,0.086245,0.005111,7.473493,0.080220,0.000500,0.000295
4.20487,337.10,7.572355,0.084977,0.005142,7.487378,0.078922,0.000499,0.000295
4.20527,337.13,7.585070,0.083806,0.005174,7.501264,0.077721,0.000498,0.000294
4.20567,337.16,7.597878,0.082728,0.005205,7.515150,0.076613,0.000497,0.000294
4.20607,337.19,7.610774,0.081740,0.005238,7.529035,0.075593,0.000496,0.000293
4.20647,337.22,7.623756,0.080837,0.005270,7.542920,0.074659,0.000495,0.000293
4.20687,337.26,7.636820,0.080016,0.005303,7.556804,0.073808,0.000494,0.000293
4.20727,337.29,7.649962,0.079276,0.005336,7.570686,0.073036,0.000493,0.000292
4.20767,337.32,7.663180,0.078612,0.005369,7.584567,0.072340,0.000492,0.000292
4.20807,337.35,7.676470,0.078023,0.005403,7.598447,0.071719,0.000491,0.000291
4.20847,337.38,7.689831,0.077506,0.005437,7.612324,0.071169,0.000490,0.000291
4.20887,337.42,7.703259,0.077060,0.005471,7.626199,0.070690,0.000489,0.000290
4.20927,337.45,7.716753,0.076681,0.005506,7.640071,0.070278,0.000488,0.000290
4.20967,337.48,7.730310,0.076370,0.005541,7.653941,0.069933,0.000487,0.000290
4.21007,337.51,7.743930,0.076123,0.005576,7.667807,0.069652,0.000487,0.000289
4.21047,337.54,7.757610,0.075941,0.005612,7.681669,0.069435,0.000486,0.000289
4.21087,337.58,7.771348,0.075821,0.005648,7.695528,0.069281,0.000485,0.000288
4.21127,337.61,7.785144,0.075763,0.005685,7.709382,0.069188,0.000484,0.000288
4.21167,337.64,7.798997,0.075766,0.005721,7.723231,0.069156,0.000483,0.000287
4.21207,337.67,7.812905,0.075829,0.005758,7.737076,0.069183,0.000482,0.000287
4.21247,337.71,7.826868,0.075952,0.005796,7.750916,0.069270,0.000481,0.000287
4.21287,337.74,7.840885,0.076135,0.005834,7.764750,0.069417,0.000480,0.000286
4.21327,337.77,7.854956,0.076378,0.005872,7.778578,0.069622,0.000479,0.000286
4.21367,337.80,7.869080,0.076679,0.005910,7.792400,0.069887,0.000478,0.000285
4.21407,337.83,7.883256,0.077040,0.005949,7.806216,0.070211,0.000477,0.000285
4.21447,337.87,7.897486,0.077461,0.005989,7.820025,0.070594,0.000476,0.000285
4.21487,337.90,7.911769,0.077943,0.006028,7.833826,0.071036,0.000476,0.000284
4.21527,337.93,7.926105,0.078484,0.006068,7.847621,0.071539,0.000475,0.000284
4.21567,337.96,7.940495,0.079088,0.006109,7.861407,0.072104,0.000474,0.000283
4.21607,337.99,7.954939,0.079754,0.006150,7.875185,0.072730,0.000473,0.000283
4.21647,338.03,7.969437,0.080483,0.006191,7.888955,0.073419,0.000472,0.000283
4.21687,338.06,7.983992,0.081276,0.006233,7.902715,0.074172,0.000471,0.000282
4.21727,338.09,7.998603,0.082136,0.006275,7.916467,0.074991,0.000470,0.000282
4.21767,338.12,8.013272,0.083063,0.006318,7.930209,0.075877,0.000469,0.000281
4.21807,338.15,8.028001,0.084059,0.006361,7.943941,0.076832,0.000468,0.000281
4.21847,338.19,8.042790,0.085127,0.006404,7.957663,0.077857,0.000468,0.000281
4.21887,338.22,8.057642,0.086267,0.006448,7.971375,0.078955,0.000467,0.000280
4.21927,338.25,8.072558,0.087483,0.006492,7.985075,0.080127,0.000466,0.000280
4.21967,338.28,8.087540,0.088776,0.006537,7.998764,0.081377,0.000465,0.000279
4.22007,338.31,8.102592,0.090151,0.006582,8.012441,0.082707,0.000464,0.000279
4.22047,338.35,8.117715,0.091608,0.006628,8.026107,0.084121,0.000463,0.000279
4.22087,338.38,8.132912,0.093152,0.006674,8.039760,0.085620,0.000462,0.000278
4.22127,338.41,8.148186,0.094786,0.006721,8.053400,0.087208,0.000462,0.000278
4.22167,338.44,8.163541,0.096514,0.006768,8.067027,0.088890,0.000461,0.000277
4.22207,338.47,8.178980,0.098339,0.006816,8.080641,0.090669,0.000460,0.000277
4.22247,338.51,8.194507,0.100266,0.006864,8.094240,0.092549,0.000459,0.000277
4.22287,338.54,8.210126,0.102300,0.006913,8.107826,0.094535,0.000458,0.000276
4.22327,338.57,8.225841,0.104444,0.006962,8.121397,0.096632,0.000457,0.000276
4.22367,338.60,8.241658,0.106705,0.007012,8.134953,0.098844,0.000456,0.000275
4.22407,338.64,8.257581,0.109088,0.007062,8.148493,0.101178,0.000456,0.000275
4.22447,338.67,8.273617,0.111599,0.007113,8.162018,0.103639,0.000455,0.000275
4.22487,338.70,8.289771,0.114244,0.007165,8.175527,0.106234,0.000454,0.000274
4.22527,338.73,8.306049,0.117030,0.007217,8.189019,0.108970,0.000453,0.000274
4.22567,338.76,8.322459,0.119965,0.007269,8.202494,0.111853,0.000452,0.000273
4.22607,338.80,8.339008,0.123056,0.007322,8.215952,0.114892,0.000451,0.000273
4.22647,338.83,8.355703,0.126310,0.007376,8.229392,0.118094,0.000451,0.000273
4.22687,338.86,8.372553,0.129738,0.007430,8.242815,0.121469,0.000450,0.000272
4.22727,338.89,8.389567,0.133348,0.007485,8.256219,0.125026,0.000449,0.000272
4.22767,338.92,8.406754,0.137151,0.007540,8.269603,0.128774,0.000448,0.000272
4.22807,338.96,8.424125,0.141156,0.007596,8.282969,0.132724,0.000447,0.000271
4.22847,338.99,8.441690,0.145375,0.007653,8.296315,0.136887,0.000446,0.000271
4.22887,339.02,8.459460,0.149819,0.007711,8.309641,0.141275,0.000446,0.000270
4.22927,339.05,8.477447,0.154501,0.007769,8.322947,0.145901,0.000445,0.000270
4.22967,339.08,8.495665,0.159433,0.007827,8.336232,0.150776,0.000444,0.000270
4.23007,339.12,8.514125,0.164630,0.007887,8.349495,0.155914,0.000443,0.000269
4.23047,339.15,8.532842,0.170105,0.007947,8.362737,0.161331,0.000442,0.000269
4.23087,339.18,8.551830,0.175874,0.008007,8.375957,0.167040,0.000442,0.000268
4.23127,339.21,8.571105,0.181951,0.008069,8.389154,0.173057,0.000441,0.000268
4.23167,339.24,8.590681,0.188352,0.008131,8.402329,0.179397,0.000440,0.000268
4.23207,339.28,8.610573,0.195094,0.008193,8.415480,0.186077,0.000439,0.000267
4.23247,339.31,8.630799,0.202192,0.008257,8.428607,0.193113,0.000438,0.000267
4.23287,339.34,8.651373,0.209663,0.008321,8.441710,0.200521,0.000438,0.000267
4.23327,339.37,8.672312,0.217523,0.008386,8.454789,0.208318,0.000437,0.000266
4.23367,339.40,8.693631,0.225788,0.008452,8.467843,0.216518,0.000436,0.000266
4.23407,339.44,8.715343,0.234472,0.008519,8.480871,0.225136,0.000435,0.000266
4.23447,339.47,8.737463,0.243589,0.008586,8.493874,0.234187,0.000434,0.000265
4.23487,339.50,8.760001,0.253150,0.008654,8.506851,0.243682,0.000434,0.000265
4.23527,339.53,8.782965,0.263165,0.008723,8.519800,0.253629,0.000433,0.000264
4.23567,339.57,8.806363,0.273640,0.008793,8.532723,0.264035,0.000432,0.000264
4.23607,339.60,8.830194,0.284576,0.008863,8.545618,0.274902,0.000431,0.000264
4.23647,339.63,8.854456,0.295970,0.008935,8.558486,0.286226,0.000431,0.000263
4.23687,339.66,8.879138,0.307814,0.009007,8.571325,0.297998,0.000430,0.000263
4.23727,339.69,8.904224,0.320089,0.009080,8.584135,0.310201,0.000429,0.000263
4.23767,339.73,8.929686,0.332770,0.009155,8.596916,0.322809,0.000428,0.000262
4.23807,339.76,8.955488,0.345821,0.009230,8.609667,0.335787,0.000427,0.000262
4.23847,339.79,8.981582,0.359193,0.009306,8.622388,0.349084,0.000427,0.000261
4.23887,339.82,9.007905,0.372825,0.009382,8.635079,0.362640,0.000426,0.000261
4.23927,339.85,9.034380,0.386641,0.009460,8.647739,0.376379,0.000425,0.000261
4.23967,339.89,9.060915,0.400548,0.009539,8.660367,0.390208,0.000424,0.000260
4.24007,339.92,9.087400,0.414436,0.009619,8.672964,0.404019,0.000424,0.000260
4.24047,339.95,9.113710,0.428182,0.009700,8.685528,0.417684,0.000423,0.000260
4.24087,339.98,9.139702,0.441642,0.009781,8.698060,0.431064,0.000422,0.000259
4.24127,340.01,9.165219,0.454661,0.009864,8.710559,0.444001,0.000421,0.000259
4.24167,340.05,9.190091,0.467068,0.009948,8.723023,0.456325,0.000421,0.000259
4.24207,340.08,9.214141,0.478687,0.010033,8.735454,0.467860,0.000420,0.000258
4.24247,340.11,9.237186,0.489335,0.010119,8.747851,0.478424,0.000419,0.000258
4.24287,340.14,9.259047,0.498834,0.010206,8.760212,0.487837,0.000418,0.000258
4.24327,340.17,9.279550,0.507012,0.010295,8.772538,0.495927,0.000418,0.000257
4.24367,340.21,9.298541,0.513712,0.010384,8.784829,0.502539,0.000417,0.000257
4.24407,340.24,9.315885,0.518802,0.010475,8.797083,0.507540,0.000416,0.000256
4.24447,340.27,9.331477,0.522177,0.010566,8.809300,0.510824,0.000415,0.000256
4.24487,340.30,9.345246,0.523765,0.010659,8.821481,0.512321,0.000415,0.000256
4.24527,340.33,9.357159,0.523536,0.010754,8.833623,0.511998,0.000414,0.000255
4.24567,340.37,9.367223,0.521496,0.010849,8.845728,0.509863,0.000413,0.000255
4.24607,340.40,9.375484,0.517690,0.010946,8.857794,0.505962,0.000413,0.000255
4.24647,340.43,9.382024,0.512203,0.011044,8.869821,0.500378,0.000412,0.000254
4.24687,340.46,9.386958,0.505150,0.011143,8.881809,0.493227,0.000411,0.000254
4.24727,340.50,9.390429,0.496672,0.011244,8.893757,0.484650,0.000410,0.000254
4.24767,340.53,9.392597,0.486933,0.011346,8.905664,0.474810,0.000410,0.000253
4.24807,340.56,9.393638,0.476107,0.011450,8.917531,0.463881,0.000409,0.000253
4.24847,340.59,9.393733,0.464376,0.011554,8.929357,0.452046,0.000408,0.000253
4.24887,340.62,9.393061,0.451920,0.011661,8.941140,0.439485,0.000408,0.000252
4.24927,340.66,9.391797,0.438915,0.011769,8.952882,0.426373,0.000407,0.000252
4.24967,340.69,9.390107,0.425525,0.011878,8.964581,0.412875,0.000406,0.000252
4.25007,340.72,9.388140,0.411902,0.011989,8.976238,0.399143,0.000405,0.000251
4.25047,340.75,9.386034,0.398183,0.012101,8.987850,0.385312,0.000405,0.000251
4.25087,340.78,9.383907,0.384487,0.012215,8.999419,0.371504,0.000404,0.000251
4.25127,340.82,9.381861,0.370918,0.012330,9.010943,0.357820,0.000403,0.000250
4.25167,340.85,9.379984,0.357561,0.012448,9.022423,0.344347,0.000403,0.000250
4.25207,340.88,9.378346,0.344489,0.012566,9.033857,0.331156,0.000402,0.000250
4.25247,340.91,9.377002,0.331757,0.012687,9.045245,0.318305,0.000401,0.000249
4.25287,340.94,9.375997,0.319409,0.012809,9.056588,0.305836,0.000401,0.000249
4.25327,340.98,9.375362,0.307479,0.012933,9.067883,0.293783,0.000400,0.000249
4.25367,341.01,9.375120,0.295989,0.013059,9.079131,0.282168,0.000399,0.000248
4.25407,341.04,9.375284,0.284952,0.013187,9.090332,0.271005,0.000398,0.000248
4.25447,341.07,9.375862,0.274377,0.013317,9.101485,0.260301,0.000398,0.000248
4.25487,341.10,9.376853,0.264264,0.013448,9.112589,0.250058,0.000397,0.000247
4.25527,341.14,9.378255,0.254610,0.013582,9.123644,0.240272,0.000396,0.000247
4.25567,341.17,9.380058,0.245408,0.013717,9.134650,0.230935,0.000396,0.000247
4.25607,341.20,9.382254,0.236648,0.013854,9.145606,0.222039,0.000395,0.000246
4.25647,341.23,9.384829,0.228318,0.013994,9.156512,0.213570,0.000394,0.000246
4.25687,341.26,9.387769,0.220403,0.014136,9.167367,0.205514,0.000394,0.000246
4.25727,341.30,9.391059,0.212888,0.014279,9.178170,0.197857,0.000393,0.000245
4.25767,341.33,9.394681,0.205759,0.014425,9.188922,0.190583,0.000392,0.000245
4.25807,341.36,9.398620,0.198998,0.014574,9.199622,0.183674,0.000392,0.000245
4.25847,341.39,9.402858,0.192589,0.014724,9.210269,0.177116,0.000391,0.000244
4.25887,341.43,9.407380,0.186517,0.014877,9.220863,0.170892,0.000390,0.000244
4.25927,341.46,9.412169,0.180765,0.015032,9.231404,0.164986,0.000390,0.000244
4.25967,341.49,9.417208,0.175318,0.015190,9.241891,0.159382,0.000389,0.000243
4.26007,341.52,9.422483,0.170160,0.015350,9.252323,0.154066,0.000388,0.000243
4.26047,341.55,9.427978,0.165278,0.015512,9.262700,0.149022,0.000388,0.000243
4.26087,341.59,9.433679,0.160657,0.015678,9.273023,0.144237,0.000387,0.000242
4.26127,341.62,9.439573,0.156284,0.015846,9.283289,0.139697,0.000386,0.000242
4.26167,341.65,9.445646,0.152146,0.016016,9.293499,0.135390,0.000386,0.000242
4.26207,341.68,9.451885,0.148232,0.016189,9.303653,0.131303,0.000385,0.000241
4.26247,341.71,9.458279,0.144530,0.016366,9.313749,0.127426,0.000384,0.000241
4.26287,341.75,9.464817,0.141028,0.016545,9.323788,0.123746,0.000384,0.000241
4.26327,341.78,9.471487,0.137718,0.016727,9.333769,0.120255,0.000383,0.000240
4.26367,341.81,9.478281,0.134589,0.016911,9.343692,0.116942,0.000382,0.000240
4.26407,341.84,9.485188,0.131633,0.017099,9.353556,0.113799,0.000382,0.000240
4.26447,341.87,9.492200,0.128840,0.017291,9.363360,0.110816,0.000381,0.000239
4.26487,341.91,9.499308,0.126203,0.017485,9.373105,0.107986,0.000380,0.000239
4.26527,341.94,9.506504,0.123715,0.017683,9.382789,0.105301,0.000380,0.000239
4.26567,341.97,9.513781,0.121368,0.017884,9.392413,0.102754,0.000379,0.000239
4.26607,342.00,9.521132,0.119156,0.018088,9.401976,0.100338,0.000379,0.000238
4.26647,342.03,9.528550,0.117072,0.018296,9.411478,0.098048,0.000378,0.000238
4.26687,342.07,9.536029,0.115112,0.018507,9.420917,0.095877,0.000377,0.000238
4.26727,342.10,9.543564,0.113269,0.018723,9.430294,0.093820,0.000377,0.000237
4.26767,342.13,9.551148,0.111539,0.018941,9.439609,0.091872,0.000376,0.000237
4.26807,342.16,9.558777,0.109917,0.019164,9.448860,0.090028,0.000375,0.000237
4.26847,342.19,9.566446,0.108399,0.019391,9.458048,0.088284,0.000375,0.000236
4.26887,342.23,9.574151,0.106980,0.019622,9.467171,0.086636,0.000374,0.000236
4.26927,342.26,9.581888,0.105657,0.019856,9.476230,0.085079,0.000374,0.000236
4.26967,342.29,9.589651,0.104427,0.020095,9.485225,0.083611,0.000373,0.000235
4.27007,342.32,9.597439,0.103286,0.020339,9.494153,0.082228,0.000372,0.000235
4.27047,342.36,9.605248,0.102231,0.020586,9.503017,0.080926,0.000372,0.000235
4.27087,342.39,9.613074,0.101260,0.020839,9.511814,0.079704,0.000371,0.000234
4.27127,342.42,9.620914,0.100370,0.021095,9.520544,0.078558,0.000370,0.000234
4.27167,342.45,9.628766,0.099559,0.021357,9.529208,0.077486,0.000370,0.000234
4.27207,342.48,9.636628,0.098824,0.021624,9.537804,0.076486,0.000369,0.000234
4.27247,342.52,9.644497,0.098165,0.021895,9.546332,0.075556,0.000369,0.000233
4.27287,342.55,9.652371,0.097578,0.022172,9.554793,0.074694,0.000368,0.000233
4.27327,342.58,9.660248,0.097064,0.022453,9.563184,0.073898,0.000367,0.000233
4.27367,342.61,9.668126,0.096620,0.022741,9.571507,0.073168,0.000367,0.000232
4.27407,342.64,9.676005,0.096244,0.023033,9.579760,0.072501,0.000366,0.000232
4.27447,342.68,9.683881,0.095938,0.023332,9.587943,0.071897,0.000366,0.000232
4.27487,342.71,9.691755,0.095698,0.023636,9.596057,0.071355,0.000365,0.000231
4.27527,342.74,9.699625,0.095526,0.023946,9.604099,0.070873,0.000364,0.000231
4.27567,342.77,9.707490,0.095419,0.024262,9.612071,0.070451,0.000364,0.000231
4.27607,342.80,9.715350,0.095379,0.024584,9.619972,0.070089,0.000363,0.000231
4.27647,342.84,9.723204,0.095404,0.024913,9.627800,0.069787,0.000363,0.000230
4.27687,342.87,9.731051,0.095495,0.025248,9.635557,0.069543,0.000362,0.000230
4.27727,342.90,9.738892,0.095651,0.025590,9.643241,0.069358,0.000361,0.000230
4.27767,342.93,9.746726,0.095874,0.025940,9.650852,0.069233,0.000361,0.000229
4.27807,342.96,9.754553,0.096163,0.026296,9.658390,0.069167,0.000360,0.000229
4.27847,343.00,9.762373,0.096519,0.026659,9.665854,0.069160,0.000360,0.000229
4.27887,343.03,9.770187,0.096943,0.027030,9.673245,0.069214,0.000359,0.000228
4.27927,343.06,9.777996,0.097435,0.027409,9.680560,0.069328,0.000358,0.000228
4.27967,343.09,9.785799,0.097997,0.027796,9.687802,0.069505,0.000358,0.000228
4.28007,343.12,9.793599,0.098631,0.028191,9.694968,0.069744,0.000357,0.000228
4.28047,343.16,9.801395,0.099336,0.028594,9.702059,0.070047,0.000357,0.000227
4.28087,343.19,9.809189,0.100116,0.029006,9.709074,0.070416,0.000356,0.000227
4.28127,343.22,9.816983,0.100971,0.029426,9.716012,0.070851,0.000355,0.000227
4.28167,343.25,9.824779,0.101904,0.029856,9.722875,0.071356,0.000355,0.000226
4.28207,343.29,9.832577,0.102917,0.030296,9.729660,0.071930,0.000354,0.000226
4.28247,343.32,9.840381,0.104013,0.030744,9.736369,0.072578,0.000354,0.000226
4.28287,343.35,9.848192,0.105193,0.031203,9.742999,0.073300,0.000353,0.000226
4.28327,343.38,9.856013,0.106461,0.031672,9.749552,0.074100,0.000353,0.000225
4.28367,343.41,9.863847,0.107820,0.032152,9.756027,0.074980,0.000352,0.000225
4.28407,343.45,9.871697,0.109274,0.032643,9.762423,0.075944,0.000351,0.000225
4.28447,343.48,9.879566,0.110825,0.033144,9.768741,0.076995,0.000351,0.000224
4.28487,343.51,9.887457,0.112478,0.033657,9.774979,0.078135,0.000350,0.000224
4.28527,343.54,9.895375,0.114237,0.034182,9.781138,0.079370,0.000350,0.000224
4.28567,343.57,9.903323,0.116106,0.034720,9.787217,0.080703,0.000349,0.000224
4.28607,343.61,9.911307,0.118091,0.035270,9.793216,0.082139,0.000349,0.000223
4.28647,343.64,9.919330,0.120196,0.035833,9.799134,0.083682,0.000348,0.000223
4.28687,343.67,9.927398,0.122426,0.036409,9.804972,0.085337,0.000348,0.000223
4.28727,343.70,9.935517,0.124788,0.036999,9.810729,0.087110,0.000347,0.000222
4.28767,343.73,9.943692,0.127288,0.037604,9.816404,0.089006,0.000346,0.000222
4.28807,343.77,9.951930,0.129932,0.038223,9.821998,0.091031,0.000346,0.000222
4.28847,343.80,9.960236,0.132726,0.038857,9.827510,0.093192,0.000345,0.000222
4.28887,343.83,9.968618,0.135679,0.039507,9.832939,0.095496,0.000345,0.000221
4.28927,343.86,9.977084,0.138797,0.040173,9.838287,0.097948,0.000344,0.000221
4.28967,343.89,9.985640,0.142088,0.040857,9.843551,0.100557,0.000344,0.000221
4.29007,343.93,9.994294,0.145561,0.041557,9.848733,0.103330,0.000343,0.000220
4.29047,343.96,10.003054,0.149223,0.042275,9.853831,0.106275,0.000343,0.000220
4.29087,343.99,10.011929,0.153083,0.043012,9.858845,0.109399,0.000342,0.000220
4.29127,344.02,10.020926,0.157150,0.043768,9.863776,0.112711,0.000341,0.000220
4.29167,344.05,10.030055,0.161432,0.044544,9.868623,0.116218,0.000341,0.000219
4.29207,344.09,10.039323,0.165938,0.045340,9.873385,0.119929,0.000340,0.000219
4.29247,344.12,10.048738,0.170675,0.046157,9.878063,0.123850,0.000340,0.000219
4.29287,344.15,10.058308,0.175652,0.046996,9.882656,0.127988,0.000339,0.000218
4.29327,344.18,10.068039,0.180875,0.047858,9.887164,0.132350,0.000339,0.000218
4.29367,344.22,10.077937,0.186351,0.048744,9.891586,0.136941,0.000338,0.000218
4.29407,344.25,10.088007,0.192084,0.049654,9.895923,0.141765,0.000338,0.000218
4.29447,344.28,10.098250,0.198076,0.050589,9.900174,0.146823,0.000337,0.000217
4.29487,344.31,10.108669,0.204329,0.051550,9.904339,0.152116,0.000337,0.000217
4.29527,344.34,10.119259,0.210841,0.052539,9.908418,0.157640,0.000336,0.000217
4.29567,344.38,10.130016,0.217605,0.053555,9.912411,0.163388,0.000336,0.000217
4.29607,344.41,10.140930,0.224614,0.054601,9.916316,0.169351,0.000335,0.000216
4.29647,344.44,10.151986,0.231851,0.055677,9.920135,0.175514,0.000334,0.000216
4.29687,344.47,10.163165,0.239298,0.056785,9.923867,0.181854,0.000334,0.000216
4.29727,344.50,10.174441,0.246930,0.057925,9.927512,0.188346,0.000333,0.000215
4.29767,344.54,10.185781,0.254712,0.059100,9.931069,0.194955,0.000333,0.000215
4.29807,344.57,10.197143,0.262605,0.060309,9.934538,0.201639,0.000332,0.000215
4.29847,344.60,10.208480,0.270560,0.061556,9.937920,0.208349,0.000332,0.000215
4.29887,344.63,10.219734,0.278521,0.062840,9.941213,0.215026,0.000331,0.000214
4.29927,344.66,10.230841,0.286422,0.064164,9.944418,0.221604,0.000331,0.000214
4.29967,344.70,10.241727,0.294191,0.065530,9.947535,0.228008,0.000330,0.000214
4.30007,344.73,10.252312,0.301749,0.066938,9.950564,0.234158,0.000330,0.000214
4.30047,344.76,10.262512,0.309009,0.068392,9.953503,0.239965,0.000329,0.000213
4.30087,344.79,10.272238,0.315884,0.069891,9.956354,0.245342,0.000329,0.000213
4.30127,344.82,10.281401,0.322285,0.071440,9.959116,0.250195,0.000328,0.000213
4.30167,344.86,10.289914,0.328125,0.073039,9.961788,0.254437,0.000328,0.000213
4.30207,344.89,10.297696,0.333325,0.074691,9.964371,0.257985,0.000327,0.000212
4.30247,344.92,10.304676,0.337811,0.076398,9.966865,0.260765,0.000327,0.000212
4.30287,344.95,10.310796,0.341527,0.078163,9.969269,0.262717,0.000326,0.000212
4.30327,344.98,10.316012,0.344428,0.079987,9.971584,0.263795,0.000326,0.000211
4.30367,345.02,10.320300,0.346492,0.081875,9.973808,0.263972,0.000325,0.000211
4.30407,345.05,10.323655,0.347712,0.083828,9.975943,0.263240,0.000325,0.000211
4.30447,345.08,10.326091,0.348103,0.085849,9.977988,0.261611,0.000324,0.000211
4.30487,345.11,10.327643,0.347701,0.087942,9.979942,0.259116,0.000324,0.000210
4.30527,345.15,10.328362,0.346556,0.090110,9.981806,0.255805,0.000323,0.000210
4.30567,345.18,10.328317,0.344738,0.092356,9.983579,0.251741,0.000323,0.000210
4.30607,345.21,10.327586,0.342324,0.094684,9.985263,0.246999,0.000322,0.000210
4.30647,345.24,10.326258,0.339403,0.097098,9.986855,0.241665,0.000322,0.000209
4.30687,345.27,10.324426,0.336069,0.099603,9.988357,0.235828,0.000321,0.000209
4.30727,345.31,10.322184,0.332416,0.102201,9.989768,0.229577,0.000321,0.000209
4.30767,345.34,10.319627,0.328539,0.104899,9.991088,0.223003,0.000320,0.000209
4.30807,345.37,10.316845,0.324528,0.107700,9.992317,0.216191,0.000320,0.000208
4.30847,345.40,10.313923,0.320467,0.110611,9.993455,0.209221,0.000319,0.000208
4.30887,345.43,10.310938,0.316435,0.113636,9.994503,0.202165,0.000319,0.000208
4.30927,345.47,10.307961,0.312503,0.116781,9.995459,0.195088,0.000318,0.000208
4.30967,345.50,10.305055,0.308731,0.120052,9.996324,0.188046,0.000318,0.000207
4.31007,345.53,10.302272,0.305175,0.123456,9.997097,0.181086,0.000317,0.000207
4.31047,345.56,10.299661,0.301881,0.127000,9.997780,0.174249,0.000317,0.000207
4.31087,345.59,10.297260,0.298889,0.130691,9.998371,0.167567,0.000316,0.000207
4.31127,345.63,10.295102,0.296231,0.134537,9.998871,0.161064,0.000316,0.000206
4.31167,345.66,10.293216,0.293936,0.138546,9.999280,0.154761,0.000315,0.000206
4.31207,345.69,10.291623,0.292026,0.142726,9.999597,0.148672,0.000315,0.000206
4.31247,345.72,10.290342,0.290520,0.147087,9.999823,0.142805,0.000314,0.000206
4.31287,345.75,10.289389,0.289432,0.151639,9.999957,0.137166,0.000314,0.000205
4.31327,345.79,10.288776,0.288776,0.156393,10.000000,0.131757,0.000313,0.000205
4.31367,345.82,10.288513,0.288562,0.161359,9.999952,0.126578,0.000313,0.000205
4.31407,345.85,10.288610,0.288799,0.166549,9.999812,0.121625,0.000312,0.000205
4.31447,345.88,10.289075,0.289495,0.171975,9.999580,0.116896,0.000312,0.000204
4.31487,345.91,10.289916,0.290658,0.177652,9.999258,0.112383,0.000311,0.000204
4.31527,345.95,10.291140,0.292296,0.183593,9.998844,0.108080,0.000311,0.000204
4.31567,345.98,10.292755,0.294416,0.189814,9.998339,0.103981,0.000311,0.000204
4.31607,346.01,10.294769,0.297027,0.196330,9.997742,0.100076,0.000310,0.000203
4.31647,346.04,10.297190,0.300136,0.203158,9.997054,0.096358,0.000310,0.000203
4.31687,346.07,10.300030,0.303755,0.210316,9.996275,0.092820,0.000309,0.000203
4.31727,346.11,10.303298,0.307893,0.217823,9.995405,0.089451,0.000309,0.000203
4.31767,346.14,10.307006,0.312563,0.225700,9.994443,0.086246,0.000308,0.000202
4.31807,346.17,10.311169,0.317779,0.233967,9.993390,0.083194,0.000308,0.000202
4.31847,346.20,10.315800,0.323554,0.242648,9.992247,0.080289,0.000307,0.000202
4.31887,346.24,10.320917,0.329905,0.251765,9.991012,0.077524,0.000307,0.000202
4.31927,346.27,10.326536,0.336850,0.261345,9.989686,0.074890,0.000306,0.000201
4.31967,346.30,10.332678,0.344408,0.271413,9.988270,0.072380,0.000306,0.000201
4.32007,346.33,10.339362,0.352599,0.281997,9.986763,0.069989,0.000305,0.000201
4.32047,346.36,10.346613,0.361448,0.293125,9.985165,0.067710,0.000305,0.000201
4.32087,346.40,10.354452,0.370976,0.304827,9.983477,0.065537,0.000304,0.000200
4.32127,346.43,10.362906,0.381209,0.317134,9.981698,0.063464,0.000304,0.000200
4.32167,346.46,10.372002,0.392174,0.330078,9.979828,0.061485,0.000304,0.000200
4.32207,346.49,10.381766,0.403897,0.343691,9.977869,0.059596,0.000303,0.000200
4.32247,346.52,10.392226,0.416407,0.358006,9.975819,0.057792,0.000303,0.000199
4.32287,346.56,10.403411,0.429732,0.373056,9.973679,0.056068,0.000302,0.000199
4.32327,346.59,10.415349,0.443900,0.388873,9.971449,0.054419,0.000302,0.000199
4.32367,346.62,10.428067,0.458938,0.405489,9.969129,0.052843,0.000301,0.000199
4.32407,346.65,10.441592,0.474873,0.422933,9.966720,0.051334,0.000301,0.000198
4.32447,346.68,10.455947,0.491727,0.441232,9.964220,0.049890,0.000300,0.000198
4.32487,346.72,10.471152,0.509520,0.460410,9.961632,0.048506,0.000300,0.000198
4.32527,346.75,10.487223,0.528269,0.480485,9.958954,0.047180,0.000299,0.000198
4.32567,346.78,10.504169,0.547982,0.501469,9.956187,0.045910,0.000299,0.000197
4.32607,346.81,10.521991,0.568660,0.523367,9.953331,0.044690,0.000299,0.000197
4.32647,346.84,10.540680,0.590294,0.546171,9.950386,0.043521,0.000298,0.000197
4.32687,346.88,10.560215,0.612862,0.569864,9.947352,0.042397,0.000298,0.000197
4.32727,346.91,10.580560,0.636329,0.594411,9.944230,0.041319,0.000297,0.000197
4.32767,346.94,10.601661,0.660641,0.619759,9.941020,0.040282,0.000297,0.000196
4.32807,346.97,10.623443,0.685722,0.645838,9.937721,0.039285,0.000296,0.000196
4.32847,347.00,10.645809,0.711474,0.672550,9.934334,0.038327,0.000296,0.000196
4.32887,347.04,10.668632,0.737773,0.699771,9.930860,0.037404,0.000295,0.000196
4.32927,347.07,10.691760,0.764463,0.727350,9.927297,0.036516,0.000295,0.000195
4.32967,347.10,10.715005,0.791358,0.755101,9.923648,0.035661,0.000295,0.000195
4.33007,347.13,10.738149,0.818239,0.782807,9.919911,0.034837,0.000294,0.000195
4.33047,347.17,10.760939,0.844853,0.810216,9.916087,0.034042,0.000294,0.000195
4.33087,347.20,10.783090,0.870914,0.837044,9.912176,0.033276,0.000293,0.000194
4.33127,347.23,10.804287,0.896109,0.862979,9.908178,0.032537,0.000293,0.000194
4.33167,347.26,10.824192,0.920098,0.887681,9.904094,0.031824,0.000292,0.000194
4.33207,347.29,10.842447,0.942523,0.910796,9.899924,0.031135,0.000292,0.000194
4.33247,347.33,10.858689,0.963022,0.931961,9.895668,0.030470,0.000292,0.000194
4.33287,347.36,10.872558,0.981233,0.950815,9.891326,0.029827,0.000291,0.000193
4.33327,347.39,10.883711,0.996813,0.967017,9.886898,0.029206,0.000291,0.000193
4.33367,347.42,10.891834,1.009449,0.980255,9.882385,0.028605,0.000290,0.000193
4.33407,347.45,10.896660,1.018873,0.990261,9.877787,0.028024,0.000290,0.000193
4.33447,347.49,10.897981,1.024877,0.996828,9.873104,0.027461,0.000289,0.000192
4.33487,347.52,10.895654,1.027317,0.999814,9.868337,0.026917,0.000289,0.000192
4.33527,347.55,10.889615,1.026129,0.999154,9.863485,0.026389,0.000289,0.000192
4.33567,347.58,10.879877,1.021327,0.994863,9.858550,0.025879,0.000288,0.000192
4.33607,347.61,10.866532,1.013002,0.987034,9.853530,0.025383,0.000288,0.000191
4.33647,347.65,10.849747,1.001320,0.975832,9.848427,0.024903,0.000287,0.000191
4.33687,347.68,10.829753,0.986512,0.961491,9.843241,0.024438,0.000287,0.000191
4.33727,347.71,10.806833,0.968862,0.944293,9.837971,0.023987,0.000287,0.000191
4.33767,347.74,10.781313,0.948694,0.924563,9.832619,0.023548,0.000286,0.000191
4.33807,347.77,10.753541,0.926357,0.902652,9.827184,0.023123,0.000286,0.000190
4.33847,347.81,10.723880,0.902213,0.878922,9.821668,0.022710,0.000285,0.000190
4.33887,347.84,10.692692,0.876623,0.853734,9.816069,0.022309,0.000285,0.000190
4.33927,347.87,10.660326,0.849938,0.827439,9.810389,0.021919,0.000284,0.000190
4.33967,347.90,10.627113,0.822485,0.800366,9.804627,0.021541,0.000284,0.000189
4.34007,347.93,10.593354,0.794569,0.772819,9.798785,0.021173,0.000284,0.000189
4.34047,347.97,10.559323,0.766461,0.745069,9.792861,0.020815,0.000283,0.000189
4.34087,348.00,10.525258,0.738400,0.717357,9.786858,0.020466,0.000283,0.000189
4.34127,348.03,10.491365,0.710591,0.689888,9.780774,0.020128,0.000282,0.000189
4.34167,348.06,10.457818,0.683207,0.662834,9.774610,0.019798,0.000282,0.000188
4.34207,348.10,10.424757,0.656390,0.636338,9.768368,0.019477,0.000282,0.000188
4.34247,348.13,10.392297,0.630252,0.610514,9.762045,0.019164,0.000281,0.000188
4.34287,348.16,10.360525,0.604881,0.585447,9.755644,0.018860,0.000281,0.000188
4.34327,348.19,10.329505,0.580340,0.561204,9.749165,0.018563,0.000280,0.000187
4.34367,348.22,10.299283,0.556676,0.537829,9.742607,0.018274,0.000280,0.000187
4.34407,348.26,10.269887,0.533915,0.515351,9.735972,0.017992,0.000280,0.000187
4.34447,348.29,10.241331,0.512072,0.493783,9.729259,0.017718,0.000279,0.000187
4.34487,348.32,10.213617,0.491148,0.473128,9.722469,0.017450,0.000279,0.000187
4.34527,348.35,10.186739,0.471137,0.453379,9.715602,0.017188,0.000278,0.000186
4.34567,348.38,10.160682,0.452023,0.434521,9.708659,0.016933,0.000278,0.000186
4.34607,348.42,10.135426,0.433786,0.416534,9.701639,0.016685,0.000278,0.000186
4.34647,348.45,10.110946,0.416402,0.399392,9.694544,0.016442,0.000277,0.000186
4.34687,348.48,10.087214,0.399840,0.383069,9.687373,0.016205,0.000277,0.000185
4.34727,348.51,10.064200,0.384072,0.367533,9.680128,0.015973,0.000276,0.000185
4.34767,348.54,10.041872,0.369064,0.352752,9.672807,0.015747,0.000276,0.000185
4.34807,348.58,10.020198,0.354785,0.338694,9.665413,0.015526,0.000276,0.000185
4.34847,348.61,9.999145,0.341201,0.325326,9.657944,0.015310,0.000275,0.000185
4.34887,348.64,9.978681,0.328279,0.312616,9.650402,0.015099,0.000275,0.000184
4.34927,348.67,9.958773,0.315987,0.300531,9.642786,0.014893,0.000274,0.000184
4.34967,348.70,9.939391,0.304294,0.289040,9.635098,0.014691,0.000274,0.000184
4.35007,348.74,9.920505,0.293168,0.278112,9.627337,0.014494,0.000274,0.000184
4.35047,348.77,9.902084,0.282580,0.267718,9.619504,0.014301,0.000273,0.000184
4.35087,348.80,9.884102,0.272502,0.257830,9.611599,0.014113,0.000273,0.000183
4.35127,348.83,9.866531,0.262907,0.248420,9.603623,0.013928,0.000272,0.000183
4.35167,348.86,9.849346,0.253769,0.239463,9.595576,0.013747,0.000272,0.000183
4.35207,348.90,9.832522,0.245063,0.230934,9.587459,0.013570,0.000272,0.000183
4.35247,348.93,9.816037,0.236765,0.222810,9.579271,0.013397,0.000271,0.000182
4.35287,348.96,9.799868,0.228854,0.215069,9.571014,0.013228,0.000271,0.000182
4.35327,348.99,9.783996,0.221309,0.207691,9.562687,0.013062,0.000270,0.000182
4.35367,349.03,9.768400,0.214109,0.200654,9.554292,0.012899,0.000270,0.000182
4.35407,349.06,9.753063,0.207236,0.193941,9.545827,0.012740,0.000270,0.000182
4.35447,349.09,9.737967,0.200672,0.187534,9.537295,0.012583,0.000269,0.000181
4.35487,349.12,9.723095,0.194400,0.181416,9.528695,0.012430,0.000269,0.000181
4.35527,349.15,9.708433,0.188406,0.175572,9.520027,0.012280,0.000269,0.000181
4.35567,349.19,9.693966,0.182673,0.169987,9.511293,0.012133,0.000268,0.000181
4.35607,349.22,9.679680,0.177189,0.164647,9.502492,0.011989,0.000268,0.000181
4.35647,349.25,9.665564,0.171939,0.159539,9.493625,0.011848,0.000267,0.000180
4.35687,349.28,9.651604,0.166912,0.154652,9.484692,0.011709,0.000267,0.000180
4.35727,349.31,9.637790,0.162096,0.149972,9.475694,0.011573,0.000267,0.000180
4.35767,349.35,9.624111,0.157480,0.145490,9.466631,0.011440,0.000266,0.000180
4.35807,349.38,9.610557,0.153054,0.141195,9.457503,0.011309,0.000266,0.000180
4.35847,349.41,9.597119,0.148807,0.137078,9.448312,0.011181,0.000266,0.000179
4.35887,349.44,9.583789,0.144732,0.133129,9.439057,0.011055,0.000265,0.000179
4.35927,349.47,9.570557,0.140819,0.129340,9.429739,0.010931,0.000265,0.000179
4.35967,349.51,9.557417,0.137059,0.125703,9.420358,0.010809,0.000264,0.000179
4.36007,349.54,9.544362,0.133447,0.122211,9.410915,0.010690,0.000264,0.000179
4.36047,349.57,9.531383,0.129974,0.118855,9.401410,0.010573,0.000264,0.000178
4.36087,349.60,9.518476,0.126633,0.115630,9.391843,0.010458,0.000263,0.000178
4.36127,349.63,9.505634,0.123418,0.112529,9.382215,0.010345,0.000263,0.000178
4.36167,349.67,9.492851,0.120324,0.109546,9.372527,0.010234,0.000263,0.000178
4.36207,349.70,9.480123,0.117344,0.106676,9.362779,0.010125,0.000262,0.000178
4.36247,349.73,9.467444,0.114473,0.103913,9.352971,0.010018,0.000262,0.000177
4.36287,349.76,9.454809,0.111705,0.101251,9.343104,0.009912,0.000262,0.000177
4.36327,349.79,9.442215,0.109037,0.098687,9.333178,0.009809,0.000261,0.000177
4.36367,349.83,9.429657,0.106464,0.096216,9.323193,0.009707,0.000261,0.000177
4.36407,349.86,9.417131,0.103980,0.093833,9.313151,0.009607,0.000260,0.000177
4.36447,349.89,9.404634,0.101583,0.091535,9.303051,0.009509,0.000260,0.000176
4.36487,349.92,9.392162,0.099268,0.089318,9.292894,0.009412,0.000260,0.000176
4.36527,349.96,9.379713,0.097032,0.087177,9.282680,0.009317,0.000259,0.000176
4.36567,349.99,9.367282,0.094872,0.085111,9.272411,0.009223,0.000259,0.000176
4.36607,350.02,9.354868,0.092783,0.083114,9.262085,0.009131,0.000259,0.000176
4.36647,350.05,9.342467,0.090763,0.081185,9.251704,0.009041,0.000258,0.000175
4.36687,350.08,9.330078,0.088809,0.079321,9.241269,0.008952,0.000258,0.000175
4.36727,350.12,9.317697,0.086918,0.077518,9.230779,0.008864,0.000258,0.000175
4.36767,350.15,9.305323,0.085088,0.075775,9.220235,0.008778,0.000257,0.000175
4.36807,350.18,9.292953,0.083315,0.074088,9.209638,0.008693,0.000257,0.000175
4.36847,350.21,9.280586,0.081598,0.072455,9.198988,0.008610,0.000256,0.000174
4.36887,350.24,9.268220,0.079935,0.070875,9.188285,0.008527,0.000256,0.000174
4.36927,350.28,9.255852,0.078323,0.069344,9.177530,0.008446,0.000256,0.000174
4.36967,350.31,9.243483,0.076760,0.067861,9.166723,0.008367,0.000255,0.000174
4.37007,350.34,9.231109,0.075244,0.066424,9.155865,0.008288,0.000255,0.000174
4.37047,350.37,9.218730,0.073773,0.065032,9.144956,0.008211,0.000255,0.000173
4.37087,350.40,9.206344,0.072346,0.063681,9.133997,0.008135,0.000254,0.000173
4.37127,350.44,9.193950,0.070961,0.062372,9.122989,0.008060,0.000254,0.000173
4.37167,350.47,9.181547,0.069616,0.061101,9.111931,0.007986,0.000254,0.000173
4.37207,350.50,9.169133,0.068310,0.059868,9.100823,0.007913,0.000253,0.000173
4.37247,350.53,9.156709,0.067041,0.058672,9.089668,0.007842,0.000253,0.000172
4.37287,350.56,9.144272,0.065808,0.057510,9.078464,0.007771,0.000253,0.000172
4.37327,350.60,9.131822,0.064609,0.056381,9.067213,0.007701,0.000252,0.000172
4.37367,350.63,9.119359,0.063444,0.055285,9.055915,0.007633,0.000252,0.000172
4.37407,350.66,9.106880,0.062311,0.054220,9.044570,0.007565,0.000252,0.000172
4.37447,350.69,9.094387,0.061208,0.053185,9.033179,0.007499,0.000251,0.000171
4.37487,350.72,9.081877,0.060136,0.052178,9.021742,0.007433,0.000251,0.000171
4.37527,350.76,9.069351,0.059092,0.051200,9.010260,0.007368,0.000251,0.000171
4.37567,350.79,9.056808,0.058076,0.050248,8.998733,0.007304,0.000250,0.000171
4.37607,350.82,9.044247,0.057086,0.049322,8.987161,0.007241,0.000250,0.000171
4.37647,350.85,9.031669,0.056123,0.048421,8.975546,0.007179,0.000250,0.000170
4.37687,350.89,9.019071,0.055184,0.047544,8.963887,0.007118,0.000249,0.000170
4.37727,350.92,9.006455,0.054269,0.046691,8.952186,0.007058,0.000249,0.000170
4.37767,350.95,8.993819,0.053378,0.045859,8.940441,0.006998,0.000249,0.000170
4.37807,350.98,8.981164,0.052509,0.045050,8.928655,0.006940,0.000248,0.000170
4.37847,351.01,8.968489,0.051662,0.044261,8.916827,0.006882,0.000248,0.000170
4.37887,351.05,8.955793,0.050836,0.043493,8.904958,0.006825,0.000248,0.000169
4.37927,351.08,8.943077,0.050030,0.042744,8.893048,0.006768,0.000247,0.000169
4.37967,351.11,8.930341,0.049244,0.042014,8.881097,0.006713,0.000247,0.000169
4.38007,351.14,8.917584,0.048477,0.041302,8.869107,0.006658,0.000247,0.000169
4.38047,351.17,8.904806,0.047728,0.040608,8.857078,0.006604,0.000246,0.000169
4.38087,351.21,8.892006,0.046997,0.039931,8.845009,0.006550,0.000246,0.000168
4.38127,351.24,8.879186,0.046283,0.039270,8.832902,0.006498,0.000246,0.000168
4.38167,351.27,8.866344,0.045586,0.038626,8.820758,0.006445,0.000245,0.000168
4.38207,351.30,8.853481,0.044905,0.037997,8.808575,0.006394,0.000245,0.000168
4.38247,351.33,8.840596,0.044240,0.037383,8.796356,0.006343,0.000245,0.000168
4.38287,351.37,8.827690,0.043591,0.036784,8.784099,0.006293,0.000244,0.000167
4.38327,351.40,8.814762,0.042955,0.036199,8.771807,0.006244,0.000244,0.000167
4.38367,351.43,8.801813,0.042335,0.035628,8.759479,0.006195,0.000244,0.000167
4.38407,351.46,8.788843,0.041728,0.035070,8.747115,0.006147,0.000243,0.000167
4.38447,351.49,8.775851,0.041134,0.034524,8.734716,0.006099,0.000243,0.000167
4.38487,351.53,8.762838,0.040554,0.033991,8.722284,0.006052,0.000243,0.000167
4.38527,351.56,8.749803,0.039986,0.033471,8.709817,0.006006,0.000242,0.000166
4.38567,351.59,8.736747,0.039431,0.032962,8.697316,0.005960,0.000242,0.000166
4.38607,351.62,8.723670,0.038888,0.032464,8.684782,0.005915,0.000242,0.000166
4.38647,351.65,8.710572,0.038356,0.031978,8.672216,0.005870,0.000241,0.000166
4.38687,351.69,8.697453,0.037835,0.031502,8.659618,0.005826,0.000241,0.000166
4.38727,351.72,8.684313,0.037326,0.031036,8.646987,0.005782,0.000241,0.000165
4.38767,351.75,8.671153,0.036827,0.030581,8.634326,0.005739,0.000240,0.000165
4.38807,351.78,8.657971,0.036338,0.030136,8.621633,0.005697,0.000240,0.000165
4.38847,351.82,8.644770,0.035860,0.029700,8.608910,0.005654,0.000240,0.000165
4.38887,351.85,8.631548,0.035391,0.029273,8.596157,0.005613,0.000239,0.000165
4.38927,351.88,8.618306,0.034932,0.028856,8.583374,0.005572,0.000239,0.000165
4.38967,351.91,8.605044,0.034482,0.028447,8.570562,0.005531,0.000239,0.000164
4.39007,351.94,8.591763,0.034041,0.028047,8.557722,0.005491,0.000238,0.000164
4.39047,351.98,8.578462,0.033609,0.027655,8.544853,0.005451,0.000238,0.000164
4.39087,352.01,8.565141,0.033186,0.027271,8.531956,0.005412,0.000238,0.000164
4.39127,352.04,8.551802,0.032770,0.026895,8.519031,0.005373,0.000237,0.000164
4.39167,352.07,8.538443,0.032363,0.026527,8.506080,0.005335,0.000237,0.000163
4.39207,352.10,8.525066,0.031964,0.026166,8.493102,0.005297,0.000237,0.000163
4.39247,352.14,8.511670,0.031572,0.025813,8.480098,0.005260,0.000237,0.000163
4.39287,352.17,8.498256,0.031188,0.025466,8.467068,0.005223,0.000236,0.000163
4.39327,352.20,8.484824,0.030812,0.025126,8.454013,0.005186,0.000236,0.000163
4.39367,352.23,8.471374,0.030442,0.024793,8.440932,0.005150,0.000236,0.000163
4.39407,352.26,8.457907,0.030079,0.024467,8.427827,0.005114,0.000235,0.000162
4.39447,352.30,8.444422,0.029723,0.024147,8.414699,0.005079,0.000235,0.000162
4.39487,352.33,8.430920,0.029374,0.023833,8.401546,0.005044,0.000235,0.000162
4.39527,352.36,8.417401,0.029031,0.023525,8.388370,0.005009,0.000234,0.000162
4.39567,352.39,8.403866,0.028694,0.023223,8.375172,0.004975,0.000234,0.000162
4.39607,352.42,8.390314,0.028363,0.022927,8.361951,0.004941,0.000234,0.000162
4.39647,352.46,8.376746,0.028039,0.022636,8.348707,0.004907,0.000233,0.000161
4.39687,352.49,8.363162,0.027720,0.022351,8.335443,0.004874,0.000233,0.000161
4.39727,352.52,8.349563,0.027407,0.022071,8.322157,0.004842,0.000233,0.000161
4.39767,352.55,8.335949,0.027099,0.021796,8.308850,0.004809,0.000232,0.000161
4.39807,352.58,8.322319,0.026797,0.021527,8.295523,0.004777,0.000232,0.000161
4.39847,352.62,8.308675,0.026500,0.021262,8.282175,0.004745,0.000232,0.000160
4.39887,352.65,8.295016,0.026208,0.021002,8.268808,0.004714,0.000232,0.000160
4.39927,352.68,8.281343,0.025921,0.020747,8.255422,0.004683,0.000231,0.000160
4.39967,352.71,8.267657,0.025639,0.020496,8.242017,0.004652,0.000231,0.000160
4.40007,352.75,8.253956,0.025362,0.020250,8.228594,0.004622,0.000231,0.000160
4.40047,352.78,8.240243,0.025090,0.020008,8.215153,0.004592,0.000230,0.000160
4.40087,352.81,8.226516,0.024822,0.019771,8.201694,0.004562,0.000230,0.000159
4.40127,352.84,8.212776,0.024559,0.019538,8.188217,0.004532,0.000230,0.000159
4.40167,352.87,8.199024,0.024300,0.019308,8.174724,0.004503,0.000229,0.000159
4.40207,352.91,8.185260,0.024045,0.019083,8.161215,0.004474,0.000229,0.000159
4.40247,352.94,8.171484,0.023795,0.018862,8.147689,0.004446,0.000229,0.000159
4.40287,352.97,8.157696,0.023549,0.018644,8.134147,0.004417,0.000229,0.000159
4.40327,353.00,8.143897,0.023306,0.018431,8.120591,0.004389,0.000228,0.000158
4.40367,353.03,8.130087,0.023068,0.018220,8.107019,0.004362,0.000228,0.000158
4.40407,353.07,8.116266,0.022833,0.018014,8.093432,0.004334,0.000228,0.000158
4.40447,353.10,8.102434,0.022602,0.017811,8.079832,0.004307,0.000227,0.000158
4.40487,353.13,8.088593,0.022375,0.017611,8.066217,0.004280,0.000227,0.000158
4.40527,353.16,8.074741,0.022152,0.017414,8.052590,0.004254,0.000227,0.000158
4.40567,353.19,8.060880,0.021932,0.017221,8.038949,0.004227,0.000227,0.000157
4.40607,353.23,8.047010,0.021715,0.017031,8.025295,0.004201,0.000226,0.000157
4.40647,353.26,8.033131,0.021502,0.016844,8.011629,0.004175,0.000226,0.000157
4.40687,353.29,8.019243,0.021292,0.016660,7.997951,0.004150,0.000226,0.000157
4.40727,353.32,8.005346,0.021085,0.016480,7.984261,0.004124,0.000225,0.000157
4.40767,353.35,7.991441,0.020882,0.016302,7.970560,0.004099,0.000225,0.000157
4.40807,353.39,7.977529,0.020681,0.016127,7.956848,0.004074,0.000225,0.000156
4.40847,353.42,7.963609,0.020484,0.015954,7.943125,0.004050,0.000224,0.000156
4.40887,353.45,7.949682,0.020289,0.015785,7.929393,0.004025,0.000224,0.000156
4.40927,353.48,7.935748,0.020098,0.015618,7.915650,0.004001,0.000224,0.000156
4.40967,353.51,7.921807,0.019909,0.015453,7.901898,0.003977,0.000224,0.000156
4.41007,353.55,7.907860,0.019723,0.015292,7.888136,0.003954,0.000223,0.000156
4.41047,353.58,7.893906,0.019540,0.015132,7.874366,0.003930,0.000223,0.000155
4.41087,353.61,7.879947,0.019359,0.014976,7.860588,0.003907,0.000223,0.000155
4.41127,353.64,7.865982,0.019182,0.014821,7.846801,0.003884,0.000222,0.000155
4.41167,353.68,7.852013,0.019006,0.014669,7.833006,0.003861,0.000222,0.000155
4.41207,353.71,7.838038,0.018834,0.014520,7.819204,0.003838,0.000222,0.000155
4.41247,353.74,7.824058,0.018663,0.014372,7.805395,0.003816,0.000222,0.000155
4.41287,353.77,7.810074,0.018495,0.014227,7.791579,0.003794,0.000221,0.000154
4.41327,353.80,7.796086,0.018330,0.014084,7.777756,0.003772,0.000221,0.000154
4.41367,353.84,7.782095,0.018167,0.013943,7.763928,0.003750,0.000221,0.000154
4.41407,353.87,7.768099,0.018006,0.013805,7.750093,0.003728,0.000220,0.000154
4.41447,353.90,7.754101,0.017847,0.013668,7.736253,0.003707,0.000220,0.000154
4.41487,353.93,7.740099,0.017691,0.013533,7.722408,0.003686,0.000220,0.000154
4.41527,353.96,7.726095,0.017537,0.013400,7.708558,0.003665,0.000220,0.000153
4.41567,354.00,7.712089,0.017385,0.013270,7.694704,0.003644,0.000219,0.000153
4.41607,354.03,7.698080,0.017235,0.013141,7.680845,0.003623,0.000219,0.000153
4.41647,354.06,7.684069,0.017087,0.013014,7.666983,0.003603,0.000219,0.000153
4.41687,354.09,7.670057,0.016941,0.012888,7.653116,0.003583,0.000219,0.000153
4.41727,354.12,7.656044,0.016797,0.012765,7.639247,0.003563,0.000218,0.000153
4.41767,354.16,7.642029,0.016655,0.012643,7.625374,0.003543,0.000218,0.000152
4.41807,354.19,7.628014,0.016515,0.012523,7.611499,0.003523,0.000218,0.000152
4.41847,354.22,7.613998,0.016376,0.012405,7.597622,0.003503,0.000217,0.000152
4.41887,354.25,7.599982,0.016240,0.012289,7.583742,0.003484,0.000217,0.000152
4.41927,354.28,7.585966,0.016105,0.012174,7.569861,0.003465,0.000217,0.000152
4.41967,354.32,7.571951,0.015972,0.012060,7.555978,0.003446,0.000217,0.000152
4.42007,354.35,7.557936,0.015841,0.011948,7.542094,0.003427,0.000216,0.000151
4.42047,354.38,7.543921,0.015712,0.011838,7.528210,0.003408,0.000216,0.000151
4.42087,354.41,7.529908,0.015584,0.011729,7.514324,0.003390,0.000216,0.000151
4.42127,354.44,7.515896,0.015458,0.011622,7.500439,0.003371,0.000215,0.000151
4.42167,354.48,7.501886,0.015333,0.011516,7.486553,0.003353,0.000215,0.000151
4.42207,354.51,7.487878,0.015211,0.011412,7.472667,0.003335,0.000215,0.000151
4.42247,354.54,7.473872,0.015089,0.011309,7.458783,0.003317,0.000215,0.000151
4.42287,354.57,7.459868,0.014969,0.011207,7.444899,0.003299,0.000214,0.000150
4.42327,354.61,7.445867,0.014851,0.011107,7.431016,0.003282,0.000214,0.000150
4.42367,354.64,7.431868,0.014734,0.011008,7.417134,0.003264,0.000214,0.000150
4.42407,354.67,7.417873,0.014619,0.010911,7.403254,0.003247,0.000214,0.000150
4.42447,354.70,7.403881,0.014505,0.010815,7.389376,0.003230,0.000213,0.000150
4.42487,354.73,7.389893,0.014392,0.010719,7.375501,0.003213,0.000213,0.000150
4.42527,354.77,7.375909,0.014281,0.010626,7.361627,0.003196,0.000213,0.000149
4.42567,354.80,7.361928,0.014172,0.010533,7.347757,0.003179,0.000213,0.000149
4.42607,354.83,7.347953,0.014063,0.010442,7.333889,0.003162,0.000212,0.000149
4.42647,354.86,7.333981,0.013956,0.010352,7.320025,0.003146,0.000212,0.000149
4.42687,354.89,7.320015,0.013850,0.010263,7.306165,0.003129,0.000212,0.000149
4.42727,354.93,7.306053,0.013746,0.010175,7.292308,0.003113,0.000211,0.000149
4.42767,354.96,7.292097,0.013642,0.010088,7.278455,0.003097,0.000211,0.000148
4.42807,354.99,7.278146,0.013540,0.010002,7.264606,0.003081,0.000211,0.000148
4.42847,355.02,7.264202,0.013439,0.009918,7.250762,0.003065,0.000211,0.000148
4.42887,355.05,7.250263,0.013340,0.009834,7.236923,0.003050,0.000210,0.000148
4.42927,355.09,7.236330,0.013241,0.009752,7.223089,0.003034,0.000210,0.000148
4.42967,355.12,7.222404,0.013144,0.009670,7.209260,0.003019,0.000210,0.000148
4.43007,355.15,7.208484,0.013048,0.009590,7.195436,0.003003,0.000210,0.000148
4.43047,355.18,7.194571,0.012953,0.009510,7.181619,0.002988,0.000209,0.000147
4.43087,355.21,7.180666,0.012859,0.009432,7.167807,0.002973,0.000209,0.000147
4.43127,355.25,7.166768,0.012766,0.009355,7.154002,0.002958,0.000209,0.000147
4.43167,355.28,7.152877,0.012674,0.009278,7.140203,0.002943,0.000209,0.000147
4.43207,355.31,7.138994,0.012583,0.009202,7.126411,0.002928,0.000208,0.000147
4.43247,355.34,7.125119,0.012493,0.009128,7.112625,0.002914,0.000208,0.000147
4.43287,355.37,7.111252,0.012405,0.009054,7.098847,0.002899,0.000208,0.000147
4.43327,355.41,7.097394,0.012317,0.008981,7.085077,0.002885,0.000208,0.000146
4.43367,355.44,7.083544,0.012230,0.008909,7.071314,0.002871,0.000207,0.000146
4.43407,355.47,7.069703,0.012144,0.008838,7.057558,0.002857,0.000207,0.000146
4.43447,355.50,7.055871,0.012060,0.008768,7.043811,0.002842,0.000207,0.000146
4.43487,355.53,7.042048,0.011976,0.008698,7.030072,0.002829,0.000207,0.000146
4.43527,355.57,7.028235,0.011893,0.008629,7.016342,0.002815,0.000206,0.000146
4.43567,355.60,7.014431,0.011811,0.008562,7.002620,0.002801,0.000206,0.000145
4.43607,355.63,7.000637,0.011730,0.008494,6.988907,0.002787,0.000206,0.000145
4.43647,355.66,6.986853,0.011649,0.008428,6.975204,0.002774,0.000206,0.000145
4.43687,355.70,6.973079,0.011570,0.008363,6.961509,0.002760,0.000205,0.000145
4.43727,355.73,6.959316,0.011492,0.008298,6.947824,0.002747,0.000205,0.000145
4.43767,355.76,6.945563,0.011414,0.008234,6.934149,0.002734,0.000205,0.000145
4.43807,355.79,6.931821,0.011337,0.008171,6.920484,0.002721,0.000204,0.000145
4.43847,355.82,6.918090,0.011261,0.008108,6.906829,0.002708,0.000204,0.000144
4.43887,355.86,6.904371,0.011186,0.008046,6.893185,0.002695,0.000204,0.000144
4.43927,355.89,6.890662,0.011112,0.007985,6.879551,0.002682,0.000204,0.000144
4.43967,355.92,6.876965,0.011038,0.007925,6.865927,0.002669,0.000203,0.000144
4.44007,355.95,6.863280,0.010965,0.007865,6.852315,0.002657,0.000203,0.000144
4.44047,355.98,6.849607,0.010893,0.007806,6.838713,0.002644,0.000203,0.000144
4.44087,356.02,6.835945,0.010822,0.007748,6.825123,0.002632,0.000203,0.000144
4.44127,356.05,6.822296,0.010751,0.007690,6.811545,0.002619,0.000203,0.000143
4.44167,356.08,6.808660,0.010681,0.007633,6.797978,0.002607,0.000202,0.000143
4.44207,356.11,6.795036,0.010612,0.007576,6.784423,0.002595,0.000202,0.000143
4.44247,356.14,6.781424,0.010544,0.007520,6.770880,0.002583,0.000202,0.000143
4.44287,356.18,6.767826,0.010476,0.007465,6.757350,0.002571,0.000202,0.000143
4.44327,356.21,6.754241,0.010409,0.007410,6.743831,0.002559,0.000201,0.000143
4.44367,356.24,6.740669,0.010343,0.007356,6.730326,0.002547,0.000201,0.000142
4.44407,356.27,6.727110,0.010277,0.007303,6.716833,0.002535,0.000201,0.000142
4.44447,356.30,6.713565,0.010212,0.007250,6.703353,0.002524,0.000201,0.000142
4.44487,356.34,6.700034,0.010148,0.007198,6.689886,0.002512,0.000200,0.000142
4.44527,356.37,6.686516,0.010084,0.007146,6.676432,0.002500,0.000200,0.000142
4.44567,356.40,6.673013,0.010021,0.007095,6.662992,0.002489,0.000200,0.000142
4.44607,356.43,6.659524,0.009959,0.007044,6.649565,0.002478,0.000200,0.000142
4.44647,356.46,6.646049,0.009897,0.006994,6.636152,0.002466,0.000199,0.000141
4.44687,356.50,6.632589,0.009836,0.006944,6.622753,0.002455,0.000199,0.000141
4.44727,356.53,6.619144,0.009775,0.006895,6.609368,0.002444,0.000199,0.000141
4.44767,356.56,6.605713,0.009715,0.006847,6.595997,0.002433,0.000199,0.000141
4.44807,356.59,6.592297,0.009656,0.006799,6.582641,0.002422,0.000198,0.000141
4.44847,356.63,6.578896,0.009597,0.006751,6.569299,0.002411,0.000198,0.000141
4.44887,356.66,6.565511,0.009539,0.006704,6.555972,0.002401,0.000198,0.000141
4.44927,356.69,6.552141,0.009481,0.006658,6.542660,0.002390,0.000198,0.000140
4.44967,356.72,6.538787,0.009424,0.006612,6.529362,0.002379,0.000197,0.000140
4.45007,356.75,6.525448,0.009368,0.006566,6.516080,0.002369,0.000197,0.000140
4.45047,356.79,6.512125,0.009312,0.006521,6.502813,0.002358,0.000197,0.000140
4.45087,356.82,6.498818,0.009256,0.006476,6.489562,0.002348,0.000197,0.000140
4.45127,356.85,6.485527,0.009201,0.006432,6.476326,0.002338,0.000196,0.000140
4.45167,356.88,6.472253,0.009147,0.006388,6.463106,0.002327,0.000196,0.000140
4.45207,356.91,6.458994,0.009093,0.006345,6.449901,0.002317,0.000196,0.000139
4.45247,356.95,6.445752,0.009040,0.006302,6.436713,0.002307,0.000196,0.000139
4.45287,356.98,6.432527,0.008987,0.006260,6.423540,0.002297,0.000195,0.000139
4.45327,357.01,6.419319,0.008934,0.006218,6.410384,0.002287,0.000195,0.000139
4.45367,357.04,6.406127,0.008882,0.006176,6.397245,0.002277,0.000195,0.000139
4.45407,357.07,6.392952,0.008831,0.006135,6.384121,0.002267,0.000195,0.000139
4.45447,357.11,6.379795,0.008780,0.006094,6.371015,0.002257,0.000195,0.000139
4.45487,357.14,6.366654,0.008729,0.006054,6.357925,0.002248,0.000194,0.000139
4.45527,357.17,6.353531,0.008679,0.006014,6.344852,0.002238,0.000194,0.000138
4.45567,357.20,6.340426,0.008630,0.005974,6.331796,0.002228,0.000194,0.000138
4.45607,357.23,6.327338,0.008581,0.005935,6.318757,0.002219,0.000194,0.000138
4.45647,357.27,6.314268,0.008532,0.005896,6.305736,0.002209,0.000193,0.000138
4.45687,357.30,6.301215,0.008484,0.005858,6.292732,0.002200,0.000193,0.000138
4.45727,357.33,6.288181,0.008436,0.005820,6.279745,0.002191,0.000193,0.000138
4.45767,357.36,6.275164,0.008389,0.005782,6.266776,0.002181,0.000193,0.000138
4.45807,357.39,6.262166,0.008342,0.005745,6.253824,0.002172,0.000192,0.000137
4.45847,357.43,6.249186,0.008295,0.005708,6.240891,0.002163,0.000192,0.000137
4.45887,357.46,6.236224,0.008249,0.005671,6.227975,0.002154,0.000192,0.000137
4.45927,357.49,6.223281,0.008203,0.005635,6.215077,0.002145,0.000192,0.000137
4.45967,357.52,6.210356,0.008158,0.005599,6.202198,0.002136,0.000192,0.000137
4.46007,357.56,6.197450,0.008113,0.005564,6.189337,0.002127,0.000191,0.000137
4.46047,357.59,6.184562,0.008069,0.005528,6.176494,0.002118,0.000191,0.000137
4.46087,357.62,6.171694,0.008025,0.005494,6.163669,0.002109,0.000191,0.000136
4.46127,357.65,6.158844,0.007981,0.005459,6.150863,0.002100,0.000191,0.000136
4.46167,357.68,6.146014,0.007938,0.005425,6.138076,0.002092,0.000190,0.000136
4.46207,357.72,6.133202,0.007895,0.005391,6.125308,0.002083,0.000190,0.000136
4.46247,357.75,6.120410,0.007852,0.005357,6.112558,0.002074,0.000190,0.000136
4.46287,357.78,6.107637,0.007810,0.005324,6.099828,0.002066,0.000190,0.000136
4.46327,357.81,6.094884,0.007768,0.005291,6.087116,0.002057,0.000190,0.000136
4.46367,357.84,6.082150,0.007727,0.005258,6.074423,0.002049,0.000189,0.000135
4.46407,357.88,6.069436,0.007686,0.005226,6.061750,0.002041,0.000189,0.000135
4.46447,357.91,6.056741,0.007645,0.005194,6.049096,0.002032,0.000189,0.000135
4.46487,357.94,6.044066,0.007604,0.005162,6.036462,0.002024,0.000189,0.000135
4.46527,357.97,6.031411,0.007564,0.005131,6.023847,0.002016,0.000188,0.000135
4.46567,358.00,6.018776,0.007524,0.005099,6.011252,0.002008,0.000188,0.000135
4.46607,358.04,6.006161,0.007485,0.005068,5.998676,0.002000,0.000188,0.000135
4.46647,358.07,5.993566,0.007446,0.005038,5.986120,0.001992,0.000188,0.000135
4.46687,358.10,5.980991,0.007407,0.005007,5.973584,0.001984,0.000188,0.000134
4.46727,358.13,5.968436,0.007369,0.004977,5.961068,0.001976,0.000187,0.000134
4.46767,358.16,5.955902,0.007331,0.004948,5.948571,0.001968,0.000187,0.000134
4.46807,358.20,5.943388,0.007293,0.004918,5.936095,0.001960,0.000187,0.000134
4.46847,358.23,5.930895,0.007255,0.004889,5.923639,0.001952,0.000187,0.000134
4.46887,358.26,5.918422,0.007218,0.004860,5.911203,0.001944,0.000186,0.000134
4.46927,358.29,5.905969,0.007181,0.004831,5.898788,0.001936,0.000186,0.000134
4.46967,358.32,5.893538,0.007145,0.004802,5.886393,0.001929,0.000186,0.000133
4.47007,358.36,5.881127,0.007108,0.004774,5.874018,0.001921,0.000186,0.000133
4.47047,358.39,5.868737,0.007073,0.004746,5.861664,0.001914,0.000186,0.000133
4.47087,358.42,5.856367,0.007037,0.004718,5.849330,0.001906,0.000185,0.000133
4.47127,358.45,5.844019,0.007001,0.004691,5.837018,0.001899,0.000185,0.000133
4.47167,358.49,5.831692,0.006966,0.004664,5.824725,0.001891,0.000185,0.000133
4.47207,358.52,5.819385,0.006932,0.004636,5.812454,0.001884,0.000185,0.000133
4.47247,358.55,5.807100,0.006897,0.004610,5.800203,0.001876,0.000184,0.000133
4.47287,358.58,5.794836,0.006863,0.004583,5.787974,0.001869,0.000184,0.000132
4.47327,358.61,5.782594,0.006829,0.004557,5.775765,0.001862,0.000184,0.000132
4.47367,358.65,5.770372,0.006795,0.004531,5.763577,0.001855,0.000184,0.000132
4.47407,358.68,5.758172,0.006762,0.004505,5.751411,0.001848,0.000184,0.000132
4.47447,358.71,5.745994,0.006728,0.004479,5.739265,0.001840,0.000183,0.000132
4.47487,358.74,5.733837,0.006695,0.004454,5.727141,0.001833,0.000183,0.000132
4.47527,358.77,5.721701,0.006663,0.004428,5.715038,0.001826,0.000183,0.000132
4.47567,358.81,5.709587,0.006630,0.004403,5.702957,0.001819,0.000183,0.000132
4.47607,358.84,5.697494,0.006598,0.004378,5.690896,0.001812,0.000183,0.000131
4.47647,358.87,5.685424,0.006566,0.004354,5.678857,0.001805,0.000182,0.000131
4.47687,358.90,5.673375,0.006535,0.004329,5.666840,0.001798,0.000182,0.000131
4.47727,358.93,5.661347,0.006503,0.004305,5.654844,0.001792,0.000182,0.000131
4.47767,358.97,5.649342,0.006472,0.004281,5.642870,0.001785,0.000182,0.000131
4.47807,359.00,5.637358,0.006441,0.004257,5.630917,0.001778,0.000181,0.000131
4.47847,359.03,5.625397,0.006410,0.004234,5.618986,0.001771,0.000181,0.000131
4.47887,359.06,5.613457,0.006380,0.004210,5.607077,0.001765,0.000181,0.000131
4.47927,359.09,5.601539,0.006350,0.004187,5.595189,0.001758,0.000181,0.000130
4.47967,359.13,5.589644,0.006320,0.004164,5.583324,0.001751,0.000181,0.000130
4.48007,359.16,5.577770,0.006290,0.004141,5.571480,0.001745,0.000180,0.000130
4.48047,359.19,5.565918,0.006260,0.004119,5.559658,0.001738,0.000180,0.000130
4.48087,359.22,5.554089,0.006231,0.004096,5.547858,0.001732,0.000180,0.000130
4.48127,359.25,5.542282,0.006202,0.004074,5.536080,0.001725,0.000180,0.000130
4.48167,359.29,5.530497,0.006173,0.004052,5.524324,0.001719,0.000180,0.000130
4.48207,359.32,5.518734,0.006144,0.004030,5.512590,0.001713,0.000179,0.000129
4.48247,359.35,5.506994,0.006116,0.004008,5.500878,0.001706,0.000179,0.000129
4.48287,359.38,5.495276,0.006088,0.003987,5.489188,0.001700,0.000179,0.000129
4.48327,359.42,5.483580,0.006060,0.003965,5.477520,0.001694,0.000179,0.000129
4.48367,359.45,5.471907,0.006032,0.003944,5.465875,0.001687,0.000179,0.000129
4.48407,359.48,5.460256,0.006004,0.003923,5.454252,0.001681,0.000178,0.000129
4.48447,359.51,5.448627,0.005977,0.003902,5.442651,0.001675,0.000178,0.000129
4.48487,359.54,5.437021,0.005950,0.003881,5.431072,0.001669,0.000178,0.000129
4.48527,359.58,5.425438,0.005923,0.003861,5.419515,0.001663,0.000178,0.000128
4.48567,359.61,5.413877,0.005896,0.003840,5.407981,0.001657,0.000178,0.000128
4.48607,359.64,5.402339,0.005869,0.003820,5.396470,0.001651,0.000177,0.000128
4.48647,359.67,5.390823,0.005843,0.003800,5.384980,0.001645,0.000177,0.000128
4.48687,359.70,5.379330,0.005817,0.003780,5.373513,0.001639,0.000177,0.000128
4.48727,359.74,5.367860,0.005791,0.003760,5.362069,0.001633,0.000177,0.000128
4.48767,359.77,5.356412,0.005765,0.003741,5.350647,0.001627,0.000177,0.000128
4.48807,359.80,5.344987,0.005739,0.003721,5.339248,0.001621,0.000176,0.000128
4.48847,359.83,5.333584,0.005714,0.003702,5.327871,0.001615,0.000176,0.000127
4.48887,359.86,5.322204,0.005688,0.003683,5.316516,0.001610,0.000176,0.000127
4.48927,359.90,5.310848,0.005663,0.003664,5.305184,0.001604,0.000176,0.000127
4.48967,359.93,5.299513,0.005638,0.003645,5.293875,0.001598,0.000176,0.000127
4.49007,359.96,5.288202,0.005613,0.003626,5.282589,0.001592,0.000175,0.000127
4.49047,359.99,5.276913,0.005589,0.003608,5.271324,0.001587,0.000175,0.000127
4.49087,360.02,5.265648,0.005564,0.003589,5.260083,0.001581,0.000175,0.000127
4.49127,360.06,5.254405,0.005540,0.003571,5.248864,0.001575,0.000175,0.000127
4.49167,360.09,5.243185,0.005516,0.003553,5.237668,0.001570,0.000175,0.000127
4.49207,360.12,5.231987,0.005492,0.003535,5.226495,0.001564,0.000174,0.000126
4.49247,360.15,5.220813,0.005469,0.003517,5.215344,0.001559,0.000174,0.000126
4.49287,360.18,5.209661,0.005445,0.003499,5.204217,0.001553,0.000174,0.000126
4.49327,360.22,5.198533,0.005422,0.003482,5.193111,0.001548,0.000174,0.000126
4.49367,360.25,5.187427,0.005398,0.003464,5.182029,0.001542,0.000174,0.000126
4.49407,360.28,5.176344,0.005375,0.003447,5.170969,0.001537,0.000173,0.000126
4.49447,360.31,5.165285,0.005352,0.003430,5.159932,0.001532,0.000173,0.000126
4.49487,360.35,5.154248,0.005330,0.003413,5.148918,0.001526,0.000173,0.000126
4.49527,360.38,5.143234,0.005307,0.003396,5.137927,0.001521,0.000173,0.000125
4.49567,360.41,5.132243,0.005284,0.003379,5.126958,0.001516,0.000173,0.000125
4.49607,360.44,5.121275,0.005262,0.003362,5.116013,0.001511,0.000172,0.000125
4.49647,360.47,5.110330,0.005240,0.003345,5.105090,0.001505,0.000172,0.000125
4.49687,360.51,5.099408,0.005218,0.003329,5.094190,0.001500,0.000172,0.000125
4.49727,360.54,5.088509,0.005196,0.003313,5.083312,0.001495,0.000172,0.000125
4.49767,360.57,5.077632,0.005174,0.003296,5.072458,0.001490,0.000172,0.000125
4.49807,360.60,5.066779,0.005153,0.003280,5.061626,0.001485,0.000171,0.000125
4.49847,360.63,5.055949,0.005131,0.003264,5.050818,0.001480,0.000171,0.000124
4.49887,360.67,5.045142,0.005110,0.003248,5.040032,0.001475,0.000171,0.000124
4.49927,360.70,5.034358,0.005089,0.003233,5.029269,0.001470,0.000171,0.000124
4.49967,360.73,5.023597,0.005068,0.003217,5.018528,0.001465,0.000171,0.000124
4.50008,360.76,5.012858,0.005047,0.003202,5.007811,0.001460,0.000170,0.000124
4.50048,360.79,5.002143,0.005027,0.003186,4.997117,0.001455,0.000170,0.000124
4.50088,360.83,4.991451,0.005006,0.003171,4.986445,0.001450,0.000170,0.000124
4.50128,360.86,4.980782,0.004986,0.003156,4.975796,0.001445,0.000170,0.000124
4.50168,360.89,4.970135,0.004965,0.003141,4.965170,0.001440,0.000170,0.000124
4.50208,360.92,4.959512,0.004945,0.003126,4.954567,0.001435,0.000170,0.000123
4.50248,360.95,4.948912,0.004925,0.003111,4.943987,0.001430,0.000169,0.000123
4.50288,360.99,4.938335,0.004905,0.003096,4.933429,0.001425,0.000169,0.000123
4.50328,361.02,4.927780,0.004885,0.003081,4.922895,0.001421,0.000169,0.000123
4.50368,361.05,4.917249,0.004866,0.003067,4.912383,0.001416,0.000169,0.000123
4.50408,361.08,4.906740,0.004846,0.003052,4.901894,0.001411,0.000169,0.000123
4.50448,361.11,4.896255,0.004827,0.003038,4.891428,0.001406,0.000168,0.000123
4.50488,361.15,4.885792,0.004808,0.003024,4.880985,0.001402,0.000168,0.000123
4.50528,361.18,4.875353,0.004788,0.003010,4.870564,0.001397,0.000168,0.000122
4.50568,361.21,4.864936,0.004769,0.002996,4.860167,0.001392,0.000168,0.000122
4.50608,361.24,4.854542,0.004751,0.002982,4.849792,0.001388,0.000168,0.000122
4.50648,361.28,4.844172,0.004732,0.002968,4.839440,0.001383,0.000167,0.000122
4.50688,361.31,4.833824,0.004713,0.002954,4.829111,0.001379,0.000167,0.000122
4.50728,361.34,4.823499,0.004695,0.002940,4.818804,0.001374,0.000167,0.000122
4.50768,361.37,4.813197,0.004676,0.002927,4.808520,0.001370,0.000167,0.000122
4.50808,361.40,4.802917,0.004658,0.002913,4.798259,0.001365,0.000167,0.000122
4.50848,361.44,4.792661,0.004640,0.002900,4.788021,0.001361,0.000167,0.000122
4.50888,361.47,4.782427,0.004622,0.002887,4.777806,0.001356,0.000166,0.000121
4.50928,361.50,4.772217,0.004604,0.002873,4.767613,0.001352,0.000166,0.000121
4.50968,361.53,4.762029,0.004586,0.002860,4.757443,0.001347,0.000166,0.000121
4.51008,361.56,4.751864,0.004568,0.002847,4.747295,0.001343,0.000166,0.000121
4.51048,361.60,4.741721,0.004550,0.002834,4.737171,0.001339,0.000166,0.000121
4.51088,361.63,4.731602,0.004533,0.002822,4.727069,0.001334,0.000165,0.000121
4.51128,361.66,4.721505,0.004516,0.002809,4.716989,0.001330,0.000165,0.000121
4.51168,361.69,4.711431,0.004498,0.002796,4.706933,0.001326,0.000165,0.000121
4.51208,361.72,4.701380,0.004481,0.002784,4.696899,0.001321,0.000165,0.000121
4.51248,361.76,4.691351,0.004464,0.002771,4.686887,0.001317,0.000165,0.000120
4.51288,361.79,4.681345,0.004447,0.002759,4.676898,0.001313,0.000165,0.000120
4.51328,361.82,4.671362,0.004430,0.002746,4.666932,0.001309,0.000164,0.000120
4.51368,361.85,4.661402,0.004413,0.002734,4.656988,0.001305,0.000164,0.000120
4.51408,361.88,4.651464,0.004397,0.002722,4.647067,0.001300,0.000164,0.000120
4.51448,361.92,4.641548,0.004380,0.002710,4.637168,0.001296,0.000164,0.000120
4.51488,361.95,4.631656,0.004364,0.002698,4.627292,0.001292,0.000164,0.000120
4.51528,361.98,4.621786,0.004347,0.002686,4.617438,0.001288,0.000163,0.000120
4.51568,362.01,4.611938,0.004331,0.002674,4.607607,0.001284,0.000163,0.000120
4.51608,362.04,4.602113,0.004315,0.002662,4.597798,0.001280,0.000163,0.000119
4.51648,362.08,4.592311,0.004299,0.002651,4.588012,0.001276,0.000163,0.000119
4.51688,362.11,4.582531,0.004283,0.002639,4.578248,0.001272,0.000163,0.000119
4.51728,362.14,4.572774,0.004267,0.002627,4.568507,0.001268,0.000163,0.000119
4.51768,362.17,4.563039,0.004251,0.002616,4.558787,0.001264,0.000162,0.000119
4.51808,362.21,4.553326,0.004236,0.002605,4.549091,0.001260,0.000162,0.000119
4.51848,362.24,4.543636,0.004220,0.002593,4.539416,0.001256,0.000162,0.000119
4.51888,362.27,4.533968,0.004205,0.002582,4.529764,0.001252,0.000162,0.000119
4.51928,362.30,4.524323,0.004189,0.002571,4.520134,0.001248,0.000162,0.000119
4.51968,362.33,4.514700,0.004174,0.002560,4.510526,0.001244,0.000161,0.000118
4.52008,362.37,4.505100,0.004159,0.002549,4.500941,0.001240,0.000161,0.000118
4.52048,362.40,4.495521,0.004143,0.002538,4.491378,0.001236,0.000161,0.000118
4.52088,362.43,4.485965,0.004128,0.002527,4.481837,0.001232,0.000161,0.000118
4.52128,362.46,4.476432,0.004113,0.002516,4.472318,0.001229,0.000161,0.000118
4.52168,362.49,4.466920,0.004099,0.002505,4.462821,0.001225,0.000161,0.000118
4.52208,362.53,4.457431,0.004084,0.002495,4.453347,0.001221,0.000160,0.000118
4.52248,362.56,4.447964,0.004069,0.002484,4.443894,0.001217,0.000160,0.000118
4.52288,362.59,4.438518,0.004055,0.002473,4.434464,0.001214,0.000160,0.000118
4.52328,362.62,4.429096,0.004040,0.002463,4.425056,0.001210,0.000160,0.000117
4.52368,362.65,4.419695,0.004026,0.002453,4.415669,0.001206,0.000160,0.000117
4.52408,362.69,4.410316,0.004011,0.002442,4.406305,0.001202,0.000160,0.000117
4.52448,362.72,4.400959,0.003997,0.002432,4.396962,0.001199,0.000159,0.000117
4.52488,362.75,4.391625,0.003983,0.002422,4.387642,0.001195,0.000159,0.000117
4.52528,362.78,4.382312,0.003969,0.002412,4.378343,0.001191,0.000159,0.000117
4.52568,362.81,4.373021,0.003955,0.002402,4.369067,0.001188,0.000159,0.000117
4.52608,362.85,4.363753,0.003941,0.002392,4.359812,0.001184,0.000159,0.000117
4.52648,362.88,4.354506,0.003927,0.002382,4.350579,0.001181,0.000159,0.000117
4.52688,362.91,4.345281,0.003913,0.002372,4.341368,0.001177,0.000158,0.000116
4.52728,362.94,4.336078,0.003899,0.002362,4.332178,0.001173,0.000158,0.000116
4.52768,362.97,4.326896,0.003886,0.002352,4.323011,0.001170,0.000158,0.000116
4.52808,363.01,4.317737,0.003872,0.002342,4.313865,0.001166,0.000158,0.000116
4.52848,363.04,4.308599,0.003859,0.002333,4.304740,0.001163,0.000158,0.000116
4.52888,363.07,4.299483,0.003845,0.002323,4.295638,0.001159,0.000157,0.000116
4.52928,363.10,4.290389,0.003832,0.002314,4.286557,0.001156,0.000157,0.000116
4.52968,363.14,4.281316,0.003819,0.002304,4.277497,0.001152,0.000157,0.000116
4.53008,363.17,4.272265,0.003806,0.002295,4.268459,0.001149,0.000157,0.000116
4.53048,363.20,4.263235,0.003793,0.002285,4.259443,0.001146,0.000157,0.000115
4.53088,363.23,4.254228,0.003779,0.002276,4.250448,0.001142,0.000157,0.000115
4.53128,363.26,4.245241,0.003767,0.002267,4.241475,0.001139,0.000156,0.000115
4.53168,363.30,4.236276,0.003754,0.002258,4.232523,0.001135,0.000156,0.000115
4.53208,363.33,4.227333,0.003741,0.002248,4.223592,0.001132,0.000156,0.000115
4.53248,363.36,4.218411,0.003728,0.002239,4.214683,0.001129,0.000156,0.000115
4.53288,363.39,4.209510,0.003715,0.002230,4.205795,0.001125,0.000156,0.000115
4.53328,363.42,4.200631,0.003703,0.002221,4.196928,0.001122,0.000156,0.000115
4.53368,363.46,4.191774,0.003690,0.002212,4.188083,0.001119,0.000155,0.000115
4.53408,363.49,4.182937,0.003678,0.002204,4.179259,0.001115,0.000155,0.000115
4.53448,363.52,4.174122,0.003665,0.002195,4.170456,0.001112,0.000155,0.000114
4.53488,363.55,4.165328,0.003653,0.002186,4.161675,0.001109,0.000155,0.000114
4.53528,363.58,4.156555,0.003641,0.002177,4.152914,0.001106,0.000155,0.000114
4.53568,363.62,4.147803,0.003629,0.002169,4.144175,0.001102,0.000155,0.000114
4.53608,363.65,4.139073,0.003617,0.002160,4.135456,0.001099,0.000154,0.000114
4.53648,363.68,4.130364,0.003605,0.002151,4.126759,0.001096,0.000154,0.000114
4.53688,363.71,4.121675,0.003593,0.002143,4.118083,0.001093,0.000154,0.000114
4.53728,363.74,4.113008,0.003581,0.002135,4.109427,0.001089,0.000154,0.000114
4.53768,363.78,4.104362,0.003569,0.002126,4.100793,0.001086,0.000154,0.000114
4.53808,363.81,4.095737,0.003557,0.002118,4.092180,0.001083,0.000154,0.000114
4.53848,363.84,4.087132,0.003545,0.002109,4.083587,0.001080,0.000153,0.000113
4.53888,363.87,4.078549,0.003534,0.002101,4.075015,0.001077,0.000153,0.000113
4.53928,363.90,4.069986,0.003522,0.002093,4.066464,0.001074,0.000153,0.000113
4.53968,363.94,4.061444,0.003510,0.002085,4.057934,0.001071,0.000153,0.000113
4.54008,363.97,4.052923,0.003499,0.002077,4.049424,0.001068,0.000153,0.000113
4.54048,364.00,4.044423,0.003487,0.002069,4.040936,0.001065,0.000153,0.000113
4.54088,364.03,4.035944,0.003476,0.002061,4.032467,0.001062,0.000153,0.000113
4.54128,364.06,4.027485,0.003465,0.002053,4.024020,0.001058,0.000152,0.000113
4.54168,364.10,4.019046,0.003454,0.002045,4.015593,0.001055,0.000152,0.000113
4.54208,364.13,4.010629,0.003442,0.002037,4.007186,0.001052,0.000152,0.000112
4.54248,364.16,4.002232,0.003431,0.002029,3.998800,0.001049,0.000152,0.000112
4.54288,364.19,3.993855,0.003420,0.002021,3.990435,0.001046,0.000152,0.000112
4.54328,364.23,3.985499,0.003409,0.002014,3.982090,0.001043,0.000152,0.000112
4.54368,364.26,3.977164,0.003398,0.002006,3.973765,0.001040,0.000151,0.000112
4.54408,364.29,3.968848,0.003387,0.001998,3.965461,0.001038,0.000151,0.000112
4.54448,364.32,3.960554,0.003377,0.001991,3.957177,0.001035,0.000151,0.000112
4.54488,364.35,3.952279,0.003366,0.001983,3.948913,0.001032,0.000151,0.000112
4.54528,364.39,3.944025,0.003355,0.001976,3.940670,0.001029,0.000151,0.000112
4.54568,364.42,3.935791,0.003344,0.001968,3.932447,0.001026,0.000151,0.000112
4.54608,364.45,3.927578,0.003334,0.001961,3.924244,0.001023,0.000150,0.000111
4.54648,364.48,3.919384,0.003323,0.001953,3.916061,0.001020,0.000150,0.000111
4.54688,364.51,3.911211,0.003313,0.001946,3.907898,0.001017,0.000150,0.000111
4.54728,364.55,3.903058,0.003302,0.001939,3.899755,0.001014,0.000150,0.000111
4.54768,364.58,3.894924,0.003292,0.001931,3.891633,0.001012,0.000150,0.000111
4.54808,364.61,3.886811,0.003281,0.001924,3.883530,0.001009,0.000150,0.000111
4.54848,364.64,3.878718,0.003271,0.001917,3.875447,0.001006,0.000149,0.000111
4.54888,364.67,3.870645,0.003261,0.001910,3.867384,0.001003,0.000149,0.000111
4.54928,364.71,3.862592,0.003251,0.001903,3.859341,0.001000,0.000149,0.000111
4.54968,364.74,3.854559,0.003241,0.001896,3.851318,0.000998,0.000149,0.000111
4.55008,364.77,3.846545,0.003231,0.001888,3.843314,0.000995,0.000149,0.000110
4.55048,364.80,3.838551,0.003221,0.001882,3.835331,0.000992,0.000149,0.000110
4.55088,364.83,3.830577,0.003211,0.001875,3.827367,0.000989,0.000149,0.000110
4.55128,364.87,3.822623,0.003201,0.001868,3.819423,0.000987,0.000148,0.000110
4.55168,364.90,3.814689,0.003191,0.001861,3.811498,0.000984,0.000148,0.000110
4.55208,364.93,3.806774,0.003181,0.001854,3.803593,0.000981,0.000148,0.000110
4.55248,364.96,3.798878,0.003171,0.001847,3.795707,0.000978,0.000148,0.000110
4.55288,364.99,3.791003,0.003161,0.001840,3.787841,0.000976,0.000148,0.000110
4.55328,365.03,3.783146,0.003152,0.001834,3.779995,0.000973,0.000148,0.000110
4.55368,365.06,3.775310,0.003142,0.001827,3.772168,0.000970,0.000147,0.000110
4.55408,365.09,3.767492,0.003133,0.001820,3.764360,0.000968,0.000147,0.000109
4.55448,365.12,3.759695,0.003123,0.001814,3.756572,0.000965,0.000147,0.000109
4.55488,365.16,3.751916,0.003113,0.001807,3.748803,0.000962,0.000147,0.000109
4.55528,365.19,3.744157,0.003104,0.001801,3.741053,0.000960,0.000147,0.000109
4.55568,365.22,3.736417,0.003095,0.001794,3.733322,0.000957,0.000147,0.000109
4.55608,365.25,3.728696,0.003085,0.001788,3.725611,0.000955,0.000147,0.000109
4.55648,365.28,3.720995,0.003076,0.001781,3.717919,0.000952,0.000146,0.000109
4.55688,365.32,3.713312,0.003067,0.001775,3.710246,0.000950,0.000146,0.000109
4.55728,365.35,3.705649,0.003058,0.001768,3.702592,0.000947,0.000146,0.000109
4.55768,365.38,3.698005,0.003048,0.001762,3.694957,0.000944,0.000146,0.000109
4.55808,365.41,3.690380,0.003039,0.001756,3.687341,0.000942,0.000146,0.000109
4.55848,365.44,3.682774,0.003030,0.001749,3.679744,0.000939,0.000146,0.000108
4.55888,365.48,3.675187,0.003021,0.001743,3.672166,0.000937,0.000145,0.000108
4.55928,365.51,3.667619,0.003012,0.001737,3.664607,0.000934,0.000145,0.000108
4.55968,365.54,3.660069,0.003003,0.001731,3.657066,0.000932,0.000145,0.000108
4.56008,365.57,3.652539,0.002994,0.001725,3.649545,0.000929,0.000145,0.000108
4.56048,365.60,3.645027,0.002985,0.001719,3.642042,0.000927,0.000145,0.000108
4.56088,365.64,3.637534,0.002977,0.001713,3.634558,0.000924,0.000145,0.000108
4.56128,365.67,3.630060,0.002968,0.001706,3.627092,0.000922,0.000145,0.000108
4.56168,365.70,3.622604,0.002959,0.001700,3.619645,0.000919,0.000144,0.000108
4.56208,365.73,3.615167,0.002950,0.001694,3.612217,0.000917,0.000144,0.000108
4.56248,365.76,3.607749,0.002942,0.001689,3.604807,0.000915,0.000144,0.000107
4.56288,365.80,3.600349,0.002933,0.001683,3.597416,0.000912,0.000144,0.000107
4.56328,365.83,3.592968,0.002925,0.001677,3.590043,0.000910,0.000144,0.000107
4.56368,365.86,3.585605,0.002916,0.001671,3.582689,0.000907,0.000144,0.000107
4.56408,365.89,3.578261,0.002908,0.001665,3.575353,0.000905,0.000144,0.000107
4.56448,365.92,3.570935,0.002899,0.001659,3.568036,0.000903,0.000143,0.000107
4.56488,365.96,3.563627,0.002891,0.001654,3.560736,0.000900,0.000143,0.000107
4.56528,365.99,3.556338,0.002882,0.001648,3.553455,0.000898,0.000143,0.000107
4.56568,366.02,3.549067,0.002874,0.001642,3.546193,0.000895,0.000143,0.000107
4.56608,366.05,3.541814,0.002866,0.001636,3.538948,0.000893,0.000143,0.000107
4.56648,366.09,3.534579,0.002857,0.001631,3.531722,0.000891,0.000143,0.000107
4.56688,366.12,3.527363,0.002849,0.001625,3.524513,0.000888,0.000143,0.000106
4.56728,366.15,3.520164,0.002841,0.001620,3.517323,0.000886,0.000142,0.000106
4.56768,366.18,3.512984,0.002833,0.001614,3.510151,0.000884,0.000142,0.000106
4.56808,366.21,3.505821,0.002825,0.001609,3.502996,0.000881,0.000142,0.000106
4.56848,366.25,3.498677,0.002817,0.001603,3.495860,0.000879,0.000142,0.000106
4.56888,366.28,3.491550,0.002809,0.001598,3.488741,0.000877,0.000142,0.000106
4.56928,366.31,3.484442,0.002801,0.001592,3.481641,0.000875,0.000142,0.000106
4.56968,366.34,3.477351,0.002793,0.001587,3.474558,0.000872,0.000142,0.000106
4.57008,366.37,3.470278,0.002785,0.001581,3.467493,0.000870,0.000141,0.000106
4.57048,366.41,3.463223,0.002777,0.001576,3.460446,0.000868,0.000141,0.000106
4.57088,366.44,3.456185,0.002769,0.001571,3.453416,0.000866,0.000141,0.000105
4.57128,366.47,3.449165,0.002761,0.001565,3.446404,0.000863,0.000141,0.000105
4.57168,366.50,3.442163,0.002754,0.001560,3.439410,0.000861,0.000141,0.000105
4.57208,366.53,3.435179,0.002746,0.001555,3.432433,0.000859,0.000141,0.000105
4.57248,366.57,3.428212,0.002738,0.001550,3.425473,0.000857,0.000140,0.000105
4.57288,366.60,3.421262,0.002731,0.001544,3.418532,0.000855,0.000140,0.000105
4.57328,366.63,3.414330,0.002723,0.001539,3.411607,0.000852,0.000140,0.000105
4.57368,366.66,3.407416,0.002715,0.001534,3.404700,0.000850,0.000140,0.000105
4.57408,366.69,3.400518,0.002708,0.001529,3.397811,0.000848,0.000140,0.000105
4.57448,366.73,3.393639,0.002700,0.001524,3.390938,0.000846,0.000140,0.000105
4.57488,366.76,3.386776,0.002693,0.001519,3.384083,0.000844,0.000140,0.000105
4.57528,366.79,3.379931,0.002685,0.001514,3.377245,0.000842,0.000140,0.000104
4.57568,366.82,3.373103,0.002678,0.001509,3.370425,0.000839,0.000139,0.000104
4.57608,366.85,3.366292,0.002671,0.001504,3.363621,0.000837,0.000139,0.000104
4.57648,366.89,3.359498,0.002663,0.001499,3.356835,0.000835,0.000139,0.000104
4.57688,366.92,3.352722,0.002656,0.001494,3.350066,0.000833,0.000139,0.000104
4.57728,366.95,3.345962,0.002649,0.001489,3.343313,0.000831,0.000139,0.000104
4.57768,366.98,3.339220,0.002641,0.001484,3.336578,0.000829,0.000139,0.000104
4.57808,367.02,3.332494,0.002634,0.001479,3.329860,0.000827,0.000139,0.000104
4.57848,367.05,3.325785,0.002627,0.001474,3.323158,0.000825,0.000138,0.000104
4.57888,367.08,3.319094,0.002620,0.001469,3.316474,0.000823,0.000138,0.000104
4.57928,367.11,3.312419,0.002613,0.001465,3.309806,0.000821,0.000138,0.000104
4.57968,367.14,3.305761,0.002606,0.001460,3.303155,0.000819,0.000138,0.000103
4.58008,367.18,3.299120,0.002599,0.001455,3.296521,0.000817,0.000138,0.000103
4.58048,367.21,3.292495,0.002592,0.001450,3.289903,0.000814,0.000138,0.000103
4.58088,367.24,3.285887,0.002585,0.001446,3.283303,0.000812,0.000138,0.000103
4.58128,367.27,3.279296,0.002578,0.001441,3.276718,0.000810,0.000137,0.000103
4.58168,367.30,3.272722,0.002571,0.001436,3.270151,0.000808,0.000137,0.000103
4.58208,367.34,3.266164,0.002564,0.001432,3.263600,0.000806,0.000137,0.000103
4.58248,367.37,3.259622,0.002557,0.001427,3.257065,0.000804,0.000137,0.000103
4.58288,367.40,3.253097,0.002550,0.001422,3.250547,0.000802,0.000137,0.000103
4.58328,367.43,3.246589,0.002543,0.001418,3.244045,0.000800,0.000137,0.000103
4.58368,367.46,3.240096,0.002537,0.001413,3.237560,0.000798,0.000137,0.000103
4.58408,367.50,3.233621,0.002530,0.001409,3.231091,0.000796,0.000136,0.000102
4.58448,367.53,3.227161,0.002523,0.001404,3.224638,0.000795,0.000136,0.000102
4.58488,367.56,3.220718,0.002516,0.001400,3.218202,0.000793,0.000136,0.000102
4.58528,367.59,3.214291,0.002510,0.001395,3.211781,0.000791,0.000136,0.000102
4.58568,367.62,3.207880,0.002503,0.001391,3.205377,0.000789,0.000136,0.000102
4.58608,367.66,3.201486,0.002496,0.001386,3.198989,0.000787,0.000136,0.000102
4.58648,367.69,3.195107,0.002490,0.001382,3.192618,0.000785,0.000136,0.000102
4.58688,367.72,3.188745,0.002483,0.001378,3.186262,0.000783,0.000135,0.000102
4.58728,367.75,3.182399,0.002477,0.001373,3.179922,0.000781,0.000135,0.000102
4.58768,367.78,3.176069,0.002470,0.001369,3.173598,0.000779,0.000135,0.000102
4.58808,367.82,3.169754,0.002464,0.001365,3.167290,0.000777,0.000135,0.000102
4.58848,367.85,3.163456,0.002457,0.001360,3.160998,0.000775,0.000135,0.000102
4.58888,367.88,3.157173,0.002451,0.001356,3.154722,0.000773,0.000135,0.000101
4.58928,367.91,3.150906,0.002445,0.001352,3.148462,0.000772,0.000135,0.000101
4.58968,367.95,3.144656,0.002438,0.001348,3.142217,0.000770,0.000135,0.000101
4.59008,367.98,3.138420,0.002432,0.001343,3.135989,0.000768,0.000134,0.000101
4.59048,368.01,3.132201,0.002426,0.001339,3.129775,0.000766,0.000134,0.000101
4.59088,368.04,3.125997,0.002419,0.001335,3.123578,0.000764,0.000134,0.000101
4.59128,368.07,3.119809,0.002413,0.001331,3.117396,0.000762,0.000134,0.000101
4.59168,368.11,3.113637,0.002407,0.001327,3.111230,0.000760,0.000134,0.000101
4.59208,368.14,3.107480,0.002401,0.001323,3.105079,0.000759,0.000134,0.000101
4.59248,368.17,3.101338,0.002394,0.001318,3.098944,0.000757,0.000134,0.000101
4.59288,368.20,3.095212,0.002388,0.001314,3.092824,0.000755,0.000133,0.000101
4.59328,368.23,3.089102,0.002382,0.001310,3.086720,0.000753,0.000133,0.000100
4.59368,368.27,3.083007,0.002376,0.001306,3.080631,0.000751,0.000133,0.000100
4.59408,368.30,3.076927,0.002370,0.001302,3.074557,0.000750,0.000133,0.000100
4.59448,368.33,3.070863,0.002364,0.001298,3.068498,0.000748,0.000133,0.000100
4.59488,368.36,3.064813,0.002358,0.001294,3.062455,0.000746,0.000133,0.000100
4.59528,368.39,3.058779,0.002352,0.001290,3.056427,0.000744,0.000133,0.000100
4.59568,368.43,3.052761,0.002346,0.001286,3.050415,0.000742,0.000133,0.000100
4.59608,368.46,3.046757,0.002340,0.001282,3.044417,0.000741,0.000132,0.000100
4.59648,368.49,3.040769,0.002334,0.001278,3.038435,0.000739,0.000132,0.000100
4.59688,368.52,3.034795,0.002328,0.001275,3.032467,0.000737,0.000132,0.000100
4.59728,368.55,3.028837,0.002322,0.001271,3.026515,0.000735,0.000132,0.000100
4.59768,368.59,3.022894,0.002317,0.001267,3.020577,0.000734,0.000132,0.000100
4.59808,368.62,3.016966,0.002311,0.001263,3.014655,0.000732,0.000132,0.000099
4.59848,368.65,3.011052,0.002305,0.001259,3.008747,0.000730,0.000132,0.000099
4.59888,368.68,3.005154,0.002299,0.001255,3.002854,0.000728,0.000132,0.000099
4.59928,368.71,2.999270,0.002293,0.001252,2.996977,0.000727,0.000131,0.000099
4.59968,368.75,2.993401,0.002288,0.001248,2.991113,0.000725,0.000131,0.000099
4.60008,368.78,2.987547,0.002282,0.001244,2.985265,0.000723,0.000131,0.000099
4.60048,368.81,2.981708,0.002276,0.001240,2.979431,0.000722,0.000131,0.000099
4.60088,368.84,2.975883,0.002271,0.001237,2.973613,0.000720,0.000131,0.000099
4.60128,368.88,2.970073,0.002265,0.001233,2.967808,0.000718,0.000131,0.000099
4.60168,368.91,2.964278,0.002259,0.001229,2.962018,0.000717,0.000131,0.000099
4.60208,368.94,2.958497,0.002254,0.001226,2.956243,0.000715,0.000130,0.000099
4.60248,368.97,2.952731,0.002248,0.001222,2.950483,0.000713,0.000130,0.000099
4.60288,369.00,2.946979,0.002243,0.001218,2.944736,0.000712,0.000130,0.000098
4.60328,369.04,2.941242,0.002237,0.001215,2.939005,0.000710,0.000130,0.000098
4.60368,369.07,2.935519,0.002232,0.001211,2.933287,0.000708,0.000130,0.000098
4.60408,369.10,2.929811,0.002226,0.001207,2.927584,0.000707,0.000130,0.000098
4.60448,369.13,2.924117,0.002221,0.001204,2.921896,0.000705,0.000130,0.000098
4.60488,369.16,2.918437,0.002215,0.001200,2.916221,0.000703,0.000130,0.000098
4.60528,369.20,2.912771,0.002210,0.001197,2.910561,0.000702,0.000129,0.000098
4.60568,369.23,2.907120,0.002205,0.001193,2.904915,0.000700,0.000129,0.000098
4.60608,369.26,2.901483,0.002199,0.001190,2.899284,0.000699,0.000129,0.000098
4.60648,369.29,2.895860,0.002194,0.001186,2.893666,0.000697,0.000129,0.000098
4.60688,369.32,2.890251,0.002189,0.001183,2.888063,0.000695,0.000129,0.000098
4.60728,369.36,2.884656,0.002183,0.001179,2.882473,0.000694,0.000129,0.000098
4.60768,369.39,2.879076,0.002178,0.001176,2.876898,0.000692,0.000129,0.000097
4.60808,369.42,2.873509,0.002173,0.001172,2.871336,0.000691,0.000129,0.000097
4.60848,369.45,2.867957,0.002168,0.001169,2.865789,0.000689,0.000128,0.000097
4.60888,369.48,2.862418,0.002162,0.001165,2.860255,0.000687,0.000128,0.000097
4.60928,369.52,2.856893,0.002157,0.001162,2.854736,0.000686,0.000128,0.000097
4.60968,369.55,2.851382,0.002152,0.001159,2.849230,0.000684,0.000128,0.000097
4.61008,369.58,2.845885,0.002147,0.001155,2.843738,0.000683,0.000128,0.000097
4.61048,369.61,2.840401,0.002142,0.001152,2.838260,0.000681,0.000128,0.000097
4.61088,369.64,2.834932,0.002137,0.001149,2.832795,0.000680,0.000128,0.000097
4.61128,369.68,2.829476,0.002131,0.001145,2.827345,0.000678,0.000128,0.000097
4.61168,369.71,2.824034,0.002126,0.001142,2.821907,0.000677,0.000127,0.000097
4.61208,369.74,2.818605,0.002121,0.001139,2.816484,0.000675,0.000127,0.000097
4.61248,369.77,2.813190,0.002116,0.001135,2.811074,0.000673,0.000127,0.000096
4.61288,369.81,2.807789,0.002111,0.001132,2.805678,0.000672,0.000127,0.000096
4.61328,369.84,2.802401,0.002106,0.001129,2.800295,0.000670,0.000127,0.000096
4.61368,369.87,2.797027,0.002101,0.001126,2.794925,0.000669,0.000127,0.000096
4.61408,369.90,2.791666,0.002096,0.001122,2.789569,0.000667,0.000127,0.000096
4.61448,369.93,2.786318,0.002091,0.001119,2.784227,0.000666,0.000127,0.000096
4.61488,369.97,2.780984,0.002086,0.001116,2.778898,0.000664,0.000126,0.000096
4.61528,370.00,2.775663,0.002082,0.001113,2.773582,0.000663,0.000126,0.000096
4.61568,370.03,2.770356,0.002077,0.001110,2.768279,0.000661,0.000126,0.000096
4.61608,370.06,2.765062,0.002072,0.001107,2.762990,0.000660,0.000126,0.000096
4.61648,370.09,2.759781,0.002067,0.001103,2.757714,0.000659,0.000126,0.000096
4.61688,370.13,2.754513,0.002062,0.001100,2.752451,0.000657,0.000126,0.000096
4.61728,370.16,2.749258,0.002057,0.001097,2.747201,0.000656,0.000126,0.000096
4.61768,370.19,2.744017,0.002053,0.001094,2.741964,0.000654,0.000126,0.000095
4.61808,370.22,2.738789,0.002048,0.001091,2.736741,0.000653,0.000126,0.000095
4.61848,370.25,2.733573,0.002043,0.001088,2.731530,0.000651,0.000125,0.000095
4.61888,370.29,2.728371,0.002038,0.001085,2.726333,0.000650,0.000125,0.000095
4.61928,370.32,2.723182,0.002034,0.001082,2.721148,0.000648,0.000125,0.000095
4.61968,370.35,2.718006,0.002029,0.001079,2.715977,0.000647,0.000125,0.000095
4.62008,370.38,2.712842,0.002024,0.001076,2.710818,0.000645,0.000125,0.000095
4.62048,370.41,2.707692,0.002020,0.001073,2.705672,0.000644,0.000125,0.000095
4.62088,370.45,2.702554,0.002015,0.001070,2.700539,0.000643,0.000125,0.000095
4.62128,370.48,2.697429,0.002010,0.001067,2.695419,0.000641,0.000125,0.000095
4.62168,370.51,2.692317,0.002006,0.001064,2.690312,0.000640,0.000124,0.000095
4.62208,370.54,2.687218,0.002001,0.001061,2.685217,0.000638,0.000124,0.000095
4.62248,370.57,2.682131,0.001997,0.001058,2.680135,0.000637,0.000124,0.000094
4.62288,370.61,2.677058,0.001992,0.001055,2.675066,0.000636,0.000124,0.000094
4.62328,370.64,2.671996,0.001987,0.001052,2.670009,0.000634,0.000124,0.000094
4.62368,370.67,2.666948,0.001983,0.001049,2.664965,0.000633,0.000124,0.000094
4.62408,370.70,2.661912,0.001978,0.001046,2.659933,0.000631,0.000124,0.000094
4.62448,370.74,2.656888,0.001974,0.001043,2.654914,0.000630,0.000124,0.000094
4.62488,370.77,2.651877,0.001969,0.001040,2.649907,0.000629,0.000123,0.000094
4.62528,370.80,2.646878,0.001965,0.001038,2.644913,0.000627,0.000123,0.000094
4.62568,370.83,2.641892,0.001961,0.001035,2.639932,0.000626,0.000123,0.000094
4.62608,370.86,2.636918,0.001956,0.001032,2.634962,0.000625,0.000123,0.000094
4.62648,370.90,2.631957,0.001952,0.001029,2.630005,0.000623,0.000123,0.000094
4.62688,370.93,2.627008,0.001947,0.001026,2.625061,0.000622,0.000123,0.000094
4.62728,370.96,2.622071,0.001943,0.001023,2.620128,0.000620,0.000123,0.000094
4.62768,370.99,2.617147,0.001939,0.001021,2.615208,0.000619,0.000123,0.000093
4.62808,371.02,2.612235,0.001934,0.001018,2.610300,0.000618,0.000123,0.000093
4.62848,371.06,2.607335,0.001930,0.001015,2.605405,0.000616,0.000122,0.000093
4.62888,371.09,2.602447,0.001926,0.001012,2.600521,0.000615,0.000122,0.000093
4.62928,371.12,2.597571,0.001921,0.001010,2.595650,0.000614,0.000122,0.000093
4.62968,371.15,2.592707,0.001917,0.001007,2.590790,0.000613,0.000122,0.000093
4.63008,371.18,2.587856,0.001913,0.001004,2.585943,0.000611,0.000122,0.000093
4.63048,371.22,2.583016,0.001909,0.001001,2.581108,0.000610,0.000122,0.000093
4.63088,371.25,2.578189,0.001904,0.000999,2.576284,0.000609,0.000122,0.000093
4.63128,371.28,2.573373,0.001900,0.000996,2.571473,0.000607,0.000122,0.000093
4.63168,371.31,2.568569,0.001896,0.000993,2.566673,0.000606,0.000122,0.000093
4.63208,371.34,2.563778,0.001892,0.000991,2.561886,0.000605,0.000121,0.000093
4.63248,371.38,2.558998,0.001888,0.000988,2.557110,0.000603,0.000121,0.000093
4.63288,371.41,2.554230,0.001883,0.000985,2.552346,0.000602,0.000121,0.000092
4.63328,371.44,2.549473,0.001879,0.000983,2.547594,0.000601,0.000121,0.000092
4.63368,371.47,2.544729,0.001875,0.000980,2.542854,0.000600,0.000121,0.000092
4.63408,371.50,2.539996,0.001871,0.000978,2.538125,0.000598,0.000121,0.000092
4.63448,371.54,2.535275,0.001867,0.000975,2.533408,0.000597,0.000121,0.000092
4.63488,371.57,2.530566,0.001863,0.000972,2.528703,0.000596,0.000121,0.000092
4.63528,371.60,2.525868,0.001859,0.000970,2.524009,0.000594,0.000120,0.000092
4.63568,371.63,2.521182,0.001855,0.000967,2.519327,0.000593,0.000120,0.000092
4.63608,371.67,2.516507,0.001851,0.000965,2.514656,0.000592,0.000120,0.000092
4.63648,371.70,2.511844,0.001847,0.000962,2.509997,0.000591,0.000120,0.000092
4.63688,371.73,2.507193,0.001843,0.000959,2.505350,0.000589,0.000120,0.000092
4.63728,371.76,2.502552,0.001839,0.000957,2.500714,0.000588,0.000120,0.000092
4.63768,371.79,2.497924,0.001835,0.000954,2.496089,0.000587,0.000120,0.000092
4.63808,371.83,2.493307,0.001831,0.000952,2.491476,0.000586,0.000120,0.000091
4.63848,371.86,2.488701,0.001827,0.000949,2.486874,0.000584,0.000120,0.000091
4.63888,371.89,2.484106,0.001823,0.000947,2.482284,0.000583,0.000119,0.000091
4.63928,371.92,2.479523,0.001819,0.000944,2.477704,0.000582,0.000119,0.000091
4.63968,371.95,2.474951,0.001815,0.000942,2.473136,0.000581,0.000119,0.000091
4.64008,371.99,2.470391,0.001811,0.000939,2.468580,0.000580,0.000119,0.000091
4.64048,372.02,2.465841,0.001807,0.000937,2.464034,0.000578,0.000119,0.000091
4.64088,372.05,2.461303,0.001803,0.000935,2.459500,0.000577,0.000119,0.000091
4.64128,372.08,2.456776,0.001800,0.000932,2.454977,0.000576,0.000119,0.000091
4.64168,372.11,2.452260,0.001796,0.000930,2.450465,0.000575,0.000119,0.000091
4.64208,372.15,2.447756,0.001792,0.000927,2.445964,0.000574,0.000119,0.000091
4.64248,372.18,2.443262,0.001788,0.000925,2.441474,0.000572,0.000118,0.000091
4.64288,372.21,2.438779,0.001784,0.000922,2.436995,0.000571,0.000118,0.000091
4.64328,372.24,2.434307,0.001781,0.000920,2.432527,0.000570,0.000118,0.000091
4.64368,372.27,2.429847,0.001777,0.000918,2.428070,0.000569,0.000118,0.000090
4.64408,372.31,2.425397,0.001773,0.000915,2.423624,0.000568,0.000118,0.000090
4.64448,372.34,2.420958,0.001769,0.000913,2.419189,0.000566,0.000118,0.000090
4.64488,372.37,2.416530,0.001765,0.000911,2.414765,0.000565,0.000118,0.000090
4.64528,372.40,2.412113,0.001762,0.000908,2.410351,0.000564,0.000118,0.000090
4.64568,372.43,2.407707,0.001758,0.000906,2.405949,0.000563,0.000118,0.000090
4.64608,372.47,2.403311,0.001754,0.000904,2.401557,0.000562,0.000117,0.000090
4.64648,372.50,2.398927,0.001751,0.000901,2.397176,0.000561,0.000117,0.000090
4.64688,372.53,2.394553,0.001747,0.000899,2.392806,0.000560,0.000117,0.000090
4.64728,372.56,2.390189,0.001743,0.000897,2.388446,0.000558,0.000117,0.000090
4.64768,372.60,2.385837,0.001740,0.000894,2.384097,0.000557,0.000117,0.000090
4.64808,372.63,2.381495,0.001736,0.000892,2.379759,0.000556,0.000117,0.000090
4.64848,372.66,2.377163,0.001732,0.000890,2.375431,0.000555,0.000117,0.000090
4.64888,372.69,2.372843,0.001729,0.000888,2.371114,0.000554,0.000117,0.000089
4.64928,372.72,2.368533,0.001725,0.000885,2.366807,0.000553,0.000117,0.000089
4.64968,372.76,2.364233,0.001722,0.000883,2.362511,0.000552,0.000116,0.000089
4.65008,372.79,2.359944,0.001718,0.000881,2.358226,0.000550,0.000116,0.000089
4.65048,372.82,2.355665,0.001715,0.000879,2.353950,0.000549,0.000116,0.000089
4.65088,372.85,2.351397,0.001711,0.000876,2.349686,0.000548,0.000116,0.000089
4.65128,372.88,2.347139,0.001708,0.000874,2.345431,0.000547,0.000116,0.000089
4.65168,372.92,2.342891,0.001704,0.000872,2.341187,0.000546,0.000116,0.000089
4.65208,372.95,2.338654,0.001700,0.000870,2.336954,0.000545,0.000116,0.000089
4.65248,372.98,2.334427,0.001697,0.000868,2.332730,0.000544,0.000116,0.000089
4.65288,373.01,2.330211,0.001693,0.000865,2.328517,0.000543,0.000116,0.000089
4.65328,373.04,2.326005,0.001690,0.000863,2.324315,0.000542,0.000116,0.000089
4.65368,373.08,2.321809,0.001687,0.000861,2.320122,0.000540,0.000115,0.000089
4.65408,373.11,2.317623,0.001683,0.000859,2.315940,0.000539,0.000115,0.000089
4.65448,373.14,2.313447,0.001680,0.000857,2.311767,0.000538,0.000115,0.000088
4.65488,373.17,2.309282,0.001676,0.000855,2.307605,0.000537,0.000115,0.000088
4.65528,373.20,2.305126,0.001673,0.000853,2.303453,0.000536,0.000115,0.000088
4.65568,373.24,2.300981,0.001669,0.000850,2.299312,0.000535,0.000115,0.000088
4.65608,373.27,2.296846,0.001666,0.000848,2.295180,0.000534,0.000115,0.000088
4.65648,373.30,2.292721,0.001663,0.000846,2.291058,0.000533,0.000115,0.000088
4.65688,373.33,2.288605,0.001659,0.000844,2.286946,0.000532,0.000115,0.000088
4.65728,373.36,2.284500,0.001656,0.000842,2.282844,0.000531,0.000114,0.000088
4.65768,373.40,2.280405,0.001653,0.000840,2.278752,0.000530,0.000114,0.000088
4.65808,373.43,2.276320,0.001649,0.000838,2.274670,0.000529,0.000114,0.000088
4.65848,373.46,2.272244,0.001646,0.000836,2.270598,0.000528,0.000114,0.000088
4.65888,373.49,2.268179,0.001643,0.000834,2.266536,0.000527,0.000114,0.000088
4.65928,373.52,2.264123,0.001639,0.000832,2.262484,0.000526,0.000114,0.000088
4.65968,373.56,2.260077,0.001636,0.000830,2.258441,0.000524,0.000114,0.000088
4.66008,373.59,2.256041,0.001633,0.000828,2.254408,0.000523,0.000114,0.000088
4.66048,373.62,2.252015,0.001629,0.000826,2.250385,0.000522,0.000114,0.000087
4.66088,373.65,2.247998,0.001626,0.000823,2.246372,0.000521,0.000114,0.000087
4.66128,373.69,2.243991,0.001623,0.000821,2.242368,0.000520,0.000113,0.000087
4.66168,373.72,2.239994,0.001620,0.000819,2.238374,0.000519,0.000113,0.000087
4.66208,373.75,2.236006,0.001617,0.000817,2.234390,0.000518,0.000113,0.000087
4.66248,373.78,2.232029,0.001613,0.000815,2.230415,0.000517,0.000113,0.000087
4.66288,373.81,2.228060,0.001610,0.000813,2.226450,0.000516,0.000113,0.000087
4.66328,373.85,2.224101,0.001607,0.000811,2.222494,0.000515,0.000113,0.000087
4.66368,373.88,2.220152,0.001604,0.000810,2.218548,0.000514,0.000113,0.000087
4.66408,373.91,2.216212,0.001601,0.000808,2.214612,0.000513,0.000113,0.000087
4.66448,373.94,2.212282,0.001597,0.000806,2.210685,0.000512,0.000113,0.000087
4.66488,373.97,2.208361,0.001594,0.000804,2.206767,0.000511,0.000113,0.000087
4.66528,374.01,2.204450,0.001591,0.000802,2.202859,0.000510,0.000112,0.000087
4.66568,374.04,2.200548,0.001588,0.000800,2.198960,0.000509,0.000112,0.000087
4.66608,374.07,2.196655,0.001585,0.000798,2.195071,0.000508,0.000112,0.000086
4.66648,374.10,2.192772,0.001582,0.000796,2.191191,0.000507,0.000112,0.000086
4.66688,374.13,2.188898,0.001579,0.000794,2.187320,0.000506,0.000112,0.000086
4.66728,374.17,2.185034,0.001576,0.000792,2.183458,0.000505,0.000112,0.000086
4.66768,374.20,2.181179,0.001572,0.000790,2.179606,0.000504,0.000112,0.000086
4.66808,374.23,2.177333,0.001569,0.000788,2.175763,0.000503,0.000112,0.000086
4.66848,374.26,2.173496,0.001566,0.000786,2.171929,0.000502,0.000112,0.000086
4.66888,374.29,2.169668,0.001563,0.000785,2.168105,0.000501,0.000111,0.000086
4.66928,374.33,2.165850,0.001560,0.000783,2.164289,0.000500,0.000111,0.000086
4.66968,374.36,2.162040,0.001557,0.000781,2.160483,0.000499,0.000111,0.000086
4.67008,374.39,2.158240,0.001554,0.000779,2.156686,0.000498,0.000111,0.000086
4.67048,374.42,2.154449,0.001551,0.000777,2.152898,0.000497,0.000111,0.000086
4.67088,374.45,2.150667,0.001548,0.000775,2.149119,0.000496,0.000111,0.000086
4.67128,374.49,2.146894,0.001545,0.000773,2.145349,0.000496,0.000111,0.000086
4.67168,374.52,2.143130,0.001542,0.000772,2.141588,0.000495,0.000111,0.000086
4.67208,374.55,2.139375,0.001539,0.000770,2.137836,0.000494,0.000111,0.000085
4.67248,374.58,2.135629,0.001536,0.000768,2.134093,0.000493,0.000111,0.000085
4.67288,374.62,2.131892,0.001533,0.000766,2.130359,0.000492,0.000110,0.000085
4.67328,374.65,2.128164,0.001530,0.000764,2.126634,0.000491,0.000110,0.000085
4.67368,374.68,2.124445,0.001527,0.000762,2.122918,0.000490,0.000110,0.000085
4.67408,374.71,2.120735,0.001524,0.000761,2.119210,0.000489,0.000110,0.000085
4.67448,374.74,2.117033,0.001522,0.000759,2.115512,0.000488,0.000110,0.000085
4.67488,374.78,2.113340,0.001519,0.000757,2.111822,0.000487,0.000110,0.000085
4.67528,374.81,2.109657,0.001516,0.000755,2.108141,0.000486,0.000110,0.000085
4.67568,374.84,2.105981,0.001513,0.000754,2.104469,0.000485,0.000110,0.000085
4.67608,374.87,2.102315,0.001510,0.000752,2.100805,0.000484,0.000110,0.000085
4.67648,374.90,2.098657,0.001507,0.000750,2.097150,0.000483,0.000110,0.000085
4.67688,374.94,2.095008,0.001504,0.000748,2.093504,0.000482,0.000109,0.000085
4.67728,374.97,2.091368,0.001501,0.000747,2.089867,0.000481,0.000109,0.000085
4.67768,375.00,2.087737,0.001499,0.000745,2.086238,0.000481,0.000109,0.000085
4.67808,375.03,2.084114,0.001496,0.000743,2.082618,0.000480,0.000109,0.000084
4.67848,375.06,2.080499,0.001493,0.000741,2.079006,0.000479,0.000109,0.000084
4.67888,375.10,2.076893,0.001490,0.000740,2.075403,0.000478,0.000109,0.000084
4.67928,375.13,2.073296,0.001487,0.000738,2.071809,0.000477,0.000109,0.000084
4.67968,375.16,2.069707,0.001484,0.000736,2.068223,0.000476,0.000109,0.000084
4.68008,375.19,2.066127,0.001482,0.000734,2.064645,0.000475,0.000109,0.000084
4.68048,375.22,2.062555,0.001479,0.000733,2.061076,0.000474,0.000109,0.000084
4.68088,375.26,2.058992,0.001476,0.000731,2.057516,0.000473,0.000109,0.000084
4.68128,375.29,2.055437,0.001473,0.000729,2.053964,0.000472,0.000108,0.000084
4.68168,375.32,2.051891,0.001471,0.000728,2.050420,0.000472,0.000108,0.000084
4.68208,375.35,2.048353,0.001468,0.000726,2.046885,0.000471,0.000108,0.000084
4.68248,375.38,2.044823,0.001465,0.000724,2.043358,0.000470,0.000108,0.000084
4.68288,375.42,2.041302,0.001462,0.000723,2.039839,0.000469,0.000108,0.000084
4.68328,375.45,2.037788,0.001460,0.000721,2.036329,0.000468,0.000108,0.000084
4.68368,375.48,2.034284,0.001457,0.000719,2.032827,0.000467,0.000108,0.000084
4.68408,375.51,2.030787,0.001454,0.000718,2.029333,0.000466,0.000108,0.000083
4.68448,375.55,2.027299,0.001452,0.000716,2.025847,0.000465,0.000108,0.000083
4.68488,375.58,2.023819,0.001449,0.000714,2.022370,0.000465,0.000108,0.000083
4.68528,375.61,2.020347,0.001446,0.000713,2.018901,0.000464,0.000107,0.000083
4.68568,375.64,2.016883,0.001444,0.000711,2.015440,0.000463,0.000107,0.000083
4.68608,375.67,2.013428,0.001441,0.000710,2.011987,0.000462,0.000107,0.000083
4.68648,375.71,2.009981,0.001438,0.000708,2.008542,0.000461,0.000107,0.000083
4.68688,375.74,2.006541,0.001436,0.000706,2.005106,0.000460,0.000107,0.000083
4.68728,375.77,2.003110,0.001433,0.000705,2.001677,0.000459,0.000107,0.000083
4.68768,375.80,1.999687,0.001430,0.000703,1.998257,0.000459,0.000107,0.000083
4.68808,375.83,1.996272,0.001428,0.000702,1.994844,0.000458,0.000107,0.000083
4.68848,375.87,1.992865,0.001425,0.000700,1.991440,0.000457,0.000107,0.000083
4.68888,375.90,1.989466,0.001422,0.000698,1.988043,0.000456,0.000107,0.000083
4.68928,375.93,1.986075,0.001420,0.000697,1.984655,0.000455,0.000107,0.000083
4.68968,375.96,1.982692,0.001417,0.000695,1.981274,0.000454,0.000106,0.000083
4.69008,375.99,1.979316,0.001415,0.000694,1.977902,0.000453,0.000106,0.000082
4.69048,376.03,1.975949,0.001412,0.000692,1.974537,0.000453,0.000106,0.000082
4.69088,376.06,1.972590,0.001409,0.000691,1.971180,0.000452,0.000106,0.000082
4.69128,376.09,1.969238,0.001407,0.000689,1.967831,0.000451,0.000106,0.000082
4.69168,376.12,1.965894,0.001404,0.000687,1.964490,0.000450,0.000106,0.000082
4.69208,376.15,1.962559,0.001402,0.000686,1.961157,0.000449,0.000106,0.000082
4.69248,376.19,1.959230,0.001399,0.000684,1.957831,0.000448,0.000106,0.000082
4.69288,376.22,1.955910,0.001397,0.000683,1.954513,0.000448,0.000106,0.000082
4.69328,376.25,1.952598,0.001394,0.000681,1.951203,0.000447,0.000106,0.000082
4.69368,376.28,1.949293,0.001392,0.000680,1.947901,0.000446,0.000105,0.000082
4.69408,376.31,1.945996,0.001389,0.000678,1.944606,0.000445,0.000105,0.000082
4.69448,376.35,1.942706,0.001387,0.000677,1.941319,0.000444,0.000105,0.000082
4.69488,376.38,1.939424,0.001384,0.000675,1.938040,0.000444,0.000105,0.000082
4.69528,376.41,1.936150,0.001382,0.000674,1.934769,0.000443,0.000105,0.000082
4.69568,376.44,1.932884,0.001379,0.000672,1.931505,0.000442,0.000105,0.000082
4.69608,376.48,1.929625,0.001377,0.000671,1.928248,0.000441,0.000105,0.000082
4.69648,376.51,1.926374,0.001374,0.000669,1.924999,0.000440,0.000105,0.000081
4.69688,376.54,1.923130,0.001372,0.000668,1.921758,0.000440,0.000105,0.000081
4.69728,376.57,1.919894,0.001369,0.000666,1.918524,0.000439,0.000105,0.000081
4.69768,376.60,1.916665,0.001367,0.000665,1.915298,0.000438,0.000105,0.000081
4.69808,376.64,1.913444,0.001365,0.000663,1.912079,0.000437,0.000104,0.000081
4.69848,376.67,1.910230,0.001362,0.000662,1.908868,0.000436,0.000104,0.000081
4.69888,376.70,1.907024,0.001360,0.000661,1.905664,0.000436,0.000104,0.000081
4.69928,376.73,1.903825,0.001357,0.000659,1.902468,0.000435,0.000104,0.000081
4.69968,376.76,1.900633,0.001355,0.000658,1.899279,0.000434,0.000104,0.000081
