ppm,hz,total_with_exchange,total_carbon_bound,exchangeable pool (H2O/OH/COOH),EGDA CH3,EGMA CH3,AcOH CH3
1.90003,152.32,0.073922,0.015683,0.058239,0.000091,0.000932,0.014553
1.90023,152.34,0.073966,0.015717,0.058249,0.000091,0.000934,0.014585
1.90043,152.35,0.074010,0.015751,0.058258,0.000091,0.000936,0.014618
1.90063,152.37,0.074053,0.015786,0.058268,0.000092,0.000937,0.014650
1.90083,152.39,0.074097,0.015820,0.058277,0.000092,0.000939,0.014683
1.90103,152.40,0.074141,0.015855,0.058287,0.000092,0.000941,0.014716
1.90123,152.42,0.074186,0.015890,0.058296,0.000092,0.000942,0.014748
1.90143,152.43,0.074230,0.015924,0.058306,0.000092,0.000944,0.014781
1.90163,152.45,0.074274,0.015959,0.058315,0.000092,0.000946,0.014814
1.90183,152.47,0.074319,0.015994,0.058325,0.000092,0.000947,0.014848
1.90203,152.48,0.074364,0.016030,0.058334,0.000093,0.000949,0.014881
1.90223,152.50,0.074408,0.016065,0.058344,0.000093,0.000951,0.014914
1.90243,152.51,0.074453,0.016100,0.058353,0.000093,0.000952,0.014948
1.90263,152.53,0.074498,0.016136,0.058363,0.000093,0.000954,0.014982
1.90283,152.55,0.074543,0.016171,0.058372,0.000093,0.000956,0.015015
1.90303,152.56,0.074589,0.016207,0.058382,0.000093,0.000958,0.015049
1.90323,152.58,0.074634,0.016243,0.058391,0.000094,0.000959,0.015083
1.90343,152.59,0.074680,0.016279,0.058401,0.000094,0.000961,0.015117
1.90363,152.61,0.074725,0.016315,0.058410,0.000094,0.000963,0.015151
1.90383,152.63,0.074771,0.016351,0.058420,0.000094,0.000964,0.015186
1.90403,152.64,0.074817,0.016388,0.058429,0.000094,0.000966,0.015220
1.90423,152.66,0.074863,0.016424,0.058439,0.000094,0.000968,0.015255
1.90443,152.67,0.074909,0.016461,0.058448,0.000094,0.000970,0.015289
1.90463,152.69,0.074955,0.016498,0.058458,0.000095,0.000971,0.015324
1.90483,152.71,0.075002,0.016535,0.058467,0.000095,0.000973,0.015359
1.90503,152.72,0.075048,0.016572,0.058477,0.000095,0.000975,0.015394
1.90523,152.74,0.075095,0.016609,0.058486,0.000095,0.000977,0.015429
1.90543,152.75,0.075142,0.016646,0.058496,0.000095,0.000979,0.015465
1.90563,152.77,0.075189,0.016683,0.058505,0.000095,0.000980,0.015500
1.90583,152.79,0.075236,0.016721,0.058515,0.000096,0.000982,0.015535
1.90603,152.80,0.075283,0.016758,0.058524,0.000096,0.000984,0.015571
1.90623,152.82,0.075330,0.016796,0.058534,0.000096,0.000986,0.015607
1.90643,152.83,0.075377,0.016834,0.058544,0.000096,0.000988,0.015643
1.90663,152.85,0.075425,0.016872,0.058553,0.000096,0.000989,0.015679
1.90683,152.87,0.075473,0.016910,0.058563,0.000096,0.000991,0.015715
1.90703,152.88,0.075521,0.016948,0.058572,0.000097,0.000993,0.015751
1.90723,152.90,0.075568,0.016987,0.058582,0.000097,0.000995,0.015788
1.90743,152.91,0.075617,0.017025,0.058591,0.000097,0.000997,0.015824
1.90763,152.93,0.075665,0.017064,0.058601,0.000097,0.000998,0.015861
1.90783,152.95,0.075713,0.017103,0.058610,0.000097,0.001000,0.015897
1.90803,152.96,0.075762,0.017142,0.058620,0.000097,0.001002,0.015934
1.90823,152.98,0.075810,0.017181,0.058630,0.000098,0.001004,0.015971
1.90843,153.00,0.075859,0.017220,0.058639,0.000098,0.001006,0.016009
1.90863,153.01,0.075908,0.017259,0.058649,0.000098,0.001008,0.016046
1.90883,153.03,0.075957,0.017299,0.058658,0.000098,0.001010,0.016083
1.90903,153.04,0.076006,0.017338,0.058668,0.000098,0.001011,0.016121
1.90923,153.06,0.076055,0.017378,0.058677,0.000098,0.001013,0.016158
1.90943,153.08,0.076105,0.017418,0.058687,0.000099,0.001015,0.016196
1.90963,153.09,0.076155,0.017458,0.058697,0.000099,0.001017,0.016234
1.90983,153.11,0.076204,0.017498,0.058706,0.000099,0.001019,0.016272
1.91003,153.12,0.076254,0.017538,0.058716,0.000099,0.001021,0.016310
1.91023,153.14,0.076304,0.017579,0.058725,0.000099,0.001023,0.016349
1.91043,153.16,0.076354,0.017619,0.058735,0.000099,0.001025,0.016387
1.91063,153.17,0.076405,0.017660,0.058745,0.000100,0.001027,0.016426
1.91083,153.19,0.076455,0.017701,0.058754,0.000100,0.001028,0.016465
1.91103,153.20,0.076506,0.017742,0.058764,0.000100,0.001030,0.016503
1.91123,153.22,0.076556,0.017783,0.058773,0.000100,0.001032,0.016542
1.91143,153.24,0.076607,0.017824,0.058783,0.000100,0.001034,0.016582
1.91163,153.25,0.076658,0.017866,0.058793,0.000101,0.001036,0.016621
1.91183,153.27,0.076710,0.017907,0.058802,0.000101,0.001038,0.016660
1.91203,153.28,0.076761,0.017949,0.058812,0.000101,0.001040,0.016700
1.91223,153.30,0.076812,0.017991,0.058821,0.000101,0.001042,0.016740
1.91243,153.32,0.076864,0.018033,0.058831,0.000101,0.001044,0.016780
1.91263,153.33,0.076916,0.018075,0.058841,0.000101,0.001046,0.016820
1.91283,153.35,0.076968,0.018117,0.058850,0.000102,0.001048,0.016860
1.91303,153.36,0.077020,0.018160,0.058860,0.000102,0.001050,0.016900
1.91323,153.38,0.077072,0.018203,0.058870,0.000102,0.001052,0.016940
1.91343,153.40,0.077124,0.018245,0.058879,0.000102,0.001054,0.016981
1.91363,153.41,0.077177,0.018288,0.058889,0.000102,0.001056,0.017022
1.91383,153.43,0.077230,0.018331,0.058898,0.000102,0.001058,0.017063
1.91403,153.44,0.077283,0.018375,0.058908,0.000103,0.001060,0.017104
1.91423,153.46,0.077336,0.018418,0.058918,0.000103,0.001062,0.017145
1.91443,153.48,0.077389,0.018461,0.058927,0.000103,0.001064,0.017186
1.91463,153.49,0.077442,0.018505,0.058937,0.000103,0.001066,0.017228
1.91483,153.51,0.077496,0.018549,0.058947,0.000103,0.001068,0.017269
1.91503,153.52,0.077549,0.018593,0.058956,0.000104,0.001070,0.017311
1.91523,153.54,0.077603,0.018637,0.058966,0.000104,0.001072,0.017353
1.91543,153.56,0.077657,0.018681,0.058976,0.000104,0.001074,0.017395
1.91563,153.57,0.077711,0.018726,0.058985,0.000104,0.001076,0.017437
1.91583,153.59,0.077765,0.018771,0.058995,0.000104,0.001078,0.017479
1.91603,153.60,0.077820,0.018815,0.059005,0.000105,0.001080,0.017522
1.91623,153.62,0.077875,0.018860,0.059014,0.000105,0.001082,0.017565
1.91643,153.64,0.077929,0.018905,0.059024,0.000105,0.001084,0.017608
1.91663,153.65,0.077984,0.018951,0.059034,0.000105,0.001086,0.017651
1.91683,153.67,0.078039,0.018996,0.059043,0.000105,0.001088,0.017694
1.91703,153.68,0.078095,0.019042,0.059053,0.000105,0.001091,0.017737
1.91723,153.70,0.078150,0.019088,0.059063,0.000106,0.001093,0.017780
1.91743,153.72,0.078206,0.019134,0.059072,0.000106,0.001095,0.017824
1.91763,153.73,0.078262,0.019180,0.059082,0.000106,0.001097,0.017868
1.91783,153.75,0.078318,0.019226,0.059092,0.000106,0.001099,0.017912
1.91803,153.76,0.078374,0.019272,0.059101,0.000106,0.001101,0.017956
1.91823,153.78,0.078430,0.019319,0.059111,0.000107,0.001103,0.018000
1.91843,153.80,0.078486,0.019366,0.059121,0.000107,0.001105,0.018045
1.91863,153.81,0.078543,0.019413,0.059130,0.000107,0.001107,0.018089
1.91883,153.83,0.078600,0.019460,0.059140,0.000107,0.001110,0.018134
1.91903,153.84,0.078657,0.019507,0.059150,0.000107,0.001112,0.018179
1.91923,153.86,0.078714,0.019555,0.059159,0.000108,0.001114,0.018224
1.91943,153.88,0.078772,0.019602,0.059169,0.000108,0.001116,0.018269
1.91963,153.89,0.078829,0.019650,0.059179,0.000108,0.001118,0.018315
1.91983,153.91,0.078887,0.019698,0.059189,0.000108,0.001120,0.018360
1.92003,153.93,0.078945,0.019746,0.059198,0.000108,0.001123,0.018406
1.92023,153.94,0.079003,0.019795,0.059208,0.000109,0.001125,0.018452
1.92043,153.96,0.079061,0.019843,0.059218,0.000109,0.001127,0.018498
1.92063,153.97,0.079119,0.019892,0.059227,0.000109,0.001129,0.018545
1.92083,153.99,0.079178,0.019941,0.059237,0.000109,0.001131,0.018591
1.92103,154.01,0.079237,0.019990,0.059247,0.000109,0.001134,0.018638
1.92123,154.02,0.079296,0.020039,0.059257,0.000110,0.001136,0.018685
1.92143,154.04,0.079355,0.020089,0.059266,0.000110,0.001138,0.018732
1.92163,154.05,0.079414,0.020138,0.059276,0.000110,0.001140,0.018779
1.92183,154.07,0.079474,0.020188,0.059286,0.000110,0.001143,0.018826
1.92203,154.09,0.079534,0.020238,0.059295,0.000110,0.001145,0.018874
1.92223,154.10,0.079594,0.020288,0.059305,0.000111,0.001147,0.018921
1.92243,154.12,0.079654,0.020339,0.059315,0.000111,0.001149,0.018969
1.92263,154.13,0.079714,0.020389,0.059325,0.000111,0.001152,0.019017
1.92283,154.15,0.079775,0.020440,0.059334,0.000111,0.001154,0.019066
1.92303,154.17,0.079835,0.020491,0.059344,0.000111,0.001156,0.019114
1.92323,154.18,0.079896,0.020542,0.059354,0.000112,0.001158,0.019163
1.92343,154.20,0.079957,0.020594,0.059364,0.000112,0.001161,0.019211
1.92363,154.21,0.080019,0.020645,0.059373,0.000112,0.001163,0.019260
1.92383,154.23,0.080080,0.020697,0.059383,0.000112,0.001165,0.019310
1.92403,154.25,0.080142,0.020749,0.059393,0.000112,0.001168,0.019359
1.92423,154.26,0.080204,0.020801,0.059403,0.000113,0.001170,0.019409
1.92443,154.28,0.080266,0.020853,0.059412,0.000113,0.001172,0.019458
1.92463,154.29,0.080328,0.020906,0.059422,0.000113,0.001175,0.019508
1.92483,154.31,0.080390,0.020958,0.059432,0.000113,0.001177,0.019558
1.92503,154.33,0.080453,0.021011,0.059442,0.000113,0.001179,0.019609
1.92523,154.34,0.080516,0.021065,0.059451,0.000114,0.001182,0.019659
1.92543,154.36,0.080579,0.021118,0.059461,0.000114,0.001184,0.019710
1.92563,154.37,0.080642,0.021171,0.059471,0.000114,0.001186,0.019761
1.92583,154.39,0.080706,0.021225,0.059481,0.000114,0.001189,0.019812
1.92603,154.41,0.080770,0.021279,0.059491,0.000114,0.001191,0.019863
1.92623,154.42,0.080834,0.021333,0.059500,0.000115,0.001194,0.019915
1.92643,154.44,0.080898,0.021388,0.059510,0.000115,0.001196,0.019967
1.92663,154.45,0.080962,0.021442,0.059520,0.000115,0.001198,0.020019
1.92683,154.47,0.081027,0.021497,0.059530,0.000115,0.001201,0.020071
1.92703,154.49,0.081091,0.021552,0.059539,0.000116,0.001203,0.020123
1.92723,154.50,0.081156,0.021607,0.059549,0.000116,0.001206,0.020176
1.92743,154.52,0.081222,0.021662,0.059559,0.000116,0.001208,0.020228
1.92763,154.53,0.081287,0.021718,0.059569,0.000116,0.001211,0.020281
1.92783,154.55,0.081353,0.021774,0.059579,0.000116,0.001213,0.020334
1.92803,154.57,0.081419,0.021830,0.059588,0.000117,0.001215,0.020388
1.92823,154.58,0.081485,0.021886,0.059598,0.000117,0.001218,0.020441
1.92843,154.60,0.081551,0.021943,0.059608,0.000117,0.001220,0.020495
1.92863,154.61,0.081617,0.022000,0.059618,0.000117,0.001223,0.020549
1.92883,154.63,0.081684,0.022056,0.059628,0.000118,0.001225,0.020603
1.92903,154.65,0.081751,0.022114,0.059638,0.000118,0.001228,0.020658
1.92923,154.66,0.081818,0.022171,0.059647,0.000118,0.001230,0.020712
1.92943,154.68,0.081886,0.022229,0.059657,0.000118,0.001233,0.020767
1.92963,154.69,0.081953,0.022286,0.059667,0.000118,0.001235,0.020822
1.92983,154.71,0.082021,0.022345,0.059677,0.000119,0.001238,0.020877
1.93003,154.73,0.082089,0.022403,0.059687,0.000119,0.001240,0.020933
1.93023,154.74,0.082158,0.022461,0.059696,0.000119,0.001243,0.020989
1.93043,154.76,0.082226,0.022520,0.059706,0.000119,0.001246,0.021045
1.93063,154.77,0.082295,0.022579,0.059716,0.000120,0.001248,0.021101
1.93083,154.79,0.082364,0.022638,0.059726,0.000120,0.001251,0.021157
1.93103,154.81,0.082434,0.022698,0.059736,0.000120,0.001253,0.021214
1.93123,154.82,0.082503,0.022757,0.059746,0.000120,0.001256,0.021271
1.93143,154.84,0.082573,0.022817,0.059756,0.000120,0.001258,0.021328
1.93163,154.86,0.082643,0.022878,0.059765,0.000121,0.001261,0.021385
1.93183,154.87,0.082713,0.022938,0.059775,0.000121,0.001264,0.021443
1.93203,154.89,0.082784,0.022999,0.059785,0.000121,0.001266,0.021500
1.93223,154.90,0.082854,0.023059,0.059795,0.000121,0.001269,0.021558
1.93243,154.92,0.082925,0.023121,0.059805,0.000122,0.001272,0.021617
1.93263,154.94,0.082997,0.023182,0.059815,0.000122,0.001274,0.021675
1.93283,154.95,0.083068,0.023244,0.059824,0.000122,0.001277,0.021734
1.93303,154.97,0.083140,0.023305,0.059834,0.000122,0.001279,0.021793
1.93323,154.98,0.083212,0.023368,0.059844,0.000123,0.001282,0.021852
1.93343,155.00,0.083284,0.023430,0.059854,0.000123,0.001285,0.021911
1.93363,155.02,0.083357,0.023493,0.059864,0.000123,0.001287,0.021971
1.93383,155.03,0.083429,0.023555,0.059874,0.000123,0.001290,0.022031
1.93403,155.05,0.083502,0.023619,0.059884,0.000124,0.001293,0.022091
1.93423,155.06,0.083576,0.023682,0.059894,0.000124,0.001296,0.022152
1.93443,155.08,0.083649,0.023746,0.059903,0.000124,0.001298,0.022212
1.93463,155.10,0.083723,0.023810,0.059913,0.000124,0.001301,0.022273
1.93483,155.11,0.083797,0.023874,0.059923,0.000124,0.001304,0.022334
1.93503,155.13,0.083871,0.023938,0.059933,0.000125,0.001306,0.022396
1.93523,155.14,0.083946,0.024003,0.059943,0.000125,0.001309,0.022457
1.93543,155.16,0.084021,0.024068,0.059953,0.000125,0.001312,0.022519
1.93563,155.18,0.084096,0.024133,0.059963,0.000125,0.001315,0.022582
1.93583,155.19,0.084171,0.024198,0.059973,0.000126,0.001318,0.022644
1.93603,155.21,0.084247,0.024264,0.059983,0.000126,0.001320,0.022707
1.93623,155.22,0.084323,0.024330,0.059993,0.000126,0.001323,0.022770
1.93643,155.24,0.084399,0.024396,0.060002,0.000126,0.001326,0.022833
1.93663,155.26,0.084475,0.024463,0.060012,0.000127,0.001329,0.022896
1.93683,155.27,0.084552,0.024530,0.060022,0.000127,0.001332,0.022960
1.93703,155.29,0.084629,0.024597,0.060032,0.000127,0.001334,0.023024
1.93723,155.30,0.084706,0.024664,0.060042,0.000127,0.001337,0.023088
1.93743,155.32,0.084784,0.024732,0.060052,0.000128,0.001340,0.023153
1.93763,155.34,0.084862,0.024800,0.060062,0.000128,0.001343,0.023218
1.93783,155.35,0.084940,0.024868,0.060072,0.000128,0.001346,0.023283
1.93803,155.37,0.085019,0.024937,0.060082,0.000128,0.001349,0.023348
1.93823,155.38,0.085097,0.025006,0.060092,0.000129,0.001352,0.023414
1.93843,155.40,0.085176,0.025075,0.060102,0.000129,0.001354,0.023480
1.93863,155.42,0.085256,0.025144,0.060112,0.000129,0.001357,0.023546
1.93883,155.43,0.085335,0.025214,0.060121,0.000129,0.001360,0.023612
1.93903,155.45,0.085415,0.025284,0.060131,0.000130,0.001363,0.023679
1.93923,155.46,0.085495,0.025354,0.060141,0.000130,0.001366,0.023746
1.93943,155.48,0.085576,0.025424,0.060151,0.000130,0.001369,0.023814
1.93963,155.50,0.085657,0.025495,0.060161,0.000131,0.001372,0.023881
1.93983,155.51,0.085738,0.025566,0.060171,0.000131,0.001375,0.023949
1.94003,155.53,0.085819,0.025638,0.060181,0.000131,0.001378,0.024017
1.94023,155.54,0.085901,0.025710,0.060191,0.000131,0.001381,0.024086
1.94043,155.56,0.085983,0.025782,0.060201,0.000132,0.001384,0.024154
1.94063,155.58,0.086065,0.025854,0.060211,0.000132,0.001387,0.024224
1.94083,155.59,0.086148,0.025927,0.060221,0.000132,0.001390,0.024293
1.94103,155.61,0.086231,0.026000,0.060231,0.000132,0.001393,0.024363
1.94123,155.62,0.086314,0.026073,0.060241,0.000133,0.001396,0.024433
1.94143,155.64,0.086397,0.026147,0.060251,0.000133,0.001399,0.024503
1.94163,155.66,0.086481,0.026220,0.060261,0.000133,0.001402,0.024573
1.94183,155.67,0.086565,0.026295,0.060271,0.000133,0.001405,0.024644
1.94203,155.69,0.086650,0.026369,0.060281,0.000134,0.001408,0.024715
1.94223,155.70,0.086735,0.026444,0.060291,0.000134,0.001411,0.024787
1.94243,155.72,0.086820,0.026519,0.060301,0.000134,0.001414,0.024859
1.94263,155.74,0.086905,0.026595,0.060311,0.000135,0.001417,0.024931
1.94283,155.75,0.086991,0.026671,0.060321,0.000135,0.001420,0.025003
1.94303,155.77,0.087077,0.026747,0.060331,0.000135,0.001424,0.025076
1.94323,155.79,0.087164,0.026823,0.060341,0.000135,0.001427,0.025149
1.94343,155.80,0.087251,0.026900,0.060351,0.000136,0.001430,0.025222
1.94363,155.82,0.087338,0.026977,0.060361,0.000136,0.001433,0.025296
1.94383,155.83,0.087425,0.027055,0.060371,0.000136,0.001436,0.025370
1.94403,155.85,0.087513,0.027132,0.060381,0.000136,0.001439,0.025444
1.94423,155.87,0.087601,0.027211,0.060391,0.000137,0.001442,0.025519
1.94443,155.88,0.087690,0.027289,0.060401,0.000137,0.001446,0.025594
1.94463,155.90,0.087778,0.027368,0.060411,0.000137,0.001449,0.025669
1.94483,155.91,0.087868,0.027447,0.060421,0.000138,0.001452,0.025745
1.94503,155.93,0.087957,0.027527,0.060431,0.000138,0.001455,0.025821
1.94523,155.95,0.088047,0.027606,0.060441,0.000138,0.001459,0.025897
1.94543,155.96,0.088137,0.027687,0.060451,0.000138,0.001462,0.025974
1.94563,155.98,0.088228,0.027767,0.060461,0.000139,0.001465,0.026051
1.94583,155.99,0.088319,0.027848,0.060471,0.000139,0.001468,0.026128
1.94603,156.01,0.088410,0.027929,0.060481,0.000139,0.001472,0.026206
1.94623,156.03,0.088502,0.028011,0.060491,0.000140,0.001475,0.026284
1.94643,156.04,0.088594,0.028093,0.060501,0.000140,0.001478,0.026363
1.94663,156.06,0.088686,0.028175,0.060511,0.000140,0.001481,0.026441
1.94683,156.07,0.088779,0.028258,0.060521,0.000140,0.001485,0.026520
1.94703,156.09,0.088872,0.028341,0.060531,0.000141,0.001488,0.026600
1.94723,156.11,0.088966,0.028425,0.060541,0.000141,0.001491,0.026680
1.94743,156.12,0.089060,0.028509,0.060551,0.000141,0.001495,0.026760
1.94763,156.14,0.089154,0.028593,0.060561,0.000142,0.001498,0.026840
1.94783,156.15,0.089248,0.028677,0.060571,0.000142,0.001502,0.026921
1.94803,156.17,0.089343,0.028762,0.060581,0.000142,0.001505,0.027002
1.94823,156.19,0.089439,0.028848,0.060591,0.000142,0.001508,0.027084
1.94843,156.20,0.089535,0.028933,0.060601,0.000143,0.001512,0.027166
1.94863,156.22,0.089631,0.029019,0.060611,0.000143,0.001515,0.027248
1.94883,156.23,0.089727,0.029106,0.060621,0.000143,0.001519,0.027331
1.94903,156.25,0.089824,0.029193,0.060631,0.000144,0.001522,0.027414
1.94923,156.27,0.089922,0.029280,0.060641,0.000144,0.001525,0.027498
1.94943,156.28,0.090019,0.029368,0.060652,0.000144,0.001529,0.027582
1.94963,156.30,0.090117,0.029456,0.060662,0.000145,0.001532,0.027666
1.94983,156.31,0.090216,0.029544,0.060672,0.000145,0.001536,0.027751
1.95003,156.33,0.090315,0.029633,0.060682,0.000145,0.001539,0.027836
1.95023,156.35,0.090414,0.029722,0.060692,0.000145,0.001543,0.027921
1.95043,156.36,0.090514,0.029812,0.060702,0.000146,0.001546,0.028007
1.95063,156.38,0.090614,0.029902,0.060712,0.000146,0.001550,0.028093
1.95083,156.39,0.090715,0.029993,0.060722,0.000146,0.001554,0.028180
1.95103,156.41,0.090816,0.030084,0.060732,0.000147,0.001557,0.028267
1.95123,156.43,0.090917,0.030175,0.060742,0.000147,0.001561,0.028354
1.95143,156.44,0.091019,0.030267,0.060752,0.000147,0.001564,0.028442
1.95163,156.46,0.091121,0.030359,0.060762,0.000148,0.001568,0.028530
1.95183,156.47,0.091224,0.030451,0.060773,0.000148,0.001572,0.028619
1.95203,156.49,0.091327,0.030544,0.060783,0.000148,0.001575,0.028708
1.95223,156.51,0.091431,0.030638,0.060793,0.000149,0.001579,0.028797
1.95243,156.52,0.091535,0.030732,0.060803,0.000149,0.001582,0.028887
1.95263,156.54,0.091639,0.030826,0.060813,0.000149,0.001586,0.028977
1.95283,156.55,0.091744,0.030921,0.060823,0.000150,0.001590,0.029068
1.95303,156.57,0.091849,0.031016,0.060833,0.000150,0.001593,0.029159
1.95323,156.59,0.091955,0.031112,0.060843,0.000150,0.001597,0.029251
1.95343,156.60,0.092061,0.031208,0.060853,0.000150,0.001601,0.029343
1.95363,156.62,0.092168,0.031304,0.060864,0.000151,0.001605,0.029435
1.95383,156.63,0.092275,0.031401,0.060874,0.000151,0.001608,0.029528
1.95403,156.65,0.092382,0.031499,0.060884,0.000151,0.001612,0.029622
1.95423,156.67,0.092490,0.031597,0.060894,0.000152,0.001616,0.029715
1.95443,156.68,0.092599,0.031695,0.060904,0.000152,0.001620,0.029810
1.95463,156.70,0.092708,0.031794,0.060914,0.000152,0.001623,0.029904
1.95483,156.72,0.092817,0.031893,0.060924,0.000153,0.001627,0.029999
1.95503,156.73,0.092927,0.031993,0.060934,0.000153,0.001631,0.030095
1.95523,156.75,0.093038,0.032093,0.060945,0.000153,0.001635,0.030191
1.95543,156.76,0.093148,0.032194,0.060955,0.000154,0.001639,0.030287
1.95563,156.78,0.093260,0.032295,0.060965,0.000154,0.001643,0.030384
1.95583,156.80,0.093371,0.032396,0.060975,0.000154,0.001646,0.030482
1.95603,156.81,0.093484,0.032499,0.060985,0.000155,0.001650,0.030580
1.95623,156.83,0.093596,0.032601,0.060995,0.000155,0.001654,0.030678
1.95643,156.84,0.093710,0.032704,0.061005,0.000155,0.001658,0.030777
1.95663,156.86,0.093823,0.032808,0.061016,0.000156,0.001662,0.030876
1.95683,156.88,0.093938,0.032912,0.061026,0.000156,0.001666,0.030976
1.95703,156.89,0.094053,0.033017,0.061036,0.000156,0.001670,0.031076
1.95723,156.91,0.094168,0.033122,0.061046,0.000157,0.001674,0.031177
1.95743,156.92,0.094284,0.033227,0.061056,0.000157,0.001678,0.031278
1.95763,156.94,0.094400,0.033333,0.061066,0.000157,0.001682,0.031380
1.95783,156.96,0.094517,0.033440,0.061077,0.000158,0.001686,0.031482
1.95803,156.97,0.094634,0.033547,0.061087,0.000158,0.001690,0.031585
1.95823,156.99,0.094752,0.033655,0.061097,0.000159,0.001694,0.031688
1.95843,157.00,0.094870,0.033763,0.061107,0.000159,0.001698,0.031792
1.95863,157.02,0.094989,0.033872,0.061117,0.000159,0.001702,0.031896
1.95883,157.04,0.095108,0.033981,0.061127,0.000160,0.001706,0.032001
1.95903,157.05,0.095228,0.034091,0.061138,0.000160,0.001710,0.032106
1.95923,157.07,0.095349,0.034201,0.061148,0.000160,0.001714,0.032212
1.95943,157.08,0.095470,0.034312,0.061158,0.000161,0.001719,0.032318
1.95963,157.10,0.095591,0.034423,0.061168,0.000161,0.001723,0.032425
1.95983,157.12,0.095713,0.034535,0.061178,0.000161,0.001727,0.032532
1.96003,157.13,0.095836,0.034647,0.061189,0.000162,0.001731,0.032640
1.96023,157.15,0.095959,0.034761,0.061199,0.000162,0.001735,0.032749
1.96043,157.16,0.096083,0.034874,0.061209,0.000162,0.001740,0.032858
1.96063,157.18,0.096207,0.034988,0.061219,0.000163,0.001744,0.032967
1.96083,157.20,0.096332,0.035103,0.061229,0.000163,0.001748,0.033077
1.96103,157.21,0.096458,0.035218,0.061240,0.000164,0.001752,0.033188
1.96123,157.23,0.096584,0.035334,0.061250,0.000164,0.001756,0.033299
1.96143,157.24,0.096711,0.035450,0.061260,0.000164,0.001761,0.033411
1.96163,157.26,0.096838,0.035567,0.061270,0.000165,0.001765,0.033523
1.96183,157.28,0.096966,0.035685,0.061281,0.000165,0.001769,0.033636
1.96203,157.29,0.097094,0.035803,0.061291,0.000165,0.001774,0.033750
1.96223,157.31,0.097223,0.035922,0.061301,0.000166,0.001778,0.033864
1.96243,157.32,0.097353,0.036041,0.061311,0.000166,0.001782,0.033978
1.96263,157.34,0.097483,0.036161,0.061321,0.000166,0.001787,0.034093
1.96283,157.36,0.097614,0.036282,0.061332,0.000167,0.001791,0.034209
1.96303,157.37,0.097745,0.036403,0.061342,0.000167,0.001796,0.034325
1.96323,157.39,0.097877,0.036525,0.061352,0.000168,0.001800,0.034442
1.96343,157.40,0.098010,0.036647,0.061362,0.000168,0.001804,0.034560
1.96363,157.42,0.098143,0.036770,0.061373,0.000168,0.001809,0.034678
1.96383,157.44,0.098277,0.036894,0.061383,0.000169,0.001813,0.034797
1.96403,157.45,0.098411,0.037018,0.061393,0.000169,0.001818,0.034916
1.96423,157.47,0.098546,0.037143,0.061403,0.000169,0.001822,0.035036
1.96443,157.48,0.098682,0.037268,0.061414,0.000170,0.001827,0.035157
1.96463,157.50,0.098819,0.037395,0.061424,0.000170,0.001832,0.035278
1.96483,157.52,0.098956,0.037521,0.061434,0.000171,0.001836,0.035400
1.96503,157.53,0.099093,0.037649,0.061444,0.000171,0.001841,0.035522
1.96523,157.55,0.099232,0.037777,0.061455,0.000171,0.001845,0.035645
1.96543,157.56,0.099371,0.037906,0.061465,0.000172,0.001850,0.035769
1.96563,157.58,0.099510,0.038035,0.061475,0.000172,0.001854,0.035893
1.96583,157.60,0.099651,0.038165,0.061486,0.000173,0.001859,0.036018
1.96603,157.61,0.099792,0.038296,0.061496,0.000173,0.001864,0.036144
1.96623,157.63,0.099934,0.038427,0.061506,0.000173,0.001868,0.036270
1.96643,157.64,0.100076,0.038560,0.061516,0.000174,0.001873,0.036397
1.96663,157.66,0.100219,0.038692,0.061527,0.000174,0.001878,0.036525
1.96683,157.68,0.100363,0.038826,0.061537,0.000175,0.001883,0.036653
1.96703,157.69,0.100507,0.038960,0.061547,0.000175,0.001887,0.036782
1.96723,157.71,0.100653,0.039095,0.061558,0.000175,0.001892,0.036912
1.96743,157.73,0.100798,0.039231,0.061568,0.000176,0.001897,0.037043
1.96763,157.74,0.100945,0.039367,0.061578,0.000176,0.001902,0.037174
1.96783,157.76,0.101092,0.039504,0.061588,0.000177,0.001907,0.037305
1.96803,157.77,0.101240,0.039642,0.061599,0.000177,0.001911,0.037438
1.96823,157.79,0.101389,0.039780,0.061609,0.000177,0.001916,0.037571
1.96843,157.81,0.101539,0.039919,0.061619,0.000178,0.001921,0.037705
1.96863,157.82,0.101689,0.040059,0.061630,0.000178,0.001926,0.037840
1.96883,157.84,0.101840,0.040200,0.061640,0.000179,0.001931,0.037975
1.96903,157.85,0.101992,0.040341,0.061650,0.000179,0.001936,0.038111
1.96923,157.87,0.102144,0.040484,0.061661,0.000180,0.001941,0.038248
1.96943,157.89,0.102297,0.040627,0.061671,0.000180,0.001946,0.038385
1.96963,157.90,0.102452,0.040770,0.061681,0.000180,0.001951,0.038523
1.96983,157.92,0.102606,0.040915,0.061692,0.000181,0.001956,0.038662
1.97003,157.93,0.102762,0.041060,0.061702,0.000181,0.001961,0.038802
1.97023,157.95,0.102918,0.041206,0.061712,0.000182,0.001966,0.038943
1.97043,157.97,0.103075,0.041353,0.061723,0.000182,0.001971,0.039084
1.97063,157.98,0.103233,0.041500,0.061733,0.000183,0.001976,0.039226
1.97083,158.00,0.103392,0.041649,0.061743,0.000183,0.001981,0.039369
1.97103,158.01,0.103552,0.041798,0.061754,0.000183,0.001986,0.039512
1.97123,158.03,0.103712,0.041948,0.061764,0.000184,0.001992,0.039657
1.97143,158.05,0.103873,0.042099,0.061774,0.000184,0.001997,0.039802
1.97163,158.06,0.104035,0.042250,0.061785,0.000185,0.002002,0.039948
1.97183,158.08,0.104198,0.042403,0.061795,0.000185,0.002007,0.040095
1.97203,158.09,0.104361,0.042556,0.061805,0.000186,0.002012,0.040242
1.97223,158.11,0.104526,0.042710,0.061816,0.000186,0.002018,0.040391
1.97243,158.13,0.104691,0.042865,0.061826,0.000186,0.002023,0.040540
1.97263,158.14,0.104857,0.043021,0.061836,0.000187,0.002028,0.040690
1.97283,158.16,0.105024,0.043178,0.061847,0.000187,0.002033,0.040841
1.97303,158.17,0.105192,0.043335,0.061857,0.000188,0.002039,0.040992
1.97323,158.19,0.105361,0.043493,0.061868,0.000188,0.002044,0.041145
1.97343,158.21,0.105531,0.043653,0.061878,0.000189,0.002050,0.041298
1.97363,158.22,0.105701,0.043813,0.061888,0.000189,0.002055,0.041453
1.97383,158.24,0.105873,0.043974,0.061899,0.000190,0.002060,0.041608
1.97403,158.25,0.106045,0.044136,0.061909,0.000190,0.002066,0.041764
1.97423,158.27,0.106218,0.044299,0.061919,0.000190,0.002071,0.041921
1.97443,158.29,0.106392,0.044462,0.061930,0.000191,0.002077,0.042078
1.97463,158.30,0.106567,0.044627,0.061940,0.000191,0.002082,0.042237
1.97483,158.32,0.106743,0.044793,0.061951,0.000192,0.002088,0.042397
1.97503,158.33,0.106920,0.044959,0.061961,0.000192,0.002093,0.042557
1.97523,158.35,0.107098,0.045126,0.061971,0.000193,0.002099,0.042718
1.97543,158.37,0.107277,0.045295,0.061982,0.000193,0.002104,0.042881
1.97563,158.38,0.107456,0.045464,0.061992,0.000194,0.002110,0.043044
1.97583,158.40,0.107637,0.045634,0.062003,0.000194,0.002116,0.043208
1.97603,158.41,0.107819,0.045806,0.062013,0.000195,0.002121,0.043373
1.97623,158.43,0.108001,0.045978,0.062023,0.000195,0.002127,0.043539
1.97643,158.45,0.108185,0.046151,0.062034,0.000196,0.002133,0.043706
1.97663,158.46,0.108369,0.046325,0.062044,0.000196,0.002139,0.043874
1.97683,158.48,0.108555,0.046500,0.062055,0.000197,0.002144,0.044043
1.97703,158.49,0.108741,0.046676,0.062065,0.000197,0.002150,0.044213
1.97723,158.51,0.108929,0.046854,0.062075,0.000198,0.002156,0.044384
1.97743,158.53,0.109118,0.047032,0.062086,0.000198,0.002162,0.044555
1.97763,158.54,0.109307,0.047211,0.062096,0.000199,0.002168,0.044728
1.97783,158.56,0.109498,0.047391,0.062107,0.000199,0.002173,0.044902
1.97803,158.57,0.109690,0.047572,0.062117,0.000200,0.002179,0.045077
1.97823,158.59,0.109882,0.047755,0.062128,0.000200,0.002185,0.045253
1.97843,158.61,0.110076,0.047938,0.062138,0.000200,0.002191,0.045430
1.97863,158.62,0.110271,0.048123,0.062148,0.000201,0.002197,0.045608
1.97883,158.64,0.110467,0.048308,0.062159,0.000201,0.002203,0.045787
1.97903,158.66,0.110664,0.048495,0.062169,0.000202,0.002209,0.045967
1.97923,158.67,0.110862,0.048682,0.062180,0.000202,0.002215,0.046148
1.97943,158.69,0.111061,0.048871,0.062190,0.000203,0.002221,0.046330
1.97963,158.70,0.111262,0.049061,0.062201,0.000204,0.002227,0.046513
1.97983,158.72,0.111463,0.049252,0.062211,0.000204,0.002233,0.046697
1.98003,158.74,0.111666,0.049444,0.062222,0.000205,0.002240,0.046883
1.98023,158.75,0.111869,0.049637,0.062232,0.000205,0.002246,0.047069
1.98043,158.77,0.112074,0.049832,0.062243,0.000206,0.002252,0.047257
1.98063,158.78,0.112280,0.050027,0.062253,0.000206,0.002258,0.047446
1.98083,158.80,0.112487,0.050224,0.062264,0.000207,0.002264,0.047636
1.98103,158.82,0.112696,0.050422,0.062274,0.000207,0.002271,0.047827
1.98123,158.83,0.112905,0.050621,0.062284,0.000208,0.002277,0.048019
1.98143,158.85,0.113116,0.050821,0.062295,0.000208,0.002283,0.048212
1.98163,158.86,0.113328,0.051022,0.062305,0.000209,0.002290,0.048407
1.98183,158.88,0.113541,0.051225,0.062316,0.000209,0.002296,0.048602
1.98203,158.90,0.113755,0.051429,0.062326,0.000210,0.002302,0.048799
1.98223,158.91,0.113970,0.051634,0.062337,0.000210,0.002309,0.048997
1.98243,158.93,0.114187,0.051840,0.062347,0.000211,0.002315,0.049196
1.98263,158.94,0.114405,0.052047,0.062358,0.000211,0.002322,0.049397
1.98283,158.96,0.114624,0.052256,0.062368,0.000212,0.002328,0.049599
1.98303,158.98,0.114845,0.052466,0.062379,0.000212,0.002335,0.049802
1.98323,158.99,0.115067,0.052677,0.062389,0.000213,0.002341,0.050006
1.98343,159.01,0.115290,0.052890,0.062400,0.000213,0.002348,0.050211
1.98363,159.02,0.115514,0.053104,0.062410,0.000214,0.002355,0.050418
1.98383,159.04,0.115740,0.053319,0.062421,0.000215,0.002361,0.050626
1.98403,159.06,0.115967,0.053536,0.062431,0.000215,0.002368,0.050835
1.98423,159.07,0.116195,0.053753,0.062442,0.000216,0.002375,0.051046
1.98443,159.09,0.116425,0.053973,0.062452,0.000216,0.002381,0.051257
1.98463,159.10,0.116656,0.054193,0.062463,0.000217,0.002388,0.051471
1.98483,159.12,0.116888,0.054415,0.062473,0.000217,0.002395,0.051685
1.98503,159.14,0.117122,0.054638,0.062484,0.000218,0.002402,0.051901
1.98523,159.15,0.117357,0.054863,0.062495,0.000218,0.002409,0.052118
1.98543,159.17,0.117594,0.055089,0.062505,0.000219,0.002415,0.052337
1.98563,159.18,0.117832,0.055316,0.062516,0.000220,0.002422,0.052557
1.98583,159.20,0.118071,0.055545,0.062526,0.000220,0.002429,0.052778
1.98603,159.22,0.118312,0.055775,0.062537,0.000221,0.002436,0.053001
1.98623,159.23,0.118554,0.056007,0.062547,0.000221,0.002443,0.053225
1.98643,159.25,0.118798,0.056240,0.062558,0.000222,0.002450,0.053450
1.98663,159.26,0.119043,0.056475,0.062568,0.000222,0.002457,0.053677
1.98683,159.28,0.119290,0.056711,0.062579,0.000223,0.002464,0.053906
1.98703,159.30,0.119538,0.056949,0.062589,0.000224,0.002472,0.054135
1.98723,159.31,0.119788,0.057188,0.062600,0.000224,0.002479,0.054367
1.98743,159.33,0.120039,0.057428,0.062610,0.000225,0.002486,0.054600
1.98763,159.34,0.120291,0.057670,0.062621,0.000225,0.002493,0.054834
1.98783,159.36,0.120546,0.057914,0.062632,0.000226,0.002500,0.055070
1.98803,159.38,0.120801,0.058159,0.062642,0.000227,0.002508,0.055307
1.98823,159.39,0.121059,0.058406,0.062653,0.000227,0.002515,0.055546
1.98843,159.41,0.121318,0.058654,0.062663,0.000228,0.002522,0.055786
1.98863,159.42,0.121578,0.058904,0.062674,0.000228,0.002530,0.056028
1.98883,159.44,0.121840,0.059156,0.062684,0.000229,0.002537,0.056272
1.98903,159.46,0.122104,0.059409,0.062695,0.000230,0.002544,0.056517
1.98923,159.47,0.122370,0.059664,0.062706,0.000230,0.002552,0.056764
1.98943,159.49,0.122637,0.059920,0.062716,0.000231,0.002559,0.057012
1.98963,159.50,0.122905,0.060179,0.062727,0.000231,0.002567,0.057262
1.98983,159.52,0.123176,0.060438,0.062737,0.000232,0.002575,0.057514
1.99003,159.54,0.123448,0.060700,0.062748,0.000233,0.002582,0.057767
1.99023,159.55,0.123722,0.060963,0.062759,0.000233,0.002590,0.058022
1.99043,159.57,0.123997,0.061228,0.062769,0.000234,0.002597,0.058278
1.99063,159.59,0.124274,0.061495,0.062780,0.000234,0.002605,0.058537
1.99083,159.60,0.124553,0.061763,0.062790,0.000235,0.002613,0.058797
1.99103,159.62,0.124834,0.062033,0.062801,0.000236,0.002621,0.059058
1.99123,159.63,0.125117,0.062305,0.062812,0.000236,0.002628,0.059322
1.99143,159.65,0.125401,0.062579,0.062822,0.000237,0.002636,0.059587
1.99163,159.67,0.125687,0.062855,0.062833,0.000238,0.002644,0.059854
1.99183,159.68,0.125975,0.063132,0.062843,0.000238,0.002652,0.060123
1.99203,159.70,0.126265,0.063411,0.062854,0.000239,0.002660,0.060394
1.99223,159.71,0.126557,0.063692,0.062865,0.000240,0.002668,0.060666
1.99243,159.73,0.126851,0.063975,0.062875,0.000240,0.002676,0.060941
1.99263,159.75,0.127146,0.064260,0.062886,0.000241,0.002684,0.061217
1.99283,159.76,0.127444,0.064547,0.062897,0.000241,0.002692,0.061495
1.99303,159.78,0.127743,0.064836,0.062907,0.000242,0.002700,0.061775
1.99323,159.79,0.128044,0.065127,0.062918,0.000243,0.002708,0.062057
1.99343,159.81,0.128348,0.065419,0.062928,0.000243,0.002717,0.062340
1.99363,159.83,0.128653,0.065714,0.062939,0.000244,0.002725,0.062626
1.99383,159.84,0.128960,0.066011,0.062950,0.000245,0.002733,0.062914
1.99403,159.86,0.129270,0.066309,0.062960,0.000245,0.002741,0.063203
1.99423,159.87,0.129581,0.066610,0.062971,0.000246,0.002750,0.063495
1.99443,159.89,0.129894,0.066913,0.062982,0.000247,0.002758,0.063789
1.99463,159.91,0.130210,0.067217,0.062992,0.000247,0.002767,0.064084
1.99483,159.92,0.130527,0.067524,0.063003,0.000248,0.002775,0.064382
1.99503,159.94,0.130847,0.067833,0.063014,0.000249,0.002784,0.064682
1.99523,159.95,0.131169,0.068145,0.063024,0.000250,0.002792,0.064984
1.99543,159.97,0.131493,0.068458,0.063035,0.000250,0.002801,0.065288
1.99563,159.99,0.131819,0.068773,0.063046,0.000251,0.002809,0.065594
1.99583,160.00,0.132147,0.069091,0.063056,0.000252,0.002818,0.065902
1.99603,160.02,0.132478,0.069411,0.063067,0.000252,0.002827,0.066213
1.99623,160.03,0.132811,0.069733,0.063078,0.000253,0.002835,0.066525
1.99643,160.05,0.133146,0.070057,0.063088,0.000254,0.002844,0.066840
1.99663,160.07,0.133483,0.070384,0.063099,0.000254,0.002853,0.067157
1.99683,160.08,0.133823,0.070713,0.063110,0.000255,0.002862,0.067477
1.99703,160.10,0.134165,0.071044,0.063120,0.000256,0.002871,0.067798
1.99723,160.11,0.134509,0.071378,0.063131,0.000257,0.002880,0.068122
1.99743,160.13,0.134856,0.071714,0.063142,0.000257,0.002889,0.068449
1.99763,160.15,0.135205,0.072052,0.063152,0.000258,0.002898,0.068777
1.99783,160.16,0.135556,0.072393,0.063163,0.000259,0.002907,0.069108
1.99803,160.18,0.135910,0.072736,0.063174,0.000259,0.002916,0.069441
1.99823,160.19,0.136266,0.073082,0.063185,0.000260,0.002925,0.069777
1.99843,160.21,0.136625,0.073430,0.063195,0.000261,0.002934,0.070115
1.99863,160.23,0.136987,0.073781,0.063206,0.000262,0.002944,0.070456
1.99883,160.24,0.137350,0.074134,0.063217,0.000262,0.002953,0.070799
1.99903,160.26,0.137717,0.074489,0.063227,0.000263,0.002962,0.071145
1.99923,160.27,0.138086,0.074848,0.063238,0.000264,0.002972,0.071493
1.99943,160.29,0.138457,0.075209,0.063249,0.000265,0.002981,0.071843
1.99963,160.31,0.138832,0.075572,0.063260,0.000265,0.002990,0.072197
1.99983,160.32,0.139208,0.075938,0.063270,0.000266,0.003000,0.072552
2.00003,160.34,0.139588,0.076307,0.063281,0.000267,0.003010,0.072911
2.00023,160.35,0.139970,0.076679,0.063292,0.000268,0.003019,0.073272
2.00043,160.37,0.140355,0.077053,0.063302,0.000268,0.003029,0.073636
2.00063,160.39,0.140743,0.077430,0.063313,0.000269,0.003038,0.074002
2.00083,160.40,0.141133,0.077810,0.063324,0.000270,0.003048,0.074372
2.00103,160.42,0.141527,0.078192,0.063335,0.000271,0.003058,0.074744
2.00123,160.43,0.141923,0.078578,0.063345,0.000271,0.003068,0.075118
2.00143,160.45,0.142322,0.078966,0.063356,0.000272,0.003078,0.075496
2.00163,160.47,0.142724,0.079357,0.063367,0.000273,0.003088,0.075876
2.00183,160.48,0.143129,0.079751,0.063378,0.000274,0.003098,0.076260
2.00203,160.50,0.143536,0.080148,0.063388,0.000275,0.003108,0.076646
2.00223,160.52,0.143947,0.080548,0.063399,0.000275,0.003118,0.077035
2.00243,160.53,0.144361,0.080951,0.063410,0.000276,0.003128,0.077427
2.00263,160.55,0.144778,0.081357,0.063421,0.000277,0.003138,0.077822
2.00283,160.56,0.145198,0.081766,0.063431,0.000278,0.003148,0.078220
2.00303,160.58,0.145621,0.082179,0.063442,0.000279,0.003159,0.078621
2.00323,160.60,0.146047,0.082594,0.063453,0.000279,0.003169,0.079025
2.00343,160.61,0.146476,0.083012,0.063464,0.000280,0.003179,0.079433
2.00363,160.63,0.146909,0.083434,0.063475,0.000281,0.003190,0.079843
2.00383,160.64,0.147344,0.083859,0.063485,0.000282,0.003200,0.080257
2.00403,160.66,0.147783,0.084287,0.063496,0.000283,0.003211,0.080674
2.00423,160.68,0.148226,0.084719,0.063507,0.000284,0.003221,0.081094
2.00443,160.69,0.148671,0.085154,0.063518,0.000284,0.003232,0.081517
2.00463,160.71,0.149120,0.085592,0.063528,0.000285,0.003243,0.081944
2.00483,160.72,0.149573,0.086034,0.063539,0.000286,0.003253,0.082374
2.00503,160.74,0.150029,0.086479,0.063550,0.000287,0.003264,0.082807
2.00523,160.76,0.150488,0.086927,0.063561,0.000288,0.003275,0.083244
2.00543,160.77,0.150951,0.087379,0.063572,0.000289,0.003286,0.083684
2.00563,160.79,0.151417,0.087835,0.063582,0.000289,0.003297,0.084128
2.00583,160.80,0.151887,0.088294,0.063593,0.000290,0.003308,0.084575
2.00603,160.82,0.152360,0.088756,0.063604,0.000291,0.003319,0.085026
2.00623,160.84,0.152838,0.089223,0.063615,0.000292,0.003330,0.085480
2.00643,160.85,0.153319,0.089693,0.063626,0.000293,0.003341,0.085938
2.00663,160.87,0.153803,0.090167,0.063636,0.000294,0.003352,0.086400
2.00683,160.88,0.154292,0.090644,0.063647,0.000295,0.003364,0.086865
2.00703,160.90,0.154784,0.091126,0.063658,0.000296,0.003375,0.087334
2.00723,160.92,0.155280,0.091611,0.063669,0.000296,0.003386,0.087807
2.00743,160.93,0.155780,0.092100,0.063680,0.000297,0.003398,0.088284
2.00763,160.95,0.156284,0.092593,0.063691,0.000298,0.003409,0.088765
2.00783,160.96,0.156792,0.093090,0.063701,0.000299,0.003421,0.089249
2.00803,160.98,0.157304,0.093591,0.063712,0.000300,0.003433,0.089738
2.00823,161.00,0.157820,0.094096,0.063723,0.000301,0.003444,0.090230
2.00843,161.01,0.158340,0.094606,0.063734,0.000302,0.003456,0.090727
2.00863,161.03,0.158864,0.095119,0.063745,0.000303,0.003468,0.091227
2.00883,161.04,0.159392,0.095637,0.063756,0.000304,0.003480,0.091732
2.00903,161.06,0.159925,0.096158,0.063766,0.000305,0.003492,0.092241
2.00923,161.08,0.160462,0.096685,0.063777,0.000306,0.003504,0.092754
2.00943,161.09,0.161003,0.097215,0.063788,0.000306,0.003516,0.093272
2.00963,161.11,0.161549,0.097750,0.063799,0.000307,0.003528,0.093793
2.00983,161.12,0.162099,0.098289,0.063810,0.000308,0.003540,0.094320
2.01003,161.14,0.162654,0.098833,0.063821,0.000309,0.003552,0.094850
2.01023,161.16,0.163213,0.099381,0.063832,0.000310,0.003565,0.095385
2.01043,161.17,0.163776,0.099934,0.063843,0.000311,0.003577,0.095925
2.01063,161.19,0.164345,0.100491,0.063853,0.000312,0.003589,0.096469
2.01083,161.20,0.164918,0.101054,0.063864,0.000313,0.003602,0.097017
2.01103,161.22,0.165496,0.101621,0.063875,0.000314,0.003614,0.097571
2.01123,161.24,0.166078,0.102192,0.063886,0.000315,0.003627,0.098129
2.01143,161.25,0.166666,0.102769,0.063897,0.000316,0.003640,0.098692
2.01163,161.27,0.167258,0.103350,0.063908,0.000317,0.003653,0.099259
2.01183,161.28,0.167855,0.103937,0.063919,0.000318,0.003665,0.099832
2.01203,161.30,0.168457,0.104528,0.063930,0.000319,0.003678,0.100409
2.01223,161.32,0.169065,0.105124,0.063940,0.000320,0.003691,0.100992
2.01243,161.33,0.169677,0.105726,0.063951,0.000321,0.003704,0.101579
2.01263,161.35,0.170295,0.106333,0.063962,0.000322,0.003717,0.102172
2.01283,161.36,0.170918,0.106945,0.063973,0.000323,0.003731,0.102770
2.01303,161.38,0.171546,0.107562,0.063984,0.000324,0.003744,0.103373
2.01323,161.40,0.172180,0.108185,0.063995,0.000325,0.003757,0.103981
2.01343,161.41,0.172819,0.108813,0.064006,0.000326,0.003771,0.104595
2.01363,161.43,0.173463,0.109446,0.064017,0.000327,0.003784,0.105214
2.01383,161.45,0.174113,0.110086,0.064028,0.000328,0.003798,0.105838
2.01403,161.46,0.174769,0.110730,0.064039,0.000329,0.003811,0.106468
2.01423,161.48,0.175430,0.111381,0.064050,0.000330,0.003825,0.107104
2.01443,161.49,0.176097,0.112037,0.064060,0.000331,0.003839,0.107745
2.01463,161.51,0.176770,0.112699,0.064071,0.000332,0.003852,0.108392
2.01483,161.53,0.177449,0.113367,0.064082,0.000333,0.003866,0.109045
2.01503,161.54,0.178134,0.114041,0.064093,0.000334,0.003880,0.109704
2.01523,161.56,0.178825,0.114720,0.064104,0.000335,0.003894,0.110369
2.01543,161.57,0.179522,0.115406,0.064115,0.000337,0.003908,0.111039
2.01563,161.59,0.180225,0.116099,0.064126,0.000338,0.003923,0.111716
2.01583,161.61,0.180934,0.116797,0.064137,0.000339,0.003937,0.112399
2.01603,161.62,0.181650,0.117502,0.064148,0.000340,0.003951,0.113089
2.01623,161.64,0.182372,0.118213,0.064159,0.000341,0.003966,0.113784
2.01643,161.65,0.183100,0.118930,0.064170,0.000342,0.003980,0.114486
2.01663,161.67,0.183835,0.119655,0.064181,0.000343,0.003995,0.115194
2.01683,161.69,0.184577,0.120385,0.064192,0.000344,0.004010,0.115909
2.01703,161.70,0.185326,0.121123,0.064203,0.000345,0.004024,0.116631
2.01723,161.72,0.186081,0.121867,0.064214,0.000346,0.004039,0.117359
2.01743,161.73,0.186843,0.122618,0.064225,0.000348,0.004054,0.118094
2.01763,161.75,0.187612,0.123376,0.064236,0.000349,0.004069,0.118836
2.01783,161.77,0.188388,0.124141,0.064247,0.000350,0.004084,0.119585
2.01803,161.78,0.189171,0.124914,0.064258,0.000351,0.004099,0.120341
2.01823,161.80,0.189962,0.125693,0.064269,0.000352,0.004115,0.121104
2.01843,161.81,0.190760,0.126480,0.064280,0.000353,0.004130,0.121875
2.01863,161.83,0.191565,0.127274,0.064291,0.000354,0.004145,0.122652
2.01883,161.85,0.192378,0.128076,0.064302,0.000356,0.004161,0.123437
2.01903,161.86,0.193198,0.128886,0.064313,0.000357,0.004176,0.124230
2.01923,161.88,0.194026,0.129703,0.064324,0.000358,0.004192,0.125030
2.01943,161.89,0.194862,0.130527,0.064334,0.000359,0.004208,0.125838
2.01963,161.91,0.195706,0.131360,0.064345,0.000360,0.004224,0.126653
2.01983,161.93,0.196557,0.132201,0.064356,0.000361,0.004240,0.127477
2.02003,161.94,0.197417,0.133050,0.064368,0.000363,0.004256,0.128309
2.02023,161.96,0.198285,0.133907,0.064379,0.000364,0.004272,0.129148
2.02043,161.97,0.199161,0.134772,0.064390,0.000365,0.004288,0.129996
2.02063,161.99,0.200046,0.135646,0.064401,0.000366,0.004304,0.130852
2.02083,162.01,0.200939,0.136528,0.064412,0.000368,0.004321,0.131717
2.02103,162.02,0.201841,0.137419,0.064423,0.000369,0.004337,0.132590
2.02123,162.04,0.202752,0.138318,0.064434,0.000370,0.004354,0.133471
2.02143,162.05,0.203671,0.139227,0.064445,0.000371,0.004371,0.134362
2.02163,162.07,0.204600,0.140144,0.064456,0.000372,0.004387,0.135261
2.02183,162.09,0.205537,0.141070,0.064467,0.000374,0.004404,0.136169
2.02203,162.10,0.206484,0.142006,0.064478,0.000375,0.004421,0.137087
2.02223,162.12,0.207440,0.142951,0.064489,0.000376,0.004438,0.138013
2.02243,162.13,0.208405,0.143905,0.064500,0.000378,0.004456,0.138949
2.02263,162.15,0.209380,0.144869,0.064511,0.000379,0.004473,0.139895
2.02283,162.17,0.210365,0.145843,0.064522,0.000380,0.004490,0.140850
2.02303,162.18,0.211360,0.146827,0.064533,0.000381,0.004508,0.141814
2.02323,162.20,0.212364,0.147820,0.064544,0.000383,0.004525,0.142789
2.02343,162.21,0.213379,0.148824,0.064555,0.000384,0.004543,0.143774
2.02363,162.23,0.214404,0.149838,0.064566,0.000385,0.004561,0.144768
2.02383,162.25,0.215439,0.150862,0.064577,0.000387,0.004579,0.145773
2.02403,162.26,0.216485,0.151897,0.064588,0.000388,0.004597,0.146789
2.02423,162.28,0.217541,0.152942,0.064599,0.000389,0.004615,0.147815
2.02443,162.29,0.218608,0.153998,0.064610,0.000391,0.004633,0.148851
2.02463,162.31,0.219687,0.155065,0.064621,0.000392,0.004651,0.149899
2.02483,162.33,0.220776,0.156144,0.064632,0.000393,0.004670,0.150957
2.02503,162.34,0.221877,0.157233,0.064643,0.000395,0.004688,0.152027
2.02523,162.36,0.222989,0.158334,0.064655,0.000396,0.004707,0.153108
2.02543,162.37,0.224112,0.159447,0.064666,0.000397,0.004726,0.154200
2.02563,162.39,0.225248,0.160571,0.064677,0.000399,0.004745,0.155304
2.02583,162.41,0.226395,0.161707,0.064688,0.000400,0.004764,0.156420
2.02603,162.42,0.227554,0.162855,0.064699,0.000402,0.004783,0.157547
2.02623,162.44,0.228726,0.164016,0.064710,0.000403,0.004802,0.158687
2.02643,162.46,0.229909,0.165188,0.064721,0.000404,0.004821,0.159839
2.02663,162.47,0.231106,0.166374,0.064732,0.000406,0.004841,0.161004
2.02683,162.49,0.232315,0.167572,0.064743,0.000407,0.004860,0.162181
2.02703,162.50,0.233538,0.168783,0.064754,0.000409,0.004880,0.163371
2.02723,162.52,0.234773,0.170007,0.064765,0.000410,0.004900,0.164574
2.02743,162.54,0.236022,0.171245,0.064777,0.000412,0.004920,0.165790
2.02763,162.55,0.237284,0.172496,0.064788,0.000413,0.004940,0.167020
2.02783,162.57,0.238560,0.173761,0.064799,0.000415,0.004960,0.168263
2.02803,162.58,0.239850,0.175040,0.064810,0.000416,0.004980,0.169520
2.02823,162.60,0.241154,0.176333,0.064821,0.000417,0.005001,0.170791
2.02843,162.62,0.242472,0.177640,0.064832,0.000419,0.005021,0.172076
2.02863,162.63,0.243805,0.178961,0.064843,0.000420,0.005042,0.173375
2.02883,162.65,0.245152,0.180298,0.064854,0.000422,0.005063,0.174689
2.02903,162.66,0.246515,0.181649,0.064866,0.000423,0.005084,0.176018
2.02923,162.68,0.247893,0.183016,0.064877,0.000425,0.005105,0.177362
2.02943,162.70,0.249286,0.184398,0.064888,0.000427,0.005126,0.178722
2.02963,162.71,0.250695,0.185796,0.064899,0.000428,0.005147,0.180096
2.02983,162.73,0.252119,0.187209,0.064910,0.000430,0.005169,0.181487
2.03003,162.74,0.253560,0.188639,0.064921,0.000431,0.005190,0.182893
2.03023,162.76,0.255017,0.190085,0.064932,0.000433,0.005212,0.184316
2.03043,162.78,0.256491,0.191548,0.064944,0.000434,0.005234,0.185755
2.03063,162.79,0.257982,0.193027,0.064955,0.000436,0.005256,0.187211
2.03083,162.81,0.259490,0.194524,0.064966,0.000437,0.005278,0.188684
2.03103,162.82,0.261015,0.196038,0.064977,0.000439,0.005300,0.190174
2.03123,162.84,0.262558,0.197569,0.064988,0.000441,0.005323,0.191682
2.03143,162.86,0.264118,0.199119,0.064999,0.000442,0.005345,0.193207
2.03163,162.87,0.265697,0.200687,0.065011,0.000444,0.005368,0.194751
2.03183,162.89,0.267295,0.202273,0.065022,0.000446,0.005391,0.196313
2.03203,162.90,0.268911,0.203878,0.065033,0.000447,0.005414,0.197893
2.03223,162.92,0.270546,0.205502,0.065044,0.000449,0.005437,0.199492
2.03243,162.94,0.272201,0.207146,0.065055,0.000450,0.005460,0.201111
2.03263,162.95,0.273875,0.208809,0.065066,0.000452,0.005483,0.202749
2.03283,162.97,0.275570,0.210492,0.065078,0.000454,0.005507,0.204407
2.03303,162.98,0.277284,0.212196,0.065089,0.000455,0.005531,0.206085
2.03323,163.00,0.279020,0.213920,0.065100,0.000457,0.005555,0.207783
2.03343,163.02,0.280776,0.215665,0.065111,0.000459,0.005579,0.209503
2.03363,163.03,0.282554,0.217431,0.065122,0.000461,0.005603,0.211243
2.03383,163.05,0.284353,0.219219,0.065134,0.000462,0.005627,0.213005
2.03403,163.06,0.286174,0.221029,0.065145,0.000464,0.005652,0.214789
2.03423,163.08,0.288018,0.222862,0.065156,0.000466,0.005676,0.216595
2.03443,163.10,0.289884,0.224717,0.065167,0.000468,0.005701,0.218423
2.03463,163.11,0.291773,0.226595,0.065178,0.000469,0.005726,0.220275
2.03483,163.13,0.293686,0.228497,0.065190,0.000471,0.005751,0.222149
2.03503,163.14,0.295623,0.230422,0.065201,0.000473,0.005777,0.224048
2.03523,163.16,0.297584,0.232372,0.065212,0.000475,0.005802,0.225970
2.03543,163.18,0.299570,0.234347,0.065223,0.000476,0.005828,0.227917
2.03563,163.19,0.301581,0.236346,0.065235,0.000478,0.005854,0.229889
2.03583,163.21,0.303617,0.238371,0.065246,0.000480,0.005880,0.231886
2.03603,163.22,0.305679,0.240422,0.065257,0.000482,0.005906,0.233909
2.03623,163.24,0.307768,0.242499,0.065268,0.000484,0.005932,0.235958
2.03643,163.26,0.309883,0.244604,0.065279,0.000486,0.005959,0.238034
2.03663,163.27,0.312026,0.246735,0.065291,0.000487,0.005986,0.240137
2.03683,163.29,0.314196,0.248894,0.065302,0.000489,0.006012,0.242267
2.03703,163.30,0.316395,0.251081,0.065313,0.000491,0.006039,0.244426
2.03723,163.32,0.318622,0.253298,0.065324,0.000493,0.006067,0.246612
2.03743,163.34,0.320878,0.255543,0.065336,0.000495,0.006094,0.248828
2.03763,163.35,0.323165,0.257818,0.065347,0.000497,0.006122,0.251074
2.03783,163.37,0.325481,0.260123,0.065358,0.000499,0.006150,0.253349
2.03803,163.39,0.327828,0.262459,0.065369,0.000501,0.006178,0.255655
2.03823,163.40,0.330207,0.264826,0.065381,0.000503,0.006206,0.257992
2.03843,163.42,0.332617,0.267225,0.065392,0.000505,0.006234,0.260361
2.03863,163.43,0.335060,0.269657,0.065403,0.000507,0.006263,0.262762
2.03883,163.45,0.337536,0.272121,0.065415,0.000509,0.006291,0.265196
2.03903,163.47,0.340045,0.274620,0.065426,0.000511,0.006320,0.267663
2.03923,163.48,0.342589,0.277152,0.065437,0.000513,0.006350,0.270164
2.03943,163.50,0.345167,0.279719,0.065448,0.000515,0.006379,0.272700
2.03963,163.51,0.347781,0.282322,0.065460,0.000517,0.006409,0.275271
2.03983,163.53,0.350431,0.284960,0.065471,0.000519,0.006438,0.277877
2.04003,163.55,0.353118,0.287636,0.065482,0.000521,0.006468,0.280521
2.04023,163.56,0.355842,0.290348,0.065493,0.000523,0.006498,0.283201
2.04043,163.58,0.358604,0.293099,0.065505,0.000525,0.006529,0.285920
2.04063,163.59,0.361405,0.295889,0.065516,0.000527,0.006560,0.288677
2.04083,163.61,0.364246,0.298718,0.065527,0.000529,0.006590,0.291473
2.04103,163.63,0.367126,0.301588,0.065539,0.000531,0.006621,0.294309
2.04123,163.64,0.370048,0.304498,0.065550,0.000534,0.006653,0.297186
2.04143,163.66,0.373012,0.307451,0.065561,0.000536,0.006684,0.300105
2.04163,163.67,0.376018,0.310445,0.065573,0.000538,0.006716,0.303066
2.04183,163.69,0.379068,0.313484,0.065584,0.000540,0.006748,0.306070
2.04203,163.71,0.382162,0.316566,0.065595,0.000542,0.006780,0.309118
2.04223,163.72,0.385300,0.319694,0.065607,0.000544,0.006812,0.312211
2.04243,163.74,0.388485,0.322867,0.065618,0.000547,0.006845,0.315350
2.04263,163.75,0.391717,0.326088,0.065629,0.000549,0.006878,0.318535
2.04283,163.77,0.394996,0.329356,0.065641,0.000551,0.006911,0.321768
2.04303,163.79,0.398324,0.332673,0.065652,0.000553,0.006944,0.325049
2.04323,163.80,0.401702,0.336039,0.065663,0.000556,0.006978,0.328379
2.04343,163.82,0.405130,0.339456,0.065675,0.000558,0.007012,0.331760
2.04363,163.83,0.408610,0.342924,0.065686,0.000560,0.007046,0.335192
2.04383,163.85,0.412143,0.346445,0.065697,0.000563,0.007080,0.338677
2.04403,163.87,0.415729,0.350020,0.065709,0.000565,0.007115,0.342214
2.04423,163.88,0.419369,0.353649,0.065720,0.000567,0.007149,0.345807
2.04443,163.90,0.423066,0.357335,0.065731,0.000570,0.007184,0.349454
2.04463,163.91,0.426820,0.361077,0.065743,0.000572,0.007220,0.353159
2.04483,163.93,0.430631,0.364877,0.065754,0.000574,0.007255,0.356921
2.04503,163.95,0.434502,0.368737,0.065765,0.000577,0.007291,0.360742
2.04523,163.96,0.438433,0.372657,0.065777,0.000579,0.007327,0.364624
2.04543,163.98,0.442427,0.376638,0.065788,0.000582,0.007364,0.368567
2.04563,163.99,0.446483,0.380683,0.065799,0.000584,0.007400,0.372572
2.04583,164.01,0.450603,0.384792,0.065811,0.000586,0.007437,0.376642
2.04603,164.03,0.454789,0.388967,0.065822,0.000589,0.007474,0.380777
2.04623,164.04,0.459042,0.393209,0.065834,0.000591,0.007512,0.384979
2.04643,164.06,0.463364,0.397519,0.065845,0.000594,0.007550,0.389248
2.04663,164.07,0.467755,0.401899,0.065856,0.000596,0.007588,0.393588
2.04683,164.09,0.472218,0.406350,0.065868,0.000599,0.007626,0.397998
2.04703,164.11,0.476753,0.410874,0.065879,0.000602,0.007665,0.402481
2.04723,164.12,0.481363,0.415473,0.065891,0.000604,0.007704,0.407038
2.04743,164.14,0.486049,0.420147,0.065902,0.000607,0.007743,0.411671
2.04763,164.15,0.490813,0.424899,0.065913,0.000609,0.007782,0.416381
2.04783,164.17,0.495655,0.429731,0.065925,0.000612,0.007822,0.421170
2.04803,164.19,0.500579,0.434643,0.065936,0.000615,0.007862,0.426039
2.04823,164.20,0.505586,0.439638,0.065948,0.000617,0.007903,0.430992
2.04843,164.22,0.510677,0.444718,0.065959,0.000620,0.007943,0.436028
2.04863,164.23,0.515855,0.449885,0.065970,0.000623,0.007984,0.441151
2.04883,164.25,0.521121,0.455140,0.065982,0.000625,0.008026,0.446361
2.04903,164.27,0.526478,0.460485,0.065993,0.000628,0.008068,0.451662
2.04923,164.28,0.531927,0.465922,0.066005,0.000631,0.008110,0.457055
2.04943,164.30,0.537470,0.471454,0.066016,0.000633,0.008152,0.462542
2.04963,164.32,0.543111,0.477083,0.066028,0.000636,0.008195,0.468125
2.04983,164.33,0.548849,0.482810,0.066039,0.000639,0.008238,0.473807
2.05003,164.35,0.554689,0.488639,0.066050,0.000642,0.008281,0.479589
2.05023,164.36,0.560632,0.494571,0.066062,0.000645,0.008325,0.485474
2.05043,164.38,0.566681,0.500608,0.066073,0.000648,0.008369,0.491465
2.05063,164.40,0.572838,0.506754,0.066085,0.000650,0.008413,0.497563
2.05083,164.41,0.579106,0.513010,0.066096,0.000653,0.008458,0.503772
2.05103,164.43,0.585487,0.519379,0.066108,0.000656,0.008503,0.510093
2.05123,164.44,0.591984,0.525865,0.066119,0.000659,0.008548,0.516530
2.05143,164.46,0.598599,0.532469,0.066131,0.000662,0.008594,0.523085
2.05163,164.48,0.605336,0.539194,0.066142,0.000665,0.008640,0.529762
2.05183,164.49,0.612197,0.546044,0.066153,0.000668,0.008687,0.536562
2.05203,164.51,0.619186,0.553021,0.066165,0.000671,0.008734,0.543489
2.05223,164.52,0.626304,0.560128,0.066176,0.000674,0.008781,0.550545
2.05243,164.54,0.633556,0.567368,0.066188,0.000677,0.008829,0.557735
2.05263,164.56,0.640945,0.574746,0.066199,0.000680,0.008877,0.565061
2.05283,164.57,0.648474,0.582263,0.066211,0.000683,0.008925,0.572527
2.05303,164.59,0.656146,0.589923,0.066222,0.000686,0.008974,0.580135
2.05323,164.60,0.663964,0.597731,0.066234,0.000690,0.009023,0.587890
2.05343,164.62,0.671934,0.605688,0.066245,0.000693,0.009073,0.595795
2.05363,164.64,0.680057,0.613800,0.066257,0.000696,0.009123,0.603854
2.05383,164.65,0.688339,0.622070,0.066268,0.000699,0.009173,0.612070
2.05403,164.67,0.696782,0.630502,0.066280,0.000702,0.009224,0.620448
2.05423,164.68,0.705392,0.639100,0.066291,0.000706,0.009276,0.628991
2.05443,164.70,0.714171,0.647868,0.066303,0.000709,0.009327,0.637704
2.05463,164.72,0.723125,0.656811,0.066314,0.000712,0.009380,0.646591
2.05483,164.73,0.732258,0.665932,0.066326,0.000715,0.009432,0.655657
2.05503,164.75,0.741575,0.675237,0.066337,0.000719,0.009485,0.664905
2.05523,164.76,0.751079,0.684730,0.066349,0.000722,0.009539,0.674342
2.05543,164.78,0.760777,0.694416,0.066360,0.000725,0.009593,0.683970
2.05563,164.80,0.770672,0.704300,0.066372,0.000729,0.009647,0.693796
2.05583,164.81,0.780771,0.714387,0.066383,0.000732,0.009702,0.703825
2.05603,164.83,0.791077,0.724683,0.066395,0.000736,0.009757,0.714061
2.05623,164.84,0.801598,0.735192,0.066406,0.000739,0.009813,0.724511
2.05643,164.86,0.812338,0.745920,0.066418,0.000743,0.009869,0.735180
2.05663,164.88,0.823303,0.756874,0.066429,0.000746,0.009926,0.746073
2.05683,164.89,0.834500,0.768059,0.066441,0.000750,0.009983,0.757197
2.05703,164.91,0.845933,0.779481,0.066453,0.000753,0.010041,0.768558
2.05723,164.92,0.857611,0.791146,0.066464,0.000757,0.010099,0.780162
2.05743,164.94,0.869538,0.803062,0.066476,0.000761,0.010158,0.792015
2.05763,164.96,0.881722,0.815235,0.066487,0.000764,0.010217,0.804125
2.05783,164.97,0.894170,0.827671,0.066499,0.000768,0.010277,0.816498
2.05803,164.99,0.906888,0.840378,0.066510,0.000772,0.010337,0.829141
2.05823,165.00,0.919885,0.853364,0.066522,0.000775,0.010398,0.842061
2.05843,165.02,0.933168,0.866635,0.066533,0.000779,0.010460,0.855267
2.05863,165.04,0.946744,0.880199,0.066545,0.000783,0.010522,0.868766
2.05883,165.05,0.960622,0.894066,0.066557,0.000787,0.010584,0.882567
2.05903,165.07,0.974810,0.908242,0.066568,0.000791,0.010647,0.896676
2.05923,165.08,0.989317,0.922737,0.066580,0.000794,0.010711,0.911104
2.05943,165.10,1.004151,0.937559,0.066591,0.000798,0.010775,0.925858
2.05963,165.12,1.019321,0.952718,0.066603,0.000802,0.010839,0.940948
2.05983,165.13,1.034837,0.968222,0.066614,0.000806,0.010905,0.956383
2.06003,165.15,1.050708,0.984082,0.066626,0.000810,0.010971,0.972173
2.06023,165.16,1.066945,1.000308,0.066638,0.000814,0.011037,0.988328
2.06043,165.18,1.083558,1.016909,0.066649,0.000818,0.011104,1.004857
2.06063,165.20,1.100557,1.033896,0.066661,0.000822,0.011172,1.021773
2.06083,165.21,1.117952,1.051280,0.066672,0.000826,0.011240,1.039085
2.06103,165.23,1.135756,1.069072,0.066684,0.000831,0.011309,1.056804
2.06123,165.25,1.153980,1.087285,0.066696,0.000835,0.011379,1.074943
2.06143,165.26,1.172636,1.105929,0.066707,0.000839,0.011449,1.093512
2.06163,165.28,1.191736,1.125017,0.066719,0.000843,0.011520,1.112525
2.06183,165.29,1.211292,1.144562,0.066730,0.000847,0.011591,1.131994
2.06203,165.31,1.231318,1.164576,0.066742,0.000852,0.011663,1.151932
2.06223,165.33,1.251827,1.185073,0.066754,0.000856,0.011736,1.172352
2.06243,165.34,1.272832,1.206067,0.066765,0.000860,0.011810,1.193268
2.06263,165.36,1.294349,1.227572,0.066777,0.000865,0.011884,1.214694
2.06283,165.37,1.316390,1.249602,0.066789,0.000869,0.011959,1.236645
2.06303,165.39,1.338972,1.272172,0.066800,0.000874,0.012034,1.259135
2.06323,165.41,1.362110,1.295298,0.066812,0.000878,0.012111,1.282180
2.06343,165.42,1.385818,1.318995,0.066823,0.000883,0.012188,1.305795
2.06363,165.44,1.410115,1.343280,0.066835,0.000887,0.012266,1.329998
2.06383,165.45,1.435015,1.368168,0.066847,0.000892,0.012344,1.354803
2.06403,165.47,1.460537,1.393678,0.066858,0.000896,0.012423,1.380229
2.06423,165.49,1.486697,1.419827,0.066870,0.000901,0.012503,1.406293
2.06443,165.50,1.513513,1.446632,0.066882,0.000906,0.012584,1.433012
2.06463,165.52,1.541005,1.474111,0.066893,0.000911,0.012666,1.460406
2.06483,165.53,1.569189,1.502284,0.066905,0.000915,0.012748,1.488491
2.06503,165.55,1.598086,1.531170,0.066917,0.000920,0.012831,1.517289
2.06523,165.57,1.627715,1.560787,0.066928,0.000925,0.012915,1.546817
2.06543,165.58,1.658096,1.591156,0.066940,0.000930,0.013000,1.577097
2.06563,165.60,1.689249,1.622298,0.066952,0.000935,0.013086,1.608148
2.06583,165.61,1.721195,1.654232,0.066963,0.000940,0.013172,1.639990
2.06603,165.63,1.753955,1.686980,0.066975,0.000945,0.013259,1.672646
2.06623,165.65,1.787549,1.720562,0.066987,0.000950,0.013347,1.706135
2.06643,165.66,1.822000,1.755001,0.066998,0.000955,0.013437,1.740480
2.06663,165.68,1.857329,1.790319,0.067010,0.000960,0.013526,1.775702
2.06683,165.69,1.893558,1.826536,0.067022,0.000965,0.013617,1.811824
2.06703,165.71,1.930709,1.863676,0.067033,0.000970,0.013709,1.848867
2.06723,165.73,1.968805,1.901760,0.067045,0.000976,0.013802,1.886853
2.06743,165.74,2.007867,1.940811,0.067057,0.000981,0.013895,1.925804
2.06763,165.76,2.047919,1.980850,0.067069,0.000986,0.013990,1.965744
2.06783,165.77,2.088981,2.021900,0.067080,0.000992,0.014085,2.006693
2.06803,165.79,2.131075,2.063983,0.067092,0.000997,0.014182,2.048674
2.06823,165.81,2.174224,2.107121,0.067104,0.001003,0.014279,2.091709
2.06843,165.82,2.218449,2.151333,0.067115,0.001008,0.014378,2.135817
2.06863,165.84,2.263769,2.196642,0.067127,0.001014,0.014477,2.181021
2.06883,165.85,2.310205,2.243066,0.067139,0.001019,0.014578,2.227339
2.06903,165.87,2.357775,2.290625,0.067151,0.001025,0.014679,2.274791
2.06923,165.89,2.406499,2.339337,0.067162,0.001031,0.014782,2.323394
2.06943,165.90,2.456392,2.389218,0.067174,0.001036,0.014886,2.373166
2.06963,165.92,2.507471,2.440285,0.067186,0.001042,0.014990,2.424122
2.06983,165.93,2.559748,2.492551,0.067197,0.001048,0.015096,2.476276
2.07003,165.95,2.613236,2.546027,0.067209,0.001054,0.015203,2.529640
2.07023,165.97,2.667946,2.600725,0.067221,0.001060,0.015311,2.584223
2.07043,165.98,2.723883,2.656650,0.067233,0.001066,0.015420,2.640034
2.07063,166.00,2.781054,2.713809,0.067244,0.001072,0.015531,2.697076
2.07083,166.01,2.839460,2.772203,0.067256,0.001078,0.015642,2.755353
2.07103,166.03,2.899099,2.831831,0.067268,0.001084,0.015755,2.814861
2.07123,166.05,2.959966,2.892686,0.067280,0.001090,0.015869,2.875596
2.07143,166.06,3.022052,2.954760,0.067291,0.001097,0.015984,2.937549
2.07163,166.08,3.085342,3.018039,0.067303,0.001103,0.016101,3.000704
2.07183,166.09,3.149818,3.082503,0.067315,0.001109,0.016219,3.065044
2.07203,166.11,3.215455,3.148128,0.067327,0.001116,0.016338,3.130544
2.07223,166.13,3.282222,3.214884,0.067339,0.001122,0.016458,3.197173
2.07243,166.14,3.350084,3.282733,0.067350,0.001129,0.016579,3.264895
2.07263,166.16,3.418995,3.351633,0.067362,0.001135,0.016702,3.333665
2.07283,166.17,3.488906,3.421532,0.067374,0.001142,0.016827,3.403433
2.07303,166.19,3.559756,3.492371,0.067386,0.001149,0.016952,3.474139
2.07323,166.21,3.631479,3.564081,0.067397,0.001155,0.017080,3.545716
2.07343,166.22,3.703997,3.636588,0.067409,0.001162,0.017208,3.618087
2.07363,166.24,3.777225,3.709804,0.067421,0.001169,0.017338,3.691166
2.07383,166.26,3.851066,3.783634,0.067433,0.001176,0.017469,3.764857
2.07403,166.27,3.925415,3.857971,0.067445,0.001183,0.017602,3.839054
2.07423,166.29,4.000155,3.932698,0.067456,0.001190,0.017737,3.913641
2.07443,166.30,4.075157,4.007689,0.067468,0.001197,0.017873,3.988488
2.07463,166.32,4.150282,4.082802,0.067480,0.001204,0.018010,4.063457
2.07483,166.34,4.225380,4.157889,0.067492,0.001212,0.018149,4.138397
2.07503,166.35,4.300289,4.232786,0.067504,0.001219,0.018290,4.213146
2.07523,166.37,4.374836,4.307321,0.067515,0.001226,0.018432,4.287531
2.07543,166.38,4.448836,4.381309,0.067527,0.001234,0.018576,4.361368
2.07563,166.40,4.522095,4.454555,0.067539,0.001241,0.018722,4.434461
2.07583,166.42,4.594406,4.526855,0.067551,0.001249,0.018869,4.506606
2.07603,166.43,4.665555,4.597993,0.067563,0.001257,0.019018,4.577587
2.07623,166.45,4.735320,4.667745,0.067575,0.001264,0.019169,4.647181
2.07643,166.46,4.803469,4.735882,0.067586,0.001272,0.019321,4.715158
2.07663,166.48,4.869765,4.802167,0.067598,0.001280,0.019476,4.781280
2.07683,166.50,4.933967,4.866356,0.067610,0.001288,0.019632,4.845305
2.07703,166.51,4.995829,4.928207,0.067622,0.001296,0.019790,4.906989
2.07723,166.53,5.055106,4.987472,0.067634,0.001304,0.019950,4.966086
2.07743,166.54,5.111552,5.043906,0.067646,0.001312,0.020112,5.022351
2.07763,166.56,5.164925,5.097268,0.067658,0.001320,0.020276,5.075540
2.07783,166.58,5.214989,5.147319,0.067669,0.001329,0.020441,5.125418
2.07803,166.59,5.261513,5.193831,0.067681,0.001337,0.020609,5.171753
2.07823,166.61,5.304278,5.236584,0.067693,0.001346,0.020779,5.214328
2.07843,166.62,5.343077,5.275372,0.067705,0.001354,0.020951,5.252935
2.07863,166.64,5.377717,5.310000,0.067717,0.001363,0.021125,5.287381
2.07883,166.66,5.408024,5.340296,0.067729,0.001372,0.021301,5.317491
2.07903,166.67,5.433841,5.366101,0.067741,0.001380,0.021480,5.343109
2.07923,166.69,5.455034,5.387281,0.067753,0.001389,0.021660,5.364100
2.07943,166.70,5.471490,5.403725,0.067764,0.001398,0.021843,5.380352
2.07963,166.72,5.483121,5.415345,0.067776,0.001407,0.022028,5.391777
2.07983,166.74,5.489866,5.422078,0.067788,0.001416,0.022216,5.398314
2.08003,166.75,5.491689,5.423889,0.067800,0.001426,0.022405,5.399926
2.08023,166.77,5.488581,5.420769,0.067812,0.001435,0.022598,5.396604
2.08043,166.78,5.480561,5.412737,0.067824,0.001444,0.022792,5.388368
2.08063,166.80,5.467672,5.399836,0.067836,0.001454,0.022990,5.375261
2.08083,166.82,5.449987,5.382140,0.067848,0.001464,0.023189,5.357355
2.08103,166.83,5.427602,5.359743,0.067860,0.001473,0.023392,5.334746
2.08123,166.85,5.400637,5.332766,0.067871,0.001483,0.023597,5.307554
2.08143,166.86,5.369235,5.301351,0.067883,0.001493,0.023804,5.275922
2.08163,166.88,5.333558,5.265663,0.067895,0.001503,0.024014,5.240013
2.08183,166.90,5.293788,5.225881,0.067907,0.001513,0.024228,5.200008
2.08203,166.91,5.250123,5.182204,0.067919,0.001523,0.024443,5.156105
2.08223,166.93,5.202775,5.134844,0.067931,0.001534,0.024662,5.108516
2.08243,166.94,5.151967,5.084024,0.067943,0.001544,0.024884,5.057464
2.08263,166.96,5.097932,5.029977,0.067955,0.001554,0.025108,5.003182
2.08283,166.98,5.040908,4.972941,0.067967,0.001565,0.025336,4.945908
2.08303,166.99,4.981139,4.913161,0.067979,0.001576,0.025566,4.885886
2.08323,167.01,4.918872,4.850882,0.067991,0.001587,0.025800,4.823362
2.08343,167.02,4.854352,4.786349,0.068003,0.001598,0.026037,4.758582
2.08363,167.04,4.787823,4.719809,0.068015,0.001609,0.026277,4.691790
2.08383,167.06,4.719526,4.651499,0.068027,0.001620,0.026520,4.623226
2.08403,167.07,4.649695,4.581656,0.068039,0.001631,0.026767,4.553126
2.08423,167.09,4.578559,4.510509,0.068051,0.001642,0.027017,4.481716
2.08443,167.10,4.506339,4.438277,0.068062,0.001654,0.027271,4.409219
2.08463,167.12,4.433246,4.365171,0.068074,0.001666,0.027528,4.335845
2.08483,167.14,4.359482,4.291395,0.068086,0.001677,0.027789,4.261797
2.08503,167.15,4.285238,4.217140,0.068098,0.001689,0.028053,4.187265
2.08523,167.17,4.210696,4.142586,0.068110,0.001701,0.028321,4.112430
2.08543,167.19,4.136024,4.067902,0.068122,0.001713,0.028593,4.037463
2.08563,167.20,4.061381,3.993247,0.068134,0.001726,0.028869,3.962520
2.08583,167.22,3.986913,3.918767,0.068146,0.001738,0.029148,3.887748
2.08603,167.23,3.912756,3.844598,0.068158,0.001751,0.029432,3.813283
2.08623,167.25,3.839034,3.770864,0.068170,0.001763,0.029720,3.739248
2.08643,167.27,3.765860,3.697678,0.068182,0.001776,0.030012,3.665757
2.08663,167.28,3.693337,3.625143,0.068194,0.001789,0.030308,3.592913
2.08683,167.30,3.621558,3.553352,0.068206,0.001802,0.030608,3.520808
2.08703,167.31,3.550605,3.482386,0.068218,0.001815,0.030913,3.449525
2.08723,167.33,3.480551,3.412321,0.068230,0.001829,0.031222,3.379137
2.08743,167.35,3.411462,3.343220,0.068242,0.001842,0.031536,3.309709
2.08763,167.36,3.343395,3.275140,0.068254,0.001856,0.031855,3.241297
2.08783,167.38,3.276396,3.208130,0.068266,0.001870,0.032178,3.173949
2.08803,167.39,3.210509,3.142231,0.068278,0.001884,0.032506,3.107708
2.08823,167.41,3.145768,3.077477,0.068290,0.001898,0.032839,3.042607
2.08843,167.43,3.082200,3.013898,0.068302,0.001912,0.033177,2.978675
2.08863,167.44,3.019829,2.951515,0.068314,0.001926,0.033521,2.915935
2.08883,167.46,2.958673,2.890346,0.068326,0.001941,0.033869,2.854403
2.08903,167.47,2.898743,2.830404,0.068338,0.001956,0.034223,2.794092
2.08923,167.49,2.840047,2.771697,0.068351,0.001971,0.034582,2.735011
2.08943,167.51,2.782591,2.714228,0.068363,0.001986,0.034947,2.677162
2.08963,167.52,2.726373,2.657999,0.068375,0.002001,0.035317,2.620547
2.08983,167.54,2.671393,2.603006,0.068387,0.002017,0.035694,2.565162
2.09003,167.55,2.617643,2.549244,0.068399,0.002032,0.036076,2.511003
2.09023,167.57,2.565116,2.496705,0.068411,0.002048,0.036464,2.458060
2.09043,167.59,2.513801,2.445378,0.068423,0.002064,0.036858,2.406322
2.09063,167.60,2.463686,2.395251,0.068435,0.002080,0.037259,2.355778
2.09083,167.62,2.414756,2.346309,0.068447,0.002097,0.037666,2.306413
2.09103,167.63,2.366996,2.298537,0.068459,0.002113,0.038079,2.258211
2.09123,167.65,2.320389,2.251917,0.068471,0.002130,0.038499,2.211154
2.09143,167.67,2.274915,2.206432,0.068483,0.002147,0.038926,2.165225
2.09163,167.68,2.230557,2.162062,0.068495,0.002164,0.039360,2.120403
2.09183,167.70,2.187294,2.118786,0.068507,0.002181,0.039801,2.076670
2.09203,167.71,2.145105,2.076585,0.068519,0.002199,0.040250,2.034003
2.09223,167.73,2.103970,2.035438,0.068531,0.002217,0.040706,1.992382
2.09243,167.75,2.063866,1.995323,0.068544,0.002235,0.041169,1.951785
2.09263,167.76,2.024773,1.956217,0.068556,0.002253,0.041640,1.912190
2.09283,167.78,1.986668,1.918100,0.068568,0.002271,0.042119,1.873576
2.09303,167.79,1.949529,1.880949,0.068580,0.002290,0.042606,1.835919
2.09323,167.81,1.913335,1.844743,0.068592,0.002309,0.043101,1.799199
2.09343,167.83,1.878062,1.809458,0.068604,0.002328,0.043605,1.763391
2.09363,167.84,1.843690,1.775074,0.068616,0.002347,0.044117,1.728476
2.09383,167.86,1.810197,1.741569,0.068628,0.002367,0.044638,1.694430
2.09403,167.87,1.777561,1.708921,0.068640,0.002387,0.045168,1.661232
2.09423,167.89,1.745762,1.677109,0.068653,0.002407,0.045708,1.628861
2.09443,167.91,1.714777,1.646112,0.068665,0.002427,0.046256,1.597295
2.09463,167.92,1.684587,1.615910,0.068677,0.002448,0.046815,1.566514
2.09483,167.94,1.655171,1.586482,0.068689,0.002468,0.047383,1.536497
2.09503,167.95,1.626510,1.557809,0.068701,0.002490,0.047961,1.507224
2.09523,167.97,1.598583,1.529870,0.068713,0.002511,0.048550,1.478675
2.09543,167.99,1.571373,1.502648,0.068725,0.002533,0.049149,1.450832
2.09563,168.00,1.544859,1.476122,0.068737,0.002554,0.049759,1.423674
2.09583,168.02,1.519025,1.450275,0.068750,0.002577,0.050380,1.397184
2.09603,168.03,1.493851,1.425089,0.068762,0.002599,0.051012,1.371344
2.09623,168.05,1.469320,1.400547,0.068774,0.002622,0.051655,1.346135
2.09643,168.07,1.445417,1.376631,0.068786,0.002645,0.052311,1.321540
2.09663,168.08,1.422123,1.353325,0.068798,0.002668,0.052979,1.297543
2.09683,168.10,1.399423,1.330613,0.068810,0.002692,0.053659,1.274127
2.09703,168.12,1.377301,1.308478,0.068822,0.002716,0.054351,1.251276
2.09723,168.13,1.355742,1.286907,0.068835,0.002740,0.055057,1.228975
2.09743,168.15,1.334730,1.265884,0.068847,0.002765,0.055776,1.207208
2.09763,168.16,1.314253,1.245394,0.068859,0.002790,0.056509,1.185960
2.09783,168.18,1.294294,1.225423,0.068871,0.002815,0.057255,1.165218
2.09803,168.20,1.274842,1.205958,0.068883,0.002841,0.058016,1.144966
2.09823,168.21,1.255882,1.186986,0.068896,0.002867,0.058792,1.125193
2.09843,168.23,1.237401,1.168494,0.068908,0.002893,0.059583,1.105883
2.09863,168.24,1.219388,1.150468,0.068920,0.002920,0.060388,1.087025
2.09883,168.26,1.201830,1.132898,0.068932,0.002947,0.061210,1.068606
2.09903,168.28,1.184716,1.115772,0.068944,0.002974,0.062048,1.050614
2.09923,168.29,1.168033,1.099077,0.068956,0.003002,0.062902,1.033037
2.09943,168.31,1.151772,1.082803,0.068969,0.003030,0.063774,1.015864
2.09963,168.32,1.135921,1.066940,0.068981,0.003059,0.064663,0.999084
2.09983,168.34,1.120470,1.051477,0.068993,0.003088,0.065569,0.982685
2.10004,168.36,1.105410,1.036405,0.069005,0.003117,0.066494,0.966658
2.10024,168.37,1.090730,1.021712,0.069018,0.003147,0.067438,0.950992
2.10044,168.39,1.076421,1.007391,0.069030,0.003177,0.068401,0.935678
2.10064,168.40,1.062474,0.993432,0.069042,0.003208,0.069383,0.920705
2.10084,168.42,1.048880,0.979826,0.069054,0.003239,0.070386,0.906065
2.10104,168.44,1.035631,0.966565,0.069066,0.003270,0.071410,0.891749
2.10124,168.45,1.022719,0.953641,0.069079,0.003302,0.072455,0.877748
2.10144,168.47,1.010136,0.941045,0.069091,0.003335,0.073522,0.864053
2.10164,168.48,0.997874,0.928771,0.069103,0.003368,0.074611,0.850657
2.10184,168.50,0.985926,0.916811,0.069115,0.003401,0.075724,0.837550
2.10204,168.52,0.974285,0.905157,0.069128,0.003435,0.076860,0.824727
2.10224,168.53,0.962943,0.893803,0.069140,0.003469,0.078021,0.812178
2.10244,168.55,0.951895,0.882743,0.069152,0.003504,0.079206,0.799897
2.10264,168.56,0.941134,0.871970,0.069164,0.003539,0.080417,0.787877
2.10284,168.58,0.930653,0.861477,0.069177,0.003575,0.081654,0.776111
2.10304,168.60,0.920448,0.851259,0.069189,0.003612,0.082919,0.764592
2.10324,168.61,0.910511,0.841310,0.069201,0.003649,0.084211,0.753315
2.10344,168.63,0.900839,0.831625,0.069213,0.003686,0.085532,0.742271
2.10364,168.64,0.891424,0.822199,0.069226,0.003725,0.086882,0.731456
2.10384,168.66,0.882263,0.813025,0.069238,0.003763,0.088262,0.720864
2.10404,168.68,0.873351,0.804100,0.069250,0.003803,0.089673,0.710489
2.10424,168.69,0.864682,0.795419,0.069262,0.003842,0.091116,0.700325
2.10444,168.71,0.856252,0.786978,0.069275,0.003883,0.092591,0.690367
2.10464,168.72,0.848058,0.778771,0.069287,0.003924,0.094100,0.680610
2.10484,168.74,0.840094,0.770795,0.069299,0.003966,0.095644,0.671049
2.10504,168.76,0.832358,0.763046,0.069312,0.004008,0.097223,0.661678
2.10524,168.77,0.824844,0.755520,0.069324,0.004052,0.098839,0.652494
2.10544,168.79,0.817550,0.748214,0.069336,0.004095,0.100492,0.643491
2.10564,168.80,0.810473,0.741124,0.069349,0.004140,0.102184,0.634664
2.10584,168.82,0.803608,0.734247,0.069361,0.004185,0.103915,0.626011
2.10604,168.84,0.796953,0.727580,0.069373,0.004231,0.105687,0.617525
2.10624,168.85,0.790504,0.721119,0.069385,0.004278,0.107501,0.609204
2.10644,168.87,0.784260,0.714862,0.069398,0.004325,0.109358,0.601042
2.10664,168.88,0.778217,0.708807,0.069410,0.004373,0.111260,0.593037
2.10684,168.90,0.772373,0.702951,0.069422,0.004422,0.113207,0.585185
2.10704,168.92,0.766725,0.697291,0.069435,0.004472,0.115201,0.577481
2.10724,168.93,0.761272,0.691825,0.069447,0.004523,0.117243,0.569923
2.10744,168.95,0.756011,0.686551,0.069459,0.004574,0.119335,0.562506
2.10764,168.96,0.750940,0.681468,0.069472,0.004627,0.121478,0.555227
2.10784,168.98,0.746057,0.676573,0.069484,0.004680,0.123673,0.548084
2.10804,169.00,0.741362,0.671865,0.069496,0.004734,0.125922,0.541073
2.10824,169.01,0.736851,0.667342,0.069509,0.004789,0.128227,0.534190
2.10844,169.03,0.732525,0.663003,0.069521,0.004845,0.130589,0.527433
2.10864,169.05,0.728380,0.658847,0.069533,0.004902,0.133009,0.520799
2.10884,169.06,0.724418,0.654872,0.069546,0.004960,0.135490,0.514285
2.10904,169.08,0.720635,0.651077,0.069558,0.005019,0.138033,0.507889
2.10924,169.09,0.717032,0.647461,0.069571,0.005079,0.140639,0.501607
2.10944,169.11,0.713607,0.644024,0.069583,0.005140,0.143311,0.495437
2.10964,169.13,0.710361,0.640765,0.069595,0.005202,0.146051,0.489376
2.10984,169.14,0.707291,0.637684,0.069608,0.005265,0.148860,0.483422
2.11004,169.16,0.704399,0.634779,0.069620,0.005329,0.151740,0.477573
2.11024,169.17,0.701683,0.632050,0.069632,0.005394,0.154693,0.471826
2.11044,169.19,0.699143,0.629498,0.069645,0.005461,0.157721,0.466179
2.11064,169.21,0.696779,0.627121,0.069657,0.005529,0.160827,0.460629
2.11084,169.22,0.694591,0.624921,0.069670,0.005598,0.164011,0.455175
2.11104,169.24,0.692578,0.622897,0.069682,0.005668,0.167277,0.449814
2.11124,169.25,0.690742,0.621048,0.069694,0.005740,0.170626,0.444545
2.11144,169.27,0.689082,0.619376,0.069707,0.005812,0.174061,0.439365
2.11164,169.29,0.687599,0.617880,0.069719,0.005887,0.177584,0.434272
2.11184,169.30,0.686293,0.616561,0.069731,0.005962,0.181196,0.429265
2.11204,169.32,0.685163,0.615419,0.069744,0.006039,0.184901,0.424342
2.11224,169.33,0.684211,0.614455,0.069756,0.006118,0.188700,0.419501
2.11244,169.35,0.683438,0.613669,0.069769,0.006197,0.192595,0.414739
2.11264,169.37,0.682843,0.613062,0.069781,0.006279,0.196590,0.410056
2.11284,169.38,0.682428,0.612634,0.069794,0.006362,0.200685,0.405450
2.11304,169.40,0.682192,0.612386,0.069806,0.006446,0.204883,0.400919
2.11324,169.41,0.682137,0.612318,0.069818,0.006533,0.209187,0.396461
2.11344,169.43,0.682263,0.612432,0.069831,0.006620,0.213598,0.392076
2.11364,169.45,0.682571,0.612727,0.069843,0.006710,0.218119,0.387760
2.11384,169.46,0.683060,0.613205,0.069856,0.006801,0.222751,0.383514
2.11404,169.48,0.683733,0.613865,0.069868,0.006894,0.227497,0.379336
2.11424,169.49,0.684589,0.614709,0.069881,0.006989,0.232358,0.375224
2.11444,169.51,0.685629,0.615736,0.069893,0.007086,0.237335,0.371177
2.11464,169.53,0.686853,0.616947,0.069905,0.007185,0.242432,0.367193
2.11484,169.54,0.688260,0.618342,0.069918,0.007286,0.247647,0.363271
2.11504,169.56,0.689852,0.619921,0.069930,0.007388,0.252984,0.359411
2.11524,169.57,0.691627,0.621684,0.069943,0.007493,0.258443,0.355610
2.11544,169.59,0.693586,0.623631,0.069955,0.007600,0.264025,0.351868
2.11564,169.61,0.695728,0.625760,0.069968,0.007709,0.269729,0.348183
2.11584,169.62,0.698051,0.628071,0.069980,0.007821,0.275557,0.344555
2.11604,169.64,0.700556,0.630563,0.069993,0.007935,0.281509,0.340982
2.11624,169.65,0.703239,0.633234,0.070005,0.008051,0.287583,0.337463
2.11644,169.67,0.706100,0.636082,0.070018,0.008169,0.293778,0.333996
2.11664,169.69,0.709135,0.639105,0.070030,0.008290,0.300094,0.330582
2.11684,169.70,0.712343,0.642300,0.070043,0.008414,0.306529,0.327219
2.11704,169.72,0.715719,0.645663,0.070055,0.008540,0.313079,0.323906
2.11724,169.73,0.719259,0.649191,0.070068,0.008669,0.319742,0.320642
2.11744,169.75,0.722960,0.652880,0.070080,0.008801,0.326515,0.317425
2.11764,169.77,0.726815,0.656723,0.070093,0.008935,0.333392,0.314256
2.11784,169.78,0.730820,0.660715,0.070105,0.009073,0.340370,0.311134
2.11804,169.80,0.734966,0.664849,0.070118,0.009213,0.347441,0.308056
2.11824,169.81,0.739248,0.669118,0.070130,0.009357,0.354599,0.305024
2.11844,169.83,0.743655,0.673513,0.070143,0.009504,0.361836,0.302035
2.11864,169.85,0.748180,0.678025,0.070155,0.009654,0.369144,0.299088
2.11884,169.86,0.752811,0.682643,0.070168,0.009807,0.376513,0.296184
2.11904,169.88,0.757537,0.687357,0.070180,0.009964,0.383933,0.293321
2.11924,169.89,0.762347,0.692154,0.070193,0.010124,0.391392,0.290499
2.11944,169.91,0.767225,0.697020,0.070205,0.010288,0.398877,0.287716
2.11964,169.93,0.772159,0.701941,0.070218,0.010456,0.406374,0.284973
2.11984,169.94,0.777132,0.706901,0.070230,0.010627,0.413868,0.282268
2.12004,169.96,0.782127,0.711884,0.070243,0.010803,0.421343,0.279600
2.12024,169.98,0.787127,0.716872,0.070255,0.010982,0.428781,0.276970
2.12044,169.99,0.792112,0.721844,0.070268,0.011166,0.436164,0.274375
2.12064,170.01,0.797063,0.726783,0.070281,0.011354,0.443473,0.271817
2.12084,170.02,0.801959,0.731666,0.070293,0.011546,0.450687,0.269293
2.12104,170.04,0.806777,0.736471,0.070306,0.011743,0.457785,0.266804
2.12124,170.06,0.811494,0.741176,0.070318,0.011945,0.464744,0.264348
2.12144,170.07,0.816088,0.745757,0.070331,0.012151,0.471541,0.261926
2.12164,170.09,0.820533,0.750190,0.070343,0.012362,0.478152,0.259536
2.12184,170.10,0.824806,0.754451,0.070356,0.012579,0.484554,0.257179
2.12204,170.12,0.828882,0.758513,0.070368,0.012800,0.490722,0.254852
2.12224,170.14,0.832735,0.762354,0.070381,0.013027,0.496630,0.252557
2.12244,170.15,0.836340,0.765946,0.070394,0.013260,0.502256,0.250292
2.12264,170.17,0.839673,0.769267,0.070406,0.013498,0.507573,0.248057
2.12284,170.18,0.842711,0.772292,0.070419,0.013742,0.512560,0.245851
2.12304,170.20,0.845428,0.774997,0.070431,0.013992,0.517192,0.243674
2.12324,170.22,0.847805,0.777361,0.070444,0.014248,0.521448,0.241526
2.12344,170.23,0.849818,0.779361,0.070457,0.014510,0.525307,0.239405
2.12364,170.25,0.851449,0.780980,0.070469,0.014779,0.528750,0.237311
2.12384,170.26,0.852680,0.782199,0.070482,0.015055,0.531760,0.235245
2.12404,170.28,0.853496,0.783001,0.070494,0.015337,0.534320,0.233205
2.12424,170.30,0.853881,0.783374,0.070507,0.015627,0.536417,0.231191
2.12444,170.31,0.853826,0.783306,0.070520,0.015924,0.538040,0.229203
2.12464,170.33,0.853321,0.782788,0.070532,0.016228,0.539181,0.227239
2.12484,170.34,0.852359,0.781814,0.070545,0.016540,0.539833,0.225301
2.12504,170.36,0.850937,0.780379,0.070557,0.016860,0.539992,0.223387
2.12524,170.38,0.849053,0.778483,0.070570,0.017189,0.539658,0.221497
2.12544,170.39,0.846710,0.776128,0.070583,0.017525,0.538833,0.219630
2.12564,170.41,0.843912,0.773317,0.070595,0.017870,0.537520,0.217787
2.12584,170.42,0.840666,0.770058,0.070608,0.018224,0.535728,0.215966
2.12604,170.44,0.836980,0.766360,0.070621,0.018587,0.533465,0.214168
2.12624,170.46,0.832868,0.762235,0.070633,0.018959,0.530744,0.212392
2.12644,170.47,0.828343,0.757697,0.070646,0.019341,0.527580,0.210637
2.12664,170.49,0.823422,0.752763,0.070659,0.019732,0.523987,0.208904
2.12684,170.50,0.818122,0.747451,0.070671,0.020133,0.519985,0.207192
2.12704,170.52,0.812463,0.741779,0.070684,0.020545,0.515593,0.205501
2.12724,170.54,0.806467,0.735770,0.070697,0.020967,0.510833,0.203830
2.12744,170.55,0.800155,0.729446,0.070709,0.021400,0.505727,0.202179
2.12764,170.57,0.793551,0.722829,0.070722,0.021844,0.500297,0.200548
2.12784,170.58,0.786678,0.715943,0.070735,0.022299,0.494569,0.198936
2.12804,170.60,0.779561,0.708814,0.070747,0.022765,0.488566,0.197343
2.12824,170.62,0.772225,0.701465,0.070760,0.023244,0.482312,0.195769
2.12844,170.63,0.764694,0.693921,0.070773,0.023734,0.475834,0.194214
2.12864,170.65,0.756992,0.686206,0.070785,0.024236,0.469154,0.192676
2.12884,170.66,0.749143,0.678345,0.070798,0.024751,0.462297,0.191157
2.12904,170.68,0.741171,0.670360,0.070811,0.025278,0.455286,0.189656
2.12924,170.70,0.733098,0.662275,0.070823,0.025818,0.448145,0.188172
2.12944,170.71,0.724947,0.654111,0.070836,0.026371,0.440895,0.186705
2.12964,170.73,0.716738,0.645889,0.070849,0.026938,0.433557,0.185255
2.12984,170.74,0.708492,0.637630,0.070861,0.027517,0.426152,0.183821
2.13004,170.76,0.700227,0.629353,0.070874,0.028110,0.418698,0.182404
2.13024,170.78,0.691962,0.621075,0.070887,0.028717,0.411215,0.181003
2.13044,170.79,0.683713,0.612814,0.070900,0.029337,0.403718,0.179618
2.13064,170.81,0.675496,0.604584,0.070912,0.029971,0.396224,0.178249
2.13084,170.82,0.667325,0.596400,0.070925,0.030618,0.388747,0.176895
2.13104,170.84,0.659214,0.588277,0.070938,0.031280,0.381300,0.175556
2.13124,170.86,0.651175,0.580224,0.070951,0.031954,0.373897,0.174232
2.13144,170.87,0.643218,0.572255,0.070963,0.032643,0.366548,0.172923
2.13164,170.89,0.635354,0.564378,0.070976,0.033345,0.359264,0.171629
2.13184,170.90,0.627592,0.556603,0.070989,0.034060,0.352054,0.170348
2.13204,170.92,0.619938,0.548937,0.071001,0.034787,0.344926,0.169082
2.13224,170.94,0.612401,0.541386,0.071014,0.035528,0.337887,0.167830
2.13244,170.95,0.604985,0.533958,0.071027,0.036280,0.330945,0.166592
2.13264,170.97,0.597696,0.526657,0.071040,0.037045,0.324104,0.165367
2.13284,170.99,0.590538,0.519486,0.071052,0.037820,0.317370,0.164155
2.13304,171.00,0.583515,0.512449,0.071065,0.038605,0.310746,0.162957
2.13324,171.02,0.576628,0.505550,0.071078,0.039401,0.304237,0.161771
2.13344,171.03,0.569879,0.498788,0.071091,0.040205,0.297844,0.160598
2.13364,171.05,0.563270,0.492167,0.071104,0.041017,0.291570,0.159438
2.13384,171.07,0.556801,0.485685,0.071116,0.041836,0.285417,0.158290
2.13404,171.08,0.550472,0.479343,0.071129,0.042660,0.279387,0.157155
2.13424,171.10,0.544283,0.473141,0.071142,0.043489,0.273479,0.156031
2.13444,171.11,0.538231,0.467077,0.071155,0.044321,0.267695,0.154920
2.13464,171.13,0.532316,0.461149,0.071167,0.045154,0.262034,0.153820
2.13484,171.15,0.526535,0.455355,0.071180,0.045986,0.256496,0.152732
2.13504,171.16,0.520886,0.449693,0.071193,0.046817,0.251080,0.151655
2.13524,171.18,0.515366,0.444160,0.071206,0.047643,0.245786,0.150589
2.13544,171.19,0.509971,0.438753,0.071219,0.048464,0.240613,0.149534
2.13564,171.21,0.504699,0.433467,0.071231,0.049276,0.235559,0.148491
2.13584,171.23,0.499544,0.428300,0.071244,0.050077,0.230623,0.147458
2.13604,171.24,0.494503,0.423246,0.071257,0.050866,0.225803,0.146436
2.13624,171.26,0.489572,0.418303,0.071270,0.051639,0.221098,0.145424
2.13644,171.27,0.484747,0.413464,0.071283,0.052394,0.216505,0.144422
2.13664,171.29,0.480021,0.408726,0.071296,0.053129,0.212024,0.143431
2.13684,171.31,0.475391,0.404083,0.071308,0.053840,0.207651,0.142450
2.13704,171.32,0.470852,0.399531,0.071321,0.054525,0.203384,0.141479
2.13724,171.34,0.466398,0.395064,0.071334,0.055182,0.199223,0.140518
2.13744,171.35,0.462025,0.390678,0.071347,0.055807,0.195163,0.139566
2.13764,171.37,0.457727,0.386368,0.071360,0.056398,0.191204,0.138624
2.13784,171.39,0.453501,0.382128,0.071373,0.056952,0.187343,0.137691
2.13804,171.40,0.449339,0.377954,0.071385,0.057466,0.183578,0.136768
2.13824,171.42,0.445239,0.373841,0.071398,0.057939,0.179906,0.135853
2.13844,171.43,0.441195,0.369784,0.071411,0.058368,0.176326,0.134948
2.13864,171.45,0.437203,0.365779,0.071424,0.058750,0.172835,0.134052
2.13884,171.47,0.433259,0.361822,0.071437,0.059085,0.169430,0.133165
2.13904,171.48,0.429358,0.357908,0.071450,0.059369,0.166111,0.132286
2.13924,171.50,0.425497,0.354034,0.071463,0.059602,0.162874,0.131416
2.13944,171.51,0.421672,0.350197,0.071475,0.059782,0.159718,0.130554
2.13964,171.53,0.417881,0.346392,0.071488,0.059909,0.156640,0.129701
2.13984,171.55,0.414120,0.342618,0.071501,0.059981,0.153639,0.128856
2.14004,171.56,0.410386,0.338872,0.071514,0.059999,0.150712,0.128019
2.14024,171.58,0.406679,0.335152,0.071527,0.059962,0.147857,0.127191
2.14044,171.59,0.402995,0.331455,0.071540,0.059870,0.145073,0.126370
2.14064,171.61,0.399334,0.327781,0.071553,0.059724,0.142357,0.125557
2.14084,171.63,0.395693,0.324128,0.071566,0.059525,0.139709,0.124752
2.14104,171.64,0.392074,0.320495,0.071578,0.059274,0.137125,0.123954
2.14124,171.66,0.388474,0.316882,0.071591,0.058971,0.134604,0.123164
2.14144,171.67,0.384893,0.313289,0.071604,0.058619,0.132145,0.122382
2.14164,171.69,0.381332,0.309715,0.071617,0.058220,0.129745,0.121607
2.14184,171.71,0.377791,0.306161,0.071630,0.057776,0.127404,0.120839
2.14204,171.72,0.374271,0.302628,0.071643,0.057288,0.125119,0.120078
2.14224,171.74,0.370771,0.299115,0.071656,0.056759,0.122889,0.119325
2.14244,171.75,0.367294,0.295625,0.071669,0.056191,0.120713,0.118578
2.14264,171.77,0.363839,0.292157,0.071682,0.055588,0.118588,0.117839
2.14284,171.79,0.360409,0.288714,0.071695,0.054951,0.116514,0.117106
2.14304,171.80,0.357004,0.285296,0.071708,0.054284,0.114489,0.116380
2.14324,171.82,0.353626,0.281905,0.071721,0.053589,0.112512,0.115661
2.14344,171.83,0.350275,0.278542,0.071734,0.052869,0.110581,0.114948
2.14364,171.85,0.346954,0.275208,0.071746,0.052127,0.108696,0.114242
2.14384,171.87,0.343664,0.271904,0.071759,0.051365,0.106854,0.113542
2.14404,171.88,0.340405,0.268633,0.071772,0.050586,0.105055,0.112849
2.14424,171.90,0.337180,0.265395,0.071785,0.049793,0.103297,0.112162
2.14444,171.92,0.333990,0.262191,0.071798,0.048987,0.101580,0.111481
2.14464,171.93,0.330835,0.259024,0.071811,0.048172,0.099902,0.110806
2.14484,171.95,0.327717,0.255892,0.071824,0.047349,0.098262,0.110138
2.14504,171.96,0.324636,0.252799,0.071837,0.046521,0.096660,0.109475
2.14524,171.98,0.321595,0.249744,0.071850,0.045690,0.095093,0.108818
2.14544,172.00,0.318592,0.246729,0.071863,0.044857,0.093562,0.108167
2.14564,172.01,0.315631,0.243754,0.071876,0.044024,0.092065,0.107522
2.14584,172.03,0.312710,0.240820,0.071889,0.043193,0.090601,0.106883
2.14604,172.04,0.309830,0.237928,0.071902,0.042366,0.089170,0.106249
2.14624,172.06,0.306992,0.235077,0.071915,0.041543,0.087770,0.105621
2.14644,172.08,0.304197,0.232269,0.071928,0.040727,0.086400,0.104998
2.14664,172.09,0.301444,0.229503,0.071941,0.039917,0.085061,0.104381
2.14684,172.11,0.298733,0.226779,0.071954,0.039116,0.083750,0.103769
2.14704,172.12,0.296066,0.224099,0.071967,0.038324,0.082468,0.103163
2.14724,172.14,0.293441,0.221461,0.071980,0.037542,0.081213,0.102562
2.14744,172.16,0.290858,0.218865,0.071993,0.036771,0.079985,0.101966
2.14764,172.17,0.288319,0.216313,0.072006,0.036011,0.078783,0.101375
2.14784,172.19,0.285821,0.213802,0.072019,0.035262,0.077607,0.100789
2.14804,172.20,0.283366,0.211334,0.072032,0.034526,0.076455,0.100208
2.14824,172.22,0.280952,0.208907,0.072045,0.033803,0.075327,0.099633
2.14844,172.24,0.278580,0.206522,0.072058,0.033093,0.074223,0.099062
2.14864,172.25,0.276248,0.204177,0.072071,0.032396,0.073142,0.098496
2.14884,172.27,0.273958,0.201873,0.072084,0.031712,0.072082,0.097935
2.14904,172.28,0.271707,0.199609,0.072097,0.031042,0.071045,0.097378
2.14924,172.30,0.269495,0.197385,0.072110,0.030386,0.070029,0.096827
2.14944,172.32,0.267323,0.195200,0.072123,0.029743,0.069033,0.096280
2.14964,172.33,0.265189,0.193053,0.072136,0.029114,0.068057,0.095737
2.14984,172.35,0.263093,0.190943,0.072149,0.028499,0.067101,0.095199
2.15004,172.36,0.261034,0.188871,0.072163,0.027897,0.066164,0.094666
2.15024,172.38,0.259011,0.186836,0.072176,0.027309,0.065246,0.094137
2.15044,172.40,0.257025,0.184836,0.072189,0.026734,0.064346,0.093612
2.15064,172.41,0.255074,0.182872,0.072202,0.026173,0.063463,0.093092
2.15084,172.43,0.253157,0.180942,0.072215,0.025624,0.062598,0.092576
2.15104,172.44,0.251274,0.179047,0.072228,0.025089,0.061749,0.092064
2.15124,172.46,0.249425,0.177184,0.072241,0.024566,0.060917,0.091557
2.15144,172.48,0.247609,0.175355,0.072254,0.024056,0.060101,0.091053
2.15164,172.49,0.245824,0.173557,0.072267,0.023558,0.059301,0.090554
2.15184,172.51,0.244071,0.171791,0.072280,0.023072,0.058516,0.090059
2.15204,172.52,0.242349,0.170055,0.072293,0.022598,0.057745,0.089568
2.15224,172.54,0.240657,0.168350,0.072306,0.022135,0.056989,0.089081
2.15244,172.56,0.238994,0.166674,0.072319,0.021684,0.056248,0.088598
2.15264,172.57,0.237360,0.165027,0.072333,0.021244,0.055520,0.088118
2.15284,172.59,0.235754,0.163409,0.072346,0.020815,0.054806,0.087643
2.15304,172.60,0.234177,0.161818,0.072359,0.020397,0.054105,0.087171
2.15324,172.62,0.232626,0.160254,0.072372,0.019989,0.053416,0.086703
2.15344,172.64,0.231101,0.158716,0.072385,0.019591,0.052741,0.086239
2.15364,172.65,0.229603,0.157205,0.072398,0.019203,0.052077,0.085779
2.15384,172.67,0.228130,0.155718,0.072411,0.018825,0.051426,0.085322
2.15404,172.68,0.226681,0.154257,0.072424,0.018456,0.050786,0.084869
2.15424,172.70,0.225257,0.152820,0.072438,0.018097,0.050158,0.084420
2.15444,172.72,0.223857,0.151406,0.072451,0.017746,0.049541,0.083974
2.15464,172.73,0.222479,0.150015,0.072464,0.017404,0.048935,0.083531
2.15484,172.75,0.221125,0.148648,0.072477,0.017071,0.048340,0.083092
2.15504,172.76,0.219792,0.147302,0.072490,0.016745,0.047755,0.082656
2.15524,172.78,0.218481,0.145978,0.072503,0.016428,0.047180,0.082224
2.15544,172.80,0.217192,0.144675,0.072516,0.016119,0.046616,0.081795
2.15564,172.81,0.215923,0.143393,0.072530,0.015817,0.046061,0.081370
2.15584,172.83,0.214674,0.142131,0.072543,0.015523,0.045515,0.080948
2.15604,172.85,0.213445,0.140889,0.072556,0.015236,0.044979,0.080529
2.15624,172.86,0.212236,0.139667,0.072569,0.014956,0.044453,0.080113
2.15644,172.88,0.211045,0.138463,0.072582,0.014682,0.043935,0.079701
2.15664,172.89,0.209873,0.137278,0.072595,0.014416,0.043425,0.079291
2.15684,172.91,0.208719,0.136111,0.072609,0.014156,0.042925,0.078885
2.15704,172.93,0.207583,0.134962,0.072622,0.013902,0.042432,0.078482
2.15724,172.94,0.206464,0.133830,0.072635,0.013654,0.041948,0.078082
2.15744,172.96,0.205363,0.132715,0.072648,0.013412,0.041472,0.077685
2.15764,172.97,0.204278,0.131616,0.072661,0.013176,0.041004,0.077291
2.15784,172.99,0.203209,0.130534,0.072674,0.012946,0.040543,0.076900
2.15804,173.01,0.202156,0.129468,0.072688,0.012721,0.040090,0.076512
2.15824,173.02,0.201118,0.128418,0.072701,0.012501,0.039644,0.076126
2.15844,173.04,0.200096,0.127382,0.072714,0.012287,0.039206,0.075744
2.15864,173.05,0.199089,0.126362,0.072727,0.012077,0.038774,0.075365
2.15884,173.07,0.198097,0.125356,0.072740,0.011872,0.038350,0.074988
2.15904,173.09,0.197118,0.124365,0.072754,0.011673,0.037932,0.074614
2.15924,173.10,0.196154,0.123387,0.072767,0.011477,0.037521,0.074243
2.15944,173.12,0.195204,0.122423,0.072780,0.011286,0.037116,0.073875
2.15964,173.13,0.194267,0.121473,0.072793,0.011100,0.036718,0.073509
2.15984,173.15,0.193343,0.120536,0.072807,0.010918,0.036326,0.073147
2.16004,173.17,0.192432,0.119612,0.072820,0.010740,0.035940,0.072786
2.16024,173.18,0.191533,0.118700,0.072833,0.010566,0.035560,0.072429
2.16044,173.20,0.190647,0.117801,0.072846,0.010396,0.035185,0.072074
2.16064,173.21,0.189773,0.116914,0.072860,0.010229,0.034817,0.071721
2.16084,173.23,0.188911,0.116039,0.072873,0.010067,0.034454,0.071372
2.16104,173.25,0.188061,0.115175,0.072886,0.009908,0.034097,0.071024
2.16124,173.26,0.187222,0.114323,0.072899,0.009752,0.033745,0.070680
2.16144,173.28,0.186395,0.113482,0.072913,0.009600,0.033398,0.070338
2.16164,173.29,0.185578,0.112652,0.072926,0.009451,0.033057,0.069998
2.16184,173.31,0.184772,0.111833,0.072939,0.009305,0.032721,0.069660
2.16204,173.33,0.183977,0.111024,0.072952,0.009163,0.032389,0.069326
2.16224,173.34,0.183192,0.110226,0.072966,0.009024,0.032063,0.068993
2.16244,173.36,0.182417,0.109438,0.072979,0.008887,0.031741,0.068663
2.16264,173.37,0.181652,0.108660,0.072992,0.008754,0.031424,0.068335
2.16284,173.39,0.180897,0.107891,0.073006,0.008623,0.031112,0.068010
2.16304,173.41,0.180151,0.107133,0.073019,0.008495,0.030804,0.067687
2.16324,173.42,0.179415,0.106383,0.073032,0.008370,0.030501,0.067366
2.16344,173.44,0.178688,0.105643,0.073045,0.008247,0.030202,0.067047
2.16364,173.45,0.177971,0.104912,0.073059,0.008127,0.029908,0.066731
2.16384,173.47,0.177262,0.104190,0.073072,0.008009,0.029617,0.066417
2.16404,173.49,0.176562,0.103477,0.073085,0.007894,0.029331,0.066105
2.16424,173.50,0.175870,0.102772,0.073099,0.007781,0.029049,0.065795
2.16444,173.52,0.175187,0.102075,0.073112,0.007670,0.028771,0.065488
2.16464,173.53,0.174512,0.101387,0.073125,0.007562,0.028496,0.065182
2.16484,173.55,0.173846,0.100707,0.073139,0.007456,0.028226,0.064879
2.16504,173.57,0.173187,0.100035,0.073152,0.007351,0.027959,0.064578
2.16524,173.58,0.172536,0.099371,0.073165,0.007249,0.027696,0.064279
2.16544,173.60,0.171893,0.098715,0.073179,0.007149,0.027437,0.063982
2.16564,173.61,0.171258,0.098066,0.073192,0.007051,0.027181,0.063687
2.16584,173.63,0.170630,0.097424,0.073205,0.006955,0.026928,0.063394
2.16604,173.65,0.170009,0.096790,0.073219,0.006861,0.026679,0.063103
2.16624,173.66,0.169395,0.096163,0.073232,0.006768,0.026434,0.062814
2.16644,173.68,0.168789,0.095544,0.073245,0.006678,0.026192,0.062527
2.16664,173.69,0.168189,0.094931,0.073259,0.006589,0.025953,0.062242
2.16684,173.71,0.167597,0.094325,0.073272,0.006502,0.025717,0.061959
2.16704,173.73,0.167011,0.093725,0.073285,0.006416,0.025484,0.061677
2.16724,173.74,0.166431,0.093132,0.073299,0.006332,0.025255,0.061398
2.16744,173.76,0.165858,0.092546,0.073312,0.006250,0.025028,0.061121
2.16764,173.78,0.165292,0.091966,0.073325,0.006169,0.024805,0.060845
2.16784,173.79,0.164732,0.091393,0.073339,0.006089,0.024584,0.060572
2.16804,173.81,0.164178,0.090825,0.073352,0.006012,0.024367,0.060300
2.16824,173.82,0.163630,0.090264,0.073366,0.005935,0.024152,0.060030
2.16844,173.84,0.163088,0.089709,0.073379,0.005860,0.023940,0.059762
2.16864,173.86,0.162552,0.089159,0.073392,0.005786,0.023730,0.059495
2.16884,173.87,0.162022,0.088616,0.073406,0.005714,0.023524,0.059230
2.16904,173.89,0.161497,0.088078,0.073419,0.005643,0.023320,0.058968
2.16924,173.90,0.160978,0.087546,0.073433,0.005573,0.023118,0.058706
2.16944,173.92,0.160465,0.087019,0.073446,0.005505,0.022920,0.058447
2.16964,173.94,0.159957,0.086498,0.073459,0.005437,0.022723,0.058189
2.16984,173.95,0.159454,0.085982,0.073473,0.005371,0.022529,0.057933
2.17004,173.97,0.158957,0.085471,0.073486,0.005306,0.022338,0.057679
2.17024,173.98,0.158465,0.084965,0.073500,0.005242,0.022149,0.057426
2.17044,174.00,0.157978,0.084465,0.073513,0.005179,0.021962,0.057175
2.17064,174.02,0.157496,0.083970,0.073526,0.005118,0.021778,0.056926
2.17084,174.03,0.157019,0.083479,0.073540,0.005057,0.021596,0.056678
2.17104,174.05,0.156547,0.082994,0.073553,0.004998,0.021416,0.056432
2.17124,174.06,0.156080,0.082513,0.073567,0.004939,0.021239,0.056187
2.17144,174.08,0.155617,0.082037,0.073580,0.004882,0.021063,0.055944
2.17164,174.10,0.155159,0.081566,0.073594,0.004825,0.020890,0.055703
2.17184,174.11,0.154706,0.081099,0.073607,0.004769,0.020719,0.055463
2.17204,174.13,0.154258,0.080637,0.073621,0.004715,0.020549,0.055225
2.17224,174.14,0.153813,0.080179,0.073634,0.004661,0.020382,0.054988
2.17244,174.16,0.153374,0.079726,0.073647,0.004608,0.020217,0.054753
2.17264,174.18,0.152938,0.079277,0.073661,0.004556,0.020054,0.054519
2.17284,174.19,0.152507,0.078833,0.073674,0.004505,0.019893,0.054286
2.17304,174.21,0.152080,0.078392,0.073688,0.004454,0.019734,0.054056
2.17324,174.22,0.151657,0.077956,0.073701,0.004405,0.019576,0.053826
2.17344,174.24,0.151239,0.077524,0.073715,0.004356,0.019421,0.053598
2.17364,174.26,0.150824,0.077096,0.073728,0.004308,0.019267,0.053372
2.17384,174.27,0.150414,0.076672,0.073742,0.004261,0.019115,0.053147
2.17404,174.29,0.150007,0.076252,0.073755,0.004215,0.018965,0.052923
2.17424,174.30,0.149604,0.075835,0.073769,0.004169,0.018817,0.052701
2.17444,174.32,0.149205,0.075423,0.073782,0.004124,0.018670,0.052480
2.17464,174.34,0.148810,0.075014,0.073796,0.004080,0.018525,0.052261
2.17484,174.35,0.148419,0.074609,0.073809,0.004036,0.018382,0.052043
2.17504,174.37,0.148031,0.074208,0.073823,0.003993,0.018240,0.051826
2.17524,174.38,0.147647,0.073810,0.073836,0.003951,0.018100,0.051611
2.17544,174.40,0.147266,0.073416,0.073850,0.003909,0.017961,0.051397
2.17564,174.42,0.146889,0.073026,0.073863,0.003869,0.017824,0.051184
2.17584,174.43,0.146516,0.072639,0.073877,0.003828,0.017689,0.050972
2.17604,174.45,0.146145,0.072255,0.073890,0.003788,0.017555,0.050762
2.17624,174.46,0.145779,0.071875,0.073904,0.003749,0.017423,0.050554
2.17644,174.48,0.145415,0.071498,0.073917,0.003711,0.017292,0.050346
2.17664,174.50,0.145055,0.071124,0.073931,0.003673,0.017162,0.050140
2.17684,174.51,0.144699,0.070754,0.073945,0.003636,0.017034,0.049935
2.17704,174.53,0.144345,0.070387,0.073958,0.003599,0.016908,0.049731
2.17724,174.54,0.143995,0.070023,0.073972,0.003563,0.016783,0.049529
2.17744,174.56,0.143647,0.069662,0.073985,0.003527,0.016659,0.049327
2.17764,174.58,0.143303,0.069305,0.073999,0.003492,0.016536,0.049127
2.17784,174.59,0.142962,0.068950,0.074012,0.003457,0.016415,0.048928
2.17804,174.61,0.142624,0.068598,0.074026,0.003423,0.016295,0.048731
2.17824,174.62,0.142289,0.068250,0.074039,0.003389,0.016177,0.048534
2.17844,174.64,0.141957,0.067904,0.074053,0.003356,0.016059,0.048339
2.17864,174.66,0.141628,0.067561,0.074067,0.003323,0.015943,0.048145
2.17884,174.67,0.141301,0.067221,0.074080,0.003291,0.015829,0.047952
2.17904,174.69,0.140978,0.066884,0.074094,0.003259,0.015715,0.047760
2.17924,174.71,0.140657,0.066550,0.074107,0.003228,0.015603,0.047570
2.17944,174.72,0.140339,0.066218,0.074121,0.003197,0.015492,0.047380
2.17964,174.74,0.140024,0.065889,0.074134,0.003166,0.015382,0.047192
2.17984,174.75,0.139711,0.065563,0.074148,0.003136,0.015273,0.047005
2.18004,174.77,0.139402,0.065240,0.074162,0.003107,0.015165,0.046818
2.18024,174.79,0.139094,0.064919,0.074175,0.003077,0.015058,0.046633
2.18044,174.80,0.138790,0.064601,0.074189,0.003048,0.014953,0.046449
2.18064,174.82,0.138488,0.064285,0.074203,0.003020,0.014849,0.046267
2.18084,174.83,0.138188,0.063972,0.074216,0.002992,0.014745,0.046085
2.18104,174.85,0.137891,0.063662,0.074230,0.002964,0.014643,0.045904
2.18124,174.87,0.137597,0.063354,0.074243,0.002937,0.014542,0.045724
2.18144,174.88,0.137305,0.063048,0.074257,0.002910,0.014442,0.045546
2.18164,174.90,0.137015,0.062745,0.074271,0.002884,0.014343,0.045368
2.18184,174.91,0.136728,0.062444,0.074284,0.002857,0.014245,0.045192
2.18204,174.93,0.136444,0.062146,0.074298,0.002832,0.014148,0.045016
2.18224,174.95,0.136161,0.061850,0.074312,0.002806,0.014051,0.044842
2.18244,174.96,0.135881,0.061556,0.074325,0.002781,0.013956,0.044668
2.18264,174.98,0.135603,0.061264,0.074339,0.002756,0.013862,0.044496
2.18284,174.99,0.135328,0.060975,0.074352,0.002732,0.013769,0.044324
2.18304,175.01,0.135054,0.060688,0.074366,0.002707,0.013676,0.044154
2.18324,175.03,0.134783,0.060403,0.074380,0.002683,0.013585,0.043984
2.18344,175.04,0.134514,0.060121,0.074393,0.002660,0.013494,0.043816
2.18364,175.06,0.134247,0.059840,0.074407,0.002637,0.013405,0.043648
2.18384,175.07,0.133983,0.059562,0.074421,0.002614,0.013316,0.043481
2.18404,175.09,0.133720,0.059286,0.074434,0.002591,0.013228,0.043316
2.18424,175.11,0.133460,0.059012,0.074448,0.002569,0.013141,0.043151
2.18444,175.12,0.133202,0.058740,0.074462,0.002547,0.013055,0.042987
2.18464,175.14,0.132945,0.058470,0.074476,0.002525,0.012970,0.042824
2.18484,175.15,0.132691,0.058202,0.074489,0.002503,0.012885,0.042662
2.18504,175.17,0.132439,0.057936,0.074503,0.002482,0.012802,0.042501
2.18524,175.19,0.132189,0.057672,0.074517,0.002461,0.012719,0.042341
2.18544,175.20,0.131940,0.057410,0.074530,0.002440,0.012637,0.042182
2.18564,175.22,0.131694,0.057150,0.074544,0.002420,0.012555,0.042024
2.18584,175.23,0.131449,0.056892,0.074558,0.002400,0.012475,0.041866
2.18604,175.25,0.131207,0.056635,0.074571,0.002380,0.012395,0.041710
2.18624,175.27,0.130966,0.056381,0.074585,0.002360,0.012316,0.041554
2.18644,175.28,0.130727,0.056129,0.074599,0.002340,0.012238,0.041399
2.18664,175.30,0.130490,0.055878,0.074613,0.002321,0.012160,0.041245
2.18684,175.31,0.130255,0.055629,0.074626,0.002302,0.012084,0.041092
2.18704,175.33,0.130022,0.055382,0.074640,0.002283,0.012008,0.040940
2.18724,175.35,0.129790,0.055137,0.074654,0.002265,0.011932,0.040788
2.18744,175.36,0.129561,0.054893,0.074668,0.002246,0.011858,0.040638
2.18764,175.38,0.129333,0.054651,0.074681,0.002228,0.011784,0.040488
2.18784,175.39,0.129106,0.054411,0.074695,0.002210,0.011710,0.040339
2.18804,175.41,0.128882,0.054173,0.074709,0.002193,0.011638,0.040191
2.18824,175.43,0.128659,0.053936,0.074723,0.002175,0.011566,0.040044
2.18844,175.44,0.128438,0.053701,0.074736,0.002158,0.011495,0.039897
2.18864,175.46,0.128218,0.053468,0.074750,0.002141,0.011424,0.039752
2.18884,175.47,0.128000,0.053236,0.074764,0.002124,0.011354,0.039607
2.18904,175.49,0.127784,0.053006,0.074778,0.002107,0.011285,0.039463
2.18924,175.51,0.127569,0.052778,0.074791,0.002091,0.011216,0.039319
2.18944,175.52,0.127356,0.052551,0.074805,0.002074,0.011148,0.039177
2.18964,175.54,0.127144,0.052325,0.074819,0.002058,0.011080,0.039035
2.18984,175.55,0.126934,0.052102,0.074833,0.002042,0.011014,0.038894
2.19004,175.57,0.126726,0.051879,0.074847,0.002027,0.010947,0.038754
2.19024,175.59,0.126519,0.051659,0.074860,0.002011,0.010882,0.038614
2.19044,175.60,0.126314,0.051440,0.074874,0.001996,0.010816,0.038475
2.19064,175.62,0.126110,0.051222,0.074888,0.001980,0.010752,0.038337
2.19084,175.63,0.125907,0.051006,0.074902,0.001965,0.010688,0.038200
2.19104,175.65,0.125707,0.050791,0.074916,0.001951,0.010625,0.038064
2.19124,175.67,0.125507,0.050578,0.074929,0.001936,0.010562,0.037928
2.19144,175.68,0.125309,0.050366,0.074943,0.001921,0.010500,0.037793
2.19164,175.70,0.125112,0.050156,0.074957,0.001907,0.010438,0.037658
2.19184,175.72,0.124917,0.049947,0.074971,0.001893,0.010377,0.037525
2.19204,175.73,0.124724,0.049739,0.074985,0.001879,0.010316,0.037392
2.19224,175.75,0.124531,0.049533,0.074998,0.001865,0.010256,0.037260
2.19244,175.76,0.124340,0.049328,0.075012,0.001851,0.010196,0.037128
2.19264,175.78,0.124151,0.049124,0.075026,0.001837,0.010137,0.036997
2.19284,175.80,0.123962,0.048922,0.075040,0.001824,0.010079,0.036867
2.19304,175.81,0.123775,0.048721,0.075054,0.001811,0.010021,0.036738
2.19324,175.83,0.123590,0.048522,0.075068,0.001797,0.009963,0.036609
2.19344,175.84,0.123405,0.048324,0.075082,0.001784,0.009906,0.036481
2.19364,175.86,0.123222,0.048127,0.075095,0.001771,0.009849,0.036353
2.19384,175.88,0.123041,0.047931,0.075109,0.001759,0.009793,0.036227
2.19404,175.89,0.122860,0.047737,0.075123,0.001746,0.009738,0.036100
2.19424,175.91,0.122681,0.047544,0.075137,0.001734,0.009682,0.035975
2.19444,175.92,0.122503,0.047352,0.075151,0.001721,0.009628,0.035850
2.19464,175.94,0.122326,0.047161,0.075165,0.001709,0.009574,0.035726
2.19484,175.96,0.122151,0.046972,0.075179,0.001697,0.009520,0.035603
2.19504,175.97,0.121976,0.046784,0.075192,0.001685,0.009466,0.035480
2.19524,175.99,0.121803,0.046597,0.075206,0.001673,0.009413,0.035357
2.19544,176.00,0.121632,0.046411,0.075220,0.001661,0.009361,0.035236
2.19564,176.02,0.121461,0.046227,0.075234,0.001650,0.009309,0.035115
2.19584,176.04,0.121291,0.046043,0.075248,0.001638,0.009257,0.034994
2.19604,176.05,0.121123,0.045861,0.075262,0.001627,0.009206,0.034875
2.19624,176.07,0.120956,0.045680,0.075276,0.001616,0.009155,0.034756
2.19644,176.08,0.120790,0.045500,0.075290,0.001605,0.009105,0.034637
2.19664,176.10,0.120625,0.045321,0.075304,0.001594,0.009055,0.034519
2.19684,176.12,0.120461,0.045144,0.075318,0.001583,0.009006,0.034402
2.19704,176.13,0.120299,0.044967,0.075332,0.001572,0.008957,0.034285
2.19724,176.15,0.120137,0.044791,0.075345,0.001561,0.008908,0.034169
2.19744,176.16,0.119976,0.044617,0.075359,0.001551,0.008860,0.034053
2.19764,176.18,0.119817,0.044444,0.075373,0.001540,0.008812,0.033938
2.19784,176.20,0.119659,0.044271,0.075387,0.001530,0.008764,0.033824
2.19804,176.21,0.119502,0.044100,0.075401,0.001520,0.008717,0.033710
2.19824,176.23,0.119345,0.043930,0.075415,0.001509,0.008670,0.033597
2.19844,176.24,0.119190,0.043761,0.075429,0.001499,0.008624,0.033484
2.19864,176.26,0.119036,0.043593,0.075443,0.001489,0.008578,0.033372
2.19884,176.28,0.118883,0.043426,0.075457,0.001480,0.008532,0.033261
2.19904,176.29,0.118731,0.043260,0.075471,0.001470,0.008487,0.033150
2.19924,176.31,0.118580,0.043095,0.075485,0.001460,0.008442,0.033039
2.19944,176.32,0.118430,0.042931,0.075499,0.001451,0.008397,0.032929
2.19964,176.34,0.118281,0.042768,0.075513,0.001441,0.008353,0.032820
2.19984,176.36,0.118133,0.042606,0.075527,0.001432,0.008309,0.032711
2.20004,176.37,0.117986,0.042445,0.075541,0.001422,0.008265,0.032603
2.20024,176.39,0.117840,0.042285,0.075555,0.001413,0.008222,0.032495
2.20044,176.40,0.117694,0.042126,0.075569,0.001404,0.008179,0.032388
2.20064,176.42,0.117550,0.041967,0.075583,0.001395,0.008137,0.032281
2.20084,176.44,0.117407,0.041810,0.075597,0.001386,0.008095,0.032175
2.20104,176.45,0.117265,0.041654,0.075611,0.001377,0.008053,0.032070
2.20124,176.47,0.117123,0.041498,0.075625,0.001368,0.008011,0.031964
2.20144,176.48,0.116983,0.041344,0.075639,0.001360,0.007970,0.031860
2.20164,176.50,0.116843,0.041190,0.075653,0.001351,0.007929,0.031756
2.20184,176.52,0.116704,0.041038,0.075667,0.001343,0.007888,0.031652
2.20204,176.53,0.116567,0.040886,0.075681,0.001334,0.007848,0.031549
2.20224,176.55,0.116430,0.040735,0.075695,0.001326,0.007808,0.031447
2.20244,176.56,0.116294,0.040585,0.075709,0.001317,0.007768,0.031345
2.20264,176.58,0.116159,0.040436,0.075723,0.001309,0.007729,0.031243
2.20284,176.60,0.116025,0.040287,0.075737,0.001301,0.007690,0.031142
2.20304,176.61,0.115891,0.040140,0.075751,0.001293,0.007651,0.031041
2.20324,176.63,0.115759,0.039994,0.075765,0.001285,0.007612,0.030941
2.20344,176.65,0.115627,0.039848,0.075779,0.001277,0.007574,0.030842
2.20364,176.66,0.115496,0.039703,0.075793,0.001269,0.007536,0.030743
2.20384,176.68,0.115366,0.039559,0.075807,0.001262,0.007499,0.030644
2.20404,176.69,0.115237,0.039416,0.075821,0.001254,0.007461,0.030546
2.20424,176.71,0.115109,0.039273,0.075835,0.001246,0.007424,0.030448
2.20444,176.73,0.114981,0.039132,0.075849,0.001239,0.007387,0.030351
2.20464,176.74,0.114854,0.038991,0.075864,0.001231,0.007351,0.030254
2.20484,176.76,0.114728,0.038851,0.075878,0.001224,0.007315,0.030158
2.20504,176.77,0.114603,0.038712,0.075892,0.001216,0.007278,0.030062
2.20524,176.79,0.114479,0.038573,0.075906,0.001209,0.007243,0.029966
2.20544,176.81,0.114355,0.038436,0.075920,0.001202,0.007207,0.029871
2.20564,176.82,0.114233,0.038299,0.075934,0.001195,0.007172,0.029777
2.20584,176.84,0.114111,0.038163,0.075948,0.001188,0.007137,0.029683
2.20604,176.85,0.113989,0.038027,0.075962,0.001181,0.007102,0.029589
2.20624,176.87,0.113869,0.037893,0.075976,0.001174,0.007068,0.029496
2.20644,176.89,0.113749,0.037759,0.075990,0.001167,0.007034,0.029403
2.20664,176.90,0.113630,0.037626,0.076004,0.001160,0.007000,0.029311
2.20684,176.92,0.113512,0.037493,0.076019,0.001153,0.006966,0.029219
2.20704,176.93,0.113394,0.037362,0.076033,0.001146,0.006932,0.029128
2.20724,176.95,0.113278,0.037231,0.076047,0.001140,0.006899,0.029037
2.20744,176.97,0.113162,0.037101,0.076061,0.001133,0.006866,0.028946
2.20764,176.98,0.113046,0.036971,0.076075,0.001126,0.006833,0.028856
2.20784,177.00,0.112932,0.036843,0.076089,0.001120,0.006801,0.028766
2.20804,177.01,0.112818,0.036714,0.076103,0.001113,0.006769,0.028677
2.20824,177.03,0.112705,0.036587,0.076117,0.001107,0.006736,0.028588
2.20844,177.05,0.112592,0.036460,0.076132,0.001101,0.006705,0.028499
2.20864,177.06,0.112480,0.036335,0.076146,0.001094,0.006673,0.028411
2.20884,177.08,0.112369,0.036209,0.076160,0.001088,0.006642,0.028324
2.20904,177.09,0.112259,0.036085,0.076174,0.001082,0.006610,0.028236
2.20924,177.11,0.112149,0.035961,0.076188,0.001076,0.006579,0.028150
2.20944,177.13,0.112040,0.035837,0.076202,0.001070,0.006549,0.028063
2.20964,177.14,0.111931,0.035715,0.076217,0.001064,0.006518,0.027977
2.20984,177.16,0.111824,0.035593,0.076231,0.001058,0.006488,0.027891
2.21004,177.17,0.111716,0.035472,0.076245,0.001052,0.006458,0.027806
2.21024,177.19,0.111610,0.035351,0.076259,0.001046,0.006428,0.027721
2.21044,177.21,0.111504,0.035231,0.076273,0.001040,0.006398,0.027637
2.21064,177.22,0.111399,0.035112,0.076287,0.001034,0.006369,0.027553
2.21084,177.24,0.111295,0.034993,0.076302,0.001029,0.006339,0.027469
2.21104,177.25,0.111191,0.034875,0.076316,0.001023,0.006310,0.027385
2.21124,177.27,0.111087,0.034757,0.076330,0.001017,0.006281,0.027302
2.21144,177.29,0.110985,0.034640,0.076344,0.001012,0.006253,0.027220
2.21164,177.30,0.110883,0.034524,0.076358,0.001006,0.006224,0.027138
2.21184,177.32,0.110781,0.034409,0.076373,0.001001,0.006196,0.027056
2.21204,177.33,0.110680,0.034294,0.076387,0.000995,0.006168,0.026974
2.21224,177.35,0.110580,0.034179,0.076401,0.000990,0.006140,0.026893
2.21244,177.37,0.110481,0.034065,0.076415,0.000984,0.006112,0.026812
2.21264,177.38,0.110382,0.033952,0.076430,0.000979,0.006084,0.026732
2.21284,177.40,0.110283,0.033839,0.076444,0.000974,0.006057,0.026652
2.21304,177.41,0.110185,0.033727,0.076458,0.000969,0.006030,0.026572
2.21324,177.43,0.110088,0.033616,0.076472,0.000963,0.006003,0.026493
2.21344,177.45,0.109991,0.033505,0.076487,0.000958,0.005976,0.026414
2.21364,177.46,0.109895,0.033395,0.076501,0.000953,0.005949,0.026335
2.21384,177.48,0.109800,0.033285,0.076515,0.000948,0.005923,0.026257
2.21404,177.49,0.109705,0.033176,0.076529,0.000943,0.005897,0.026179
2.21424,177.51,0.109611,0.033067,0.076544,0.000938,0.005871,0.026102
2.21444,177.53,0.109517,0.032959,0.076558,0.000933,0.005845,0.026024
2.21464,177.54,0.109423,0.032851,0.076572,0.000928,0.005819,0.025947
2.21484,177.56,0.109331,0.032744,0.076586,0.000923,0.005793,0.025871
2.21504,177.58,0.109239,0.032638,0.076601,0.000918,0.005768,0.025795
2.21524,177.59,0.109147,0.032532,0.076615,0.000914,0.005743,0.025719
2.21544,177.61,0.109056,0.032427,0.076629,0.000909,0.005717,0.025643
2.21564,177.62,0.108965,0.032322,0.076643,0.000904,0.005692,0.025568
2.21584,177.64,0.108875,0.032218,0.076658,0.000899,0.005668,0.025493
2.21604,177.66,0.108786,0.032114,0.076672,0.000895,0.005643,0.025419
2.21624,177.67,0.108697,0.032011,0.076686,0.000890,0.005619,0.025344
2.21644,177.69,0.108608,0.031908,0.076701,0.000886,0.005594,0.025270
2.21664,177.70,0.108520,0.031806,0.076715,0.000881,0.005570,0.025197
2.21684,177.72,0.108433,0.031704,0.076729,0.000876,0.005546,0.025124
2.21704,177.74,0.108346,0.031603,0.076744,0.000872,0.005522,0.025051
2.21724,177.75,0.108260,0.031502,0.076758,0.000868,0.005499,0.024978
2.21744,177.77,0.108174,0.031402,0.076772,0.000863,0.005475,0.024906
2.21764,177.78,0.108089,0.031302,0.076787,0.000859,0.005452,0.024834
2.21784,177.80,0.108004,0.031203,0.076801,0.000854,0.005429,0.024762
2.21804,177.82,0.107919,0.031104,0.076815,0.000850,0.005405,0.024691
2.21824,177.83,0.107835,0.031006,0.076830,0.000846,0.005383,0.024620
2.21844,177.85,0.107752,0.030908,0.076844,0.000842,0.005360,0.024549
2.21864,177.86,0.107669,0.030811,0.076858,0.000837,0.005337,0.024478
2.21884,177.88,0.107587,0.030714,0.076873,0.000833,0.005315,0.024408
2.21904,177.90,0.107505,0.030618,0.076887,0.000829,0.005292,0.024338
2.21924,177.91,0.107423,0.030522,0.076901,0.000825,0.005270,0.024269
2.21944,177.93,0.107342,0.030426,0.076916,0.000821,0.005248,0.024200
2.21964,177.94,0.107262,0.030331,0.076930,0.000817,0.005226,0.024131
2.21984,177.96,0.107181,0.030237,0.076944,0.000813,0.005204,0.024062
2.22004,177.98,0.107102,0.030143,0.076959,0.000809,0.005183,0.023994
2.22024,177.99,0.107023,0.030049,0.076973,0.000805,0.005161,0.023925
2.22044,178.01,0.106944,0.029956,0.076988,0.000801,0.005140,0.023858
2.22064,178.02,0.106866,0.029864,0.077002,0.000797,0.005118,0.023790
2.22084,178.04,0.106788,0.029771,0.077016,0.000793,0.005097,0.023723
2.22104,178.06,0.106710,0.029680,0.077031,0.000789,0.005076,0.023656
2.22124,178.07,0.106634,0.029588,0.077045,0.000785,0.005055,0.023589
2.22144,178.09,0.106557,0.029498,0.077060,0.000782,0.005035,0.023523
2.22164,178.10,0.106481,0.029407,0.077074,0.000778,0.005014,0.023457
2.22184,178.12,0.106405,0.029317,0.077088,0.000774,0.004993,0.023391
2.22204,178.14,0.106330,0.029227,0.077103,0.000770,0.004973,0.023326
2.22224,178.15,0.106255,0.029138,0.077117,0.000767,0.004953,0.023260
2.22244,178.17,0.106181,0.029050,0.077132,0.000763,0.004933,0.023195
2.22264,178.18,0.106107,0.028961,0.077146,0.000759,0.004913,0.023131
2.22284,178.20,0.106034,0.028873,0.077160,0.000756,0.004893,0.023066
2.22304,178.22,0.105961,0.028786,0.077175,0.000752,0.004873,0.023002
2.22324,178.23,0.105888,0.028699,0.077189,0.000748,0.004853,0.022938
2.22344,178.25,0.105816,0.028612,0.077204,0.000745,0.004834,0.022874
2.22364,178.26,0.105744,0.028526,0.077218,0.000741,0.004814,0.022811
2.22384,178.28,0.105673,0.028440,0.077233,0.000738,0.004795,0.022748
2.22404,178.30,0.105602,0.028354,0.077247,0.000734,0.004776,0.022685
2.22424,178.31,0.105531,0.028269,0.077262,0.000731,0.004757,0.022622
2.22444,178.33,0.105461,0.028185,0.077276,0.000728,0.004738,0.022560
2.22464,178.34,0.105391,0.028100,0.077291,0.000724,0.004719,0.022498
2.22484,178.36,0.105322,0.028017,0.077305,0.000721,0.004700,0.022436
2.22504,178.38,0.105253,0.027933,0.077319,0.000718,0.004682,0.022374
2.22524,178.39,0.105184,0.027850,0.077334,0.000714,0.004663,0.022313
2.22544,178.41,0.105116,0.027767,0.077348,0.000711,0.004645,0.022252
2.22564,178.42,0.105048,0.027685,0.077363,0.000708,0.004627,0.022191
2.22584,178.44,0.104980,0.027603,0.077377,0.000704,0.004608,0.022131
2.22604,178.46,0.104913,0.027521,0.077392,0.000701,0.004590,0.022070
2.22624,178.47,0.104847,0.027440,0.077406,0.000698,0.004572,0.022010
2.22644,178.49,0.104780,0.027359,0.077421,0.000695,0.004555,0.021950
2.22664,178.51,0.104714,0.027279,0.077435,0.000692,0.004537,0.021891
2.22684,178.52,0.104649,0.027199,0.077450,0.000688,0.004519,0.021831
2.22704,178.54,0.104583,0.027119,0.077464,0.000685,0.004502,0.021772
2.22724,178.55,0.104519,0.027040,0.077479,0.000682,0.004484,0.021713
2.22744,178.57,0.104454,0.026961,0.077494,0.000679,0.004467,0.021655
2.22764,178.59,0.104390,0.026882,0.077508,0.000676,0.004450,0.021596
2.22784,178.60,0.104326,0.026804,0.077523,0.000673,0.004432,0.021538
2.22804,178.62,0.104263,0.026726,0.077537,0.000670,0.004415,0.021480
2.22824,178.63,0.104200,0.026648,0.077552,0.000667,0.004398,0.021423
2.22844,178.65,0.104137,0.026571,0.077566,0.000664,0.004382,0.021365
2.22864,178.67,0.104075,0.026494,0.077581,0.000661,0.004365,0.021308
2.22884,178.68,0.104013,0.026417,0.077595,0.000658,0.004348,0.021251
2.22904,178.70,0.103951,0.026341,0.077610,0.000655,0.004332,0.021194
2.22924,178.71,0.103890,0.026265,0.077624,0.000652,0.004315,0.021138
2.22944,178.73,0.103829,0.026190,0.077639,0.000649,0.004299,0.021081
2.22964,178.75,0.103768,0.026114,0.077654,0.000647,0.004282,0.021025
2.22984,178.76,0.103708,0.026040,0.077668,0.000644,0.004266,0.020969
2.23004,178.78,0.103648,0.025965,0.077683,0.000641,0.004250,0.020914
2.23024,178.79,0.103588,0.025891,0.077697,0.000638,0.004234,0.020858
2.23044,178.81,0.103529,0.025817,0.077712,0.000635,0.004218,0.020803
2.23064,178.83,0.103470,0.025743,0.077726,0.000632,0.004202,0.020748
2.23084,178.84,0.103411,0.025670,0.077741,0.000630,0.004187,0.020693
2.23104,178.86,0.103353,0.025597,0.077756,0.000627,0.004171,0.020639
2.23124,178.87,0.103295,0.025525,0.077770,0.000624,0.004155,0.020584
2.23144,178.89,0.103237,0.025452,0.077785,0.000622,0.004140,0.020530
2.23164,178.91,0.103180,0.025380,0.077799,0.000619,0.004124,0.020476
2.23184,178.92,0.103123,0.025309,0.077814,0.000616,0.004109,0.020423
2.23204,178.94,0.103066,0.025237,0.077829,0.000614,0.004094,0.020369
2.23224,178.95,0.103010,0.025166,0.077843,0.000611,0.004079,0.020316
2.23244,178.97,0.102954,0.025096,0.077858,0.000608,0.004064,0.020263
2.23264,178.99,0.102898,0.025025,0.077873,0.000606,0.004049,0.020210
2.23284,179.00,0.102843,0.024955,0.077887,0.000603,0.004034,0.020157
2.23304,179.02,0.102787,0.024886,0.077902,0.000601,0.004019,0.020105
2.23324,179.03,0.102733,0.024816,0.077917,0.000598,0.004004,0.020053
2.23344,179.05,0.102678,0.024747,0.077931,0.000596,0.003990,0.020001
2.23364,179.07,0.102624,0.024678,0.077946,0.000593,0.003975,0.019949
2.23384,179.08,0.102570,0.024609,0.077960,0.000591,0.003961,0.019897
2.23404,179.10,0.102516,0.024541,0.077975,0.000588,0.003946,0.019846
2.23424,179.11,0.102463,0.024473,0.077990,0.000586,0.003932,0.019794
2.23444,179.13,0.102410,0.024405,0.078004,0.000583,0.003918,0.019743
2.23464,179.15,0.102357,0.024338,0.078019,0.000581,0.003903,0.019692
2.23484,179.16,0.102305,0.024271,0.078034,0.000578,0.003889,0.019642
2.23504,179.18,0.102252,0.024204,0.078049,0.000576,0.003875,0.019591
2.23524,179.19,0.102201,0.024137,0.078063,0.000573,0.003861,0.019541
2.23544,179.21,0.102149,0.024071,0.078078,0.000571,0.003847,0.019491
2.23564,179.23,0.102098,0.024005,0.078093,0.000569,0.003834,0.019441
2.23584,179.24,0.102047,0.023939,0.078107,0.000566,0.003820,0.019391
2.23604,179.26,0.101996,0.023874,0.078122,0.000564,0.003806,0.019342
2.23624,179.27,0.101945,0.023809,0.078137,0.000562,0.003793,0.019293
2.23644,179.29,0.101895,0.023744,0.078151,0.000559,0.003779,0.019243
2.23664,179.31,0.101845,0.023679,0.078166,0.000557,0.003766,0.019195
2.23684,179.32,0.101796,0.023615,0.078181,0.000555,0.003752,0.019146
2.23704,179.34,0.101746,0.023551,0.078196,0.000553,0.003739,0.019097
2.23724,179.35,0.101697,0.023487,0.078210,0.000550,0.003726,0.019049
2.23744,179.37,0.101648,0.023423,0.078225,0.000548,0.003713,0.019001
2.23764,179.39,0.101600,0.023360,0.078240,0.000546,0.003700,0.018953
2.23784,179.40,0.101552,0.023297,0.078254,0.000544,0.003687,0.018905
2.23804,179.42,0.101504,0.023234,0.078269,0.000541,0.003674,0.018857
2.23824,179.44,0.101456,0.023172,0.078284,0.000539,0.003661,0.018810
2.23844,179.45,0.101408,0.023110,0.078299,0.000537,0.003648,0.018762
2.23864,179.47,0.101361,0.023048,0.078313,0.000535,0.003635,0.018715
2.23884,179.48,0.101314,0.022986,0.078328,0.000533,0.003623,0.018668
2.23904,179.50,0.101268,0.022925,0.078343,0.000531,0.003610,0.018622
2.23924,179.52,0.101221,0.022863,0.078358,0.000529,0.003597,0.018575
2.23944,179.53,0.101175,0.022802,0.078373,0.000526,0.003585,0.018529
2.23964,179.55,0.101129,0.022742,0.078387,0.000524,0.003573,0.018482
2.23984,179.56,0.101083,0.022681,0.078402,0.000522,0.003560,0.018436
2.24004,179.58,0.101038,0.022621,0.078417,0.000520,0.003548,0.018390
2.24024,179.60,0.100993,0.022561,0.078432,0.000518,0.003536,0.018345
2.24044,179.61,0.100948,0.022501,0.078446,0.000516,0.003524,0.018299
2.24064,179.63,0.100903,0.022442,0.078461,0.000514,0.003511,0.018254
2.24084,179.64,0.100859,0.022383,0.078476,0.000512,0.003499,0.018208
2.24104,179.66,0.100815,0.022324,0.078491,0.000510,0.003487,0.018163
2.24124,179.68,0.100771,0.022265,0.078506,0.000508,0.003476,0.018119
2.24144,179.69,0.100727,0.022206,0.078521,0.000506,0.003464,0.018074
2.24164,179.71,0.100683,0.022148,0.078535,0.000504,0.003452,0.018029
2.24184,179.72,0.100640,0.022090,0.078550,0.000502,0.003440,0.017985
2.24204,179.74,0.100597,0.022032,0.078565,0.000500,0.003428,0.017941
2.24224,179.76,0.100555,0.021975,0.078580,0.000498,0.003417,0.017897
2.24244,179.77,0.100512,0.021917,0.078595,0.000496,0.003405,0.017853
2.24264,179.79,0.100470,0.021860,0.078609,0.000494,0.003394,0.017809
2.24284,179.80,0.100428,0.021803,0.078624,0.000492,0.003382,0.017765
2.24304,179.82,0.100386,0.021747,0.078639,0.000491,0.003371,0.017722
2.24324,179.84,0.100344,0.021690,0.078654,0.000489,0.003360,0.017679
2.24344,179.85,0.100303,0.021634,0.078669,0.000487,0.003348,0.017636
2.24364,179.87,0.100262,0.021578,0.078684,0.000485,0.003337,0.017593
2.24384,179.88,0.100221,0.021522,0.078699,0.000483,0.003326,0.017550
2.24404,179.90,0.100180,0.021467,0.078713,0.000481,0.003315,0.017507
2.24424,179.92,0.100140,0.021412,0.078728,0.000479,0.003304,0.017465
2.24444,179.93,0.100100,0.021357,0.078743,0.000478,0.003293,0.017422
2.24464,179.95,0.100060,0.021302,0.078758,0.000476,0.003282,0.017380
2.24484,179.96,0.100020,0.021247,0.078773,0.000474,0.003271,0.017338
2.24504,179.98,0.099980,0.021193,0.078788,0.000472,0.003260,0.017296
2.24524,180.00,0.099941,0.021138,0.078803,0.000470,0.003249,0.017255
2.24544,180.01,0.099902,0.021084,0.078818,0.000469,0.003239,0.017213
2.24564,180.03,0.099863,0.021031,0.078833,0.000467,0.003228,0.017172
2.24584,180.04,0.099824,0.020977,0.078847,0.000465,0.003217,0.017130
2.24604,180.06,0.099786,0.020924,0.078862,0.000463,0.003207,0.017089
2.24624,180.08,0.099748,0.020870,0.078877,0.000462,0.003196,0.017048
2.24644,180.09,0.099710,0.020818,0.078892,0.000460,0.003186,0.017008
2.24664,180.11,0.099672,0.020765,0.078907,0.000458,0.003176,0.016967
2.24684,180.12,0.099634,0.020712,0.078922,0.000457,0.003165,0.016926
2.24704,180.14,0.099597,0.020660,0.078937,0.000455,0.003155,0.016886
2.24724,180.16,0.099560,0.020608,0.078952,0.000453,0.003145,0.016846
2.24744,180.17,0.099523,0.020556,0.078967,0.000452,0.003134,0.016806
2.24764,180.19,0.099486,0.020504,0.078982,0.000450,0.003124,0.016766
2.24784,180.20,0.099449,0.020453,0.078997,0.000448,0.003114,0.016726
2.24804,180.22,0.099413,0.020401,0.079012,0.000447,0.003104,0.016686
2.24824,180.24,0.099377,0.020350,0.079027,0.000445,0.003094,0.016647
2.24844,180.25,0.099341,0.020299,0.079042,0.000443,0.003084,0.016607
2.24864,180.27,0.099305,0.020248,0.079057,0.000442,0.003074,0.016568
2.24884,180.28,0.099270,0.020198,0.079072,0.000440,0.003064,0.016529
2.24904,180.30,0.099234,0.020148,0.079087,0.000438,0.003055,0.016490
2.24924,180.32,0.099199,0.020097,0.079102,0.000437,0.003045,0.016451
2.24944,180.33,0.099164,0.020047,0.079117,0.000435,0.003035,0.016412
2.24964,180.35,0.099129,0.019998,0.079132,0.000434,0.003025,0.016374
2.24984,180.36,0.099095,0.019948,0.079146,0.000432,0.003016,0.016335
2.25004,180.38,0.099060,0.019899,0.079161,0.000431,0.003006,0.016297
2.25024,180.40,0.099026,0.019850,0.079176,0.000429,0.002997,0.016259
2.25044,180.41,0.098992,0.019801,0.079191,0.000427,0.002987,0.016221
2.25064,180.43,0.098958,0.019752,0.079207,0.000426,0.002978,0.016183
2.25084,180.45,0.098925,0.019703,0.079222,0.000424,0.002968,0.016145
2.25104,180.46,0.098891,0.019655,0.079237,0.000423,0.002959,0.016108
2.25124,180.48,0.098858,0.019606,0.079252,0.000421,0.002950,0.016070
2.25144,180.49,0.098825,0.019558,0.079267,0.000420,0.002940,0.016033
2.25164,180.51,0.098792,0.019510,0.079282,0.000418,0.002931,0.015996
2.25184,180.53,0.098759,0.019463,0.079297,0.000417,0.002922,0.015959
2.25204,180.54,0.098727,0.019415,0.079312,0.000415,0.002913,0.015922
2.25224,180.56,0.098694,0.019368,0.079327,0.000414,0.002904,0.015885
2.25244,180.57,0.098662,0.019321,0.079342,0.000413,0.002895,0.015848
2.25264,180.59,0.098630,0.019273,0.079357,0.000411,0.002886,0.015811
2.25284,180.61,0.098599,0.019227,0.079372,0.000410,0.002877,0.015775
2.25304,180.62,0.098567,0.019180,0.079387,0.000408,0.002868,0.015739
2.25324,180.64,0.098535,0.019133,0.079402,0.000407,0.002859,0.015702
2.25344,180.65,0.098504,0.019087,0.079417,0.000405,0.002850,0.015666
2.25364,180.67,0.098473,0.019041,0.079432,0.000404,0.002841,0.015630
2.25384,180.69,0.098442,0.018995,0.079447,0.000403,0.002832,0.015594
2.25404,180.70,0.098412,0.018949,0.079462,0.000401,0.002824,0.015559
2.25424,180.72,0.098381,0.018904,0.079477,0.000400,0.002815,0.015523
2.25444,180.73,0.098351,0.018858,0.079492,0.000398,0.002806,0.015488
2.25464,180.75,0.098320,0.018813,0.079508,0.000397,0.002798,0.015452
2.25484,180.77,0.098290,0.018768,0.079523,0.000396,0.002789,0.015417
2.25504,180.78,0.098261,0.018723,0.079538,0.000394,0.002781,0.015382
2.25524,180.80,0.098231,0.018678,0.079553,0.000393,0.002772,0.015347
2.25544,180.81,0.098201,0.018633,0.079568,0.000392,0.002764,0.015312
2.25564,180.83,0.098172,0.018589,0.079583,0.000390,0.002755,0.015277
2.25584,180.85,0.098143,0.018545,0.079598,0.000389,0.002747,0.015243
2.25604,180.86,0.098114,0.018500,0.079613,0.000387,0.002739,0.015208
2.25624,180.88,0.098085,0.018456,0.079628,0.000386,0.002730,0.015174
2.25644,180.89,0.098056,0.018413,0.079644,0.000385,0.002722,0.015140
2.25664,180.91,0.098028,0.018369,0.079659,0.000384,0.002714,0.015105
2.25684,180.93,0.097999,0.018326,0.079674,0.000382,0.002706,0.015071
2.25704,180.94,0.097971,0.018282,0.079689,0.000381,0.002697,0.015037
2.25724,180.96,0.097943,0.018239,0.079704,0.000380,0.002689,0.015004
2.25744,180.97,0.097915,0.018196,0.079719,0.000378,0.002681,0.014970
2.25764,180.99,0.097888,0.018153,0.079734,0.000377,0.002673,0.014936
2.25784,181.01,0.097860,0.018110,0.079750,0.000376,0.002665,0.014903
2.25804,181.02,0.097833,0.018068,0.079765,0.000375,0.002657,0.014869
2.25824,181.04,0.097805,0.018025,0.079780,0.000373,0.002649,0.014836
2.25844,181.05,0.097778,0.017983,0.079795,0.000372,0.002641,0.014803
2.25864,181.07,0.097751,0.017941,0.079810,0.000371,0.002634,0.014770
2.25884,181.09,0.097725,0.017899,0.079826,0.000370,0.002626,0.014737
2.25904,181.10,0.097698,0.017857,0.079841,0.000368,0.002618,0.014704
2.25924,181.12,0.097672,0.017816,0.079856,0.000367,0.002610,0.014671
2.25944,181.13,0.097645,0.017774,0.079871,0.000366,0.002602,0.014639
2.25964,181.15,0.097619,0.017733,0.079886,0.000365,0.002595,0.014606
2.25984,181.17,0.097593,0.017692,0.079902,0.000363,0.002587,0.014574
2.26004,181.18,0.097567,0.017651,0.079917,0.000362,0.002579,0.014542
2.26024,181.20,0.097542,0.017610,0.079932,0.000361,0.002572,0.014510
2.26044,181.21,0.097516,0.017569,0.079947,0.000360,0.002564,0.014478
2.26064,181.23,0.097491,0.017528,0.079962,0.000359,0.002557,0.014446
2.26084,181.25,0.097465,0.017488,0.079978,0.000357,0.002549,0.014414
2.26104,181.26,0.097440,0.017448,0.079993,0.000356,0.002542,0.014382
2.26124,181.28,0.097415,0.017407,0.080008,0.000355,0.002534,0.014350
2.26144,181.29,0.097391,0.017367,0.080023,0.000354,0.002527,0.014319
2.26164,181.31,0.097366,0.017327,0.080039,0.000353,0.002520,0.014287
2.26184,181.33,0.097341,0.017288,0.080054,0.000352,0.002512,0.014256
2.26204,181.34,0.097317,0.017248,0.080069,0.000351,0.002505,0.014225
2.26224,181.36,0.097293,0.017209,0.080084,0.000349,0.002498,0.014194
2.26244,181.38,0.097269,0.017169,0.080100,0.000348,0.002491,0.014163
2.26264,181.39,0.097245,0.017130,0.080115,0.000347,0.002483,0.014132
2.26284,181.41,0.097221,0.017091,0.080130,0.000346,0.002476,0.014101
2.26304,181.42,0.097197,0.017052,0.080145,0.000345,0.002469,0.014070
2.26324,181.44,0.097174,0.017013,0.080161,0.000344,0.002462,0.014040
2.26344,181.46,0.097151,0.016975,0.080176,0.000343,0.002455,0.014009
2.26364,181.47,0.097127,0.016936,0.080191,0.000342,0.002448,0.013979
2.26384,181.49,0.097104,0.016898,0.080207,0.000340,0.002441,0.013948
2.26404,181.50,0.097081,0.016859,0.080222,0.000339,0.002434,0.013918
2.26424,181.52,0.097058,0.016821,0.080237,0.000338,0.002427,0.013888
2.26444,181.54,0.097036,0.016783,0.080252,0.000337,0.002420,0.013858
2.26464,181.55,0.097013,0.016745,0.080268,0.000336,0.002413,0.013828
2.26484,181.57,0.096991,0.016708,0.080283,0.000335,0.002406,0.013798
2.26504,181.58,0.096969,0.016670,0.080298,0.000334,0.002399,0.013768
2.26524,181.60,0.096946,0.016633,0.080314,0.000333,0.002393,0.013739
2.26544,181.62,0.096924,0.016595,0.080329,0.000332,0.002386,0.013709
2.26564,181.63,0.096902,0.016558,0.080344,0.000331,0.002379,0.013680
2.26584,181.65,0.096881,0.016521,0.080360,0.000330,0.002372,0.013650
2.26604,181.66,0.096859,0.016484,0.080375,0.000329,0.002366,0.013621
2.26624,181.68,0.096838,0.016447,0.080390,0.000328,0.002359,0.013592
2.26644,181.70,0.096816,0.016411,0.080406,0.000327,0.002352,0.013563
2.26664,181.71,0.096795,0.016374,0.080421,0.000326,0.002346,0.013534
2.26684,181.73,0.096774,0.016338,0.080436,0.000325,0.002339,0.013505
2.26704,181.74,0.096753,0.016301,0.080452,0.000324,0.002333,0.013476
2.26724,181.76,0.096732,0.016265,0.080467,0.000323,0.002326,0.013448
2.26744,181.78,0.096712,0.016229,0.080483,0.000322,0.002319,0.013419
2.26764,181.79,0.096691,0.016193,0.080498,0.000321,0.002313,0.013390
2.26784,181.81,0.096671,0.016157,0.080513,0.000320,0.002307,0.013362
2.26804,181.82,0.096650,0.016122,0.080529,0.000319,0.002300,0.013334
2.26824,181.84,0.096630,0.016086,0.080544,0.000318,0.002294,0.013305
2.26844,181.86,0.096610,0.016050,0.080559,0.000317,0.002287,0.013277
2.26864,181.87,0.096590,0.016015,0.080575,0.000316,0.002281,0.013249
2.26884,181.89,0.096570,0.015980,0.080590,0.000315,0.002275,0.013221
2.26904,181.90,0.096551,0.015945,0.080606,0.000314,0.002268,0.013193
2.26924,181.92,0.096531,0.015910,0.080621,0.000313,0.002262,0.013166
2.26944,181.94,0.096511,0.015875,0.080637,0.000312,0.002256,0.013138
2.26964,181.95,0.096492,0.015840,0.080652,0.000311,0.002250,0.013110
2.26984,181.97,0.096473,0.015806,0.080667,0.000310,0.002244,0.013083
2.27004,181.98,0.096454,0.015771,0.080683,0.000309,0.002237,0.013055
2.27024,182.00,0.096435,0.015737,0.080698,0.000308,0.002231,0.013028
2.27044,182.02,0.096416,0.015702,0.080714,0.000307,0.002225,0.013001
2.27064,182.03,0.096397,0.015668,0.080729,0.000306,0.002219,0.012973
2.27084,182.05,0.096379,0.015634,0.080745,0.000305,0.002213,0.012946
2.27104,182.06,0.096360,0.015600,0.080760,0.000304,0.002207,0.012919
2.27124,182.08,0.096342,0.015566,0.080775,0.000303,0.002201,0.012892
2.27144,182.10,0.096324,0.015533,0.080791,0.000302,0.002195,0.012865
2.27164,182.11,0.096305,0.015499,0.080806,0.000302,0.002189,0.012839
2.27184,182.13,0.096287,0.015466,0.080822,0.000301,0.002183,0.012812
2.27204,182.14,0.096270,0.015432,0.080837,0.000300,0.002177,0.012785
2.27224,182.16,0.096252,0.015399,0.080853,0.000299,0.002171,0.012759
2.27244,182.18,0.096234,0.015366,0.080868,0.000298,0.002165,0.012732
2.27264,182.19,0.096217,0.015333,0.080884,0.000297,0.002160,0.012706
2.27284,182.21,0.096199,0.015300,0.080899,0.000296,0.002154,0.012680
2.27304,182.22,0.096182,0.015267,0.080915,0.000295,0.002148,0.012653
2.27324,182.24,0.096165,0.015234,0.080930,0.000294,0.002142,0.012627
2.27344,182.26,0.096147,0.015202,0.080946,0.000293,0.002137,0.012601
2.27364,182.27,0.096130,0.015169,0.080961,0.000293,0.002131,0.012575
2.27384,182.29,0.096114,0.015137,0.080977,0.000292,0.002125,0.012549
2.27404,182.31,0.096097,0.015104,0.080992,0.000291,0.002119,0.012524
2.27424,182.32,0.096080,0.015072,0.081008,0.000290,0.002114,0.012498
2.27444,182.34,0.096064,0.015040,0.081023,0.000289,0.002108,0.012472
2.27464,182.35,0.096047,0.015008,0.081039,0.000288,0.002103,0.012447
2.27484,182.37,0.096031,0.014976,0.081054,0.000287,0.002097,0.012421
2.27504,182.39,0.096015,0.014945,0.081070,0.000287,0.002091,0.012396
2.27524,182.40,0.095998,0.014913,0.081085,0.000286,0.002086,0.012371
2.27544,182.42,0.095982,0.014881,0.081101,0.000285,0.002080,0.012345
2.27564,182.43,0.095966,0.014850,0.081117,0.000284,0.002075,0.012320
2.27584,182.45,0.095951,0.014819,0.081132,0.000283,0.002069,0.012295
2.27604,182.47,0.095935,0.014787,0.081148,0.000282,0.002064,0.012270
2.27624,182.48,0.095919,0.014756,0.081163,0.000282,0.002058,0.012245
2.27644,182.50,0.095904,0.014725,0.081179,0.000281,0.002053,0.012220
2.27664,182.51,0.095889,0.014694,0.081194,0.000280,0.002048,0.012195
2.27684,182.53,0.095873,0.014663,0.081210,0.000279,0.002042,0.012171
2.27704,182.55,0.095858,0.014633,0.081226,0.000278,0.002037,0.012146
2.27724,182.56,0.095843,0.014602,0.081241,0.000278,0.002032,0.012122
2.27744,182.58,0.095828,0.014571,0.081257,0.000277,0.002026,0.012097
2.27764,182.59,0.095813,0.014541,0.081272,0.000276,0.002021,0.012073
2.27784,182.61,0.095798,0.014511,0.081288,0.000275,0.002016,0.012048
2.27804,182.63,0.095784,0.014480,0.081304,0.000274,0.002010,0.012024
2.27824,182.64,0.095769,0.014450,0.081319,0.000274,0.002005,0.012000
2.27844,182.66,0.095755,0.014420,0.081335,0.000273,0.002000,0.011976
2.27864,182.67,0.095740,0.014390,0.081350,0.000272,0.001995,0.011952
2.27884,182.69,0.095726,0.014360,0.081366,0.000271,0.001990,0.011928
2.27904,182.71,0.095712,0.014330,0.081382,0.000270,0.001985,0.011904
2.27924,182.72,0.095698,0.014301,0.081397,0.000270,0.001979,0.011880
2.27944,182.74,0.095684,0.014271,0.081413,0.000269,0.001974,0.011856
2.27964,182.75,0.095670,0.014242,0.081429,0.000268,0.001969,0.011832
2.27984,182.77,0.095656,0.014212,0.081444,0.000267,0.001964,0.011809
2.28004,182.79,0.095643,0.014183,0.081460,0.000267,0.001959,0.011785
2.28024,182.80,0.095629,0.014154,0.081476,0.000266,0.001954,0.011762
2.28044,182.82,0.095616,0.014125,0.081491,0.000265,0.001949,0.011738
2.28064,182.83,0.095602,0.014096,0.081507,0.000264,0.001944,0.011715
2.28084,182.85,0.095589,0.014067,0.081523,0.000264,0.001939,0.011692
2.28104,182.87,0.095576,0.014038,0.081538,0.000263,0.001934,0.011669
2.28124,182.88,0.095563,0.014009,0.081554,0.000262,0.001929,0.011645
2.28144,182.90,0.095550,0.013980,0.081570,0.000261,0.001924,0.011622
2.28164,182.91,0.095537,0.013952,0.081585,0.000261,0.001919,0.011599
2.28184,182.93,0.095524,0.013923,0.081601,0.000260,0.001915,0.011576
2.28204,182.95,0.095512,0.013895,0.081617,0.000259,0.001910,0.011554
2.28224,182.96,0.095499,0.013867,0.081632,0.000258,0.001905,0.011531
2.28244,182.98,0.095486,0.013838,0.081648,0.000258,0.001900,0.011508
2.28264,182.99,0.095474,0.013810,0.081664,0.000257,0.001895,0.011485
2.28284,183.01,0.095462,0.013782,0.081679,0.000256,0.001890,0.011463
2.28304,183.03,0.095449,0.013754,0.081695,0.000256,0.001886,0.011440
2.28324,183.04,0.095437,0.013726,0.081711,0.000255,0.001881,0.011418
2.28344,183.06,0.095425,0.013699,0.081727,0.000254,0.001876,0.011395
2.28364,183.07,0.095413,0.013671,0.081742,0.000253,0.001872,0.011373
2.28384,183.09,0.095401,0.013643,0.081758,0.000253,0.001867,0.011351
2.28404,183.11,0.095390,0.013616,0.081774,0.000252,0.001862,0.011329
2.28424,183.12,0.095378,0.013588,0.081790,0.000251,0.001857,0.011307
2.28444,183.14,0.095366,0.013561,0.081805,0.000251,0.001853,0.011284
2.28464,183.15,0.095355,0.013534,0.081821,0.000250,0.001848,0.011262
2.28484,183.17,0.095343,0.013507,0.081837,0.000249,0.001844,0.011241
2.28504,183.19,0.095332,0.013479,0.081853,0.000249,0.001839,0.011219
2.28524,183.20,0.095321,0.013452,0.081868,0.000248,0.001834,0.011197
2.28544,183.22,0.095310,0.013426,0.081884,0.000247,0.001830,0.011175
2.28564,183.24,0.095299,0.013399,0.081900,0.000247,0.001825,0.011153
2.28584,183.25,0.095288,0.013372,0.081916,0.000246,0.001821,0.011132
2.28604,183.27,0.095277,0.013345,0.081932,0.000245,0.001816,0.011110
2.28624,183.28,0.095266,0.013319,0.081947,0.000245,0.001812,0.011089
2.28644,183.30,0.095255,0.013292,0.081963,0.000244,0.001807,0.011067
2.28664,183.32,0.095245,0.013266,0.081979,0.000243,0.001803,0.011046
2.28684,183.33,0.095234,0.013239,0.081995,0.000243,0.001798,0.011025
2.28704,183.35,0.095224,0.013213,0.082011,0.000242,0.001794,0.011003
2.28724,183.36,0.095213,0.013187,0.082026,0.000241,0.001790,0.010982
2.28744,183.38,0.095203,0.013161,0.082042,0.000241,0.001785,0.010961
2.28764,183.40,0.095193,0.013135,0.082058,0.000240,0.001781,0.010940
2.28784,183.41,0.095183,0.013109,0.082074,0.000239,0.001777,0.010919
2.28804,183.43,0.095172,0.013083,0.082090,0.000239,0.001772,0.010898
2.28824,183.44,0.095163,0.013057,0.082105,0.000238,0.001768,0.010877
2.28844,183.46,0.095153,0.013031,0.082121,0.000237,0.001764,0.010856
2.28864,183.48,0.095143,0.013006,0.082137,0.000237,0.001759,0.010836
2.28884,183.49,0.095133,0.012980,0.082153,0.000236,0.001755,0.010815
2.28904,183.51,0.095124,0.012955,0.082169,0.000235,0.001751,0.010794
2.28924,183.52,0.095114,0.012929,0.082185,0.000235,0.001746,0.010774
2.28944,183.54,0.095104,0.012904,0.082201,0.000234,0.001742,0.010753
2.28964,183.56,0.095095,0.012879,0.082216,0.000234,0.001738,0.010733
2.28984,183.57,0.095086,0.012853,0.082232,0.000233,0.001734,0.010712
2.29004,183.59,0.095077,0.012828,0.082248,0.000232,0.001730,0.010692
2.29024,183.60,0.095067,0.012803,0.082264,0.000232,0.001725,0.010672
2.29044,183.62,0.095058,0.012778,0.082280,0.000231,0.001721,0.010651
2.29064,183.64,0.095049,0.012753,0.082296,0.000231,0.001717,0.010631
2.29084,183.65,0.095040,0.012729,0.082312,0.000230,0.001713,0.010611
2.29104,183.67,0.095032,0.012704,0.082328,0.000229,0.001709,0.010591
2.29124,183.68,0.095023,0.012679,0.082344,0.000229,0.001705,0.010571
2.29144,183.70,0.095014,0.012655,0.082359,0.000228,0.001701,0.010551
2.29164,183.72,0.095006,0.012630,0.082375,0.000228,0.001697,0.010531
2.29184,183.73,0.094997,0.012606,0.082391,0.000227,0.001693,0.010511
2.29204,183.75,0.094989,0.012581,0.082407,0.000226,0.001689,0.010492
2.29224,183.76,0.094980,0.012557,0.082423,0.000226,0.001685,0.010472
2.29244,183.78,0.094972,0.012533,0.082439,0.000225,0.001681,0.010452
2.29264,183.80,0.094964,0.012509,0.082455,0.000225,0.001677,0.010433
2.29284,183.81,0.094956,0.012485,0.082471,0.000224,0.001673,0.010413
2.29304,183.83,0.094948,0.012461,0.082487,0.000223,0.001669,0.010394
2.29324,183.84,0.094940,0.012437,0.082503,0.000223,0.001665,0.010374
2.29344,183.86,0.094932,0.012413,0.082519,0.000222,0.001661,0.010355
2.29364,183.88,0.094924,0.012389,0.082535,0.000222,0.001657,0.010335
2.29384,183.89,0.094916,0.012365,0.082551,0.000221,0.001653,0.010316
2.29404,183.91,0.094908,0.012342,0.082567,0.000221,0.001649,0.010297
2.29424,183.92,0.094901,0.012318,0.082583,0.000220,0.001645,0.010278
2.29444,183.94,0.094893,0.012295,0.082599,0.000219,0.001641,0.010259
2.29464,183.96,0.094886,0.012271,0.082615,0.000219,0.001637,0.010239
2.29484,183.97,0.094878,0.012248,0.082631,0.000218,0.001634,0.010220
2.29504,183.99,0.094871,0.012224,0.082647,0.000218,0.001630,0.010201
2.29524,184.00,0.094864,0.012201,0.082663,0.000217,0.001626,0.010183
2.29544,184.02,0.094857,0.012178,0.082679,0.000217,0.001622,0.010164
2.29564,184.04,0.094850,0.012155,0.082695,0.000216,0.001618,0.010145
2.29584,184.05,0.094843,0.012132,0.082711,0.000215,0.001615,0.010126
2.29604,184.07,0.094836,0.012109,0.082727,0.000215,0.001611,0.010107
2.29624,184.08,0.094829,0.012086,0.082743,0.000214,0.001607,0.010089
2.29644,184.10,0.094822,0.012063,0.082759,0.000214,0.001603,0.010070
2.29664,184.12,0.094815,0.012040,0.082775,0.000213,0.001600,0.010052
2.29684,184.13,0.094809,0.012018,0.082791,0.000213,0.001596,0.010033
2.29704,184.15,0.094802,0.011995,0.082807,0.000212,0.001592,0.010015
2.29724,184.16,0.094795,0.011973,0.082823,0.000212,0.001588,0.009996
2.29744,184.18,0.094789,0.011950,0.082839,0.000211,0.001585,0.009978
2.29764,184.20,0.094783,0.011928,0.082855,0.000211,0.001581,0.009960
2.29784,184.21,0.094776,0.011905,0.082871,0.000210,0.001577,0.009941
2.29804,184.23,0.094770,0.011883,0.082887,0.000210,0.001574,0.009923
2.29824,184.25,0.094764,0.011861,0.082903,0.000209,0.001570,0.009905
2.29844,184.26,0.094758,0.011839,0.082919,0.000208,0.001567,0.009887
2.29864,184.28,0.094752,0.011816,0.082935,0.000208,0.001563,0.009869
2.29884,184.29,0.094746,0.011794,0.082951,0.000207,0.001559,0.009851
2.29904,184.31,0.094740,0.011772,0.082968,0.000207,0.001556,0.009833
2.29924,184.33,0.094734,0.011750,0.082984,0.000206,0.001552,0.009815
2.29944,184.34,0.094728,0.011729,0.083000,0.000206,0.001549,0.009797
2.29964,184.36,0.094723,0.011707,0.083016,0.000205,0.001545,0.009779
2.29984,184.37,0.094717,0.011685,0.083032,0.000205,0.001542,0.009762
2.30004,184.39,0.094711,0.011663,0.083048,0.000204,0.001538,0.009744
2.30024,184.41,0.094706,0.011642,0.083064,0.000204,0.001535,0.009726
2.30044,184.42,0.094700,0.011620,0.083080,0.000203,0.001531,0.009709
2.30064,184.44,0.094695,0.011599,0.083096,0.000203,0.001528,0.009691
2.30084,184.45,0.094690,0.011577,0.083113,0.000202,0.001524,0.009674
2.30104,184.47,0.094685,0.011556,0.083129,0.000202,0.001521,0.009656
2.30124,184.49,0.094679,0.011535,0.083145,0.000201,0.001517,0.009639
2.30144,184.50,0.094674,0.011513,0.083161,0.000201,0.001514,0.009621
2.30164,184.52,0.094669,0.011492,0.083177,0.000200,0.001511,0.009604
2.30184,184.53,0.094664,0.011471,0.083193,0.000200,0.001507,0.009587
2.30204,184.55,0.094659,0.011450,0.083209,0.000199,0.001504,0.009569
2.30224,184.57,0.094655,0.011429,0.083226,0.000199,0.001500,0.009552
2.30244,184.58,0.094650,0.011408,0.083242,0.000198,0.001497,0.009535
2.30264,184.60,0.094645,0.011387,0.083258,0.000198,0.001494,0.009518
2.30284,184.61,0.094640,0.011366,0.083274,0.000197,0.001490,0.009501
2.30304,184.63,0.094636,0.011346,0.083290,0.000197,0.001487,0.009484
2.30324,184.65,0.094631,0.011325,0.083306,0.000196,0.001484,0.009467
2.30344,184.66,0.094627,0.011304,0.083323,0.000196,0.001480,0.009450
2.30364,184.68,0.094622,0.011284,0.083339,0.000195,0.001477,0.009433
2.30384,184.69,0.094618,0.011263,0.083355,0.000195,0.001474,0.009416
2.30404,184.71,0.094614,0.011243,0.083371,0.000195,0.001470,0.009400
2.30424,184.73,0.094610,0.011222,0.083387,0.000194,0.001467,0.009383
2.30444,184.74,0.094605,0.011202,0.083404,0.000194,0.001464,0.009366
2.30464,184.76,0.094601,0.011181,0.083420,0.000193,0.001461,0.009350
2.30484,184.77,0.094597,0.011161,0.083436,0.000193,0.001457,0.009333
2.30504,184.79,0.094593,0.011141,0.083452,0.000192,0.001454,0.009316
2.30524,184.81,0.094589,0.011121,0.083469,0.000192,0.001451,0.009300
2.30544,184.82,0.094586,0.011101,0.083485,0.000191,0.001448,0.009283
2.30564,184.84,0.094582,0.011081,0.083501,0.000191,0.001445,0.009267
2.30584,184.85,0.094578,0.011061,0.083517,0.000190,0.001441,0.009251
2.30604,184.87,0.094574,0.011041,0.083534,0.000190,0.001438,0.009234
2.30624,184.89,0.094571,0.011021,0.083550,0.000189,0.001435,0.009218
2.30644,184.90,0.094567,0.011001,0.083566,0.000189,0.001432,0.009202
2.30664,184.92,0.094564,0.010981,0.083582,0.000189,0.001429,0.009186
2.30684,184.93,0.094560,0.010962,0.083599,0.000188,0.001426,0.009169
2.30704,184.95,0.094557,0.010942,0.083615,0.000188,0.001422,0.009153
2.30724,184.97,0.094554,0.010923,0.083631,0.000187,0.001419,0.009137
2.30744,184.98,0.094550,0.010903,0.083647,0.000187,0.001416,0.009121
2.30764,185.00,0.094547,0.010884,0.083664,0.000186,0.001413,0.009105
2.30784,185.01,0.094544,0.010864,0.083680,0.000186,0.001410,0.009089
2.30804,185.03,0.094541,0.010845,0.083696,0.000185,0.001407,0.009073
2.30824,185.05,0.094538,0.010825,0.083713,0.000185,0.001404,0.009057
2.30844,185.06,0.094535,0.010806,0.083729,0.000185,0.001401,0.009042
2.30864,185.08,0.094532,0.010787,0.083745,0.000184,0.001398,0.009026
2.30884,185.09,0.094529,0.010768,0.083762,0.000184,0.001395,0.009010
2.30904,185.11,0.094527,0.010749,0.083778,0.000183,0.001392,0.008994
2.30924,185.13,0.094524,0.010730,0.083794,0.000183,0.001389,0.008979
2.30944,185.14,0.094521,0.010711,0.083811,0.000182,0.001386,0.008963
2.30964,185.16,0.094519,0.010692,0.083827,0.000182,0.001383,0.008948
2.30984,185.18,0.094516,0.010673,0.083843,0.000182,0.001380,0.008932
2.31004,185.19,0.094513,0.010654,0.083860,0.000181,0.001377,0.008917
2.31024,185.21,0.094511,0.010635,0.083876,0.000181,0.001374,0.008901
2.31044,185.22,0.094509,0.010616,0.083892,0.000180,0.001371,0.008886
2.31064,185.24,0.094506,0.010598,0.083909,0.000180,0.001368,0.008870
2.31084,185.26,0.094504,0.010579,0.083925,0.000179,0.001365,0.008855
2.31104,185.27,0.094502,0.010560,0.083941,0.000179,0.001362,0.008840
2.31124,185.29,0.094500,0.010542,0.083958,0.000179,0.001359,0.008824
2.31144,185.30,0.094498,0.010523,0.083974,0.000178,0.001356,0.008809
2.31164,185.32,0.094495,0.010505,0.083990,0.000178,0.001353,0.008794
2.31184,185.34,0.094493,0.010487,0.084007,0.000177,0.001350,0.008779
2.31204,185.35,0.094492,0.010468,0.084023,0.000177,0.001348,0.008764
2.31224,185.37,0.094490,0.010450,0.084040,0.000176,0.001345,0.008749
2.31244,185.38,0.094488,0.010432,0.084056,0.000176,0.001342,0.008734
2.31264,185.40,0.094486,0.010414,0.084072,0.000176,0.001339,0.008719
2.31284,185.42,0.094484,0.010395,0.084089,0.000175,0.001336,0.008704
2.31304,185.43,0.094483,0.010377,0.084105,0.000175,0.001333,0.008689
2.31324,185.45,0.094481,0.010359,0.084122,0.000174,0.001331,0.008674
2.31344,185.46,0.094479,0.010341,0.084138,0.000174,0.001328,0.008659
2.31364,185.48,0.094478,0.010323,0.084155,0.000174,0.001325,0.008644
2.31384,185.50,0.094476,0.010305,0.084171,0.000173,0.001322,0.008630
2.31404,185.51,0.094475,0.010288,0.084187,0.000173,0.001319,0.008615
2.31424,185.53,0.094474,0.010270,0.084204,0.000172,0.001317,0.008600
2.31444,185.54,0.094472,0.010252,0.084220,0.000172,0.001314,0.008585
2.31464,185.56,0.094471,0.010234,0.084237,0.000172,0.001311,0.008571
2.31484,185.58,0.094470,0.010217,0.084253,0.000171,0.001308,0.008556
2.31504,185.59,0.094469,0.010199,0.084270,0.000171,0.001306,0.008542
2.31524,185.61,0.094468,0.010181,0.084286,0.000171,0.001303,0.008527
2.31544,185.62,0.094467,0.010164,0.084303,0.000170,0.001300,0.008513
2.31564,185.64,0.094466,0.010146,0.084319,0.000170,0.001297,0.008498
2.31584,185.66,0.094465,0.010129,0.084336,0.000169,0.001295,0.008484
2.31604,185.67,0.094464,0.010112,0.084352,0.000169,0.001292,0.008470
2.31624,185.69,0.094463,0.010094,0.084369,0.000169,0.001289,0.008455
2.31644,185.70,0.094462,0.010077,0.084385,0.000168,0.001287,0.008441
2.31664,185.72,0.094461,0.010060,0.084402,0.000168,0.001284,0.008427
2.31684,185.74,0.094461,0.010043,0.084418,0.000167,0.001281,0.008413
2.31704,185.75,0.094460,0.010025,0.084435,0.000167,0.001279,0.008398
2.31724,185.77,0.094459,0.010008,0.084451,0.000167,0.001276,0.008384
2.31744,185.78,0.094459,0.009991,0.084468,0.000166,0.001273,0.008370
2.31764,185.80,0.094458,0.009974,0.084484,0.000166,0.001271,0.008356
2.31784,185.82,0.094458,0.009957,0.084501,0.000166,0.001268,0.008342
2.31804,185.83,0.094458,0.009940,0.084517,0.000165,0.001265,0.008328
2.31824,185.85,0.094457,0.009923,0.084534,0.000165,0.001263,0.008314
2.31844,185.86,0.094457,0.009907,0.084550,0.000164,0.001260,0.008300
2.31864,185.88,0.094457,0.009890,0.084567,0.000164,0.001258,0.008286
2.31884,185.90,0.094457,0.009873,0.084584,0.000164,0.001255,0.008273
2.31904,185.91,0.094456,0.009856,0.084600,0.000163,0.001252,0.008259
2.31924,185.93,0.094456,0.009840,0.084617,0.000163,0.001250,0.008245
2.31944,185.94,0.094456,0.009823,0.084633,0.000163,0.001247,0.008231
2.31964,185.96,0.094456,0.009806,0.084650,0.000162,0.001245,0.008217
2.31984,185.98,0.094456,0.009790,0.084666,0.000162,0.001242,0.008204
2.32004,185.99,0.094456,0.009773,0.084683,0.000162,0.001240,0.008190
2.32024,186.01,0.094457,0.009757,0.084700,0.000161,0.001237,0.008177
2.32044,186.02,0.094457,0.009741,0.084716,0.000161,0.001235,0.008163
2.32064,186.04,0.094457,0.009724,0.084733,0.000161,0.001232,0.008149
2.32084,186.06,0.094457,0.009708,0.084749,0.000160,0.001229,0.008136
2.32104,186.07,0.094458,0.009692,0.084766,0.000160,0.001227,0.008122
2.32124,186.09,0.094458,0.009675,0.084783,0.000159,0.001225,0.008109
2.32144,186.11,0.094458,0.009659,0.084799,0.000159,0.001222,0.008096
2.32164,186.12,0.094459,0.009643,0.084816,0.000159,0.001220,0.008082
2.32184,186.14,0.094459,0.009627,0.084832,0.000158,0.001217,0.008069
2.32204,186.15,0.094460,0.009611,0.084849,0.000158,0.001215,0.008056
2.32224,186.17,0.094461,0.009595,0.084866,0.000158,0.001212,0.008042
2.32244,186.19,0.094461,0.009579,0.084882,0.000157,0.001210,0.008029
2.32264,186.20,0.094462,0.009563,0.084899,0.000157,0.001207,0.008016
2.32284,186.22,0.094463,0.009547,0.084916,0.000157,0.001205,0.008003
2.32304,186.23,0.094463,0.009531,0.084932,0.000156,0.001202,0.007990
2.32324,186.25,0.094464,0.009515,0.084949,0.000156,0.001200,0.007976
2.32344,186.27,0.094465,0.009500,0.084966,0.000156,0.001198,0.007963
2.32364,186.28,0.094466,0.009484,0.084982,0.000155,0.001195,0.007950
2.32384,186.30,0.094467,0.009468,0.084999,0.000155,0.001193,0.007937
2.32404,186.31,0.094468,0.009452,0.085016,0.000155,0.001190,0.007924
2.32424,186.33,0.094469,0.009437,0.085032,0.000154,0.001188,0.007911
2.32444,186.35,0.094470,0.009421,0.085049,0.000154,0.001186,0.007898
2.32464,186.36,0.094472,0.009406,0.085066,0.000154,0.001183,0.007885
2.32484,186.38,0.094473,0.009390,0.085082,0.000153,0.001181,0.007873
2.32504,186.39,0.094474,0.009375,0.085099,0.000153,0.001179,0.007860
2.32524,186.41,0.094475,0.009359,0.085116,0.000153,0.001176,0.007847
2.32544,186.43,0.094477,0.009344,0.085133,0.000152,0.001174,0.007834
2.32564,186.44,0.094478,0.009329,0.085149,0.000152,0.001171,0.007822
2.32584,186.46,0.094479,0.009313,0.085166,0.000152,0.001169,0.007809
2.32604,186.47,0.094481,0.009298,0.085183,0.000151,0.001167,0.007796
2.32624,186.49,0.094482,0.009283,0.085200,0.000151,0.001165,0.007783
2.32644,186.51,0.094484,0.009268,0.085216,0.000151,0.001162,0.007771
2.32664,186.52,0.094486,0.009253,0.085233,0.000150,0.001160,0.007758
2.32684,186.54,0.094487,0.009237,0.085250,0.000150,0.001158,0.007746
2.32704,186.55,0.094489,0.009222,0.085267,0.000150,0.001155,0.007733
2.32724,186.57,0.094491,0.009207,0.085283,0.000149,0.001153,0.007721
2.32744,186.59,0.094492,0.009192,0.085300,0.000149,0.001151,0.007708
2.32764,186.60,0.094494,0.009177,0.085317,0.000149,0.001149,0.007696
2.32784,186.62,0.094496,0.009162,0.085334,0.000148,0.001146,0.007683
2.32804,186.63,0.094498,0.009148,0.085350,0.000148,0.001144,0.007671
2.32824,186.65,0.094500,0.009133,0.085367,0.000148,0.001142,0.007659
2.32844,186.67,0.094502,0.009118,0.085384,0.000148,0.001140,0.007646
2.32864,186.68,0.094504,0.009103,0.085401,0.000147,0.001137,0.007634
2.32884,186.70,0.094506,0.009088,0.085418,0.000147,0.001135,0.007622
2.32904,186.71,0.094508,0.009074,0.085434,0.000147,0.001133,0.007610
2.32924,186.73,0.094510,0.009059,0.085451,0.000146,0.001131,0.007598
2.32944,186.75,0.094512,0.009044,0.085468,0.000146,0.001128,0.007585
2.32964,186.76,0.094515,0.009030,0.085485,0.000146,0.001126,0.007573
2.32984,186.78,0.094517,0.009015,0.085502,0.000145,0.001124,0.007561
2.33004,186.79,0.094519,0.009001,0.085519,0.000145,0.001122,0.007549
2.33024,186.81,0.094522,0.008986,0.085535,0.000145,0.001120,0.007537
2.33044,186.83,0.094524,0.008972,0.085552,0.000144,0.001118,0.007525
2.33064,186.84,0.094526,0.008957,0.085569,0.000144,0.001115,0.007513
2.33084,186.86,0.094529,0.008943,0.085586,0.000144,0.001113,0.007501
2.33104,186.87,0.094532,0.008929,0.085603,0.000144,0.001111,0.007489
2.33124,186.89,0.094534,0.008914,0.085620,0.000143,0.001109,0.007477
2.33144,186.91,0.094537,0.008900,0.085636,0.000143,0.001107,0.007465
2.33164,186.92,0.094539,0.008886,0.085653,0.000143,0.001105,0.007453
2.33184,186.94,0.094542,0.008872,0.085670,0.000142,0.001102,0.007442
2.33204,186.95,0.094545,0.008858,0.085687,0.000142,0.001100,0.007430
2.33224,186.97,0.094547,0.008843,0.085704,0.000142,0.001098,0.007418
2.33244,186.99,0.094550,0.008829,0.085721,0.000141,0.001096,0.007406
2.33264,187.00,0.094553,0.008815,0.085738,0.000141,0.001094,0.007395
2.33284,187.02,0.094556,0.008801,0.085755,0.000141,0.001092,0.007383
2.33304,187.04,0.094559,0.008787,0.085772,0.000141,0.001090,0.007371
2.33324,187.05,0.094562,0.008773,0.085789,0.000140,0.001088,0.007360
2.33344,187.07,0.094565,0.008760,0.085805,0.000140,0.001086,0.007348
2.33364,187.08,0.094568,0.008746,0.085822,0.000140,0.001084,0.007337
2.33384,187.10,0.094571,0.008732,0.085839,0.000139,0.001081,0.007325
2.33404,187.12,0.094574,0.008718,0.085856,0.000139,0.001079,0.007313
2.33424,187.13,0.094577,0.008704,0.085873,0.000139,0.001077,0.007302
2.33444,187.15,0.094581,0.008690,0.085890,0.000139,0.001075,0.007291
2.33464,187.16,0.094584,0.008677,0.085907,0.000138,0.001073,0.007279
2.33484,187.18,0.094587,0.008663,0.085924,0.000138,0.001071,0.007268
2.33504,187.20,0.094590,0.008649,0.085941,0.000138,0.001069,0.007256
2.33524,187.21,0.094594,0.008636,0.085958,0.000137,0.001067,0.007245
2.33544,187.23,0.094597,0.008622,0.085975,0.000137,0.001065,0.007234
2.33564,187.24,0.094601,0.008609,0.085992,0.000137,0.001063,0.007222
2.33584,187.26,0.094604,0.008595,0.086009,0.000137,0.001061,0.007211
2.33604,187.28,0.094608,0.008582,0.086026,0.000136,0.001059,0.007200
2.33624,187.29,0.094611,0.008568,0.086043,0.000136,0.001057,0.007189
2.33644,187.31,0.094615,0.008555,0.086060,0.000136,0.001055,0.007177
2.33664,187.32,0.094618,0.008541,0.086077,0.000136,0.001053,0.007166
2.33684,187.34,0.094622,0.008528,0.086094,0.000135,0.001051,0.007155
2.33704,187.36,0.094626,0.008515,0.086111,0.000135,0.001049,0.007144
2.33724,187.37,0.094629,0.008502,0.086128,0.000135,0.001047,0.007133
2.33744,187.39,0.094633,0.008488,0.086145,0.000134,0.001045,0.007122
2.33764,187.40,0.094637,0.008475,0.086162,0.000134,0.001043,0.007111
2.33784,187.42,0.094641,0.008462,0.086179,0.000134,0.001041,0.007100
2.33804,187.44,0.094645,0.008449,0.086196,0.000134,0.001039,0.007089
2.33824,187.45,0.094649,0.008436,0.086213,0.000133,0.001037,0.007078
2.33844,187.47,0.094653,0.008423,0.086230,0.000133,0.001035,0.007067
2.33864,187.48,0.094657,0.008409,0.086247,0.000133,0.001034,0.007056
2.33884,187.50,0.094661,0.008396,0.086264,0.000133,0.001032,0.007045
2.33904,187.52,0.094665,0.008383,0.086281,0.000132,0.001030,0.007034
2.33924,187.53,0.094669,0.008371,0.086298,0.000132,0.001028,0.007023
2.33944,187.55,0.094673,0.008358,0.086315,0.000132,0.001026,0.007013
2.33964,187.56,0.094677,0.008345,0.086332,0.000131,0.001024,0.007002
2.33984,187.58,0.094681,0.008332,0.086349,0.000131,0.001022,0.006991
2.34004,187.60,0.094685,0.008319,0.086366,0.000131,0.001020,0.006980
2.34024,187.61,0.094690,0.008306,0.086384,0.000131,0.001018,0.006970
2.34044,187.63,0.094694,0.008293,0.086401,0.000130,0.001016,0.006959
2.34064,187.64,0.094698,0.008281,0.086418,0.000130,0.001014,0.006948
2.34084,187.66,0.094703,0.008268,0.086435,0.000130,0.001013,0.006938
2.34104,187.68,0.094707,0.008255,0.086452,0.000130,0.001011,0.006927
2.34124,187.69,0.094712,0.008243,0.086469,0.000129,0.001009,0.006916
2.34144,187.71,0.094716,0.008230,0.086486,0.000129,0.001007,0.006906
2.34164,187.72,0.094721,0.008217,0.086503,0.000129,0.001005,0.006895
2.34184,187.74,0.094725,0.008205,0.086520,0.000129,0.001003,0.006885
2.34204,187.76,0.094730,0.008192,0.086538,0.000128,0.001001,0.006874
2.34224,187.77,0.094734,0.008180,0.086555,0.000128,0.001000,0.006864
2.34244,187.79,0.094739,0.008167,0.086572,0.000128,0.000998,0.006853
2.34264,187.80,0.094744,0.008155,0.086589,0.000128,0.000996,0.006843
2.34284,187.82,0.094749,0.008142,0.086606,0.000127,0.000994,0.006833
2.34304,187.84,0.094753,0.008130,0.086623,0.000127,0.000992,0.006822
2.34324,187.85,0.094758,0.008118,0.086640,0.000127,0.000990,0.006812
2.34344,187.87,0.094763,0.008105,0.086658,0.000127,0.000989,0.006802
2.34364,187.88,0.094768,0.008093,0.086675,0.000126,0.000987,0.006791
2.34384,187.90,0.094773,0.008081,0.086692,0.000126,0.000985,0.006781
2.34404,187.92,0.094778,0.008069,0.086709,0.000126,0.000983,0.006771
2.34424,187.93,0.094783,0.008056,0.086726,0.000126,0.000981,0.006760
2.34444,187.95,0.094788,0.008044,0.086744,0.000125,0.000980,0.006750
2.34464,187.97,0.094793,0.008032,0.086761,0.000125,0.000978,0.006740
2.34484,187.98,0.094798,0.008020,0.086778,0.000125,0.000976,0.006730
2.34504,188.00,0.094803,0.008008,0.086795,0.000125,0.000974,0.006720
2.34524,188.01,0.094808,0.007996,0.086812,0.000124,0.000973,0.006710
2.34544,188.03,0.094813,0.007984,0.086830,0.000124,0.000971,0.006700
2.34564,188.05,0.094818,0.007972,0.086847,0.000124,0.000969,0.006689
2.34584,188.06,0.094824,0.007960,0.086864,0.000124,0.000967,0.006679
2.34604,188.08,0.094829,0.007948,0.086881,0.000123,0.000966,0.006669
2.34624,188.09,0.094834,0.007936,0.086899,0.000123,0.000964,0.006659
2.34644,188.11,0.094840,0.007924,0.086916,0.000123,0.000962,0.006649
2.34664,188.13,0.094845,0.007912,0.086933,0.000123,0.000960,0.006639
2.34684,188.14,0.094850,0.007900,0.086950,0.000122,0.000959,0.006630
2.34704,188.16,0.094856,0.007888,0.086968,0.000122,0.000957,0.006620
2.34724,188.17,0.094861,0.007877,0.086985,0.000122,0.000955,0.006610
2.34744,188.19,0.094867,0.007865,0.087002,0.000122,0.000954,0.006600
2.34764,188.21,0.094872,0.007853,0.087019,0.000122,0.000952,0.006590
2.34784,188.22,0.094878,0.007841,0.087037,0.000121,0.000950,0.006580
2.34804,188.24,0.094884,0.007830,0.087054,0.000121,0.000948,0.006570
2.34824,188.25,0.094889,0.007818,0.087071,0.000121,0.000947,0.006561
2.34844,188.27,0.094895,0.007806,0.087089,0.000121,0.000945,0.006551
2.34864,188.29,0.094901,0.007795,0.087106,0.000120,0.000943,0.006541
2.34884,188.30,0.094906,0.007783,0.087123,0.000120,0.000942,0.006531
2.34904,188.32,0.094912,0.007772,0.087140,0.000120,0.000940,0.006522
2.34924,188.33,0.094918,0.007760,0.087158,0.000120,0.000938,0.006512
2.34944,188.35,0.094924,0.007749,0.087175,0.000119,0.000937,0.006502
2.34964,188.37,0.094930,0.007737,0.087192,0.000119,0.000935,0.006493
2.34984,188.38,0.094935,0.007726,0.087210,0.000119,0.000933,0.006483
