ppm,hz,total_with_exchange,total_carbon_bound,exchangeable pool (H2O/OH/COOH),EG O-CH2
3.40006,272.58,0.377045,0.005476,0.371569,0.005174
3.40046,272.61,0.377361,0.005492,0.371870,0.005190
3.40086,272.64,0.377678,0.005507,0.372171,0.005206
3.40126,272.67,0.377995,0.005523,0.372472,0.005222
3.40166,272.70,0.378313,0.005539,0.372774,0.005239
3.40206,272.74,0.378631,0.005555,0.373076,0.005255
3.40246,272.77,0.378950,0.005571,0.373378,0.005271
3.40286,272.80,0.379269,0.005588,0.373681,0.005288
3.40326,272.83,0.379588,0.005604,0.373985,0.005304
3.40366,272.86,0.379908,0.005620,0.374288,0.005321
3.40406,272.90,0.380229,0.005637,0.374592,0.005337
3.40446,272.93,0.380550,0.005653,0.374896,0.005354
3.40486,272.96,0.380871,0.005670,0.375201,0.005371
3.40526,272.99,0.381193,0.005687,0.375506,0.005388
3.40566,273.02,0.381515,0.005703,0.375811,0.005404
3.40606,273.06,0.381837,0.005720,0.376117,0.005421
3.40646,273.09,0.382160,0.005737,0.376423,0.005439
3.40686,273.12,0.382484,0.005754,0.376730,0.005456
3.40726,273.15,0.382808,0.005771,0.377037,0.005473
3.40766,273.19,0.383132,0.005788,0.377344,0.005490
3.40806,273.22,0.383457,0.005806,0.377652,0.005508
3.40846,273.25,0.383783,0.005823,0.377960,0.005525
3.40886,273.28,0.384108,0.005840,0.378268,0.005543
3.40926,273.31,0.384435,0.005858,0.378577,0.005561
3.40966,273.35,0.384761,0.005875,0.378886,0.005578
3.41006,273.38,0.385088,0.005893,0.379195,0.005596
3.41046,273.41,0.385416,0.005911,0.379505,0.005614
3.41086,273.44,0.385744,0.005929,0.379815,0.005632
3.41126,273.47,0.386073,0.005947,0.380126,0.005650
3.41166,273.51,0.386402,0.005965,0.380437,0.005668
3.41206,273.54,0.386731,0.005983,0.380748,0.005687
3.41246,273.57,0.387061,0.006001,0.381060,0.005705
3.41286,273.60,0.387391,0.006019,0.381372,0.005723
3.41326,273.63,0.387722,0.006037,0.381685,0.005742
3.41366,273.67,0.388054,0.006056,0.381998,0.005761
3.41406,273.70,0.388385,0.006074,0.382311,0.005779
3.41446,273.73,0.388718,0.006093,0.382625,0.005798
3.41486,273.76,0.389050,0.006112,0.382939,0.005817
3.41526,273.79,0.389384,0.006131,0.383253,0.005836
3.41566,273.83,0.389717,0.006150,0.383568,0.005855
3.41606,273.86,0.390052,0.006169,0.383883,0.005874
3.41646,273.89,0.390386,0.006188,0.384199,0.005894
3.41686,273.92,0.390721,0.006207,0.384514,0.005913
3.41726,273.95,0.391057,0.006226,0.384831,0.005933
3.41766,273.99,0.391393,0.006246,0.385147,0.005952
3.41806,274.02,0.391730,0.006265,0.385465,0.005972
3.41846,274.05,0.392067,0.006285,0.385782,0.005992
3.41886,274.08,0.392404,0.006304,0.386100,0.006011
3.41926,274.11,0.392742,0.006324,0.386418,0.006031
3.41966,274.15,0.393081,0.006344,0.386737,0.006051
3.42006,274.18,0.393420,0.006364,0.387056,0.006072
3.42046,274.21,0.393759,0.006384,0.387375,0.006092
3.42086,274.24,0.394099,0.006404,0.387695,0.006112
3.42126,274.28,0.394440,0.006425,0.388015,0.006133
3.42166,274.31,0.394781,0.006445,0.388336,0.006153
3.42206,274.34,0.395122,0.006466,0.388657,0.006174
3.42246,274.37,0.395464,0.006486,0.388978,0.006195
3.42286,274.40,0.395807,0.006507,0.389300,0.006216
3.42326,274.44,0.396150,0.006528,0.389622,0.006237
3.42366,274.47,0.396493,0.006549,0.389945,0.006258
3.42406,274.50,0.396837,0.006570,0.390268,0.006279
3.42446,274.53,0.397182,0.006591,0.390591,0.006300
3.42486,274.56,0.397527,0.006612,0.390915,0.006322
3.42526,274.60,0.397872,0.006633,0.391239,0.006343
3.42566,274.63,0.398218,0.006655,0.391563,0.006365
3.42606,274.66,0.398565,0.006676,0.391888,0.006387
3.42646,274.69,0.398912,0.006698,0.392214,0.006408
3.42686,274.72,0.399259,0.006720,0.392539,0.006430
3.42726,274.76,0.399607,0.006742,0.392866,0.006452
3.42766,274.79,0.399956,0.006764,0.393192,0.006475
3.42806,274.82,0.400305,0.006786,0.393519,0.006497
3.42846,274.85,0.400655,0.006808,0.393846,0.006519
3.42886,274.88,0.401005,0.006831,0.394174,0.006542
3.42926,274.92,0.401355,0.006853,0.394502,0.006565
3.42966,274.95,0.401707,0.006876,0.394831,0.006587
3.43006,274.98,0.402058,0.006898,0.395160,0.006610
3.43046,275.01,0.402410,0.006921,0.395489,0.006633
3.43086,275.04,0.402763,0.006944,0.395819,0.006656
3.43126,275.08,0.403116,0.006967,0.396149,0.006680
3.43166,275.11,0.403470,0.006991,0.396480,0.006703
3.43206,275.14,0.403825,0.007014,0.396811,0.006727
3.43246,275.17,0.404179,0.007037,0.397142,0.006750
3.43286,275.21,0.404535,0.007061,0.397474,0.006774
3.43326,275.24,0.404891,0.007085,0.397806,0.006798
3.43366,275.27,0.405247,0.007108,0.398139,0.006822
3.43406,275.30,0.405604,0.007132,0.398472,0.006846
3.43446,275.33,0.405962,0.007157,0.398805,0.006870
3.43486,275.37,0.406320,0.007181,0.399139,0.006895
3.43526,275.40,0.406679,0.007205,0.399473,0.006919
3.43566,275.43,0.407038,0.007230,0.399808,0.006944
3.43606,275.46,0.407398,0.007254,0.400143,0.006969
3.43646,275.49,0.407758,0.007279,0.400479,0.006994
3.43686,275.53,0.408119,0.007304,0.400815,0.007019
3.43726,275.56,0.408480,0.007329,0.401151,0.007044
3.43766,275.59,0.408842,0.007354,0.401488,0.007069
3.43806,275.62,0.409204,0.007379,0.401825,0.007095
3.43846,275.65,0.409567,0.007405,0.402163,0.007120
3.43886,275.69,0.409931,0.007430,0.402501,0.007146
3.43926,275.72,0.410295,0.007456,0.402839,0.007172
3.43966,275.75,0.410660,0.007482,0.403178,0.007198
3.44006,275.78,0.411025,0.007508,0.403517,0.007224
3.44046,275.81,0.411391,0.007534,0.403857,0.007250
3.44086,275.85,0.411758,0.007560,0.404197,0.007277
3.44126,275.88,0.412125,0.007587,0.404538,0.007303
3.44166,275.91,0.412492,0.007613,0.404879,0.007330
3.44206,275.94,0.412860,0.007640,0.405220,0.007357
3.44246,275.97,0.413229,0.007667,0.405562,0.007384
3.44286,276.01,0.413598,0.007694,0.405904,0.007411
3.44326,276.04,0.413968,0.007721,0.406247,0.007438
3.44366,276.07,0.414339,0.007748,0.406590,0.007466
3.44406,276.10,0.414710,0.007776,0.406934,0.007494
3.44446,276.14,0.415081,0.007803,0.407278,0.007521
3.44486,276.17,0.415453,0.007831,0.407622,0.007549
3.44526,276.20,0.415826,0.007859,0.407967,0.007577
3.44566,276.23,0.416200,0.007887,0.408312,0.007606
3.44606,276.26,0.416574,0.007915,0.408658,0.007634
3.44646,276.30,0.416948,0.007944,0.409004,0.007663
3.44686,276.33,0.417323,0.007972,0.409351,0.007691
3.44726,276.36,0.417699,0.008001,0.409698,0.007720
3.44766,276.39,0.418075,0.008030,0.410045,0.007749
3.44806,276.42,0.418452,0.008059,0.410393,0.007779
3.44846,276.46,0.418830,0.008088,0.410741,0.007808
3.44886,276.49,0.419208,0.008118,0.411090,0.007837
3.44926,276.52,0.419587,0.008147,0.411439,0.007867
3.44966,276.55,0.419966,0.008177,0.411789,0.007897
3.45006,276.58,0.420346,0.008207,0.412139,0.007927
3.45046,276.62,0.420727,0.008237,0.412490,0.007957
3.45086,276.65,0.421108,0.008267,0.412841,0.007988
3.45126,276.68,0.421490,0.008298,0.413192,0.008018
3.45166,276.71,0.421872,0.008328,0.413544,0.008049
3.45206,276.74,0.422255,0.008359,0.413896,0.008080
3.45246,276.78,0.422639,0.008390,0.414249,0.008111
3.45286,276.81,0.423023,0.008421,0.414602,0.008142
3.45326,276.84,0.423408,0.008452,0.414956,0.008174
3.45366,276.87,0.423794,0.008484,0.415310,0.008206
3.45406,276.90,0.424180,0.008516,0.415664,0.008237
3.45446,276.94,0.424567,0.008547,0.416019,0.008269
3.45486,276.97,0.424954,0.008580,0.416375,0.008302
3.45526,277.00,0.425342,0.008612,0.416730,0.008334
3.45566,277.03,0.425731,0.008644,0.417087,0.008367
3.45606,277.07,0.426120,0.008677,0.417443,0.008399
3.45646,277.10,0.426510,0.008710,0.417801,0.008432
3.45686,277.13,0.426901,0.008743,0.418158,0.008466
3.45726,277.16,0.427292,0.008776,0.418516,0.008499
3.45766,277.19,0.427684,0.008809,0.418875,0.008533
3.45806,277.23,0.428077,0.008843,0.419234,0.008566
3.45846,277.26,0.428470,0.008877,0.419593,0.008600
3.45886,277.29,0.428864,0.008911,0.419953,0.008634
3.45926,277.32,0.429259,0.008945,0.420314,0.008669
3.45966,277.35,0.429654,0.008979,0.420675,0.008703
3.46006,277.39,0.430050,0.009014,0.421036,0.008738
3.46046,277.42,0.430446,0.009049,0.421398,0.008773
3.46086,277.45,0.430844,0.009084,0.421760,0.008808
3.46126,277.48,0.431242,0.009119,0.422123,0.008844
3.46166,277.51,0.431640,0.009154,0.422486,0.008879
3.46206,277.55,0.432040,0.009190,0.422849,0.008915
3.46246,277.58,0.432439,0.009226,0.423213,0.008951
3.46286,277.61,0.432840,0.009262,0.423578,0.008988
3.46326,277.64,0.433241,0.009299,0.423943,0.009024
3.46366,277.67,0.433644,0.009335,0.424308,0.009061
3.46406,277.71,0.434046,0.009372,0.424674,0.009098
3.46446,277.74,0.434450,0.009409,0.425041,0.009135
3.46486,277.77,0.434854,0.009446,0.425408,0.009172
3.46526,277.80,0.435259,0.009484,0.425775,0.009210
3.46566,277.83,0.435664,0.009521,0.426143,0.009248
3.46606,277.87,0.436070,0.009559,0.426511,0.009286
3.46646,277.90,0.436477,0.009597,0.426880,0.009324
3.46686,277.93,0.436885,0.009636,0.427249,0.009363
3.46726,277.96,0.437293,0.009675,0.427619,0.009402
3.46766,278.00,0.437702,0.009713,0.427989,0.009441
3.46806,278.03,0.438112,0.009753,0.428359,0.009480
3.46846,278.06,0.438522,0.009792,0.428730,0.009520
3.46886,278.09,0.438934,0.009832,0.429102,0.009559
3.46926,278.12,0.439346,0.009871,0.429474,0.009599
3.46966,278.16,0.439758,0.009912,0.429847,0.009640
3.47006,278.19,0.440172,0.009952,0.430220,0.009680
3.47046,278.22,0.440586,0.009993,0.430593,0.009721
3.47086,278.25,0.441001,0.010034,0.430967,0.009762
3.47126,278.28,0.441416,0.010075,0.431341,0.009803
3.47166,278.32,0.441833,0.010116,0.431716,0.009845
3.47206,278.35,0.442250,0.010158,0.432092,0.009887
3.47246,278.38,0.442667,0.010200,0.432468,0.009929
3.47286,278.41,0.443086,0.010242,0.432844,0.009971
3.47326,278.44,0.443505,0.010285,0.433221,0.010014
3.47366,278.48,0.443926,0.010327,0.433598,0.010057
3.47406,278.51,0.444346,0.010370,0.433976,0.010100
3.47446,278.54,0.444768,0.010414,0.434354,0.010144
3.47486,278.57,0.445190,0.010457,0.434733,0.010187
3.47526,278.60,0.445614,0.010501,0.435113,0.010231
3.47566,278.64,0.446038,0.010545,0.435492,0.010276
3.47606,278.67,0.446462,0.010590,0.435873,0.010320
3.47646,278.70,0.446888,0.010635,0.436253,0.010365
3.47686,278.73,0.447314,0.010680,0.436635,0.010411
3.47726,278.76,0.447741,0.010725,0.437016,0.010456
3.47766,278.80,0.448169,0.010771,0.437399,0.010502
3.47806,278.83,0.448598,0.010817,0.437781,0.010548
3.47846,278.86,0.449027,0.010863,0.438164,0.010594
3.47886,278.89,0.449458,0.010909,0.438548,0.010641
3.47926,278.93,0.449889,0.010956,0.438932,0.010688
3.47966,278.96,0.450321,0.011003,0.439317,0.010735
3.48006,278.99,0.450753,0.011051,0.439702,0.010783
3.48046,279.02,0.451187,0.011099,0.440088,0.010831
3.48086,279.05,0.451621,0.011147,0.440474,0.010879
3.48126,279.09,0.452056,0.011195,0.440861,0.010928
3.48166,279.12,0.452492,0.011244,0.441248,0.010977
3.48206,279.15,0.452929,0.011293,0.441636,0.011026
3.48246,279.18,0.453367,0.011343,0.442024,0.011076
3.48286,279.21,0.453805,0.011393,0.442413,0.011126
3.48326,279.25,0.454245,0.011443,0.442802,0.011176
3.48366,279.28,0.454685,0.011493,0.443192,0.011227
3.48406,279.31,0.455126,0.011544,0.443582,0.011278
3.48446,279.34,0.455568,0.011595,0.443973,0.011329
3.48486,279.37,0.456011,0.011647,0.444364,0.011381
3.48526,279.41,0.456454,0.011698,0.444756,0.011433
3.48566,279.44,0.456899,0.011751,0.445148,0.011485
3.48606,279.47,0.457344,0.011803,0.445541,0.011538
3.48646,279.50,0.457790,0.011856,0.445934,0.011591
3.48686,279.53,0.458238,0.011910,0.446328,0.011644
3.48726,279.57,0.458686,0.011963,0.446722,0.011698
3.48766,279.60,0.459134,0.012017,0.447117,0.011752
3.48806,279.63,0.459584,0.012072,0.447513,0.011807
3.48846,279.66,0.460035,0.012127,0.447908,0.011862
3.48886,279.69,0.460487,0.012182,0.448305,0.011917
3.48926,279.73,0.460939,0.012237,0.448702,0.011973
3.48966,279.76,0.461392,0.012293,0.449099,0.012029
3.49006,279.79,0.461847,0.012350,0.449497,0.012086
3.49046,279.82,0.462302,0.012406,0.449896,0.012142
3.49086,279.86,0.462758,0.012464,0.450295,0.012200
3.49126,279.89,0.463215,0.012521,0.450694,0.012258
3.49166,279.92,0.463673,0.012579,0.451094,0.012316
3.49206,279.95,0.464132,0.012638,0.451495,0.012374
3.49246,279.98,0.464592,0.012696,0.451896,0.012433
3.49286,280.02,0.465053,0.012756,0.452297,0.012493
3.49326,280.05,0.465515,0.012815,0.452700,0.012552
3.49366,280.08,0.465978,0.012875,0.453102,0.012613
3.49406,280.11,0.466441,0.012936,0.453505,0.012673
3.49446,280.14,0.466906,0.012997,0.453909,0.012734
3.49486,280.18,0.467372,0.013058,0.454313,0.012796
3.49526,280.21,0.467838,0.013120,0.454718,0.012858
3.49566,280.24,0.468306,0.013183,0.455123,0.012921
3.49606,280.27,0.468775,0.013245,0.455529,0.012983
3.49646,280.30,0.469244,0.013309,0.455936,0.013047
3.49686,280.34,0.469715,0.013372,0.456343,0.013111
3.49726,280.37,0.470187,0.013436,0.456750,0.013175
3.49766,280.40,0.470659,0.013501,0.457158,0.013240
3.49806,280.43,0.471133,0.013566,0.457567,0.013305
3.49846,280.46,0.471607,0.013632,0.457976,0.013371
3.49886,280.50,0.472083,0.013698,0.458385,0.013437
3.49926,280.53,0.472560,0.013764,0.458795,0.013504
3.49966,280.56,0.473038,0.013832,0.459206,0.013571
3.50006,280.59,0.473517,0.013899,0.459617,0.013639
3.50046,280.62,0.473996,0.013967,0.460029,0.013707
3.50086,280.66,0.474477,0.014036,0.460442,0.013776
3.50126,280.69,0.474959,0.014105,0.460854,0.013845
3.50166,280.72,0.475442,0.014175,0.461268,0.013915
3.50206,280.75,0.475927,0.014245,0.461682,0.013985
3.50246,280.79,0.476412,0.014315,0.462096,0.014056
3.50286,280.82,0.476898,0.014387,0.462511,0.014127
3.50326,280.85,0.477386,0.014459,0.462927,0.014199
3.50366,280.88,0.477874,0.014531,0.463343,0.014272
3.50406,280.91,0.478364,0.014604,0.463760,0.014345
3.50446,280.95,0.478854,0.014677,0.464177,0.014418
3.50486,280.98,0.479346,0.014751,0.464595,0.014493
3.50526,281.01,0.479839,0.014826,0.465013,0.014567
3.50566,281.04,0.480333,0.014901,0.465432,0.014643
3.50606,281.07,0.480829,0.014977,0.465852,0.014719
3.50646,281.11,0.481325,0.015053,0.466272,0.014795
3.50686,281.14,0.481823,0.015130,0.466693,0.014872
3.50726,281.17,0.482321,0.015208,0.467114,0.014950
3.50766,281.20,0.482821,0.015286,0.467535,0.015028
3.50806,281.23,0.483322,0.015365,0.467958,0.015107
3.50846,281.27,0.483825,0.015444,0.468381,0.015187
3.50886,281.30,0.484328,0.015524,0.468804,0.015267
3.50926,281.33,0.484833,0.015605,0.469228,0.015348
3.50966,281.36,0.485339,0.015686,0.469653,0.015429
3.51006,281.39,0.485846,0.015768,0.470078,0.015511
3.51046,281.43,0.486354,0.015851,0.470503,0.015594
3.51086,281.46,0.486864,0.015934,0.470930,0.015678
3.51126,281.49,0.487374,0.016018,0.471356,0.015762
3.51166,281.52,0.487887,0.016103,0.471784,0.015846
3.51206,281.55,0.488400,0.016188,0.472212,0.015932
3.51246,281.59,0.488914,0.016274,0.472640,0.016018
3.51286,281.62,0.489430,0.016361,0.473070,0.016105
3.51326,281.65,0.489947,0.016448,0.473499,0.016192
3.51366,281.68,0.490466,0.016536,0.473930,0.016281
3.51406,281.72,0.490985,0.016625,0.474360,0.016370
3.51446,281.75,0.491506,0.016715,0.474792,0.016459
3.51486,281.78,0.492029,0.016805,0.475224,0.016550
3.51526,281.81,0.492552,0.016896,0.475656,0.016641
3.51566,281.84,0.493077,0.016988,0.476090,0.016733
3.51606,281.88,0.493604,0.017081,0.476523,0.016826
3.51646,281.91,0.494132,0.017174,0.476958,0.016919
3.51686,281.94,0.494661,0.017268,0.477393,0.017014
3.51726,281.97,0.495191,0.017363,0.477828,0.017109
3.51766,282.00,0.495723,0.017459,0.478264,0.017205
3.51806,282.04,0.496256,0.017555,0.478701,0.017301
3.51846,282.07,0.496791,0.017653,0.479138,0.017399
3.51886,282.10,0.497327,0.017751,0.479576,0.017497
3.51926,282.13,0.497864,0.017850,0.480014,0.017596
3.51966,282.16,0.498403,0.017950,0.480453,0.017696
3.52006,282.20,0.498943,0.018050,0.480893,0.017797
3.52046,282.23,0.499485,0.018152,0.481333,0.017899
3.52086,282.26,0.500029,0.018254,0.481774,0.018002
3.52126,282.29,0.500573,0.018358,0.482215,0.018105
3.52166,282.32,0.501120,0.018462,0.482657,0.018209
3.52206,282.36,0.501667,0.018567,0.483100,0.018315
3.52246,282.39,0.502217,0.018673,0.483543,0.018421
3.52286,282.42,0.502767,0.018780,0.483987,0.018528
3.52326,282.45,0.503320,0.018888,0.484432,0.018636
3.52366,282.48,0.503873,0.018997,0.484877,0.018745
3.52406,282.52,0.504429,0.019107,0.485322,0.018855
3.52446,282.55,0.504986,0.019218,0.485768,0.018966
3.52486,282.58,0.505544,0.019329,0.486215,0.019078
3.52526,282.61,0.506105,0.019442,0.486663,0.019191
3.52566,282.65,0.506666,0.019556,0.487111,0.019305
3.52606,282.68,0.507230,0.019671,0.487559,0.019420
3.52646,282.71,0.507795,0.019786,0.488009,0.019535
3.52686,282.74,0.508362,0.019903,0.488458,0.019652
3.52726,282.77,0.508930,0.020021,0.488909,0.019770
3.52766,282.81,0.509500,0.020140,0.489360,0.019890
3.52806,282.84,0.510072,0.020260,0.489812,0.020010
3.52846,282.87,0.510645,0.020381,0.490264,0.020131
3.52886,282.90,0.511220,0.020504,0.490717,0.020253
3.52926,282.93,0.511797,0.020627,0.491170,0.020377
3.52966,282.97,0.512376,0.020751,0.491625,0.020501
3.53006,283.00,0.512956,0.020877,0.492079,0.020627
3.53046,283.03,0.513539,0.021004,0.492535,0.020754
3.53086,283.06,0.514123,0.021132,0.492991,0.020882
3.53126,283.09,0.514708,0.021261,0.493447,0.021012
3.53166,283.13,0.515296,0.021391,0.493905,0.021142
3.53206,283.16,0.515885,0.021523,0.494363,0.021274
3.53246,283.19,0.516477,0.021656,0.494821,0.021407
3.53286,283.22,0.517070,0.021790,0.495280,0.021541
3.53326,283.25,0.517665,0.021925,0.495740,0.021676
3.53366,283.29,0.518262,0.022062,0.496201,0.021813
3.53406,283.32,0.518861,0.022199,0.496662,0.021951
3.53446,283.35,0.519462,0.022339,0.497123,0.022090
3.53486,283.38,0.520065,0.022479,0.497586,0.022231
3.53526,283.41,0.520669,0.022621,0.498048,0.022373
3.53566,283.45,0.521276,0.022764,0.498512,0.022516
3.53606,283.48,0.521885,0.022909,0.498976,0.022661
3.53646,283.51,0.522496,0.023055,0.499441,0.022807
3.53686,283.54,0.523109,0.023202,0.499907,0.022955
3.53726,283.57,0.523724,0.023351,0.500373,0.023104
3.53766,283.61,0.524341,0.023501,0.500839,0.023254
3.53806,283.64,0.524960,0.023653,0.501307,0.023406
3.53846,283.67,0.525581,0.023807,0.501775,0.023560
3.53886,283.70,0.526205,0.023961,0.502244,0.023715
3.53926,283.74,0.526831,0.024118,0.502713,0.023871
3.53966,283.77,0.527458,0.024275,0.503183,0.024029
3.54006,283.80,0.528089,0.024435,0.503654,0.024189
3.54046,283.83,0.528721,0.024596,0.504125,0.024350
3.54086,283.86,0.529355,0.024759,0.504597,0.024513
3.54126,283.90,0.529992,0.024923,0.505069,0.024677
3.54166,283.93,0.530631,0.025089,0.505543,0.024843
3.54206,283.96,0.531273,0.025256,0.506017,0.025011
3.54246,283.99,0.531917,0.025426,0.506491,0.025180
3.54286,284.02,0.532563,0.025597,0.506966,0.025351
3.54326,284.06,0.533212,0.025770,0.507442,0.025524
3.54366,284.09,0.533863,0.025944,0.507919,0.025699
3.54406,284.12,0.534516,0.026120,0.508396,0.025875
3.54446,284.15,0.535172,0.026299,0.508874,0.026054
3.54486,284.18,0.535831,0.026479,0.509352,0.026234
3.54526,284.22,0.536492,0.026661,0.509831,0.026416
3.54566,284.25,0.537155,0.026844,0.510311,0.026600
3.54606,284.28,0.537822,0.027030,0.510792,0.026786
3.54646,284.31,0.538490,0.027218,0.511273,0.026973
3.54686,284.34,0.539162,0.027407,0.511755,0.027163
3.54726,284.38,0.539836,0.027599,0.512237,0.027355
3.54766,284.41,0.540513,0.027793,0.512720,0.027549
3.54806,284.44,0.541192,0.027988,0.513204,0.027745
3.54846,284.47,0.541875,0.028186,0.513689,0.027943
3.54886,284.50,0.542560,0.028386,0.514174,0.028143
3.54926,284.54,0.543248,0.028588,0.514660,0.028345
3.54966,284.57,0.543939,0.028793,0.515146,0.028549
3.55006,284.60,0.544632,0.028999,0.515633,0.028756
3.55046,284.63,0.545329,0.029208,0.516121,0.028965
3.55086,284.67,0.546029,0.029419,0.516610,0.029176
3.55126,284.70,0.546731,0.029632,0.517099,0.029390
3.55166,284.73,0.547437,0.029848,0.517589,0.029605
3.55206,284.76,0.548146,0.030066,0.518080,0.029824
3.55246,284.79,0.548857,0.030286,0.518571,0.030044
3.55286,284.83,0.549572,0.030509,0.519063,0.030267
3.55326,284.86,0.550290,0.030735,0.519556,0.030493
3.55366,284.89,0.551012,0.030963,0.520049,0.030721
3.55406,284.92,0.551736,0.031193,0.520543,0.030951
3.55446,284.95,0.552464,0.031426,0.521038,0.031185
3.55486,284.99,0.553195,0.031662,0.521533,0.031421
3.55526,285.02,0.553930,0.031900,0.522029,0.031659
3.55566,285.05,0.554668,0.032141,0.522526,0.031900
3.55606,285.08,0.555409,0.032385,0.523024,0.032144
3.55646,285.11,0.556154,0.032632,0.523522,0.032391
3.55686,285.15,0.556903,0.032882,0.524021,0.032641
3.55726,285.18,0.557655,0.033134,0.524521,0.032893
3.55766,285.21,0.558410,0.033389,0.525021,0.033149
3.55806,285.24,0.559170,0.033648,0.525522,0.033407
3.55846,285.27,0.559933,0.033909,0.526024,0.033669
3.55886,285.31,0.560700,0.034174,0.526526,0.033933
3.55926,285.34,0.561470,0.034441,0.527029,0.034201
3.55966,285.37,0.562245,0.034712,0.527533,0.034472
3.56006,285.40,0.563024,0.034986,0.528038,0.034746
3.56046,285.43,0.563806,0.035263,0.528543,0.035024
3.56086,285.47,0.564593,0.035544,0.529049,0.035304
3.56126,285.50,0.565383,0.035828,0.529556,0.035588
3.56166,285.53,0.566178,0.036115,0.530063,0.035876
3.56206,285.56,0.566977,0.036406,0.530571,0.036167
3.56246,285.60,0.567780,0.036700,0.531080,0.036461
3.56286,285.63,0.568588,0.036998,0.531590,0.036759
3.56326,285.66,0.569400,0.037300,0.532100,0.037061
3.56366,285.69,0.570216,0.037605,0.532611,0.037367
3.56406,285.72,0.571037,0.037914,0.533123,0.037676
3.56446,285.76,0.571863,0.038228,0.533635,0.037989
3.56486,285.79,0.572693,0.038544,0.534148,0.038306
3.56526,285.82,0.573528,0.038865,0.534662,0.038627
3.56566,285.85,0.574367,0.039190,0.535177,0.038952
3.56606,285.88,0.575212,0.039519,0.535692,0.039281
3.56646,285.92,0.576061,0.039852,0.536208,0.039615
3.56686,285.95,0.576915,0.040190,0.536725,0.039952
3.56726,285.98,0.577774,0.040532,0.537243,0.040294
3.56766,286.01,0.578639,0.040878,0.537761,0.040641
3.56806,286.04,0.579509,0.041229,0.538280,0.040991
3.56846,286.08,0.580384,0.041584,0.538800,0.041347
3.56886,286.11,0.581264,0.041944,0.539320,0.041707
3.56926,286.14,0.582150,0.042308,0.539842,0.042071
3.56966,286.17,0.583041,0.042677,0.540364,0.042441
3.57006,286.20,0.583938,0.043052,0.540886,0.042815
3.57046,286.24,0.584840,0.043431,0.541410,0.043194
3.57086,286.27,0.585749,0.043815,0.541934,0.043579
3.57126,286.30,0.586663,0.044204,0.542459,0.043968
3.57166,286.33,0.587583,0.044599,0.542985,0.044363
3.57206,286.36,0.588510,0.044998,0.543511,0.044763
3.57246,286.40,0.589442,0.045404,0.544038,0.045168
3.57286,286.43,0.590381,0.045815,0.544566,0.045579
3.57326,286.46,0.591326,0.046231,0.545095,0.045995
3.57366,286.49,0.592278,0.046653,0.545625,0.046418
3.57406,286.53,0.593236,0.047081,0.546155,0.046846
3.57446,286.56,0.594201,0.047515,0.546686,0.047280
3.57486,286.59,0.595172,0.047955,0.547218,0.047720
3.57526,286.62,0.596151,0.048401,0.547750,0.048166
3.57566,286.65,0.597136,0.048853,0.548283,0.048618
3.57606,286.69,0.598129,0.049311,0.548817,0.049077
3.57646,286.72,0.599129,0.049777,0.549352,0.049542
3.57686,286.75,0.600136,0.050248,0.549888,0.050014
3.57726,286.78,0.601151,0.050727,0.550424,0.050493
3.57766,286.81,0.602174,0.051212,0.550961,0.050978
3.57806,286.85,0.603204,0.051705,0.551499,0.051471
3.57846,286.88,0.604242,0.052204,0.552038,0.051970
3.57886,286.91,0.605288,0.052711,0.552577,0.052477
3.57926,286.94,0.606343,0.053225,0.553118,0.052992
3.57966,286.97,0.607406,0.053747,0.553659,0.053514
3.58006,287.01,0.608477,0.054277,0.554200,0.054043
3.58046,287.04,0.609557,0.054814,0.554743,0.054581
3.58086,287.07,0.610646,0.055359,0.555286,0.055126
3.58126,287.10,0.611743,0.055913,0.555830,0.055680
3.58166,287.13,0.612850,0.056475,0.556375,0.056242
3.58206,287.17,0.613966,0.057045,0.556921,0.056812
3.58246,287.20,0.615092,0.057624,0.557467,0.057392
3.58286,287.23,0.616227,0.058212,0.558015,0.057980
3.58326,287.26,0.617372,0.058809,0.558563,0.058577
3.58366,287.29,0.618527,0.059416,0.559112,0.059183
3.58406,287.33,0.619692,0.060031,0.559661,0.059799
3.58446,287.36,0.620868,0.060656,0.560212,0.060424
3.58486,287.39,0.622054,0.061292,0.560763,0.061060
3.58526,287.42,0.623251,0.061937,0.561315,0.061705
3.58566,287.46,0.624460,0.062592,0.561868,0.062360
3.58606,287.49,0.625679,0.063258,0.562421,0.063026
3.58646,287.52,0.626910,0.063934,0.562976,0.063703
3.58686,287.55,0.628152,0.064621,0.563531,0.064390
3.58726,287.58,0.629407,0.065320,0.564087,0.065089
3.58766,287.62,0.630674,0.066030,0.564644,0.065799
3.58806,287.65,0.631953,0.066751,0.565201,0.066520
3.58846,287.68,0.633244,0.067484,0.565760,0.067254
3.58886,287.71,0.634549,0.068230,0.566319,0.067999
3.58926,287.74,0.635867,0.068988,0.566879,0.068757
3.58966,287.78,0.637198,0.069758,0.567440,0.069528
3.59006,287.81,0.638544,0.070542,0.568002,0.070311
3.59046,287.84,0.639903,0.071338,0.568564,0.071108
3.59086,287.87,0.641276,0.072148,0.569128,0.071918
3.59126,287.90,0.642665,0.072973,0.569692,0.072743
3.59166,287.94,0.644068,0.073811,0.570257,0.073581
3.59206,287.97,0.645486,0.074663,0.570823,0.074434
3.59246,288.00,0.646920,0.075531,0.571389,0.075301
3.59286,288.03,0.648371,0.076414,0.571957,0.076184
3.59326,288.06,0.649837,0.077312,0.572525,0.077082
3.59366,288.10,0.651320,0.078226,0.573094,0.077997
3.59406,288.13,0.652820,0.079156,0.573664,0.078927
3.59446,288.16,0.654338,0.080103,0.574235,0.079874
3.59486,288.19,0.655874,0.081067,0.574807,0.080838
3.59526,288.22,0.657428,0.082049,0.575379,0.081820
3.59566,288.26,0.659000,0.083048,0.575953,0.082819
3.59606,288.29,0.660592,0.084065,0.576527,0.083837
3.59646,288.32,0.662203,0.085102,0.577102,0.084873
3.59686,288.35,0.663835,0.086157,0.577678,0.085929
3.59726,288.39,0.665486,0.087232,0.578254,0.087004
3.59766,288.42,0.667159,0.088328,0.578832,0.088100
3.59806,288.45,0.668854,0.089444,0.579410,0.089216
3.59846,288.48,0.670570,0.090581,0.579989,0.090353
3.59886,288.51,0.672309,0.091740,0.580569,0.091512
3.59926,288.55,0.674071,0.092921,0.581150,0.092693
3.59966,288.58,0.675857,0.094125,0.581732,0.093897
3.60006,288.61,0.677667,0.095352,0.582315,0.095125
3.60046,288.64,0.679502,0.096604,0.582898,0.096376
3.60086,288.67,0.681362,0.097880,0.583483,0.097653
3.60126,288.71,0.683249,0.099181,0.584068,0.098954
3.60166,288.74,0.685162,0.100508,0.584654,0.100282
3.60206,288.77,0.687103,0.101862,0.585241,0.101636
3.60246,288.80,0.689072,0.103244,0.585829,0.103017
3.60286,288.83,0.691071,0.104653,0.586417,0.104427
3.60326,288.87,0.693098,0.106092,0.587007,0.105865
3.60366,288.90,0.695157,0.107560,0.587597,0.107333
3.60406,288.93,0.697247,0.109058,0.588188,0.108832
3.60446,288.96,0.699368,0.110588,0.588781,0.110362
3.60486,288.99,0.701523,0.112150,0.589374,0.111924
3.60526,289.03,0.703712,0.113745,0.589968,0.113519
3.60566,289.06,0.705936,0.115374,0.590562,0.115148
3.60606,289.09,0.708196,0.117038,0.591158,0.116812
3.60646,289.12,0.710492,0.118738,0.591755,0.118512
3.60686,289.15,0.712827,0.120475,0.592352,0.120249
3.60726,289.19,0.715200,0.122250,0.592950,0.122025
3.60766,289.22,0.717613,0.124064,0.593550,0.123839
3.60806,289.25,0.720068,0.125918,0.594150,0.125693
3.60846,289.28,0.722565,0.127814,0.594751,0.127590
3.60886,289.32,0.725106,0.129753,0.595353,0.129529
3.60926,289.35,0.727691,0.131736,0.595955,0.131511
3.60966,289.38,0.730323,0.133764,0.596559,0.133540
3.61006,289.41,0.733003,0.135839,0.597164,0.135615
3.61046,289.44,0.735731,0.137962,0.597769,0.137738
3.61086,289.48,0.738510,0.140135,0.598376,0.139911
3.61126,289.51,0.741341,0.142359,0.598983,0.142135
3.61166,289.54,0.744226,0.144635,0.599591,0.144411
3.61206,289.57,0.747166,0.146966,0.600200,0.146743
3.61246,289.60,0.750164,0.149354,0.600810,0.149130
3.61286,289.64,0.753220,0.151799,0.601421,0.151575
3.61326,289.67,0.756337,0.154304,0.602033,0.154080
3.61366,289.70,0.759516,0.156871,0.602646,0.156647
3.61406,289.73,0.762760,0.159501,0.603259,0.159278
3.61446,289.76,0.766071,0.162198,0.603874,0.161975
3.61486,289.80,0.769451,0.164962,0.604489,0.164739
3.61526,289.83,0.772903,0.167797,0.605106,0.167574
3.61566,289.86,0.776428,0.170705,0.605723,0.170482
3.61606,289.89,0.780029,0.173687,0.606341,0.173465
3.61646,289.92,0.783708,0.176748,0.606961,0.176525
3.61686,289.96,0.787469,0.179889,0.607581,0.179666
3.61726,289.99,0.791315,0.183113,0.608202,0.182891
3.61766,290.02,0.795247,0.186423,0.608824,0.186201
3.61806,290.05,0.799269,0.189823,0.609447,0.189601
3.61846,290.08,0.803385,0.193315,0.610070,0.193093
3.61886,290.12,0.807597,0.196902,0.610695,0.196680
3.61926,290.15,0.811910,0.200589,0.611321,0.200367
3.61966,290.18,0.816326,0.204378,0.611948,0.204157
3.62006,290.21,0.820850,0.208274,0.612575,0.208053
3.62046,290.25,0.825485,0.212281,0.613204,0.212060
3.62086,290.28,0.830235,0.216402,0.613833,0.216181
3.62126,290.31,0.835106,0.220642,0.614464,0.220421
3.62166,290.34,0.840101,0.225005,0.615095,0.224784
3.62206,290.37,0.845225,0.229497,0.615728,0.229276
3.62246,290.41,0.850483,0.234122,0.616361,0.233901
3.62286,290.44,0.855880,0.238885,0.616995,0.238664
3.62326,290.47,0.861422,0.243792,0.617630,0.243571
3.62366,290.50,0.867115,0.248848,0.618267,0.248628
3.62406,290.53,0.872964,0.254060,0.618904,0.253840
3.62446,290.57,0.878976,0.259434,0.619542,0.259214
3.62486,290.60,0.885157,0.264976,0.620181,0.264756
3.62526,290.63,0.891515,0.270694,0.620821,0.270474
3.62566,290.66,0.898055,0.276594,0.621462,0.276374
3.62606,290.69,0.904788,0.282684,0.622104,0.282464
3.62646,290.73,0.911719,0.288972,0.622747,0.288752
3.62686,290.76,0.918858,0.295467,0.623391,0.295248
3.62726,290.79,0.926213,0.302178,0.624036,0.301958
3.62766,290.82,0.933795,0.309113,0.624682,0.308894
3.62806,290.85,0.941612,0.316283,0.625328,0.316064
3.62846,290.89,0.949675,0.323699,0.625976,0.323480
3.62886,290.92,0.957995,0.331370,0.626625,0.331151
3.62926,290.95,0.966584,0.339309,0.627275,0.339090
3.62966,290.98,0.975454,0.347528,0.627926,0.347309
3.63006,291.01,0.984617,0.356039,0.628578,0.355821
3.63046,291.05,0.994087,0.364857,0.629230,0.364638
3.63086,291.08,1.003878,0.373994,0.629884,0.373776
3.63126,291.11,1.014006,0.383467,0.630539,0.383249
3.63166,291.14,1.024487,0.393292,0.631195,0.393074
3.63206,291.18,1.035336,0.403485,0.631852,0.403267
3.63246,291.21,1.046573,0.414064,0.632509,0.413846
3.63286,291.24,1.058216,0.425048,0.633168,0.424830
3.63326,291.27,1.070284,0.436456,0.633828,0.436239
3.63366,291.30,1.082800,0.448311,0.634489,0.448094
3.63406,291.34,1.095785,0.460635,0.635151,0.460417
3.63446,291.37,1.109264,0.473450,0.635813,0.473233
3.63486,291.40,1.123260,0.486783,0.636477,0.486566
3.63526,291.43,1.137802,0.500660,0.637142,0.500443
3.63566,291.46,1.152918,0.515110,0.637808,0.514893
3.63606,291.50,1.168636,0.530161,0.638475,0.529944
3.63646,291.53,1.184990,0.545847,0.639143,0.545631
3.63686,291.56,1.202013,0.562201,0.639812,0.561985
3.63726,291.59,1.219741,0.579260,0.640482,0.579043
3.63766,291.62,1.238213,0.597060,0.641153,0.596843
3.63806,291.66,1.257468,0.615643,0.641825,0.615427
3.63846,291.69,1.277550,0.635052,0.642498,0.634835
3.63886,291.72,1.298504,0.655332,0.643172,0.655116
3.63926,291.75,1.320380,0.676532,0.643847,0.676317
3.63966,291.78,1.343228,0.698705,0.644523,0.698489
3.64006,291.82,1.367104,0.721904,0.645201,0.721688
3.64046,291.85,1.392067,0.746188,0.645879,0.745972
3.64086,291.88,1.418177,0.771619,0.646558,0.771403
3.64126,291.91,1.445500,0.798262,0.647239,0.798046
3.64166,291.94,1.474107,0.826187,0.647920,0.825972
3.64206,291.98,1.504072,0.855469,0.648602,0.855254
3.64246,292.01,1.535471,0.886185,0.649286,0.885970
3.64286,292.04,1.568389,0.918419,0.649970,0.918204
3.64326,292.07,1.602913,0.952257,0.650656,0.952042
3.64366,292.10,1.639135,0.987792,0.651343,0.987577
3.64406,292.14,1.677152,1.025121,0.652031,1.024907
3.64446,292.17,1.717067,1.064348,0.652719,1.064134
3.64486,292.20,1.758988,1.105579,0.653409,1.105364
3.64526,292.23,1.803026,1.148926,0.654100,1.148712
3.64566,292.27,1.849299,1.194507,0.654792,1.194292
3.64606,292.30,1.897927,1.242442,0.655485,1.242228
3.64646,292.33,1.949036,1.292856,0.656179,1.292642
3.64686,292.36,2.002754,1.345879,0.656875,1.345665
3.64726,292.39,2.059211,1.401640,0.657571,1.401426
3.64766,292.43,2.118540,1.460271,0.658268,1.460057
3.64806,292.46,2.180869,1.521902,0.658967,1.521689
3.64846,292.49,2.246329,1.586662,0.659667,1.586449
3.64886,292.52,2.315041,1.654674,0.660367,1.654460
3.64926,292.55,2.387119,1.726050,0.661069,1.725837
3.64966,292.59,2.462667,1.800895,0.661772,1.800682
3.65006,292.62,2.541768,1.879292,0.662476,1.879079
3.65046,292.65,2.624486,1.961305,0.663181,1.961092
3.65086,292.68,2.710854,2.046967,0.663887,2.046754
3.65126,292.71,2.800869,2.136275,0.664594,2.136062
3.65166,292.75,2.894484,2.229182,0.665303,2.228969
3.65206,292.78,2.991597,2.325585,0.666012,2.325373
3.65246,292.81,3.092039,2.425316,0.666723,2.425104
3.65286,292.84,3.195565,2.528131,0.667434,2.527918
3.65326,292.87,3.301841,2.633694,0.668147,2.633482
3.65366,292.91,3.410433,2.741572,0.668861,2.741360
3.65406,292.94,3.520792,2.851216,0.669576,2.851004
3.65446,292.97,3.632248,2.961956,0.670292,2.961744
3.65486,293.00,3.744001,3.072992,0.671009,3.072780
3.65526,293.03,3.855116,3.183388,0.671728,3.183177
3.65566,293.07,3.964525,3.292077,0.672447,3.291866
3.65606,293.10,4.071034,3.397866,0.673168,3.397655
3.65646,293.13,4.173342,3.499452,0.673890,3.499241
3.65686,293.16,4.270058,3.595445,0.674613,3.595234
3.65726,293.20,4.359742,3.684405,0.675337,3.684194
3.65766,293.23,4.440941,3.764879,0.676062,3.764668
3.65806,293.26,4.512242,3.835454,0.676788,3.835243
3.65846,293.29,4.572328,3.894812,0.677516,3.894602
3.65886,293.32,4.620028,3.941784,0.678244,3.941573
3.65926,293.36,4.654379,3.975405,0.678974,3.975195
3.65966,293.39,4.674670,3.994965,0.679705,3.994755
3.66006,293.42,4.680477,4.000040,0.680437,3.999830
3.66046,293.45,4.671691,3.990521,0.681170,3.990310
3.66086,293.48,4.648518,3.966613,0.681904,3.966403
3.66126,293.52,4.611472,3.928832,0.682640,3.928622
3.66166,293.55,4.561346,3.877970,0.683377,3.877760
3.66206,293.58,4.499173,3.815058,0.684115,3.814848
3.66246,293.61,4.426172,3.741318,0.684854,3.741109
3.66286,293.64,4.343697,3.658103,0.685594,3.657894
3.66326,293.68,4.253179,3.566844,0.686335,3.566635
3.66366,293.71,4.156071,3.468994,0.687078,3.468784
3.66406,293.74,4.053803,3.365982,0.687821,3.365773
3.66446,293.77,3.947741,3.259175,0.688566,3.258966
3.66486,293.80,3.839156,3.149844,0.689312,3.149635
3.66526,293.84,3.729205,3.039145,0.690060,3.038936
3.66566,293.87,3.618914,2.928106,0.690808,2.927898
3.66606,293.90,3.509179,2.817622,0.691558,2.817413
3.66646,293.93,3.400759,2.708451,0.692308,2.708242
3.66686,293.96,3.294287,2.601226,0.693060,2.601018
3.66726,294.00,3.190273,2.496460,0.693814,2.496251
3.66766,294.03,3.089123,2.394555,0.694568,2.394346
3.66806,294.06,2.991140,2.295816,0.695324,2.295608
3.66846,294.09,2.896545,2.200464,0.696080,2.200256
3.66886,294.13,2.805485,2.108647,0.696838,2.108439
3.66926,294.16,2.718045,2.020447,0.697598,2.020239
3.66966,294.19,2.634258,1.935900,0.698358,1.935692
3.67006,294.22,2.554114,1.854995,0.699120,1.854787
3.67046,294.25,2.477571,1.777689,0.699883,1.777481
3.67086,294.29,2.404558,1.703912,0.700647,1.703704
3.67126,294.32,2.334984,1.633573,0.701412,1.633365
3.67166,294.35,2.268744,1.566565,0.702178,1.566358
3.67206,294.38,2.205719,1.502773,0.702946,1.502566
3.67246,294.41,2.145785,1.442070,0.703715,1.441863
3.67286,294.45,2.088813,1.384328,0.704485,1.384121
3.67326,294.48,2.034673,1.329416,0.705257,1.329209
3.67366,294.51,1.983232,1.277202,0.706029,1.276995
3.67406,294.54,1.934360,1.227557,0.706803,1.227350
3.67446,294.57,1.887931,1.180353,0.707579,1.180146
3.67486,294.61,1.843821,1.135466,0.708355,1.135260
3.67526,294.64,1.801909,1.092776,0.709133,1.092570
3.67566,294.67,1.762080,1.052168,0.709911,1.051962
3.67606,294.70,1.724223,1.013531,0.710692,1.013325
3.67646,294.73,1.688232,0.976759,0.711473,0.976553
3.67686,294.77,1.654007,0.941751,0.712256,0.941546
3.67726,294.80,1.621452,0.908412,0.713040,0.908206
3.67766,294.83,1.590475,0.876651,0.713825,0.876445
3.67806,294.86,1.560991,0.846380,0.714611,0.846175
3.67846,294.89,1.532919,0.817520,0.715399,0.817315
3.67886,294.93,1.506181,0.789993,0.716188,0.789788
3.67926,294.96,1.480705,0.763726,0.716978,0.763521
3.67966,294.99,1.456422,0.738652,0.717770,0.738447
3.68006,295.02,1.433268,0.714705,0.718562,0.714500
3.68046,295.06,1.411182,0.691825,0.719356,0.691620
3.68086,295.09,1.390106,0.669955,0.720152,0.669750
3.68126,295.12,1.369988,0.649040,0.720948,0.648835
3.68166,295.15,1.350777,0.629030,0.721746,0.628826
3.68206,295.18,1.332423,0.609878,0.722546,0.609673
3.68246,295.22,1.314884,0.591538,0.723346,0.591333
3.68286,295.25,1.298116,0.573968,0.724148,0.573763
3.68326,295.28,1.282079,0.557128,0.724951,0.556924
3.68366,295.31,1.266737,0.540981,0.725755,0.540777
3.68406,295.34,1.252053,0.525492,0.726561,0.525288
3.68446,295.38,1.237995,0.510627,0.727368,0.510423
3.68486,295.41,1.224532,0.496355,0.728177,0.496151
3.68526,295.44,1.211633,0.482647,0.728986,0.482443
3.68566,295.47,1.199271,0.469474,0.729797,0.469270
3.68606,295.50,1.187421,0.456811,0.730609,0.456608
3.68646,295.54,1.176056,0.444633,0.731423,0.444429
3.68686,295.57,1.165154,0.432916,0.732238,0.432713
3.68726,295.60,1.154693,0.421639,0.733054,0.421436
3.68766,295.63,1.144652,0.410780,0.733872,0.410577
3.68806,295.66,1.135012,0.400321,0.734691,0.400118
3.68846,295.70,1.125753,0.390242,0.735511,0.390039
3.68886,295.73,1.116859,0.380526,0.736333,0.380323
3.68926,295.76,1.108312,0.371157,0.737156,0.370954
3.68966,295.79,1.100098,0.362118,0.737980,0.361915
3.69006,295.82,1.092201,0.353395,0.738805,0.353193
3.69046,295.86,1.084607,0.344975,0.739632,0.344772
3.69086,295.89,1.077303,0.336842,0.740461,0.336640
3.69126,295.92,1.070276,0.328986,0.741290,0.328784
3.69166,295.95,1.063515,0.321394,0.742121,0.321191
3.69206,295.99,1.057008,0.314054,0.742954,0.313852
3.69246,296.02,1.050744,0.306956,0.743788,0.306754
3.69286,296.05,1.044713,0.300090,0.744623,0.299888
3.69326,296.08,1.038905,0.293446,0.745459,0.293244
3.69366,296.11,1.033312,0.287015,0.746297,0.286813
3.69406,296.15,1.027924,0.280787,0.747136,0.280586
3.69446,296.18,1.022733,0.274756,0.747977,0.274554
3.69486,296.21,1.017731,0.268912,0.748819,0.268711
3.69526,296.24,1.012911,0.263249,0.749662,0.263048
3.69566,296.27,1.008266,0.257759,0.750507,0.257557
3.69606,296.31,1.003788,0.252435,0.751353,0.252234
3.69646,296.34,0.999471,0.247271,0.752201,0.247070
3.69686,296.37,0.995310,0.242260,0.753050,0.242059
3.69726,296.40,0.991298,0.237397,0.753900,0.237197
3.69766,296.43,0.987429,0.232677,0.754752,0.232476
3.69806,296.47,0.983698,0.228093,0.755605,0.227892
3.69846,296.50,0.980100,0.223641,0.756460,0.223440
3.69886,296.53,0.976631,0.219315,0.757316,0.219115
3.69926,296.56,0.973285,0.215112,0.758173,0.214911
3.69966,296.59,0.970058,0.211026,0.759032,0.210826
3.70006,296.63,0.966945,0.207053,0.759892,0.206853
3.70046,296.66,0.963944,0.203190,0.760754,0.202990
3.70086,296.69,0.961049,0.199432,0.761617,0.199232
3.70126,296.72,0.958257,0.195776,0.762481,0.195576
3.70166,296.75,0.955565,0.192217,0.763347,0.192018
3.70206,296.79,0.952969,0.188754,0.764215,0.188554
3.70246,296.82,0.950465,0.185382,0.765083,0.185182
3.70286,296.85,0.948051,0.182098,0.765954,0.181898
3.70326,296.88,0.945724,0.178899,0.766825,0.178700
3.70366,296.92,0.943481,0.175783,0.767699,0.175584
3.70406,296.95,0.941319,0.172746,0.768573,0.172547
3.70446,296.98,0.939235,0.169786,0.769449,0.169587
3.70486,297.01,0.937228,0.166901,0.770327,0.166702
3.70526,297.04,0.935293,0.164087,0.771206,0.163889
3.70566,297.08,0.933430,0.161344,0.772086,0.161145
3.70606,297.11,0.931635,0.158667,0.772968,0.158469
3.70646,297.14,0.929908,0.156056,0.773851,0.155858
3.70686,297.17,0.928244,0.153508,0.774736,0.153310
3.70726,297.20,0.926644,0.151021,0.775623,0.150823
3.70766,297.24,0.925104,0.148594,0.776510,0.148396
3.70806,297.27,0.923623,0.146224,0.777400,0.146026
3.70846,297.30,0.922200,0.143909,0.778290,0.143711
3.70886,297.33,0.920831,0.141649,0.779183,0.141451
3.70926,297.36,0.919517,0.139440,0.780076,0.139243
3.70966,297.40,0.918254,0.137283,0.780972,0.137085
3.71006,297.43,0.917043,0.135174,0.781868,0.134977
3.71046,297.46,0.915880,0.133114,0.782767,0.132916
3.71086,297.49,0.914766,0.131099,0.783666,0.130902
3.71126,297.52,0.913697,0.129130,0.784568,0.128933
3.71166,297.56,0.912674,0.127204,0.785470,0.127007
3.71206,297.59,0.911695,0.125321,0.786375,0.125123
3.71246,297.62,0.910759,0.123478,0.787280,0.123281
3.71286,297.65,0.909864,0.121676,0.788188,0.121479
3.71326,297.68,0.909009,0.119912,0.789097,0.119716
3.71366,297.72,0.908194,0.118187,0.790007,0.117990
3.71406,297.75,0.907416,0.116498,0.790919,0.116301
3.71446,297.78,0.906676,0.114844,0.791832,0.114648
3.71486,297.81,0.905973,0.113225,0.792747,0.113029
3.71526,297.85,0.905304,0.111640,0.793664,0.111444
3.71566,297.88,0.904670,0.110088,0.794582,0.109892
3.71606,297.91,0.904069,0.108568,0.795501,0.108372
3.71646,297.94,0.903501,0.107079,0.796423,0.106882
3.71686,297.97,0.902965,0.105619,0.797345,0.105423
3.71726,298.01,0.902459,0.104190,0.798270,0.103994
3.71766,298.04,0.901984,0.102789,0.799195,0.102593
3.71806,298.07,0.901538,0.101416,0.800123,0.101220
3.71846,298.10,0.901121,0.100070,0.801052,0.099874
3.71886,298.13,0.900732,0.098750,0.801982,0.098554
3.71926,298.17,0.900371,0.097456,0.802914,0.097261
3.71966,298.20,0.900036,0.096187,0.803848,0.095992
3.72006,298.23,0.899727,0.094943,0.804783,0.094748
3.72046,298.26,0.899443,0.093723,0.805720,0.093528
3.72086,298.29,0.899184,0.092526,0.806659,0.092331
3.72126,298.33,0.898950,0.091351,0.807599,0.091156
3.72166,298.36,0.898739,0.090199,0.808540,0.090004
3.72206,298.39,0.898551,0.089068,0.809484,0.088873
3.72246,298.42,0.898386,0.087958,0.810428,0.087763
3.72286,298.45,0.898244,0.086869,0.811375,0.086674
3.72326,298.49,0.898122,0.085799,0.812323,0.085605
3.72366,298.52,0.898022,0.084750,0.813273,0.084555
3.72406,298.55,0.897943,0.083719,0.814224,0.083525
3.72446,298.58,0.897883,0.082707,0.815177,0.082512
3.72486,298.61,0.897844,0.081713,0.816131,0.081519
3.72526,298.65,0.897824,0.080736,0.817088,0.080542
3.72566,298.68,0.897823,0.079777,0.818045,0.079584
3.72606,298.71,0.897840,0.078835,0.819005,0.078642
3.72646,298.74,0.897876,0.077910,0.819966,0.077716
3.72686,298.78,0.897929,0.077000,0.820928,0.076807
3.72726,298.81,0.898000,0.076107,0.821893,0.075913
3.72766,298.84,0.898087,0.075229,0.822859,0.075035
3.72806,298.87,0.898192,0.074365,0.823826,0.074172
3.72846,298.90,0.898313,0.073517,0.824796,0.073324
3.72886,298.94,0.898450,0.072683,0.825767,0.072490
3.72926,298.97,0.898602,0.071863,0.826739,0.071670
3.72966,299.00,0.898770,0.071057,0.827714,0.070864
3.73006,299.03,0.898954,0.070264,0.828690,0.070071
3.73046,299.06,0.899151,0.069484,0.829667,0.069291
3.73086,299.10,0.899364,0.068717,0.830647,0.068525
3.73126,299.13,0.899591,0.067963,0.831628,0.067771
3.73166,299.16,0.899832,0.067221,0.832610,0.067029
3.73206,299.19,0.900086,0.066491,0.833595,0.066299
3.73246,299.22,0.900354,0.065773,0.834581,0.065581
3.73286,299.26,0.900635,0.065067,0.835569,0.064875
3.73326,299.29,0.900930,0.064372,0.836558,0.064179
3.73366,299.32,0.901237,0.063687,0.837549,0.063495
3.73406,299.35,0.901556,0.063014,0.838542,0.062822
3.73446,299.38,0.901888,0.062351,0.839537,0.062159
3.73486,299.42,0.902232,0.061699,0.840533,0.061507
3.73526,299.45,0.902588,0.061057,0.841531,0.060865
3.73566,299.48,0.902955,0.060424,0.842531,0.060233
3.73606,299.51,0.903334,0.059802,0.843532,0.059610
3.73646,299.54,0.903724,0.059189,0.844536,0.058997
3.73686,299.58,0.904126,0.058585,0.845541,0.058394
3.73726,299.61,0.904538,0.057991,0.846547,0.057799
3.73766,299.64,0.904961,0.057405,0.847556,0.057214
3.73806,299.67,0.905394,0.056829,0.848566,0.056638
3.73846,299.71,0.905838,0.056261,0.849578,0.056070
3.73886,299.74,0.906293,0.055701,0.850592,0.055510
3.73926,299.77,0.906757,0.055150,0.851607,0.054959
3.73966,299.80,0.907231,0.054607,0.852624,0.054416
3.74006,299.83,0.907715,0.054071,0.853643,0.053881
3.74046,299.87,0.908208,0.053544,0.854664,0.053354
3.74086,299.90,0.908711,0.053024,0.855687,0.052834
3.74126,299.93,0.909223,0.052512,0.856711,0.052322
3.74166,299.96,0.909744,0.052007,0.857737,0.051817
3.74206,299.99,0.910275,0.051510,0.858765,0.051320
3.74246,300.03,0.910814,0.051019,0.859794,0.050829
3.74286,300.06,0.911362,0.050536,0.860826,0.050346
3.74326,300.09,0.911918,0.050059,0.861859,0.049869
3.74366,300.12,0.912484,0.049589,0.862894,0.049400
3.74406,300.15,0.913057,0.049126,0.863931,0.048936
3.74446,300.19,0.913639,0.048669,0.864970,0.048479
3.74486,300.22,0.914229,0.048218,0.866010,0.048029
3.74526,300.25,0.914827,0.047774,0.867053,0.047585
3.74566,300.28,0.915433,0.047336,0.868097,0.047147
3.74606,300.31,0.916046,0.046904,0.869143,0.046714
3.74646,300.35,0.916668,0.046477,0.870191,0.046288
3.74686,300.38,0.917297,0.046057,0.871240,0.045868
3.74726,300.41,0.917934,0.045642,0.872292,0.045453
3.74766,300.44,0.918578,0.045233,0.873345,0.045044
3.74806,300.47,0.919229,0.044829,0.874400,0.044640
3.74846,300.51,0.919888,0.044430,0.875457,0.044242
3.74886,300.54,0.920553,0.044037,0.876516,0.043849
3.74926,300.57,0.921226,0.043649,0.877577,0.043461
3.74966,300.60,0.921906,0.043266,0.878639,0.043078
3.75006,300.64,0.922593,0.042889,0.879704,0.042700
3.75046,300.67,0.923286,0.042516,0.880770,0.042328
3.75086,300.70,0.923986,0.042148,0.881838,0.041960
3.75126,300.73,0.924693,0.041784,0.882909,0.041596
3.75166,300.76,0.925406,0.041426,0.883981,0.041238
3.75206,300.80,0.926126,0.041072,0.885054,0.040884
3.75246,300.83,0.926853,0.040722,0.886130,0.040535
3.75286,300.86,0.927585,0.040377,0.887208,0.040190
3.75326,300.89,0.928324,0.040037,0.888287,0.039849
3.75366,300.92,0.929069,0.039700,0.889369,0.039513
3.75406,300.96,0.929820,0.039368,0.890452,0.039181
3.75446,300.99,0.930578,0.039040,0.891538,0.038853
3.75486,301.02,0.931341,0.038716,0.892625,0.038529
3.75526,301.05,0.932110,0.038396,0.893714,0.038209
3.75566,301.08,0.932885,0.038080,0.894805,0.037893
3.75606,301.12,0.933666,0.037768,0.895898,0.037581
3.75646,301.15,0.934453,0.037460,0.896993,0.037273
3.75686,301.18,0.935246,0.037156,0.898090,0.036969
3.75726,301.21,0.936044,0.036855,0.899189,0.036668
3.75766,301.24,0.936847,0.036558,0.900290,0.036371
3.75806,301.28,0.937657,0.036264,0.901392,0.036078
3.75846,301.31,0.938471,0.035974,0.902497,0.035788
3.75886,301.34,0.939291,0.035688,0.903604,0.035501
3.75926,301.37,0.940117,0.035404,0.904713,0.035218
3.75966,301.40,0.940948,0.035125,0.905823,0.034939
3.76006,301.44,0.941784,0.034848,0.906936,0.034662
3.76046,301.47,0.942625,0.034575,0.908050,0.034389
3.76086,301.50,0.943472,0.034305,0.909167,0.034119
3.76126,301.53,0.944324,0.034038,0.910285,0.033852
3.76166,301.56,0.945181,0.033775,0.911406,0.033589
3.76206,301.60,0.946042,0.033514,0.912529,0.033328
3.76246,301.63,0.946909,0.033256,0.913653,0.033071
3.76286,301.66,0.947781,0.033002,0.914780,0.032816
3.76326,301.69,0.948658,0.032750,0.915908,0.032564
3.76366,301.73,0.949540,0.032501,0.917039,0.032316
3.76406,301.76,0.950426,0.032255,0.918172,0.032070
3.76446,301.79,0.951318,0.032012,0.919306,0.031826
3.76486,301.82,0.952214,0.031771,0.920443,0.031586
3.76526,301.85,0.953115,0.031533,0.921582,0.031348
3.76566,301.89,0.954021,0.031298,0.922722,0.031113
3.76606,301.92,0.954931,0.031066,0.923865,0.030881
3.76646,301.95,0.955846,0.030836,0.925010,0.030651
3.76686,301.98,0.956765,0.030608,0.926157,0.030424
3.76726,302.01,0.957689,0.030383,0.927306,0.030199
3.76766,302.05,0.958618,0.030161,0.928457,0.029977
3.76806,302.08,0.959551,0.029941,0.929610,0.029757
3.76846,302.11,0.960489,0.029723,0.930766,0.029539
3.76886,302.14,0.961431,0.029508,0.931923,0.029324
3.76926,302.17,0.962378,0.029295,0.933082,0.029111
3.76966,302.21,0.963329,0.029085,0.934244,0.028901
3.77006,302.24,0.964284,0.028877,0.935407,0.028693
3.77046,302.27,0.965243,0.028671,0.936573,0.028487
3.77086,302.30,0.966207,0.028467,0.937741,0.028283
3.77126,302.33,0.967176,0.028265,0.938911,0.028082
3.77166,302.37,0.968148,0.028066,0.940083,0.027882
3.77206,302.40,0.969125,0.027868,0.941257,0.027685
3.77246,302.43,0.970106,0.027673,0.942433,0.027490
3.77286,302.46,0.971091,0.027480,0.943611,0.027296
3.77326,302.49,0.972080,0.027288,0.944792,0.027105
3.77366,302.53,0.973074,0.027099,0.945974,0.026916
3.77406,302.56,0.974071,0.026912,0.947159,0.026729
3.77446,302.59,0.975073,0.026726,0.948346,0.026544
3.77486,302.62,0.976078,0.026543,0.949535,0.026360
3.77526,302.66,0.977088,0.026362,0.950727,0.026179
3.77566,302.69,0.978102,0.026182,0.951920,0.025999
3.77606,302.72,0.979120,0.026004,0.953116,0.025821
3.77646,302.75,0.980141,0.025828,0.954313,0.025646
3.77686,302.78,0.981167,0.025654,0.955513,0.025471
3.77726,302.82,0.982197,0.025481,0.956715,0.025299
3.77766,302.85,0.983230,0.025311,0.957920,0.025128
3.77806,302.88,0.984268,0.025142,0.959126,0.024959
3.77846,302.91,0.985309,0.024974,0.960335,0.024792
3.77886,302.94,0.986354,0.024809,0.961546,0.024627
3.77926,302.98,0.987403,0.024645,0.962759,0.024463
3.77966,303.01,0.988456,0.024482,0.963974,0.024300
3.78006,303.04,0.989513,0.024321,0.965192,0.024140
3.78046,303.07,0.990574,0.024162,0.966412,0.023981
3.78086,303.10,0.991638,0.024005,0.967634,0.023823
3.78126,303.14,0.992706,0.023849,0.968858,0.023667
3.78166,303.17,0.993778,0.023694,0.970084,0.023513
3.78206,303.20,0.994854,0.023541,0.971313,0.023360
3.78246,303.23,0.995934,0.023389,0.972544,0.023208
3.78286,303.26,0.997017,0.023239,0.973777,0.023058
3.78326,303.30,0.998104,0.023091,0.975013,0.022910
3.78366,303.33,0.999194,0.022944,0.976251,0.022763
3.78406,303.36,1.000288,0.022798,0.977491,0.022617
3.78446,303.39,1.001386,0.022653,0.978733,0.022473
3.78486,303.42,1.002488,0.022510,0.979978,0.022330
3.78526,303.46,1.003593,0.022369,0.981225,0.022188
3.78566,303.49,1.004702,0.022228,0.982474,0.022048
3.78606,303.52,1.005814,0.022089,0.983725,0.021909
3.78646,303.55,1.006931,0.021952,0.984979,0.021771
3.78686,303.59,1.008050,0.021815,0.986235,0.021635
3.78726,303.62,1.009174,0.021680,0.987494,0.021500
3.78766,303.65,1.010300,0.021546,0.988754,0.021366
3.78806,303.68,1.011431,0.021413,0.990017,0.021233
3.78846,303.71,1.012565,0.021282,0.991283,0.021102
3.78886,303.75,1.013702,0.021152,0.992551,0.020972
3.78926,303.78,1.014844,0.021023,0.993821,0.020843
3.78966,303.81,1.015988,0.020895,0.995093,0.020715
3.79006,303.84,1.017136,0.020768,0.996368,0.020589
3.79046,303.87,1.018288,0.020643,0.997645,0.020463
3.79086,303.91,1.019443,0.020518,0.998925,0.020339
3.79126,303.94,1.020602,0.020395,1.000207,0.020216
3.79166,303.97,1.021764,0.020273,1.001491,0.020094
3.79206,304.00,1.022930,0.020152,1.002778,0.019973
3.79246,304.03,1.024099,0.020032,1.004067,0.019853
3.79286,304.07,1.025271,0.019913,1.005358,0.019734
3.79326,304.10,1.026447,0.019796,1.006652,0.019617
3.79366,304.13,1.027627,0.019679,1.007948,0.019500
3.79406,304.16,1.028810,0.019563,1.009247,0.019384
3.79446,304.19,1.029996,0.019448,1.010548,0.019270
3.79486,304.23,1.031186,0.019335,1.011851,0.019156
3.79526,304.26,1.032379,0.019222,1.013157,0.019044
3.79566,304.29,1.033576,0.019110,1.014466,0.018932
3.79606,304.32,1.034776,0.019000,1.015777,0.018821
3.79646,304.35,1.035980,0.018890,1.017090,0.018712
3.79686,304.39,1.037187,0.018781,1.018405,0.018603
3.79726,304.42,1.038397,0.018673,1.019724,0.018495
3.79766,304.45,1.039611,0.018566,1.021044,0.018388
3.79806,304.48,1.040828,0.018460,1.022367,0.018282
3.79846,304.52,1.042048,0.018355,1.023693,0.018177
3.79886,304.55,1.043272,0.018251,1.025021,0.018073
3.79926,304.58,1.044499,0.018148,1.026352,0.017970
3.79966,304.61,1.045730,0.018045,1.027685,0.017868
3.80006,304.64,1.046964,0.017944,1.029020,0.017766
3.80046,304.68,1.048201,0.017843,1.030358,0.017666
3.80086,304.71,1.049442,0.017743,1.031699,0.017566
3.80126,304.74,1.050686,0.017644,1.033042,0.017467
3.80166,304.77,1.051934,0.017546,1.034387,0.017369
3.80206,304.80,1.053184,0.017449,1.035736,0.017272
3.80246,304.84,1.054438,0.017352,1.037086,0.017175
3.80286,304.87,1.055696,0.017257,1.038439,0.017080
3.80326,304.90,1.056957,0.017162,1.039795,0.016985
3.80366,304.93,1.058221,0.017068,1.041153,0.016891
3.80406,304.96,1.059488,0.016974,1.042514,0.016798
3.80446,305.00,1.060759,0.016882,1.043878,0.016705
3.80486,305.03,1.062033,0.016790,1.045244,0.016613
3.80526,305.06,1.063311,0.016699,1.046612,0.016522
3.80566,305.09,1.064592,0.016608,1.047983,0.016432
3.80606,305.12,1.065876,0.016519,1.049357,0.016343
3.80646,305.16,1.067163,0.016430,1.050734,0.016254
3.80686,305.19,1.068454,0.016342,1.052113,0.016166
3.80726,305.22,1.069748,0.016254,1.053494,0.016078
3.80766,305.25,1.071046,0.016168,1.054878,0.015992
3.80806,305.28,1.072347,0.016082,1.056265,0.015906
3.80846,305.32,1.073651,0.015996,1.057654,0.015820
3.80886,305.35,1.074958,0.015912,1.059047,0.015736
3.80926,305.38,1.076269,0.015828,1.060441,0.015652
3.80966,305.41,1.077583,0.015744,1.061839,0.015569
3.81006,305.45,1.078900,0.015662,1.063239,0.015486
3.81046,305.48,1.080221,0.015580,1.064641,0.015404
3.81086,305.51,1.081545,0.015498,1.066047,0.015323
3.81126,305.54,1.082872,0.015418,1.067455,0.015242
3.81166,305.57,1.084203,0.015338,1.068865,0.015162
3.81206,305.61,1.085537,0.015258,1.070279,0.015083
3.81246,305.64,1.086874,0.015179,1.071695,0.015004
3.81286,305.67,1.088215,0.015101,1.073114,0.014926
3.81326,305.70,1.089558,0.015023,1.074535,0.014849
3.81366,305.73,1.090906,0.014946,1.075959,0.014772
3.81406,305.77,1.092256,0.014870,1.077386,0.014695
3.81446,305.80,1.093610,0.014794,1.078816,0.014620
3.81486,305.83,1.094967,0.014719,1.080248,0.014545
3.81526,305.86,1.096328,0.014644,1.081683,0.014470
3.81566,305.89,1.097691,0.014570,1.083121,0.014396
3.81606,305.93,1.099058,0.014497,1.084562,0.014323
3.81646,305.96,1.100429,0.014424,1.086005,0.014250
3.81686,305.99,1.101803,0.014351,1.087451,0.014177
3.81726,306.02,1.103180,0.014280,1.088900,0.014106
3.81766,306.05,1.104560,0.014208,1.090352,0.014034
3.81806,306.09,1.105944,0.014137,1.091806,0.013964
3.81846,306.12,1.107331,0.014067,1.093263,0.013893
3.81886,306.15,1.108721,0.013997,1.094724,0.013824
3.81926,306.18,1.110115,0.013928,1.096186,0.013755
3.81966,306.21,1.111512,0.013860,1.097652,0.013686
3.82006,306.25,1.112912,0.013791,1.099121,0.013618
3.82046,306.28,1.114316,0.013724,1.100592,0.013550
3.82086,306.31,1.115723,0.013657,1.102066,0.013483
3.82126,306.34,1.117133,0.013590,1.103543,0.013417
3.82166,306.38,1.118547,0.013524,1.105023,0.013351
3.82206,306.41,1.119964,0.013458,1.106506,0.013285
3.82246,306.44,1.121384,0.013393,1.107991,0.013220
3.82286,306.47,1.122808,0.013328,1.109480,0.013155
3.82326,306.50,1.124235,0.013264,1.110971,0.013091
3.82366,306.54,1.125665,0.013200,1.112465,0.013027
3.82406,306.57,1.127099,0.013137,1.113962,0.012964
3.82446,306.60,1.128536,0.013074,1.115462,0.012901
3.82486,306.63,1.129977,0.013012,1.116965,0.012839
3.82526,306.66,1.131421,0.012950,1.118471,0.012777
3.82566,306.70,1.132868,0.012888,1.119980,0.012716
3.82606,306.73,1.134318,0.012827,1.121491,0.012655
3.82646,306.76,1.135772,0.012766,1.123006,0.012594
3.82686,306.79,1.137230,0.012706,1.124523,0.012534
3.82726,306.82,1.138690,0.012646,1.126044,0.012474
3.82766,306.86,1.140154,0.012587,1.127567,0.012415
3.82806,306.89,1.141622,0.012528,1.129094,0.012356
3.82846,306.92,1.143093,0.012470,1.130623,0.012298
3.82886,306.95,1.144567,0.012412,1.132155,0.012240
3.82926,306.98,1.146045,0.012354,1.133691,0.012182
3.82966,307.02,1.147526,0.012297,1.135229,0.012125
3.83006,307.05,1.149010,0.012240,1.136770,0.012068
3.83046,307.08,1.150498,0.012183,1.138315,0.012012
3.83086,307.11,1.151989,0.012127,1.139862,0.011956
3.83126,307.14,1.153484,0.012071,1.141412,0.011900
3.83166,307.18,1.154982,0.012016,1.142966,0.011845
3.83206,307.21,1.156483,0.011961,1.144522,0.011790
3.83246,307.24,1.157988,0.011907,1.146082,0.011736
3.83286,307.27,1.159497,0.011852,1.147644,0.011682
3.83326,307.31,1.161008,0.011799,1.149210,0.011628
3.83366,307.34,1.162523,0.011745,1.150778,0.011575
3.83406,307.37,1.164042,0.011692,1.152350,0.011522
3.83446,307.40,1.165564,0.011640,1.153925,0.011469
3.83486,307.43,1.167090,0.011587,1.155503,0.011417
3.83526,307.47,1.168619,0.011535,1.157084,0.011365
3.83566,307.50,1.170151,0.011484,1.158668,0.011313
3.83606,307.53,1.171687,0.011432,1.160255,0.011262
3.83646,307.56,1.173227,0.011381,1.161845,0.011211
3.83686,307.59,1.174769,0.011331,1.163439,0.011161
3.83726,307.63,1.176316,0.011281,1.165035,0.011110
3.83766,307.66,1.177866,0.011231,1.166635,0.011061
3.83806,307.69,1.179419,0.011181,1.168238,0.011011
3.83846,307.72,1.180976,0.011132,1.169844,0.010962
3.83886,307.75,1.182536,0.011083,1.171453,0.010913
3.83926,307.79,1.184100,0.011034,1.173065,0.010865
3.83966,307.82,1.185667,0.010986,1.174681,0.010816
3.84006,307.85,1.187238,0.010938,1.176300,0.010769
3.84046,307.88,1.188812,0.010890,1.177922,0.010721
3.84086,307.91,1.190390,0.010843,1.179547,0.010674
3.84126,307.95,1.191971,0.010796,1.181175,0.010627
3.84166,307.98,1.193556,0.010749,1.182807,0.010580
3.84206,308.01,1.195145,0.010703,1.184442,0.010534
3.84246,308.04,1.196737,0.010657,1.186080,0.010488
3.84286,308.07,1.198332,0.010611,1.187721,0.010442
3.84326,308.11,1.199931,0.010566,1.189366,0.010397
3.84366,308.14,1.201534,0.010520,1.191013,0.010352
3.84406,308.17,1.203140,0.010475,1.192665,0.010307
3.84446,308.20,1.204750,0.010431,1.194319,0.010262
3.84486,308.24,1.206363,0.010387,1.195977,0.010218
3.84526,308.27,1.207980,0.010343,1.197638,0.010174
3.84566,308.30,1.209601,0.010299,1.199302,0.010130
3.84606,308.33,1.211225,0.010255,1.200969,0.010087
3.84646,308.36,1.212852,0.010212,1.202640,0.010044
3.84686,308.40,1.214484,0.010169,1.204315,0.010001
3.84726,308.43,1.216119,0.010127,1.205992,0.009958
3.84766,308.46,1.217757,0.010084,1.207673,0.009916
3.84806,308.49,1.219399,0.010042,1.209357,0.009874
3.84846,308.52,1.221045,0.010000,1.211045,0.009832
3.84886,308.56,1.222695,0.009959,1.212736,0.009791
3.84926,308.59,1.224348,0.009917,1.214431,0.009750
3.84966,308.62,1.226005,0.009876,1.216128,0.009709
3.85006,308.65,1.227665,0.009835,1.217830,0.009668
3.85046,308.68,1.229329,0.009795,1.219534,0.009627
3.85086,308.72,1.230997,0.009755,1.221242,0.009587
3.85126,308.75,1.232668,0.009715,1.222954,0.009547
3.85166,308.78,1.234343,0.009675,1.224668,0.009507
3.85206,308.81,1.236022,0.009635,1.226387,0.009468
3.85246,308.84,1.237704,0.009596,1.228109,0.009429
3.85286,308.88,1.239391,0.009557,1.229834,0.009390
3.85326,308.91,1.241080,0.009518,1.231562,0.009351
3.85366,308.94,1.242774,0.009479,1.233295,0.009313
3.85406,308.97,1.244471,0.009441,1.235030,0.009274
3.85446,309.00,1.246172,0.009403,1.236769,0.009236
3.85486,309.04,1.247877,0.009365,1.238512,0.009198
3.85526,309.07,1.249586,0.009328,1.240258,0.009161
3.85566,309.10,1.251298,0.009290,1.242008,0.009124
3.85606,309.13,1.253014,0.009253,1.243761,0.009086
3.85646,309.17,1.254734,0.009216,1.245518,0.009050
3.85686,309.20,1.256457,0.009179,1.247278,0.009013
3.85726,309.23,1.258185,0.009143,1.249042,0.008977
3.85766,309.26,1.259916,0.009106,1.250809,0.008940
3.85806,309.29,1.261651,0.009070,1.252580,0.008904
3.85846,309.33,1.263390,0.009035,1.254355,0.008869
3.85886,309.36,1.265132,0.008999,1.256133,0.008833
3.85926,309.39,1.266878,0.008963,1.257915,0.008798
3.85966,309.42,1.268629,0.008928,1.259700,0.008762
3.86006,309.45,1.270383,0.008893,1.261489,0.008728
3.86046,309.49,1.272140,0.008858,1.263282,0.008693
3.86086,309.52,1.273902,0.008824,1.265078,0.008658
3.86126,309.55,1.275668,0.008790,1.266878,0.008624
3.86166,309.58,1.277437,0.008755,1.268682,0.008590
3.86206,309.61,1.279210,0.008721,1.270489,0.008556
3.86246,309.65,1.280987,0.008688,1.272300,0.008522
3.86286,309.68,1.282768,0.008654,1.274114,0.008489
3.86326,309.71,1.284553,0.008621,1.275933,0.008455
3.86366,309.74,1.286342,0.008587,1.277755,0.008422
3.86406,309.77,1.288135,0.008554,1.279581,0.008389
3.86446,309.81,1.289932,0.008522,1.281410,0.008357
3.86486,309.84,1.291732,0.008489,1.283243,0.008324
3.86526,309.87,1.293537,0.008457,1.285080,0.008292
3.86566,309.90,1.295345,0.008424,1.286921,0.008260
3.86606,309.93,1.297158,0.008392,1.288765,0.008228
3.86646,309.97,1.298974,0.008360,1.290613,0.008196
3.86686,310.00,1.300794,0.008329,1.292465,0.008164
3.86726,310.03,1.302618,0.008297,1.294321,0.008133
3.86766,310.06,1.304447,0.008266,1.296181,0.008102
3.86806,310.09,1.306279,0.008235,1.298044,0.008071
3.86846,310.13,1.308115,0.008204,1.299911,0.008040
3.86886,310.16,1.309956,0.008173,1.301782,0.008009
3.86926,310.19,1.311800,0.008143,1.303657,0.007979
3.86966,310.22,1.313648,0.008112,1.305536,0.007948
3.87006,310.26,1.315500,0.008082,1.307419,0.007918
3.87046,310.29,1.317357,0.008052,1.309305,0.007888
3.87086,310.32,1.319217,0.008022,1.311195,0.007858
3.87126,310.35,1.321082,0.007992,1.313090,0.007828
3.87166,310.38,1.322950,0.007963,1.314988,0.007799
3.87206,310.42,1.324823,0.007933,1.316890,0.007770
3.87246,310.45,1.326700,0.007904,1.318796,0.007740
3.87286,310.48,1.328581,0.007875,1.320706,0.007711
3.87326,310.51,1.330465,0.007846,1.322620,0.007683
3.87366,310.54,1.332355,0.007817,1.324537,0.007654
3.87406,310.58,1.334248,0.007789,1.326459,0.007625
3.87446,310.61,1.336145,0.007760,1.328385,0.007597
3.87486,310.64,1.338046,0.007732,1.330315,0.007569
3.87526,310.67,1.339952,0.007704,1.332248,0.007541
3.87566,310.70,1.341862,0.007676,1.334186,0.007513
3.87606,310.74,1.343776,0.007648,1.336128,0.007485
3.87646,310.77,1.345694,0.007620,1.338073,0.007458
3.87686,310.80,1.347616,0.007593,1.340023,0.007430
3.87726,310.83,1.349542,0.007565,1.341977,0.007403
3.87766,310.86,1.351473,0.007538,1.343935,0.007376
3.87806,310.90,1.353408,0.007511,1.345897,0.007349
3.87846,310.93,1.355347,0.007484,1.347863,0.007322
3.87886,310.96,1.357290,0.007457,1.349833,0.007295
3.87926,310.99,1.359238,0.007431,1.351807,0.007269
3.87966,311.02,1.361190,0.007404,1.353785,0.007242
3.88006,311.06,1.363146,0.007378,1.355768,0.007216
3.88046,311.09,1.365106,0.007352,1.357754,0.007190
3.88086,311.12,1.367071,0.007326,1.359745,0.007164
3.88126,311.15,1.369040,0.007300,1.361740,0.007138
3.88166,311.19,1.371013,0.007274,1.363739,0.007112
3.88206,311.22,1.372991,0.007249,1.365742,0.007087
3.88246,311.25,1.374973,0.007223,1.367749,0.007061
3.88286,311.28,1.376959,0.007198,1.369761,0.007036
3.88326,311.31,1.378949,0.007172,1.371777,0.007011
3.88366,311.35,1.380944,0.007147,1.373797,0.006986
3.88406,311.38,1.382943,0.007122,1.375821,0.006961
3.88446,311.41,1.384947,0.007098,1.377849,0.006936
3.88486,311.44,1.386955,0.007073,1.379882,0.006912
3.88526,311.47,1.388967,0.007048,1.381919,0.006887
3.88566,311.51,1.390984,0.007024,1.383960,0.006863
3.88606,311.54,1.393005,0.007000,1.386006,0.006839
3.88646,311.57,1.395031,0.006975,1.388056,0.006815
3.88686,311.60,1.397061,0.006951,1.390110,0.006791
3.88726,311.63,1.399096,0.006928,1.392168,0.006767
3.88766,311.67,1.401135,0.006904,1.394231,0.006743
3.88806,311.70,1.403178,0.006880,1.396298,0.006719
3.88846,311.73,1.405226,0.006857,1.398369,0.006696
3.88886,311.76,1.407278,0.006833,1.400445,0.006673
3.88926,311.79,1.409335,0.006810,1.402525,0.006649
3.88966,311.83,1.411397,0.006787,1.404610,0.006626
3.89006,311.86,1.413463,0.006764,1.406699,0.006603
3.89046,311.89,1.415533,0.006741,1.408792,0.006580
3.89086,311.92,1.417608,0.006718,1.410890,0.006558
3.89126,311.95,1.419688,0.006695,1.412992,0.006535
3.89166,311.99,1.421772,0.006673,1.415099,0.006513
3.89206,312.02,1.423860,0.006650,1.417210,0.006490
3.89246,312.05,1.425954,0.006628,1.419326,0.006468
3.89286,312.08,1.428051,0.006606,1.421446,0.006446
3.89326,312.12,1.430154,0.006583,1.423570,0.006424
3.89366,312.15,1.432261,0.006561,1.425699,0.006402
3.89406,312.18,1.434373,0.006539,1.427833,0.006380
3.89446,312.21,1.436489,0.006518,1.429971,0.006358
3.89486,312.24,1.438610,0.006496,1.432114,0.006337
3.89526,312.28,1.440735,0.006474,1.434261,0.006315
3.89566,312.31,1.442866,0.006453,1.436413,0.006294
3.89606,312.34,1.445001,0.006432,1.438569,0.006272
3.89646,312.37,1.447140,0.006410,1.440730,0.006251
3.89686,312.40,1.449285,0.006389,1.442895,0.006230
3.89726,312.44,1.451434,0.006368,1.445066,0.006209
3.89766,312.47,1.453588,0.006347,1.447240,0.006188
3.89806,312.50,1.455746,0.006327,1.449420,0.006168
3.89846,312.53,1.457910,0.006306,1.451604,0.006147
3.89886,312.56,1.460078,0.006285,1.453792,0.006126
3.89926,312.60,1.462251,0.006265,1.455986,0.006106
3.89966,312.63,1.464428,0.006244,1.458184,0.006086
3.90007,312.66,1.466611,0.006224,1.460387,0.006065
3.90047,312.69,1.468798,0.006204,1.462594,0.006045
3.90087,312.72,1.470990,0.006184,1.464806,0.006025
3.90127,312.76,1.473187,0.006164,1.467023,0.006005
3.90167,312.79,1.475389,0.006144,1.469245,0.005986
3.90207,312.82,1.477595,0.006124,1.471471,0.005966
3.90247,312.85,1.479807,0.006104,1.473702,0.005946
3.90287,312.88,1.482023,0.006085,1.475938,0.005927
3.90327,312.92,1.484244,0.006065,1.478179,0.005907
3.90367,312.95,1.486470,0.006046,1.480425,0.005888
3.90407,312.98,1.488702,0.006026,1.482675,0.005869
3.90447,313.01,1.490938,0.006007,1.484930,0.005849
3.90487,313.05,1.493179,0.005988,1.487191,0.005830
3.90527,313.08,1.495424,0.005969,1.489455,0.005811
3.90567,313.11,1.497675,0.005950,1.491725,0.005792
3.90607,313.14,1.499931,0.005931,1.494000,0.005774
3.90647,313.17,1.502192,0.005912,1.496280,0.005755
3.90687,313.21,1.504458,0.005894,1.498564,0.005736
3.90727,313.24,1.506729,0.005875,1.500854,0.005718
3.90767,313.27,1.509005,0.005857,1.503148,0.005699
3.90807,313.30,1.511286,0.005838,1.505447,0.005681
3.90847,313.33,1.513572,0.005820,1.507752,0.005663
3.90887,313.37,1.515863,0.005802,1.510061,0.005645
3.90927,313.40,1.518159,0.005784,1.512375,0.005627
3.90967,313.43,1.520460,0.005765,1.514695,0.005609
3.91007,313.46,1.522767,0.005747,1.517019,0.005591
3.91047,313.49,1.525078,0.005730,1.519348,0.005573
3.91087,313.53,1.527395,0.005712,1.521683,0.005555
3.91127,313.56,1.529716,0.005694,1.524022,0.005538
3.91167,313.59,1.532043,0.005676,1.526367,0.005520
3.91207,313.62,1.534375,0.005659,1.528716,0.005502
3.91247,313.65,1.536713,0.005641,1.531071,0.005485
3.91287,313.69,1.539055,0.005624,1.533431,0.005468
3.91327,313.72,1.541403,0.005607,1.535796,0.005451
3.91367,313.75,1.543756,0.005590,1.538166,0.005433
3.91407,313.78,1.546114,0.005572,1.540541,0.005416
3.91447,313.81,1.548477,0.005555,1.542922,0.005399
3.91487,313.85,1.550846,0.005538,1.545308,0.005382
3.91527,313.88,1.553220,0.005521,1.547698,0.005366
3.91567,313.91,1.555599,0.005505,1.550094,0.005349
3.91607,313.94,1.557984,0.005488,1.552496,0.005332
3.91647,313.98,1.560374,0.005471,1.554902,0.005316
3.91687,314.01,1.562769,0.005455,1.557314,0.005299
3.91727,314.04,1.565169,0.005438,1.559731,0.005283
3.91767,314.07,1.567575,0.005422,1.562153,0.005266
3.91807,314.10,1.569986,0.005405,1.564581,0.005250
3.91847,314.14,1.572403,0.005389,1.567014,0.005234
3.91887,314.17,1.574825,0.005373,1.569452,0.005218
3.91927,314.20,1.577253,0.005357,1.571896,0.005201
3.91967,314.23,1.579686,0.005341,1.574345,0.005185
3.92007,314.26,1.582124,0.005325,1.576799,0.005170
3.92047,314.30,1.584568,0.005309,1.579259,0.005154
3.92087,314.33,1.587017,0.005293,1.581724,0.005138
3.92127,314.36,1.589472,0.005277,1.584195,0.005122
3.92167,314.39,1.591932,0.005261,1.586671,0.005107
3.92207,314.42,1.594398,0.005246,1.589152,0.005091
3.92247,314.46,1.596869,0.005230,1.591639,0.005076
3.92287,314.49,1.599346,0.005215,1.594131,0.005060
3.92327,314.52,1.601828,0.005199,1.596629,0.005045
3.92367,314.55,1.604316,0.005184,1.599132,0.005030
3.92407,314.58,1.606810,0.005169,1.601641,0.005014
3.92447,314.62,1.609309,0.005154,1.604156,0.004999
3.92487,314.65,1.611814,0.005138,1.606675,0.004984
3.92527,314.68,1.614324,0.005123,1.609201,0.004969
3.92567,314.71,1.616840,0.005108,1.611732,0.004954
3.92607,314.74,1.619362,0.005093,1.614269,0.004939
3.92647,314.78,1.621890,0.005079,1.616811,0.004925
3.92687,314.81,1.624423,0.005064,1.619359,0.004910
3.92727,314.84,1.626961,0.005049,1.621912,0.004895
3.92767,314.87,1.629506,0.005034,1.624472,0.004881
3.92807,314.91,1.632056,0.005020,1.627036,0.004866
3.92847,314.94,1.634612,0.005005,1.629607,0.004852
3.92887,314.97,1.637174,0.004991,1.632183,0.004837
3.92927,315.00,1.639741,0.004976,1.634765,0.004823
3.92967,315.03,1.642315,0.004962,1.637353,0.004808
3.93007,315.07,1.644894,0.004948,1.639946,0.004794
3.93047,315.10,1.647479,0.004933,1.642545,0.004780
3.93087,315.13,1.650070,0.004919,1.645150,0.004766
3.93127,315.16,1.652666,0.004905,1.647761,0.004752
3.93167,315.19,1.655269,0.004891,1.650378,0.004738
3.93207,315.23,1.657877,0.004877,1.653000,0.004724
3.93247,315.26,1.660492,0.004863,1.655628,0.004710
3.93287,315.29,1.663112,0.004849,1.658262,0.004696
3.93327,315.32,1.665738,0.004836,1.660902,0.004683
3.93367,315.35,1.668370,0.004822,1.663548,0.004669
3.93407,315.39,1.671008,0.004808,1.666200,0.004655
3.93447,315.42,1.673652,0.004795,1.668858,0.004642
3.93487,315.45,1.676302,0.004781,1.671521,0.004628
3.93527,315.48,1.678959,0.004768,1.674191,0.004615
3.93567,315.51,1.681621,0.004754,1.676867,0.004602
3.93607,315.55,1.684289,0.004741,1.679548,0.004588
3.93647,315.58,1.686963,0.004727,1.682236,0.004575
3.93687,315.61,1.689643,0.004714,1.684929,0.004562
3.93727,315.64,1.692330,0.004701,1.687629,0.004549
3.93767,315.67,1.695022,0.004688,1.690334,0.004536
3.93807,315.71,1.697721,0.004675,1.693046,0.004523
3.93847,315.74,1.700426,0.004662,1.695764,0.004510
3.93887,315.77,1.703137,0.004649,1.698488,0.004497
3.93927,315.80,1.705854,0.004636,1.701218,0.004484
3.93967,315.84,1.708577,0.004623,1.703954,0.004471
3.94007,315.87,1.711306,0.004610,1.706696,0.004458
3.94047,315.90,1.714042,0.004597,1.709445,0.004446
3.94087,315.93,1.716784,0.004585,1.712199,0.004433
3.94127,315.96,1.719532,0.004572,1.714960,0.004420
3.94167,316.00,1.722287,0.004559,1.717727,0.004408
3.94207,316.03,1.725048,0.004547,1.720501,0.004395
3.94247,316.06,1.727815,0.004534,1.723280,0.004383
3.94287,316.09,1.730588,0.004522,1.726066,0.004371
3.94327,316.12,1.733368,0.004510,1.728858,0.004358
3.94367,316.16,1.736154,0.004497,1.731657,0.004346
3.94407,316.19,1.738947,0.004485,1.734462,0.004334
3.94447,316.22,1.741745,0.004473,1.737273,0.004322
3.94487,316.25,1.744551,0.004461,1.740090,0.004310
3.94527,316.28,1.747363,0.004448,1.742914,0.004297
3.94567,316.32,1.750181,0.004436,1.745744,0.004285
3.94607,316.35,1.753005,0.004424,1.748581,0.004274
3.94647,316.38,1.755836,0.004412,1.751424,0.004262
3.94687,316.41,1.758674,0.004400,1.754274,0.004250
3.94727,316.44,1.761518,0.004389,1.757130,0.004238
3.94767,316.48,1.764369,0.004377,1.759992,0.004226
3.94807,316.51,1.767226,0.004365,1.762861,0.004214
3.94847,316.54,1.770090,0.004353,1.765737,0.004203
3.94887,316.57,1.772960,0.004341,1.768619,0.004191
3.94927,316.60,1.775837,0.004330,1.771507,0.004180
3.94967,316.64,1.778721,0.004318,1.774403,0.004168
3.95007,316.67,1.781611,0.004307,1.777304,0.004157
3.95047,316.70,1.784508,0.004295,1.780213,0.004145
3.95087,316.73,1.787411,0.004284,1.783128,0.004134
3.95127,316.77,1.790322,0.004272,1.786049,0.004122
3.95167,316.80,1.793239,0.004261,1.788978,0.004111
3.95207,316.83,1.796162,0.004250,1.791913,0.004100
3.95247,316.86,1.799093,0.004238,1.794854,0.004089
3.95287,316.89,1.802030,0.004227,1.797803,0.004078
3.95327,316.93,1.804974,0.004216,1.800758,0.004066
3.95367,316.96,1.807925,0.004205,1.803720,0.004055
3.95407,316.99,1.810882,0.004194,1.806689,0.004044
3.95447,317.02,1.813847,0.004183,1.809664,0.004033
3.95487,317.05,1.816818,0.004172,1.812646,0.004022
3.95527,317.09,1.819796,0.004161,1.815635,0.004012
3.95567,317.12,1.822781,0.004150,1.818631,0.004001
3.95607,317.15,1.825773,0.004139,1.821634,0.003990
3.95647,317.18,1.828772,0.004128,1.824644,0.003979
3.95687,317.21,1.831778,0.004118,1.827661,0.003969
3.95727,317.25,1.834791,0.004107,1.830684,0.003958
3.95767,317.28,1.837811,0.004096,1.833715,0.003947
3.95807,317.31,1.840838,0.004086,1.836752,0.003937
3.95847,317.34,1.843872,0.004075,1.839797,0.003926
3.95887,317.37,1.846913,0.004064,1.842848,0.003916
3.95927,317.41,1.849961,0.004054,1.845907,0.003905
3.95967,317.44,1.853016,0.004043,1.848972,0.003895
3.96007,317.47,1.856078,0.004033,1.852045,0.003884
3.96047,317.50,1.859147,0.004023,1.855125,0.003874
3.96087,317.53,1.862224,0.004012,1.858211,0.003864
3.96127,317.57,1.865307,0.004002,1.861305,0.003854
3.96167,317.60,1.868398,0.003992,1.864406,0.003843
3.96207,317.63,1.871496,0.003981,1.867515,0.003833
3.96247,317.66,1.874601,0.003971,1.870630,0.003823
3.96287,317.70,1.877714,0.003961,1.873753,0.003813
3.96327,317.73,1.880834,0.003951,1.876883,0.003803
3.96367,317.76,1.883961,0.003941,1.880020,0.003793
3.96407,317.79,1.887095,0.003931,1.883164,0.003783
3.96447,317.82,1.890237,0.003921,1.886316,0.003773
3.96487,317.86,1.893386,0.003911,1.889475,0.003763
3.96527,317.89,1.896542,0.003901,1.892641,0.003753
3.96567,317.92,1.899706,0.003891,1.895814,0.003744
3.96607,317.95,1.902877,0.003881,1.898995,0.003734
3.96647,317.98,1.906055,0.003872,1.902184,0.003724
3.96687,318.02,1.909241,0.003862,1.905380,0.003714
3.96727,318.05,1.912435,0.003852,1.908583,0.003705
3.96767,318.08,1.915636,0.003842,1.911793,0.003695
3.96807,318.11,1.918844,0.003833,1.915011,0.003685
3.96847,318.14,1.922060,0.003823,1.918237,0.003676
3.96887,318.18,1.925284,0.003814,1.921470,0.003666
3.96927,318.21,1.928515,0.003804,1.924711,0.003657
3.96967,318.24,1.931753,0.003795,1.927959,0.003648
3.97007,318.27,1.935000,0.003785,1.931215,0.003638
3.97047,318.30,1.938254,0.003776,1.934478,0.003629
3.97087,318.34,1.941515,0.003766,1.937749,0.003619
3.97127,318.37,1.944785,0.003757,1.941028,0.003610
3.97167,318.40,1.948061,0.003748,1.944314,0.003601
3.97207,318.43,1.951346,0.003738,1.947608,0.003592
3.97247,318.46,1.954638,0.003729,1.950909,0.003582
3.97287,318.50,1.957939,0.003720,1.954219,0.003573
3.97327,318.53,1.961247,0.003711,1.957536,0.003564
3.97367,318.56,1.964562,0.003702,1.960861,0.003555
3.97407,318.59,1.967886,0.003692,1.964193,0.003546
3.97447,318.63,1.971217,0.003683,1.967534,0.003537
3.97487,318.66,1.974556,0.003674,1.970882,0.003528
3.97527,318.69,1.977904,0.003665,1.974238,0.003519
3.97567,318.72,1.981259,0.003656,1.977602,0.003510
3.97607,318.75,1.984622,0.003647,1.980974,0.003501
3.97647,318.79,1.987993,0.003639,1.984354,0.003493
3.97687,318.82,1.991372,0.003630,1.987742,0.003484
3.97727,318.85,1.994758,0.003621,1.991138,0.003475
3.97767,318.88,1.998153,0.003612,1.994541,0.003466
3.97807,318.91,2.001556,0.003603,1.997953,0.003458
3.97847,318.95,2.004967,0.003595,2.001373,0.003449
3.97887,318.98,2.008386,0.003586,2.004801,0.003440
3.97927,319.01,2.011814,0.003577,2.008236,0.003432
3.97967,319.04,2.015249,0.003569,2.011680,0.003423
3.98007,319.07,2.018693,0.003560,2.015133,0.003415
3.98047,319.11,2.022144,0.003551,2.018593,0.003406
3.98087,319.14,2.025604,0.003543,2.022061,0.003398
3.98127,319.17,2.029072,0.003534,2.025538,0.003389
3.98167,319.20,2.032549,0.003526,2.029023,0.003381
3.98207,319.23,2.036033,0.003517,2.032516,0.003372
3.98247,319.27,2.039526,0.003509,2.036017,0.003364
3.98287,319.30,2.043027,0.003501,2.039527,0.003356
3.98327,319.33,2.046537,0.003492,2.043045,0.003347
3.98367,319.36,2.050055,0.003484,2.046571,0.003339
3.98407,319.39,2.053581,0.003476,2.050105,0.003331
3.98447,319.43,2.057116,0.003467,2.053648,0.003323
3.98487,319.46,2.060659,0.003459,2.057200,0.003314
3.98527,319.49,2.064210,0.003451,2.060759,0.003306
3.98567,319.52,2.067770,0.003443,2.064328,0.003298
3.98607,319.55,2.071339,0.003435,2.067904,0.003290
3.98647,319.59,2.074916,0.003427,2.071490,0.003282
3.98687,319.62,2.078502,0.003418,2.075083,0.003274
3.98727,319.65,2.082096,0.003410,2.078686,0.003266
3.98767,319.68,2.085699,0.003402,2.082296,0.003258
3.98807,319.72,2.089310,0.003394,2.085916,0.003250
3.98847,319.75,2.092930,0.003386,2.089544,0.003242
3.98887,319.78,2.096559,0.003378,2.093180,0.003234
3.98927,319.81,2.100196,0.003371,2.096826,0.003227
3.98967,319.84,2.103842,0.003363,2.100480,0.003219
3.99007,319.88,2.107497,0.003355,2.104142,0.003211
3.99047,319.91,2.111161,0.003347,2.107814,0.003203
3.99087,319.94,2.114833,0.003339,2.111494,0.003195
3.99127,319.97,2.118515,0.003331,2.115183,0.003188
3.99167,320.00,2.122205,0.003324,2.118881,0.003180
3.99207,320.04,2.125903,0.003316,2.122587,0.003172
3.99247,320.07,2.129611,0.003308,2.126303,0.003165
3.99287,320.10,2.133328,0.003301,2.130027,0.003157
3.99327,320.13,2.137054,0.003293,2.133761,0.003150
3.99367,320.16,2.140788,0.003285,2.137503,0.003142
3.99407,320.20,2.144532,0.003278,2.141254,0.003135
3.99447,320.23,2.148284,0.003270,2.145014,0.003127
3.99487,320.26,2.152046,0.003263,2.148783,0.003120
3.99527,320.29,2.155817,0.003255,2.152562,0.003112
3.99567,320.32,2.159597,0.003248,2.156349,0.003105
3.99607,320.36,2.163386,0.003240,2.160145,0.003097
3.99647,320.39,2.167184,0.003233,2.163951,0.003090
3.99687,320.42,2.170991,0.003226,2.167765,0.003083
3.99727,320.45,2.174807,0.003218,2.171589,0.003075
3.99767,320.48,2.178633,0.003211,2.175422,0.003068
3.99807,320.52,2.182468,0.003204,2.179264,0.003061
3.99847,320.55,2.186312,0.003196,2.183115,0.003054
3.99887,320.58,2.190165,0.003189,2.186976,0.003046
3.99927,320.61,2.194028,0.003182,2.190846,0.003039
3.99967,320.65,2.197900,0.003175,2.194725,0.003032
4.00007,320.68,2.201781,0.003167,2.198614,0.003025
4.00047,320.71,2.205672,0.003160,2.202512,0.003018
4.00087,320.74,2.209572,0.003153,2.206419,0.003011
4.00127,320.77,2.213482,0.003146,2.210336,0.003004
4.00167,320.81,2.217401,0.003139,2.214262,0.002997
4.00207,320.84,2.221330,0.003132,2.218198,0.002990
4.00247,320.87,2.225268,0.003125,2.222143,0.002983
4.00287,320.90,2.229216,0.003118,2.226098,0.002976
4.00327,320.93,2.233173,0.003111,2.230062,0.002969
4.00367,320.97,2.237140,0.003104,2.234036,0.002962
4.00407,321.00,2.241117,0.003097,2.238020,0.002955
4.00447,321.03,2.245103,0.003090,2.242013,0.002948
4.00487,321.06,2.249099,0.003083,2.246016,0.002941
4.00527,321.09,2.253104,0.003076,2.250028,0.002935
4.00567,321.13,2.257120,0.003069,2.254050,0.002928
4.00607,321.16,2.261145,0.003063,2.258082,0.002921
4.00647,321.19,2.265180,0.003056,2.262124,0.002914
4.00687,321.22,2.269224,0.003049,2.266175,0.002908
4.00727,321.25,2.273279,0.003042,2.270237,0.002901
4.00767,321.29,2.277344,0.003036,2.274308,0.002894
4.00807,321.32,2.281418,0.003029,2.278389,0.002888
4.00847,321.35,2.285502,0.003022,2.282480,0.002881
4.00887,321.38,2.289597,0.003016,2.286581,0.002874
4.00927,321.41,2.293701,0.003009,2.290692,0.002868
4.00967,321.45,2.297815,0.003002,2.294813,0.002861
4.01007,321.48,2.301939,0.002996,2.298944,0.002855
4.01047,321.51,2.306074,0.002989,2.303085,0.002848
4.01087,321.54,2.310218,0.002983,2.307236,0.002842
4.01127,321.58,2.314373,0.002976,2.311397,0.002835
4.01167,321.61,2.318538,0.002970,2.315568,0.002829
4.01207,321.64,2.322713,0.002963,2.319750,0.002822
4.01247,321.67,2.326898,0.002957,2.323941,0.002816
4.01287,321.70,2.331093,0.002950,2.328143,0.002810
4.01327,321.74,2.335299,0.002944,2.332355,0.002803
4.01367,321.77,2.339515,0.002937,2.336578,0.002797
4.01407,321.80,2.343741,0.002931,2.340810,0.002791
4.01447,321.83,2.347978,0.002925,2.345053,0.002784
4.01487,321.86,2.352225,0.002918,2.349307,0.002778
4.01527,321.90,2.356483,0.002912,2.353571,0.002772
4.01567,321.93,2.360751,0.002906,2.357845,0.002766
4.01607,321.96,2.365029,0.002900,2.362130,0.002759
4.01647,321.99,2.369318,0.002893,2.366425,0.002753
4.01687,322.02,2.373617,0.002887,2.370730,0.002747
4.01727,322.06,2.377928,0.002881,2.375047,0.002741
4.01767,322.09,2.382248,0.002875,2.379373,0.002735
4.01807,322.12,2.386579,0.002869,2.383711,0.002729
4.01847,322.15,2.390921,0.002862,2.388059,0.002723
4.01887,322.18,2.395274,0.002856,2.392418,0.002717
4.01927,322.22,2.399637,0.002850,2.396787,0.002711
4.01967,322.25,2.404011,0.002844,2.401167,0.002704
4.02007,322.28,2.408396,0.002838,2.405558,0.002698
4.02047,322.31,2.412791,0.002832,2.409959,0.002693
4.02087,322.34,2.417198,0.002826,2.414372,0.002687
4.02127,322.38,2.421615,0.002820,2.418795,0.002681
4.02167,322.41,2.426043,0.002814,2.423229,0.002675
4.02207,322.44,2.430482,0.002808,2.427674,0.002669
4.02247,322.47,2.434932,0.002802,2.432130,0.002663
4.02287,322.51,2.439393,0.002796,2.436597,0.002657
4.02327,322.54,2.443865,0.002790,2.441075,0.002651
4.02367,322.57,2.448348,0.002784,2.445564,0.002645
4.02407,322.60,2.452842,0.002779,2.450064,0.002640
4.02447,322.63,2.457348,0.002773,2.454575,0.002634
4.02487,322.67,2.461864,0.002767,2.459097,0.002628
4.02527,322.70,2.466391,0.002761,2.463630,0.002622
4.02567,322.73,2.470930,0.002755,2.468175,0.002617
4.02607,322.76,2.475480,0.002749,2.472731,0.002611
4.02647,322.79,2.480041,0.002744,2.477298,0.002605
4.02687,322.83,2.484614,0.002738,2.481876,0.002599
4.02727,322.86,2.489198,0.002732,2.486465,0.002594
4.02767,322.89,2.493793,0.002727,2.491066,0.002588
4.02807,322.92,2.498399,0.002721,2.495678,0.002583
4.02847,322.95,2.503017,0.002715,2.500302,0.002577
4.02887,322.99,2.507647,0.002710,2.504937,0.002571
4.02927,323.02,2.512288,0.002704,2.509584,0.002566
4.02967,323.05,2.516940,0.002698,2.514242,0.002560
4.03007,323.08,2.521604,0.002693,2.518911,0.002555
4.03047,323.11,2.526279,0.002687,2.523592,0.002549
4.03087,323.15,2.530967,0.002682,2.528285,0.002544
4.03127,323.18,2.535665,0.002676,2.532989,0.002538
4.03167,323.21,2.540376,0.002671,2.537705,0.002533
4.03207,323.24,2.545098,0.002665,2.542433,0.002527
4.03247,323.27,2.549832,0.002660,2.547172,0.002522
4.03287,323.31,2.554577,0.002654,2.551923,0.002517
4.03327,323.34,2.559335,0.002649,2.556686,0.002511
4.03367,323.37,2.564104,0.002643,2.561461,0.002506
4.03407,323.40,2.568885,0.002638,2.566247,0.002500
4.03447,323.44,2.573678,0.002633,2.571046,0.002495
4.03487,323.47,2.578483,0.002627,2.575856,0.002490
4.03527,323.50,2.583300,0.002622,2.580678,0.002484
4.03567,323.53,2.588129,0.002616,2.585512,0.002479
4.03607,323.56,2.592970,0.002611,2.590359,0.002474
4.03647,323.60,2.597823,0.002606,2.595217,0.002469
4.03687,323.63,2.602688,0.002601,2.600087,0.002463
4.03727,323.66,2.607565,0.002595,2.604970,0.002458
4.03767,323.69,2.612455,0.002590,2.609865,0.002453
4.03807,323.72,2.617356,0.002585,2.614771,0.002448
4.03847,323.76,2.622270,0.002580,2.619690,0.002443
4.03887,323.79,2.627196,0.002574,2.624622,0.002437
4.03927,323.82,2.632134,0.002569,2.629565,0.002432
4.03967,323.85,2.637085,0.002564,2.634521,0.002427
4.04007,323.88,2.642048,0.002559,2.639489,0.002422
4.04047,323.92,2.647024,0.002554,2.644470,0.002417
4.04087,323.95,2.652011,0.002549,2.649463,0.002412
4.04127,323.98,2.657012,0.002543,2.654468,0.002407
4.04167,324.01,2.662025,0.002538,2.659486,0.002402
4.04207,324.04,2.667050,0.002533,2.664517,0.002397
4.04247,324.08,2.672088,0.002528,2.669560,0.002392
4.04287,324.11,2.677139,0.002523,2.674615,0.002387
4.04327,324.14,2.682202,0.002518,2.679684,0.002382
4.04367,324.17,2.687278,0.002513,2.684764,0.002377
4.04407,324.20,2.692366,0.002508,2.689858,0.002372
4.04447,324.24,2.697467,0.002503,2.694964,0.002367
4.04487,324.27,2.702582,0.002498,2.700083,0.002362
4.04527,324.30,2.707708,0.002493,2.705215,0.002357
4.04567,324.33,2.712848,0.002488,2.710360,0.002352
4.04607,324.37,2.718001,0.002483,2.715517,0.002347
4.04647,324.40,2.723166,0.002478,2.720688,0.002343
4.04687,324.43,2.728345,0.002474,2.725871,0.002338
4.04727,324.46,2.733536,0.002469,2.731068,0.002333
4.04767,324.49,2.738741,0.002464,2.736277,0.002328
4.04807,324.53,2.743958,0.002459,2.741499,0.002323
4.04847,324.56,2.749189,0.002454,2.746735,0.002319
4.04887,324.59,2.754433,0.002449,2.751983,0.002314
4.04927,324.62,2.759690,0.002444,2.757245,0.002309
4.04967,324.65,2.764960,0.002440,2.762520,0.002304
4.05007,324.69,2.770243,0.002435,2.767808,0.002300
4.05047,324.72,2.775540,0.002430,2.773110,0.002295
4.05087,324.75,2.780850,0.002425,2.778424,0.002290
4.05127,324.78,2.786173,0.002421,2.783752,0.002286
4.05167,324.81,2.791510,0.002416,2.789094,0.002281
4.05207,324.85,2.796860,0.002411,2.794448,0.002276
4.05247,324.88,2.802223,0.002407,2.799817,0.002272
4.05287,324.91,2.807600,0.002402,2.805198,0.002267
4.05327,324.94,2.812991,0.002397,2.810594,0.002262
4.05367,324.97,2.818395,0.002393,2.816002,0.002258
4.05407,325.01,2.823812,0.002388,2.821425,0.002253
4.05447,325.04,2.829244,0.002383,2.826860,0.002249
4.05487,325.07,2.834689,0.002379,2.832310,0.002244
4.05527,325.10,2.840147,0.002374,2.837773,0.002240
4.05567,325.13,2.845620,0.002370,2.843250,0.002235
4.05607,325.17,2.851106,0.002365,2.848741,0.002230
4.05647,325.20,2.856606,0.002360,2.854246,0.002226
4.05687,325.23,2.862120,0.002356,2.859764,0.002222
4.05727,325.26,2.867648,0.002351,2.865296,0.002217
4.05767,325.30,2.873189,0.002347,2.870843,0.002213
4.05807,325.33,2.878745,0.002342,2.876403,0.002208
4.05847,325.36,2.884315,0.002338,2.881977,0.002204
4.05887,325.39,2.889898,0.002333,2.887565,0.002199
4.05927,325.42,2.895496,0.002329,2.893167,0.002195
4.05967,325.46,2.901108,0.002324,2.898783,0.002191
4.06007,325.49,2.906734,0.002320,2.904414,0.002186
4.06047,325.52,2.912374,0.002316,2.910059,0.002182
4.06087,325.55,2.918029,0.002311,2.915717,0.002177
4.06127,325.58,2.923697,0.002307,2.921390,0.002173
4.06167,325.62,2.929380,0.002302,2.927078,0.002169
4.06207,325.65,2.935078,0.002298,2.932780,0.002164
4.06247,325.68,2.940789,0.002294,2.938496,0.002160
4.06287,325.71,2.946516,0.002289,2.944226,0.002156
4.06327,325.74,2.952256,0.002285,2.949971,0.002152
4.06367,325.78,2.958011,0.002281,2.955730,0.002147
4.06407,325.81,2.963781,0.002276,2.961504,0.002143
4.06447,325.84,2.969565,0.002272,2.967293,0.002139
4.06487,325.87,2.975364,0.002268,2.973096,0.002135
4.06527,325.90,2.981177,0.002264,2.978913,0.002130
4.06567,325.94,2.987005,0.002259,2.984746,0.002126
4.06607,325.97,2.992848,0.002255,2.990593,0.002122
4.06647,326.00,2.998706,0.002251,2.996455,0.002118
4.06687,326.03,3.004578,0.002247,3.002331,0.002114
4.06727,326.06,3.010465,0.002243,3.008223,0.002110
4.06767,326.10,3.016367,0.002238,3.014129,0.002105
4.06807,326.13,3.022284,0.002234,3.020050,0.002101
4.06847,326.16,3.028216,0.002230,3.025986,0.002097
4.06887,326.19,3.034163,0.002226,3.031937,0.002093
4.06927,326.23,3.040125,0.002222,3.037903,0.002089
4.06967,326.26,3.046102,0.002218,3.043884,0.002085
4.07007,326.29,3.052094,0.002213,3.049881,0.002081
4.07047,326.32,3.058101,0.002209,3.055892,0.002077
4.07087,326.35,3.064124,0.002205,3.061919,0.002073
4.07127,326.39,3.070162,0.002201,3.067960,0.002069
4.07167,326.42,3.076215,0.002197,3.074018,0.002065
4.07207,326.45,3.082283,0.002193,3.080090,0.002061
4.07247,326.48,3.088366,0.002189,3.086177,0.002057
4.07287,326.51,3.094465,0.002185,3.092281,0.002053
4.07327,326.55,3.100580,0.002181,3.098399,0.002049
4.07367,326.58,3.106710,0.002177,3.104533,0.002045
4.07407,326.61,3.112855,0.002173,3.110682,0.002041
4.07447,326.64,3.119016,0.002169,3.116847,0.002037
4.07487,326.67,3.125193,0.002165,3.123028,0.002033
4.07527,326.71,3.131385,0.002161,3.129224,0.002029
4.07567,326.74,3.137592,0.002157,3.135435,0.002025
4.07607,326.77,3.143816,0.002153,3.141663,0.002021
4.07647,326.80,3.150055,0.002149,3.147906,0.002017
4.07687,326.83,3.156310,0.002145,3.154165,0.002014
4.07727,326.87,3.162581,0.002141,3.160440,0.002010
4.07767,326.90,3.168868,0.002137,3.166730,0.002006
4.07807,326.93,3.175170,0.002134,3.173037,0.002002
4.07847,326.96,3.181489,0.002130,3.179359,0.001998
4.07887,326.99,3.187823,0.002126,3.185697,0.001994
4.07927,327.03,3.194174,0.002122,3.192052,0.001991
4.07967,327.06,3.200540,0.002118,3.198422,0.001987
4.08007,327.09,3.206923,0.002114,3.204809,0.001983
4.08047,327.12,3.213322,0.002110,3.211211,0.001979
4.08087,327.16,3.219737,0.002107,3.217630,0.001975
4.08127,327.19,3.226168,0.002103,3.224065,0.001972
4.08167,327.22,3.232615,0.002099,3.230516,0.001968
4.08207,327.25,3.239079,0.002095,3.236984,0.001964
4.08247,327.28,3.245559,0.002092,3.243468,0.001961
4.08287,327.32,3.252056,0.002088,3.249968,0.001957
4.08327,327.35,3.258569,0.002084,3.256485,0.001953
4.08367,327.38,3.265098,0.002080,3.263018,0.001949
4.08407,327.41,3.271644,0.002077,3.269568,0.001946
4.08447,327.44,3.278207,0.002073,3.276134,0.001942
4.08487,327.48,3.284786,0.002069,3.282716,0.001938
4.08527,327.51,3.291381,0.002065,3.289316,0.001935
4.08567,327.54,3.297994,0.002062,3.295932,0.001931
4.08607,327.57,3.304623,0.002058,3.302565,0.001928
4.08647,327.60,3.311268,0.002054,3.309214,0.001924
4.08687,327.64,3.317931,0.002051,3.315880,0.001920
4.08727,327.67,3.324610,0.002047,3.322563,0.001917
4.08767,327.70,3.331307,0.002043,3.329263,0.001913
4.08807,327.73,3.338020,0.002040,3.335980,0.001910
4.08847,327.76,3.344750,0.002036,3.342714,0.001906
4.08887,327.80,3.351497,0.002033,3.349465,0.001903
4.08927,327.83,3.358261,0.002029,3.356232,0.001899
4.08967,327.86,3.365043,0.002025,3.363017,0.001895
4.09007,327.89,3.371841,0.002022,3.369819,0.001892
4.09047,327.92,3.378656,0.002018,3.376638,0.001888
4.09087,327.96,3.385489,0.002015,3.383474,0.001885
4.09127,327.99,3.392339,0.002011,3.390328,0.001881
4.09167,328.02,3.399206,0.002008,3.397199,0.001878
4.09207,328.05,3.406091,0.002004,3.404087,0.001874
4.09247,328.08,3.412993,0.002001,3.410992,0.001871
4.09287,328.12,3.419912,0.001997,3.417915,0.001868
4.09327,328.15,3.426849,0.001994,3.424855,0.001864
4.09367,328.18,3.433803,0.001990,3.431813,0.001861
4.09407,328.21,3.440775,0.001987,3.438788,0.001857
4.09447,328.25,3.447764,0.001983,3.445781,0.001854
4.09487,328.28,3.454771,0.001980,3.452792,0.001850
4.09527,328.31,3.461796,0.001976,3.459820,0.001847
4.09567,328.34,3.468838,0.001973,3.466866,0.001844
4.09607,328.37,3.475898,0.001969,3.473929,0.001840
4.09647,328.41,3.482976,0.001966,3.481010,0.001837
4.09687,328.44,3.490072,0.001963,3.488109,0.001833
4.09727,328.47,3.497185,0.001959,3.495226,0.001830
4.09767,328.50,3.504317,0.001956,3.502361,0.001827
4.09807,328.53,3.511466,0.001952,3.509514,0.001823
4.09847,328.57,3.518633,0.001949,3.516684,0.001820
4.09887,328.60,3.525819,0.001946,3.523873,0.001817
4.09927,328.63,3.533022,0.001942,3.531080,0.001814
4.09967,328.66,3.540244,0.001939,3.538305,0.001810
4.10007,328.69,3.547483,0.001936,3.545548,0.001807
4.10047,328.73,3.554741,0.001932,3.552809,0.001804
4.10087,328.76,3.562017,0.001929,3.560088,0.001800
4.10127,328.79,3.569312,0.001926,3.567386,0.001797
4.10167,328.82,3.576624,0.001922,3.574702,0.001794
4.10207,328.85,3.583955,0.001919,3.582036,0.001791
4.10247,328.89,3.591305,0.001916,3.589389,0.001787
4.10287,328.92,3.598672,0.001913,3.596760,0.001784
4.10327,328.95,3.606059,0.001909,3.604149,0.001781
4.10367,328.98,3.613463,0.001906,3.611557,0.001778
4.10407,329.01,3.620887,0.001903,3.618984,0.001775
4.10447,329.05,3.628329,0.001899,3.626429,0.001771
4.10487,329.08,3.635789,0.001896,3.633893,0.001768
4.10527,329.11,3.643268,0.001893,3.641375,0.001765
4.10567,329.14,3.650766,0.001890,3.648877,0.001762
4.10607,329.18,3.658283,0.001887,3.656397,0.001759
4.10647,329.21,3.665819,0.001883,3.663935,0.001756
4.10687,329.24,3.673373,0.001880,3.671493,0.001752
4.10727,329.27,3.680946,0.001877,3.679069,0.001749
4.10767,329.30,3.688538,0.001874,3.686664,0.001746
4.10807,329.34,3.696149,0.001871,3.694279,0.001743
4.10847,329.37,3.703780,0.001868,3.701912,0.001740
4.10887,329.40,3.711429,0.001864,3.709564,0.001737
4.10927,329.43,3.719097,0.001861,3.717236,0.001734
4.10967,329.46,3.726784,0.001858,3.724926,0.001731
4.11007,329.50,3.734491,0.001855,3.732636,0.001728
4.11047,329.53,3.742216,0.001852,3.740365,0.001725
4.11087,329.56,3.749961,0.001849,3.748113,0.001721
4.11127,329.59,3.757726,0.001846,3.755880,0.001718
4.11167,329.62,3.765509,0.001843,3.763667,0.001715
4.11207,329.66,3.773312,0.001839,3.771473,0.001712
4.11247,329.69,3.781134,0.001836,3.779298,0.001709
4.11287,329.72,3.788976,0.001833,3.787143,0.001706
4.11327,329.75,3.796837,0.001830,3.795007,0.001703
4.11367,329.78,3.804718,0.001827,3.802891,0.001700
4.11407,329.82,3.812618,0.001824,3.810794,0.001697
4.11447,329.85,3.820538,0.001821,3.818717,0.001694
4.11487,329.88,3.828478,0.001818,3.826660,0.001691
4.11527,329.91,3.836437,0.001815,3.834622,0.001688
4.11567,329.94,3.844416,0.001812,3.842604,0.001685
4.11607,329.98,3.852414,0.001809,3.850605,0.001682
4.11647,330.01,3.860433,0.001806,3.858627,0.001679
4.11687,330.04,3.868471,0.001803,3.866668,0.001677
4.11727,330.07,3.876529,0.001800,3.874729,0.001674
4.11767,330.11,3.884607,0.001797,3.882810,0.001671
4.11807,330.14,3.892705,0.001794,3.890911,0.001668
4.11847,330.17,3.900823,0.001791,3.899032,0.001665
4.11887,330.20,3.908961,0.001788,3.907173,0.001662
4.11927,330.23,3.917120,0.001785,3.915334,0.001659
4.11967,330.27,3.925298,0.001782,3.923515,0.001656
4.12007,330.30,3.933496,0.001779,3.931717,0.001653
4.12047,330.33,3.941715,0.001777,3.939938,0.001650
4.12087,330.36,3.949953,0.001774,3.948180,0.001648
4.12127,330.39,3.958212,0.001771,3.956441,0.001645
4.12167,330.43,3.966491,0.001768,3.964724,0.001642
4.12207,330.46,3.974791,0.001765,3.973026,0.001639
4.12247,330.49,3.983111,0.001762,3.981349,0.001636
4.12287,330.52,3.991451,0.001759,3.989692,0.001633
4.12327,330.55,3.999812,0.001756,3.998056,0.001631
4.12367,330.59,4.008193,0.001753,4.006440,0.001628
4.12407,330.62,4.016595,0.001751,4.014844,0.001625
4.12447,330.65,4.025017,0.001748,4.023270,0.001622
4.12487,330.68,4.033460,0.001745,4.031715,0.001619
4.12527,330.71,4.041924,0.001742,4.040182,0.001617
4.12567,330.75,4.050408,0.001739,4.048669,0.001614
4.12607,330.78,4.058913,0.001736,4.057176,0.001611
4.12647,330.81,4.067438,0.001734,4.065705,0.001608
4.12687,330.84,4.075985,0.001731,4.074254,0.001606
4.12727,330.87,4.084552,0.001728,4.082824,0.001603
4.12767,330.91,4.093140,0.001725,4.091415,0.001600
4.12807,330.94,4.101749,0.001722,4.100026,0.001597
4.12847,330.97,4.110379,0.001720,4.108659,0.001595
4.12887,331.00,4.119029,0.001717,4.117312,0.001592
4.12927,331.04,4.127701,0.001714,4.125987,0.001589
4.12967,331.07,4.136394,0.001711,4.134682,0.001586
4.13007,331.10,4.145107,0.001709,4.143399,0.001584
4.13047,331.13,4.153842,0.001706,4.152136,0.001581
4.13087,331.16,4.162598,0.001703,4.160895,0.001578
4.13127,331.20,4.171375,0.001700,4.169675,0.001576
4.13167,331.23,4.180173,0.001698,4.178476,0.001573
4.13207,331.26,4.188993,0.001695,4.187298,0.001570
4.13247,331.29,4.197833,0.001692,4.196141,0.001568
4.13287,331.32,4.206695,0.001690,4.205006,0.001565
4.13327,331.36,4.215579,0.001687,4.213892,0.001562
4.13367,331.39,4.224483,0.001684,4.222799,0.001560
4.13407,331.42,4.233409,0.001682,4.231728,0.001557
4.13447,331.45,4.242357,0.001679,4.240678,0.001555
4.13487,331.48,4.251325,0.001676,4.249649,0.001552
4.13527,331.52,4.260316,0.001674,4.258642,0.001549
4.13567,331.55,4.269328,0.001671,4.267657,0.001547
4.13607,331.58,4.278361,0.001668,4.276693,0.001544
4.13647,331.61,4.287416,0.001666,4.285750,0.001542
4.13687,331.64,4.296492,0.001663,4.294829,0.001539
4.13727,331.68,4.305590,0.001660,4.303930,0.001536
4.13767,331.71,4.314710,0.001658,4.313052,0.001534
4.13807,331.74,4.323852,0.001655,4.322196,0.001531
4.13847,331.77,4.333015,0.001653,4.331362,0.001529
4.13887,331.80,4.342200,0.001650,4.340550,0.001526
4.13927,331.84,4.351406,0.001647,4.349759,0.001524
4.13967,331.87,4.360635,0.001645,4.358990,0.001521
4.14007,331.90,4.369885,0.001642,4.368243,0.001518
4.14047,331.93,4.379157,0.001640,4.377518,0.001516
4.14087,331.97,4.388451,0.001637,4.386814,0.001513
4.14127,332.00,4.397767,0.001635,4.396133,0.001511
4.14167,332.03,4.407105,0.001632,4.405473,0.001508
4.14207,332.06,4.416465,0.001629,4.414836,0.001506
4.14247,332.09,4.425847,0.001627,4.424220,0.001503
4.14287,332.13,4.435251,0.001624,4.433626,0.001501
4.14327,332.16,4.444677,0.001622,4.443055,0.001498
4.14367,332.19,4.454125,0.001619,4.452505,0.001496
4.14407,332.22,4.463595,0.001617,4.461978,0.001493
4.14447,332.25,4.473087,0.001614,4.471473,0.001491
4.14487,332.29,4.482601,0.001612,4.480989,0.001489
4.14527,332.32,4.492138,0.001609,4.490529,0.001486
4.14567,332.35,4.501696,0.001607,4.500090,0.001484
4.14607,332.38,4.511277,0.001604,4.509673,0.001481
4.14647,332.41,4.520881,0.001602,4.519279,0.001479
4.14687,332.45,4.530506,0.001599,4.528907,0.001476
4.14727,332.48,4.540154,0.001597,4.538557,0.001474
4.14767,332.51,4.549824,0.001594,4.548229,0.001472
4.14807,332.54,4.559516,0.001592,4.557924,0.001469
4.14847,332.57,4.569231,0.001589,4.567641,0.001467
4.14887,332.61,4.578968,0.001587,4.577381,0.001464
4.14927,332.64,4.588727,0.001585,4.587143,0.001462
4.14967,332.67,4.598509,0.001582,4.596927,0.001460
4.15007,332.70,4.608314,0.001580,4.606734,0.001457
4.15047,332.73,4.618140,0.001577,4.616563,0.001455
4.15087,332.77,4.627990,0.001575,4.626415,0.001452
4.15127,332.80,4.637861,0.001572,4.636289,0.001450
4.15167,332.83,4.647756,0.001570,4.646186,0.001448
4.15207,332.86,4.657673,0.001568,4.656105,0.001445
4.15247,332.90,4.667612,0.001565,4.666047,0.001443
4.15287,332.93,4.677574,0.001563,4.676011,0.001441
4.15327,332.96,4.687558,0.001560,4.685998,0.001438
4.15367,332.99,4.697565,0.001558,4.696007,0.001436
4.15407,333.02,4.707595,0.001556,4.706039,0.001434
4.15447,333.06,4.717648,0.001553,4.716094,0.001431
4.15487,333.09,4.727723,0.001551,4.726172,0.001429
4.15527,333.12,4.737820,0.001549,4.736272,0.001427
4.15567,333.15,4.747941,0.001546,4.746394,0.001424
4.15607,333.18,4.758084,0.001544,4.756540,0.001422
4.15647,333.22,4.768249,0.001542,4.766708,0.001420
4.15687,333.25,4.778438,0.001539,4.776898,0.001418
4.15727,333.28,4.788649,0.001537,4.787112,0.001415
4.15767,333.31,4.798883,0.001535,4.797348,0.001413
4.15807,333.34,4.809139,0.001532,4.807607,0.001411
4.15847,333.38,4.819419,0.001530,4.817889,0.001408
4.15887,333.41,4.829721,0.001528,4.828193,0.001406
4.15927,333.44,4.840046,0.001525,4.838520,0.001404
4.15967,333.47,4.850394,0.001523,4.848870,0.001402
4.16007,333.50,4.860764,0.001521,4.859243,0.001399
4.16047,333.54,4.871157,0.001519,4.869639,0.001397
4.16087,333.57,4.881574,0.001516,4.880057,0.001395
4.16127,333.60,4.892013,0.001514,4.890499,0.001393
4.16167,333.63,4.902474,0.001512,4.900963,0.001391
4.16207,333.66,4.912959,0.001509,4.911449,0.001388
4.16247,333.70,4.923466,0.001507,4.921959,0.001386
4.16287,333.73,4.933997,0.001505,4.932492,0.001384
4.16327,333.76,4.944550,0.001503,4.943047,0.001382
4.16367,333.79,4.955126,0.001501,4.953625,0.001380
4.16407,333.83,4.965725,0.001498,4.964226,0.001377
4.16447,333.86,4.976346,0.001496,4.974850,0.001375
4.16487,333.89,4.986991,0.001494,4.985497,0.001373
4.16527,333.92,4.997658,0.001492,4.996167,0.001371
4.16567,333.95,5.008349,0.001489,5.006859,0.001369
4.16607,333.99,5.019062,0.001487,5.017574,0.001367
4.16647,334.02,5.029798,0.001485,5.028313,0.001364
4.16687,334.05,5.040556,0.001483,5.039074,0.001362
4.16727,334.08,5.051338,0.001481,5.049858,0.001360
4.16767,334.11,5.062143,0.001478,5.060664,0.001358
4.16807,334.15,5.072970,0.001476,5.071494,0.001356
4.16847,334.18,5.083820,0.001474,5.082346,0.001354
4.16887,334.21,5.094693,0.001472,5.093221,0.001352
4.16927,334.24,5.105589,0.001470,5.104120,0.001349
4.16967,334.27,5.116508,0.001468,5.115040,0.001347
4.17007,334.31,5.127449,0.001465,5.125984,0.001345
4.17047,334.34,5.138414,0.001463,5.136951,0.001343
4.17087,334.37,5.149401,0.001461,5.147940,0.001341
4.17127,334.40,5.160411,0.001459,5.158952,0.001339
4.17167,334.43,5.171444,0.001457,5.169987,0.001337
4.17207,334.47,5.182499,0.001455,5.181045,0.001335
4.17247,334.50,5.193577,0.001453,5.192125,0.001333
4.17287,334.53,5.204678,0.001450,5.203228,0.001331
4.17327,334.56,5.215802,0.001448,5.214354,0.001328
4.17367,334.59,5.226949,0.001446,5.225503,0.001326
4.17407,334.63,5.238118,0.001444,5.236674,0.001324
4.17447,334.66,5.249310,0.001442,5.247868,0.001322
4.17487,334.69,5.260524,0.001440,5.259085,0.001320
4.17527,334.72,5.271762,0.001438,5.270324,0.001318
4.17567,334.76,5.283022,0.001436,5.281586,0.001316
4.17607,334.79,5.294304,0.001434,5.292871,0.001314
4.17647,334.82,5.305609,0.001432,5.304178,0.001312
4.17687,334.85,5.316937,0.001429,5.315508,0.001310
4.17727,334.88,5.328287,0.001427,5.326860,0.001308
4.17767,334.92,5.339660,0.001425,5.338235,0.001306
4.17807,334.95,5.351056,0.001423,5.349632,0.001304
4.17847,334.98,5.362474,0.001421,5.361052,0.001302
4.17887,335.01,5.373914,0.001419,5.372495,0.001300
4.17927,335.04,5.385377,0.001417,5.383960,0.001298
4.17967,335.08,5.396862,0.001415,5.395447,0.001296
4.18007,335.11,5.408370,0.001413,5.406957,0.001294
4.18047,335.14,5.419900,0.001411,5.418489,0.001292
4.18087,335.17,5.431452,0.001409,5.430043,0.001290
4.18127,335.20,5.443027,0.001407,5.441620,0.001288
4.18167,335.24,5.454624,0.001405,5.453219,0.001286
4.18207,335.27,5.466243,0.001403,5.464840,0.001284
4.18247,335.30,5.477885,0.001401,5.476484,0.001282
4.18287,335.33,5.489548,0.001399,5.488149,0.001280
4.18327,335.36,5.501234,0.001397,5.499837,0.001278
4.18367,335.40,5.512942,0.001395,5.511547,0.001276
4.18407,335.43,5.524672,0.001393,5.523279,0.001274
4.18447,335.46,5.536424,0.001391,5.535033,0.001272
4.18487,335.49,5.548199,0.001389,5.546810,0.001270
4.18527,335.52,5.559995,0.001387,5.558608,0.001268
4.18567,335.56,5.571813,0.001385,5.570428,0.001267
4.18607,335.59,5.583653,0.001383,5.582270,0.001265
4.18647,335.62,5.595514,0.001381,5.594133,0.001263
4.18687,335.65,5.607398,0.001379,5.606019,0.001261
4.18727,335.69,5.619303,0.001377,5.617926,0.001259
4.18767,335.72,5.631231,0.001375,5.629855,0.001257
4.18807,335.75,5.643179,0.001373,5.641806,0.001255
4.18847,335.78,5.655150,0.001371,5.653778,0.001253
4.18887,335.81,5.667142,0.001369,5.665772,0.001251
4.18927,335.85,5.679155,0.001367,5.677788,0.001249
4.18967,335.88,5.691190,0.001365,5.689825,0.001247
4.19007,335.91,5.703247,0.001364,5.701883,0.001246
4.19047,335.94,5.715325,0.001362,5.713963,0.001244
4.19087,335.97,5.727424,0.001360,5.726064,0.001242
4.19127,336.01,5.739544,0.001358,5.738186,0.001240
4.19167,336.04,5.751686,0.001356,5.750330,0.001238
4.19207,336.07,5.763849,0.001354,5.762495,0.001236
4.19247,336.10,5.776032,0.001352,5.774680,0.001234
4.19287,336.13,5.788237,0.001350,5.786887,0.001233
4.19327,336.17,5.800463,0.001348,5.799115,0.001231
4.19367,336.20,5.812710,0.001346,5.811364,0.001229
4.19407,336.23,5.824978,0.001345,5.823633,0.001227
4.19447,336.26,5.837266,0.001343,5.835924,0.001225
4.19487,336.29,5.849575,0.001341,5.848235,0.001223
4.19527,336.33,5.861905,0.001339,5.860566,0.001222
4.19567,336.36,5.874256,0.001337,5.872919,0.001220
4.19607,336.39,5.886627,0.001335,5.885292,0.001218
4.19647,336.42,5.899018,0.001333,5.897685,0.001216
4.19687,336.45,5.911430,0.001331,5.910099,0.001214
4.19727,336.49,5.923862,0.001330,5.922533,0.001212
4.19767,336.52,5.936314,0.001328,5.934987,0.001211
4.19807,336.55,5.948787,0.001326,5.947461,0.001209
4.19847,336.58,5.961280,0.001324,5.959956,0.001207
4.19887,336.62,5.973792,0.001322,5.972470,0.001205
4.19927,336.65,5.986325,0.001320,5.985004,0.001203
4.19967,336.68,5.998877,0.001319,5.997559,0.001202
4.20007,336.71,6.011449,0.001317,6.010132,0.001200
4.20047,336.74,6.024041,0.001315,6.022726,0.001198
4.20087,336.78,6.036652,0.001313,6.035339,0.001196
4.20127,336.81,6.049283,0.001311,6.047972,0.001195
4.20167,336.84,6.061934,0.001309,6.060624,0.001193
4.20207,336.87,6.074603,0.001308,6.073296,0.001191
4.20247,336.90,6.087292,0.001306,6.085986,0.001189
4.20287,336.94,6.100000,0.001304,6.098696,0.001188
4.20327,336.97,6.112728,0.001302,6.111425,0.001186
4.20367,337.00,6.125474,0.001301,6.124173,0.001184
4.20407,337.03,6.138239,0.001299,6.136940,0.001182
4.20447,337.06,6.151022,0.001297,6.149725,0.001181
4.20487,337.10,6.163825,0.001295,6.162530,0.001179
4.20527,337.13,6.176646,0.001293,6.175352,0.001177
4.20567,337.16,6.189485,0.001292,6.188194,0.001175
4.20607,337.19,6.202343,0.001290,6.201053,0.001174
4.20647,337.22,6.215219,0.001288,6.213931,0.001172
4.20687,337.26,6.228114,0.001286,6.226827,0.001170
4.20727,337.29,6.241026,0.001285,6.239741,0.001169
4.20767,337.32,6.253956,0.001283,6.252673,0.001167
4.20807,337.35,6.266904,0.001281,6.265623,0.001165
4.20847,337.38,6.279870,0.001279,6.278591,0.001163
4.20887,337.42,6.292854,0.001278,6.291576,0.001162
4.20927,337.45,6.305855,0.001276,6.304579,0.001160
4.20967,337.48,6.318873,0.001274,6.317599,0.001158
4.21007,337.51,6.331908,0.001272,6.330636,0.001157
4.21047,337.54,6.344961,0.001271,6.343690,0.001155
4.21087,337.58,6.358031,0.001269,6.356762,0.001153
4.21127,337.61,6.371117,0.001267,6.369850,0.001152
4.21167,337.64,6.384221,0.001266,6.382955,0.001150
4.21207,337.67,6.397341,0.001264,6.396077,0.001148
4.21247,337.71,6.410477,0.001262,6.409215,0.001147
4.21287,337.74,6.423630,0.001260,6.422370,0.001145
4.21327,337.77,6.436800,0.001259,6.435541,0.001143
4.21367,337.80,6.449985,0.001257,6.448728,0.001142
4.21407,337.83,6.463186,0.001255,6.461931,0.001140
4.21447,337.87,6.476403,0.001254,6.475150,0.001138
4.21487,337.90,6.489636,0.001252,6.488384,0.001137
4.21527,337.93,6.502885,0.001250,6.501634,0.001135
4.21567,337.96,6.516148,0.001249,6.514900,0.001134
4.21607,337.99,6.529428,0.001247,6.528181,0.001132
4.21647,338.03,6.542722,0.001245,6.541477,0.001130
4.21687,338.06,6.556031,0.001244,6.554788,0.001129
4.21727,338.09,6.569355,0.001242,6.568113,0.001127
4.21767,338.12,6.582694,0.001240,6.581454,0.001125
4.21807,338.15,6.596048,0.001239,6.594809,0.001124
4.21847,338.19,6.609416,0.001237,6.608179,0.001122
4.21887,338.22,6.622798,0.001235,6.621562,0.001121
4.21927,338.25,6.636194,0.001234,6.634960,0.001119
4.21967,338.28,6.649604,0.001232,6.648372,0.001117
4.22007,338.31,6.663028,0.001230,6.661797,0.001116
4.22047,338.35,6.676465,0.001229,6.675236,0.001114
4.22087,338.38,6.689916,0.001227,6.688689,0.001113
4.22127,338.41,6.703380,0.001226,6.702155,0.001111
4.22167,338.44,6.716857,0.001224,6.715633,0.001109
4.22207,338.47,6.730348,0.001222,6.729125,0.001108
4.22247,338.51,6.743851,0.001221,6.742630,0.001106
4.22287,338.54,6.757366,0.001219,6.756147,0.001105
4.22327,338.57,6.770894,0.001217,6.769677,0.001103
4.22367,338.60,6.784434,0.001216,6.783218,0.001102
4.22407,338.64,6.797987,0.001214,6.796772,0.001100
4.22447,338.67,6.811551,0.001213,6.810338,0.001098
4.22487,338.70,6.825127,0.001211,6.823916,0.001097
4.22527,338.73,6.838714,0.001209,6.837505,0.001095
4.22567,338.76,6.852313,0.001208,6.851105,0.001094
4.22607,338.80,6.865923,0.001206,6.864716,0.001092
4.22647,338.83,6.879543,0.001205,6.878339,0.001091
4.22687,338.86,6.893175,0.001203,6.891972,0.001089
4.22727,338.89,6.906817,0.001202,6.905615,0.001088
4.22767,338.92,6.920469,0.001200,6.919269,0.001086
4.22807,338.96,6.934132,0.001198,6.932934,0.001085
4.22847,338.99,6.947805,0.001197,6.946608,0.001083
4.22887,339.02,6.961487,0.001195,6.960292,0.001082
4.22927,339.05,6.975179,0.001194,6.973985,0.001080
4.22967,339.08,6.988880,0.001192,6.987688,0.001078
4.23007,339.12,7.002591,0.001191,7.001400,0.001077
4.23047,339.15,7.016310,0.001189,7.015121,0.001075
4.23087,339.18,7.030038,0.001187,7.028851,0.001074
4.23127,339.21,7.043775,0.001186,7.042589,0.001072
4.23167,339.24,7.057520,0.001184,7.056335,0.001071
4.23207,339.28,7.071273,0.001183,7.070090,0.001069
4.23247,339.31,7.085034,0.001181,7.083852,0.001068
4.23287,339.34,7.098802,0.001180,7.097622,0.001066
4.23327,339.37,7.112578,0.001178,7.111400,0.001065
4.23367,339.40,7.126361,0.001177,7.125185,0.001064
4.23407,339.44,7.140151,0.001175,7.138976,0.001062
4.23447,339.47,7.153948,0.001174,7.152774,0.001061
4.23487,339.50,7.167751,0.001172,7.166579,0.001059
4.23527,339.53,7.181561,0.001171,7.180390,0.001058
4.23567,339.57,7.195377,0.001169,7.194207,0.001056
4.23607,339.60,7.209198,0.001168,7.208030,0.001055
4.23647,339.63,7.223025,0.001166,7.221859,0.001053
4.23687,339.66,7.236857,0.001165,7.235693,0.001052
4.23727,339.69,7.250694,0.001163,7.249531,0.001050
4.23767,339.73,7.264537,0.001162,7.263375,0.001049
4.23807,339.76,7.278383,0.001160,7.277223,0.001047
4.23847,339.79,7.292234,0.001159,7.291076,0.001046
4.23887,339.82,7.306089,0.001157,7.304932,0.001044
4.23927,339.85,7.319948,0.001156,7.318793,0.001043
4.23967,339.89,7.333811,0.001154,7.332656,0.001042
4.24007,339.92,7.347676,0.001153,7.346524,0.001040
4.24047,339.95,7.361545,0.001151,7.360394,0.001039
4.24087,339.98,7.375417,0.001150,7.374267,0.001037
4.24127,340.01,7.389291,0.001148,7.388142,0.001036
4.24167,340.05,7.403167,0.001147,7.402020,0.001034
4.24207,340.08,7.417045,0.001145,7.415900,0.001033
4.24247,340.11,7.430925,0.001144,7.429781,0.001032
4.24287,340.14,7.444806,0.001142,7.443664,0.001030
4.24327,340.17,7.458689,0.001141,7.457548,0.001029
4.24367,340.21,7.472572,0.001140,7.471433,0.001027
4.24407,340.24,7.486456,0.001138,7.485318,0.001026
4.24447,340.27,7.500340,0.001137,7.499204,0.001025
4.24487,340.30,7.514225,0.001135,7.513089,0.001023
4.24527,340.33,7.528109,0.001134,7.526975,0.001022
4.24567,340.37,7.541992,0.001132,7.540860,0.001020
4.24607,340.40,7.555875,0.001131,7.554744,0.001019
4.24647,340.43,7.569756,0.001129,7.568627,0.001018
4.24687,340.46,7.583636,0.001128,7.582508,0.001016
4.24727,340.50,7.597514,0.001127,7.596388,0.001015
4.24767,340.53,7.611391,0.001125,7.610265,0.001013
4.24807,340.56,7.625265,0.001124,7.624141,0.001012
4.24847,340.59,7.639136,0.001122,7.638013,0.001011
4.24887,340.62,7.653004,0.001121,7.651883,0.001009
4.24927,340.66,7.666869,0.001120,7.665750,0.001008
4.24967,340.69,7.680731,0.001118,7.679613,0.001007
4.25007,340.72,7.694588,0.001117,7.693472,0.001005
4.25047,340.75,7.708442,0.001115,7.707327,0.001004
4.25087,340.78,7.722291,0.001114,7.721177,0.001003
4.25127,340.82,7.736135,0.001113,7.735022,0.001001
4.25167,340.85,7.749974,0.001111,7.748863,0.001000
4.25207,340.88,7.763808,0.001110,7.762698,0.000998
4.25247,340.91,7.777635,0.001108,7.776527,0.000997
4.25287,340.94,7.791457,0.001107,7.790350,0.000996
4.25327,340.98,7.805272,0.001106,7.804167,0.000994
4.25367,341.01,7.819081,0.001104,7.817976,0.000993
4.25407,341.04,7.832882,0.001103,7.831779,0.000992
4.25447,341.07,7.846676,0.001101,7.845574,0.000990
4.25487,341.10,7.860462,0.001100,7.859362,0.000989
4.25527,341.14,7.874240,0.001099,7.873141,0.000988
4.25567,341.17,7.888010,0.001097,7.886912,0.000986
4.25607,341.20,7.901770,0.001096,7.900674,0.000985
4.25647,341.23,7.915522,0.001095,7.914427,0.000984
4.25687,341.26,7.929264,0.001093,7.928171,0.000982
4.25727,341.30,7.942996,0.001092,7.941905,0.000981
4.25767,341.33,7.956719,0.001091,7.955628,0.000980
4.25807,341.36,7.970430,0.001089,7.969341,0.000979
4.25847,341.39,7.984131,0.001088,7.983043,0.000977
4.25887,341.43,7.997820,0.001087,7.996734,0.000976
4.25927,341.46,8.011498,0.001085,8.010413,0.000975
4.25967,341.49,8.025164,0.001084,8.024080,0.000973
4.26007,341.52,8.038817,0.001082,8.037735,0.000972
4.26047,341.55,8.052458,0.001081,8.051377,0.000971
4.26087,341.59,8.066086,0.001080,8.065006,0.000969
4.26127,341.62,8.079700,0.001079,8.078622,0.000968
4.26167,341.65,8.093301,0.001077,8.092224,0.000967
4.26207,341.68,8.106887,0.001076,8.105811,0.000966
4.26247,341.71,8.120459,0.001075,8.119384,0.000964
4.26287,341.75,8.134016,0.001073,8.132942,0.000963
4.26327,341.78,8.147557,0.001072,8.146485,0.000962
4.26367,341.81,8.161083,0.001071,8.160012,0.000960
4.26407,341.84,8.174593,0.001069,8.173524,0.000959
4.26447,341.87,8.188086,0.001068,8.187018,0.000958
4.26487,341.91,8.201563,0.001067,8.200496,0.000957
4.26527,341.94,8.215022,0.001065,8.213957,0.000955
4.26567,341.97,8.228464,0.001064,8.227400,0.000954
4.26607,342.00,8.241887,0.001063,8.240824,0.000953
4.26647,342.03,8.255292,0.001061,8.254231,0.000952
4.26687,342.07,8.268679,0.001060,8.267619,0.000950
4.26727,342.10,8.282046,0.001059,8.280987,0.000949
4.26767,342.13,8.295394,0.001058,8.294336,0.000948
4.26807,342.16,8.308722,0.001056,8.307665,0.000947
4.26847,342.19,8.322029,0.001055,8.320974,0.000945
4.26887,342.23,8.335316,0.001054,8.334262,0.000944
4.26927,342.26,8.348581,0.001052,8.347529,0.000943
4.26967,342.29,8.361825,0.001051,8.360774,0.000942
4.27007,342.32,8.375047,0.001050,8.373997,0.000940
4.27047,342.36,8.388246,0.001049,8.387198,0.000939
4.27087,342.39,8.401423,0.001047,8.400375,0.000938
4.27127,342.42,8.414576,0.001046,8.413530,0.000937
4.27167,342.45,8.427706,0.001045,8.426661,0.000935
4.27207,342.48,8.440811,0.001044,8.439768,0.000934
4.27247,342.52,8.453893,0.001042,8.452850,0.000933
4.27287,342.55,8.466949,0.001041,8.465908,0.000932
4.27327,342.58,8.479980,0.001040,8.478940,0.000931
4.27367,342.61,8.492985,0.001039,8.491947,0.000929
4.27407,342.64,8.505964,0.001037,8.504927,0.000928
4.27447,342.68,8.518917,0.001036,8.517881,0.000927
4.27487,342.71,8.531842,0.001035,8.530808,0.000926
4.27527,342.74,8.544740,0.001034,8.543707,0.000925
4.27567,342.77,8.557611,0.001032,8.556578,0.000923
4.27607,342.80,8.570453,0.001031,8.569422,0.000922
4.27647,342.84,8.583266,0.001030,8.582236,0.000921
4.27687,342.87,8.596050,0.001029,8.595021,0.000920
4.27727,342.90,8.608805,0.001027,8.607777,0.000919
4.27767,342.93,8.621529,0.001026,8.620503,0.000917
4.27807,342.96,8.634223,0.001025,8.633198,0.000916
4.27847,343.00,8.646886,0.001024,8.645863,0.000915
4.27887,343.03,8.659518,0.001022,8.658496,0.000914
4.27927,343.06,8.672118,0.001021,8.671097,0.000913
4.27967,343.09,8.684686,0.001020,8.683666,0.000912
4.28007,343.12,8.697222,0.001019,8.696203,0.000910
4.28047,343.16,8.709724,0.001018,8.708706,0.000909
4.28087,343.19,8.722193,0.001016,8.721176,0.000908
4.28127,343.22,8.734627,0.001015,8.733612,0.000907
4.28167,343.25,8.747028,0.001014,8.746014,0.000906
4.28207,343.29,8.759393,0.001013,8.758381,0.000904
4.28247,343.32,8.771724,0.001012,8.770712,0.000903
4.28287,343.35,8.784018,0.001010,8.783008,0.000902
4.28327,343.38,8.796276,0.001009,8.795267,0.000901
4.28367,343.41,8.808498,0.001008,8.807490,0.000900
4.28407,343.45,8.820683,0.001007,8.819676,0.000899
4.28447,343.48,8.832830,0.001006,8.831824,0.000898
4.28487,343.51,8.844939,0.001004,8.843934,0.000896
4.28527,343.54,8.857009,0.001003,8.856006,0.000895
4.28567,343.57,8.869041,0.001002,8.868039,0.000894
4.28607,343.61,8.881034,0.001001,8.880033,0.000893
4.28647,343.64,8.892986,0.001000,8.891986,0.000892
4.28687,343.67,8.904899,0.000999,8.903900,0.000891
4.28727,343.70,8.916770,0.000997,8.915773,0.000890
4.28767,343.73,8.928601,0.000996,8.927605,0.000888
4.28807,343.77,8.940390,0.000995,8.939395,0.000887
4.28847,343.80,8.952137,0.000994,8.951143,0.000886
4.28887,343.83,8.963841,0.000993,8.962848,0.000885
4.28927,343.86,8.975503,0.000991,8.974511,0.000884
4.28967,343.89,8.987121,0.000990,8.986130,0.000883
4.29007,343.93,8.998695,0.000989,8.997705,0.000882
4.29047,343.96,9.010224,0.000988,9.009236,0.000881
4.29087,343.99,9.021709,0.000987,9.020723,0.000879
4.29127,344.02,9.033149,0.000986,9.032164,0.000878
4.29167,344.05,9.044543,0.000985,9.043559,0.000877
4.29207,344.09,9.055891,0.000983,9.054908,0.000876
4.29247,344.12,9.067193,0.000982,9.066210,0.000875
4.29287,344.15,9.078447,0.000981,9.077466,0.000874
4.29327,344.18,9.089653,0.000980,9.088673,0.000873
4.29367,344.22,9.100812,0.000979,9.099833,0.000872
4.29407,344.25,9.111923,0.000978,9.110945,0.000871
4.29447,344.28,9.122984,0.000977,9.122007,0.000869
4.29487,344.31,9.133996,0.000975,9.133021,0.000868
4.29527,344.34,9.144958,0.000974,9.143984,0.000867
4.29567,344.38,9.155870,0.000973,9.154897,0.000866
4.29607,344.41,9.166732,0.000972,9.165759,0.000865
4.29647,344.44,9.177542,0.000971,9.176571,0.000864
4.29687,344.47,9.188300,0.000970,9.187330,0.000863
4.29727,344.50,9.199007,0.000969,9.198038,0.000862
4.29767,344.54,9.209660,0.000968,9.208693,0.000861
4.29807,344.57,9.220261,0.000966,9.219295,0.000860
4.29847,344.60,9.230809,0.000965,9.229844,0.000859
4.29887,344.63,9.241303,0.000964,9.240338,0.000858
4.29927,344.66,9.251742,0.000963,9.250779,0.000856
4.29967,344.70,9.262126,0.000962,9.261164,0.000855
4.30007,344.73,9.272456,0.000961,9.271495,0.000854
4.30047,344.76,9.282729,0.000960,9.281769,0.000853
4.30087,344.79,9.292947,0.000959,9.291988,0.000852
4.30127,344.82,9.303108,0.000958,9.302150,0.000851
4.30167,344.86,9.313212,0.000956,9.312255,0.000850
4.30207,344.89,9.323258,0.000955,9.322303,0.000849
4.30247,344.92,9.333247,0.000954,9.332292,0.000848
4.30287,344.95,9.343177,0.000953,9.342224,0.000847
4.30327,344.98,9.353048,0.000952,9.352096,0.000846
4.30367,345.02,9.362860,0.000951,9.361909,0.000845
4.30407,345.05,9.372613,0.000950,9.371663,0.000844
4.30447,345.08,9.382305,0.000949,9.381356,0.000843
4.30487,345.11,9.391937,0.000948,9.390989,0.000842
4.30527,345.15,9.401508,0.000947,9.400561,0.000841
4.30567,345.18,9.411018,0.000946,9.410072,0.000840
4.30607,345.21,9.420465,0.000945,9.419521,0.000839
4.30647,345.24,9.429851,0.000943,9.428907,0.000838
4.30687,345.27,9.439173,0.000942,9.438231,0.000836
4.30727,345.31,9.448433,0.000941,9.447492,0.000835
4.30767,345.34,9.457629,0.000940,9.456689,0.000834
4.30807,345.37,9.466761,0.000939,9.465822,0.000833
4.30847,345.40,9.475829,0.000938,9.474890,0.000832
4.30887,345.43,9.484831,0.000937,9.483894,0.000831
4.30927,345.47,9.493769,0.000936,9.492833,0.000830
4.30967,345.50,9.502641,0.000935,9.501706,0.000829
4.31007,345.53,9.511447,0.000934,9.510513,0.000828
4.31047,345.56,9.520186,0.000933,9.519253,0.000827
4.31087,345.59,9.528858,0.000932,9.527927,0.000826
4.31127,345.63,9.537464,0.000931,9.536533,0.000825
4.31167,345.66,9.546001,0.000930,9.545071,0.000824
4.31207,345.69,9.554470,0.000929,9.553542,0.000823
4.31247,345.72,9.562871,0.000928,9.561943,0.000822
4.31287,345.75,9.571203,0.000927,9.570276,0.000821
4.31327,345.79,9.579465,0.000925,9.578540,0.000820
4.31367,345.82,9.587658,0.000924,9.586734,0.000819
4.31407,345.85,9.595781,0.000923,9.594857,0.000818
4.31447,345.88,9.603833,0.000922,9.602911,0.000817
4.31487,345.91,9.611814,0.000921,9.610893,0.000816
4.31527,345.95,9.619724,0.000920,9.618804,0.000815
4.31567,345.98,9.627562,0.000919,9.626643,0.000814
4.31607,346.01,9.635329,0.000918,9.634411,0.000813
4.31647,346.04,9.643023,0.000917,9.642105,0.000812
4.31687,346.07,9.650644,0.000916,9.649727,0.000811
4.31727,346.11,9.658191,0.000915,9.657276,0.000810
4.31767,346.14,9.665666,0.000914,9.664751,0.000809
4.31807,346.17,9.673066,0.000913,9.672153,0.000808
4.31847,346.20,9.680392,0.000912,9.679480,0.000807
4.31887,346.24,9.687643,0.000911,9.686732,0.000806
4.31927,346.27,9.694819,0.000910,9.693909,0.000805
4.31967,346.30,9.701920,0.000909,9.701011,0.000804
4.32007,346.33,9.708946,0.000908,9.708038,0.000803
4.32047,346.36,9.715895,0.000907,9.714988,0.000802
4.32087,346.40,9.722767,0.000906,9.721861,0.000801
4.32127,346.43,9.729563,0.000905,9.728658,0.000800
4.32167,346.46,9.736282,0.000904,9.735378,0.000799
4.32207,346.49,9.742923,0.000903,9.742021,0.000799
4.32247,346.52,9.749487,0.000902,9.748585,0.000798
4.32287,346.56,9.755972,0.000901,9.755071,0.000797
4.32327,346.59,9.762379,0.000900,9.761479,0.000796
4.32367,346.62,9.768707,0.000899,9.767809,0.000795
4.32407,346.65,9.774957,0.000898,9.774059,0.000794
4.32447,346.68,9.781126,0.000897,9.780229,0.000793
4.32487,346.72,9.787216,0.000896,9.786320,0.000792
4.32527,346.75,9.793226,0.000895,9.792331,0.000791
4.32567,346.78,9.799155,0.000894,9.798261,0.000790
4.32607,346.81,9.805004,0.000893,9.804111,0.000789
4.32647,346.84,9.810772,0.000892,9.809880,0.000788
4.32687,346.88,9.816458,0.000891,9.815567,0.000787
4.32727,346.91,9.822063,0.000890,9.821173,0.000786
4.32767,346.94,9.827586,0.000889,9.826697,0.000785
4.32807,346.97,9.833027,0.000888,9.832139,0.000784
4.32847,347.00,9.838386,0.000887,9.837499,0.000783
4.32887,347.04,9.843662,0.000886,9.842775,0.000782
4.32927,347.07,9.848854,0.000885,9.847969,0.000781
4.32967,347.10,9.853964,0.000884,9.853080,0.000780
4.33007,347.13,9.858990,0.000883,9.858107,0.000780
4.33047,347.17,9.863932,0.000882,9.863050,0.000779
4.33087,347.20,9.868790,0.000881,9.867909,0.000778
4.33127,347.23,9.873564,0.000880,9.872684,0.000777
4.33167,347.26,9.878254,0.000879,9.877374,0.000776
4.33207,347.29,9.882858,0.000878,9.881980,0.000775
4.33247,347.33,9.887378,0.000878,9.886500,0.000774
4.33287,347.36,9.891812,0.000877,9.890935,0.000773
4.33327,347.39,9.896161,0.000876,9.895285,0.000772
4.33367,347.42,9.900423,0.000875,9.899549,0.000771
4.33407,347.45,9.904600,0.000874,9.903727,0.000770
4.33447,347.49,9.908691,0.000873,9.907818,0.000769
4.33487,347.52,9.912695,0.000872,9.911824,0.000769
4.33527,347.55,9.916613,0.000871,9.915742,0.000768
4.33567,347.58,9.920444,0.000870,9.919574,0.000767
4.33607,347.61,9.924188,0.000869,9.923319,0.000766
4.33647,347.65,9.927844,0.000868,9.926976,0.000765
4.33687,347.68,9.931413,0.000867,9.930546,0.000764
4.33727,347.71,9.934895,0.000866,9.934029,0.000763
4.33767,347.74,9.938289,0.000865,9.937423,0.000762
4.33807,347.77,9.941594,0.000864,9.940730,0.000761
4.33847,347.81,9.944812,0.000863,9.943948,0.000760
4.33887,347.84,9.947941,0.000862,9.947078,0.000759
4.33927,347.87,9.950981,0.000861,9.950120,0.000759
4.33967,347.90,9.953933,0.000861,9.953073,0.000758
4.34007,347.93,9.956796,0.000860,9.955937,0.000757
4.34047,347.97,9.959570,0.000859,9.958712,0.000756
4.34087,348.00,9.962255,0.000858,9.961397,0.000755
4.34127,348.03,9.964851,0.000857,9.963994,0.000754
4.34167,348.06,9.967357,0.000856,9.966501,0.000753
4.34207,348.10,9.969773,0.000855,9.968918,0.000752
4.34247,348.13,9.972100,0.000854,9.971246,0.000751
4.34287,348.16,9.974337,0.000853,9.973484,0.000751
4.34327,348.19,9.976484,0.000852,9.975632,0.000750
4.34367,348.22,9.978541,0.000851,9.977690,0.000749
4.34407,348.26,9.980508,0.000850,9.979658,0.000748
4.34447,348.29,9.982385,0.000850,9.981535,0.000747
4.34487,348.32,9.984171,0.000849,9.983322,0.000746
4.34527,348.35,9.985866,0.000848,9.985019,0.000745
4.34567,348.38,9.987471,0.000847,9.986624,0.000745
4.34607,348.42,9.988986,0.000846,9.988140,0.000744
4.34647,348.45,9.990409,0.000845,9.989564,0.000743
4.34687,348.48,9.991742,0.000844,9.990898,0.000742
4.34727,348.51,9.992984,0.000843,9.992141,0.000741
4.34767,348.54,9.994135,0.000842,9.993292,0.000740
4.34807,348.58,9.995194,0.000841,9.994353,0.000739
4.34847,348.61,9.996163,0.000841,9.995323,0.000738
4.34887,348.64,9.997041,0.000840,9.996201,0.000738
4.34927,348.67,9.997827,0.000839,9.996988,0.000737
4.34967,348.70,9.998522,0.000838,9.997684,0.000736
4.35007,348.74,9.999126,0.000837,9.998289,0.000735
4.35047,348.77,9.999639,0.000836,9.998803,0.000734
4.35087,348.80,10.000060,0.000835,9.999225,0.000733
4.35127,348.83,10.000390,0.000834,9.999556,0.000732
4.35167,348.86,10.000628,0.000833,9.999795,0.000732
4.35207,348.90,10.000775,0.000833,9.999943,0.000731
4.35247,348.93,10.000831,0.000832,9.999999,0.000730
4.35287,348.96,10.000795,0.000831,9.999964,0.000729
4.35327,348.99,10.000668,0.000830,9.999838,0.000728
4.35367,349.03,10.000450,0.000829,9.999621,0.000727
4.35407,349.06,10.000140,0.000828,9.999312,0.000727
4.35447,349.09,9.999738,0.000827,9.998911,0.000726
4.35487,349.12,9.999246,0.000826,9.998419,0.000725
4.35527,349.15,9.998662,0.000826,9.997836,0.000724
4.35567,349.19,9.997987,0.000825,9.997162,0.000723
4.35607,349.22,9.997220,0.000824,9.996396,0.000722
4.35647,349.25,9.996362,0.000823,9.995539,0.000722
4.35687,349.28,9.995413,0.000822,9.994591,0.000721
4.35727,349.31,9.994373,0.000821,9.993552,0.000720
4.35767,349.35,9.993242,0.000820,9.992422,0.000719
4.35807,349.38,9.992020,0.000819,9.991201,0.000718
4.35847,349.41,9.990707,0.000819,9.989889,0.000717
4.35887,349.44,9.989304,0.000818,9.988486,0.000717
4.35927,349.47,9.987809,0.000817,9.986992,0.000716
4.35967,349.51,9.986224,0.000816,9.985408,0.000715
4.36007,349.54,9.984548,0.000815,9.983733,0.000714
4.36047,349.57,9.982782,0.000814,9.981967,0.000713
4.36087,349.60,9.980925,0.000814,9.980111,0.000713
4.36127,349.63,9.978978,0.000813,9.978165,0.000712
4.36167,349.67,9.976940,0.000812,9.976129,0.000711
4.36207,349.70,9.974813,0.000811,9.974002,0.000710
4.36247,349.73,9.972595,0.000810,9.971785,0.000709
4.36287,349.76,9.970288,0.000809,9.969479,0.000709
4.36327,349.79,9.967891,0.000808,9.967083,0.000708
4.36367,349.83,9.965404,0.000808,9.964597,0.000707
4.36407,349.86,9.962828,0.000807,9.962022,0.000706
4.36447,349.89,9.960163,0.000806,9.959357,0.000705
4.36487,349.92,9.957408,0.000805,9.956603,0.000705
4.36527,349.96,9.954565,0.000804,9.953760,0.000704
4.36567,349.99,9.951632,0.000803,9.950829,0.000703
4.36607,350.02,9.948611,0.000803,9.947808,0.000702
4.36647,350.05,9.945501,0.000802,9.944699,0.000701
4.36687,350.08,9.942303,0.000801,9.941502,0.000701
4.36727,350.12,9.939016,0.000800,9.938216,0.000700
4.36767,350.15,9.935642,0.000799,9.934842,0.000699
4.36807,350.18,9.932179,0.000798,9.931381,0.000698
4.36847,350.21,9.928629,0.000798,9.927831,0.000697
4.36887,350.24,9.924991,0.000797,9.924195,0.000697
4.36927,350.28,9.921267,0.000796,9.920471,0.000696
4.36967,350.31,9.917455,0.000795,9.916659,0.000695
4.37007,350.34,9.913556,0.000794,9.912761,0.000694
4.37047,350.37,9.909570,0.000794,9.908777,0.000693
4.37087,350.40,9.905498,0.000793,9.904705,0.000693
4.37127,350.44,9.901340,0.000792,9.900548,0.000692
4.37167,350.47,9.897096,0.000791,9.896304,0.000691
4.37207,350.50,9.892765,0.000790,9.891975,0.000690
4.37247,350.53,9.888350,0.000789,9.887560,0.000690
4.37287,350.56,9.883849,0.000789,9.883060,0.000689
4.37327,350.60,9.879263,0.000788,9.878475,0.000688
4.37367,350.63,9.874592,0.000787,9.873805,0.000687
4.37407,350.66,9.869836,0.000786,9.869050,0.000686
4.37447,350.69,9.864996,0.000785,9.864211,0.000686
4.37487,350.72,9.860072,0.000785,9.859287,0.000685
4.37527,350.76,9.855064,0.000784,9.854280,0.000684
4.37567,350.79,9.849972,0.000783,9.849189,0.000683
4.37607,350.82,9.844798,0.000782,9.844015,0.000683
4.37647,350.85,9.839540,0.000781,9.838758,0.000682
4.37687,350.89,9.834199,0.000781,9.833418,0.000681
4.37727,350.92,9.828776,0.000780,9.827996,0.000680
4.37767,350.95,9.823270,0.000779,9.822491,0.000680
4.37807,350.98,9.817683,0.000778,9.816905,0.000679
4.37847,351.01,9.812014,0.000777,9.811237,0.000678
4.37887,351.05,9.806264,0.000777,9.805487,0.000677
4.37927,351.08,9.800433,0.000776,9.799657,0.000677
4.37967,351.11,9.794520,0.000775,9.793745,0.000676
4.38007,351.14,9.788528,0.000774,9.787754,0.000675
4.38047,351.17,9.782455,0.000774,9.781682,0.000674
4.38087,351.21,9.776303,0.000773,9.775530,0.000674
4.38127,351.24,9.770071,0.000772,9.769299,0.000673
4.38167,351.27,9.763760,0.000771,9.762988,0.000672
4.38207,351.30,9.757370,0.000770,9.756599,0.000671
4.38247,351.33,9.750901,0.000770,9.750131,0.000671
4.38287,351.37,9.744354,0.000769,9.743585,0.000670
4.38327,351.40,9.737729,0.000768,9.736961,0.000669
4.38367,351.43,9.731027,0.000767,9.730260,0.000668
4.38407,351.46,9.724248,0.000767,9.723481,0.000668
4.38447,351.49,9.717392,0.000766,9.716626,0.000667
4.38487,351.53,9.710459,0.000765,9.709694,0.000666
4.38527,351.56,9.703450,0.000764,9.702686,0.000665
4.38567,351.59,9.696365,0.000763,9.695602,0.000665
4.38607,351.62,9.689205,0.000763,9.688442,0.000664
4.38647,351.65,9.681969,0.000762,9.681207,0.000663
4.38687,351.69,9.674659,0.000761,9.673898,0.000663
4.38727,351.72,9.667275,0.000760,9.666514,0.000662
4.38767,351.75,9.659816,0.000760,9.659057,0.000661
4.38807,351.78,9.652284,0.000759,9.651525,0.000660
4.38847,351.82,9.644679,0.000758,9.643921,0.000660
4.38887,351.85,9.637000,0.000757,9.636243,0.000659
4.38927,351.88,9.629250,0.000757,9.628493,0.000658
4.38967,351.91,9.621426,0.000756,9.620671,0.000657
4.39007,351.94,9.613532,0.000755,9.612777,0.000657
4.39047,351.98,9.605566,0.000754,9.604811,0.000656
4.39087,352.01,9.597528,0.000754,9.596775,0.000655
4.39127,352.04,9.589421,0.000753,9.588668,0.000655
4.39167,352.07,9.581243,0.000752,9.580491,0.000654
4.39207,352.10,9.572995,0.000751,9.572244,0.000653
4.39247,352.14,9.564678,0.000751,9.563927,0.000652
4.39287,352.17,9.556291,0.000750,9.555542,0.000652
4.39327,352.20,9.547837,0.000749,9.547087,0.000651
4.39367,352.23,9.539313,0.000748,9.538565,0.000650
4.39407,352.26,9.530723,0.000748,9.529975,0.000650
4.39447,352.30,9.522064,0.000747,9.521317,0.000649
4.39487,352.33,9.513339,0.000746,9.512593,0.000648
4.39527,352.36,9.504547,0.000745,9.503802,0.000647
4.39567,352.39,9.495689,0.000745,9.494944,0.000647
4.39607,352.42,9.486765,0.000744,9.486021,0.000646
4.39647,352.46,9.477776,0.000743,9.477033,0.000645
4.39687,352.49,9.468722,0.000742,9.467979,0.000645
4.39727,352.52,9.459603,0.000742,9.458862,0.000644
4.39767,352.55,9.450421,0.000741,9.449680,0.000643
4.39807,352.58,9.441174,0.000740,9.440434,0.000643
4.39847,352.62,9.431865,0.000740,9.431125,0.000642
4.39887,352.65,9.422492,0.000739,9.421754,0.000641
4.39927,352.68,9.413058,0.000738,9.412320,0.000640
4.39967,352.71,9.403561,0.000737,9.402824,0.000640
4.40007,352.75,9.394003,0.000737,9.393266,0.000639
4.40047,352.78,9.384384,0.000736,9.383648,0.000638
4.40087,352.81,9.374704,0.000735,9.373969,0.000638
4.40127,352.84,9.364964,0.000734,9.364229,0.000637
4.40167,352.87,9.355164,0.000734,9.354430,0.000636
4.40207,352.91,9.345305,0.000733,9.344571,0.000636
4.40247,352.94,9.335386,0.000732,9.334654,0.000635
4.40287,352.97,9.325410,0.000732,9.324678,0.000634
4.40327,353.00,9.315375,0.000731,9.314644,0.000634
4.40367,353.03,9.305283,0.000730,9.304553,0.000633
4.40407,353.07,9.295134,0.000729,9.294405,0.000632
4.40447,353.10,9.284928,0.000729,9.284199,0.000632
4.40487,353.13,9.274666,0.000728,9.273938,0.000631
4.40527,353.16,9.264348,0.000727,9.263621,0.000630
4.40567,353.19,9.253975,0.000727,9.253248,0.000630
4.40607,353.23,9.243547,0.000726,9.242821,0.000629
4.40647,353.26,9.233064,0.000725,9.232339,0.000628
4.40687,353.29,9.222527,0.000724,9.221803,0.000628
4.40727,353.32,9.211937,0.000724,9.211213,0.000627
4.40767,353.35,9.201294,0.000723,9.200571,0.000626
4.40807,353.39,9.190598,0.000722,9.189876,0.000625
4.40847,353.42,9.179850,0.000722,9.179129,0.000625
4.40887,353.45,9.169050,0.000721,9.168330,0.000624
4.40927,353.48,9.158199,0.000720,9.157479,0.000623
4.40967,353.51,9.147298,0.000720,9.146578,0.000623
4.41007,353.55,9.136345,0.000719,9.135627,0.000622
4.41047,353.58,9.125343,0.000718,9.124625,0.000622
4.41087,353.61,9.114292,0.000717,9.113574,0.000621
4.41127,353.64,9.103191,0.000717,9.102474,0.000620
4.41167,353.68,9.092042,0.000716,9.091326,0.000620
4.41207,353.71,9.080845,0.000715,9.080129,0.000619
4.41247,353.74,9.069600,0.000715,9.068885,0.000618
4.41287,353.77,9.058308,0.000714,9.057594,0.000618
4.41327,353.80,9.046969,0.000713,9.046256,0.000617
4.41367,353.84,9.035584,0.000713,9.034872,0.000616
4.41407,353.87,9.024154,0.000712,9.023442,0.000616
4.41447,353.90,9.012677,0.000711,9.011966,0.000615
4.41487,353.93,9.001156,0.000711,9.000446,0.000614
4.41527,353.96,8.989591,0.000710,8.988881,0.000614
4.41567,354.00,8.977981,0.000709,8.977272,0.000613
4.41607,354.03,8.966328,0.000709,8.965620,0.000612
4.41647,354.06,8.954632,0.000708,8.953924,0.000612
4.41687,354.09,8.942894,0.000707,8.942186,0.000611
4.41727,354.12,8.931113,0.000707,8.930406,0.000610
4.41767,354.16,8.919290,0.000706,8.918584,0.000610
4.41807,354.19,8.907426,0.000705,8.906721,0.000609
4.41847,354.22,8.895522,0.000704,8.894817,0.000608
4.41887,354.25,8.883577,0.000704,8.882873,0.000608
4.41927,354.28,8.871592,0.000703,8.870889,0.000607
4.41967,354.32,8.859567,0.000702,8.858865,0.000607
4.42007,354.35,8.847504,0.000702,8.846802,0.000606
4.42047,354.38,8.835402,0.000701,8.834701,0.000605
4.42087,354.41,8.823262,0.000700,8.822562,0.000605
4.42127,354.44,8.811085,0.000700,8.810385,0.000604
4.42167,354.48,8.798870,0.000699,8.798171,0.000603
4.42207,354.51,8.786618,0.000698,8.785920,0.000603
4.42247,354.54,8.774331,0.000698,8.773633,0.000602
4.42287,354.57,8.762007,0.000697,8.761310,0.000601
4.42327,354.61,8.749648,0.000696,8.748951,0.000601
4.42367,354.64,8.737254,0.000696,8.736558,0.000600
4.42407,354.67,8.724825,0.000695,8.724130,0.000600
4.42447,354.70,8.712363,0.000694,8.711668,0.000599
4.42487,354.73,8.699867,0.000694,8.699173,0.000598
4.42527,354.77,8.687337,0.000693,8.686644,0.000598
4.42567,354.80,8.674775,0.000693,8.674083,0.000597
4.42607,354.83,8.662181,0.000692,8.661489,0.000596
4.42647,354.86,8.649554,0.000691,8.648863,0.000596
4.42687,354.89,8.636897,0.000691,8.636206,0.000595
4.42727,354.93,8.624208,0.000690,8.623518,0.000595
4.42767,354.96,8.611489,0.000689,8.610800,0.000594
4.42807,354.99,8.598740,0.000689,8.598051,0.000593
4.42847,355.02,8.585961,0.000688,8.585273,0.000593
4.42887,355.05,8.573152,0.000687,8.572465,0.000592
4.42927,355.09,8.560315,0.000687,8.559629,0.000591
4.42967,355.12,8.547450,0.000686,8.546764,0.000591
4.43007,355.15,8.534556,0.000685,8.533871,0.000590
4.43047,355.18,8.521635,0.000685,8.520951,0.000590
4.43087,355.21,8.508687,0.000684,8.508003,0.000589
4.43127,355.25,8.495713,0.000683,8.495029,0.000588
4.43167,355.28,8.482712,0.000683,8.482029,0.000588
4.43207,355.31,8.469685,0.000682,8.469003,0.000587
4.43247,355.34,8.456633,0.000681,8.455951,0.000587
4.43287,355.37,8.443555,0.000681,8.442874,0.000586
4.43327,355.41,8.430454,0.000680,8.429773,0.000585
4.43367,355.44,8.417328,0.000680,8.416648,0.000585
4.43407,355.47,8.404178,0.000679,8.403499,0.000584
4.43447,355.50,8.391005,0.000678,8.390327,0.000584
4.43487,355.53,8.377809,0.000678,8.377131,0.000583
4.43527,355.57,8.364590,0.000677,8.363913,0.000582
4.43567,355.60,8.351350,0.000676,8.350674,0.000582
4.43607,355.63,8.338088,0.000676,8.337412,0.000581
4.43647,355.66,8.324804,0.000675,8.324129,0.000581
4.43687,355.70,8.311500,0.000675,8.310825,0.000580
4.43727,355.73,8.298175,0.000674,8.297501,0.000579
4.43767,355.76,8.284830,0.000673,8.284157,0.000579
4.43807,355.79,8.271465,0.000673,8.270793,0.000578
4.43847,355.82,8.258082,0.000672,8.257410,0.000578
4.43887,355.86,8.244679,0.000671,8.244007,0.000577
4.43927,355.89,8.231258,0.000671,8.230587,0.000576
4.43967,355.92,8.217818,0.000670,8.217148,0.000576
4.44007,355.95,8.204361,0.000670,8.203692,0.000575
4.44047,355.98,8.190887,0.000669,8.190218,0.000575
4.44087,356.02,8.177395,0.000668,8.176727,0.000574
4.44127,356.05,8.163888,0.000668,8.163220,0.000573
4.44167,356.08,8.150364,0.000667,8.149697,0.000573
4.44207,356.11,8.136824,0.000666,8.136157,0.000572
4.44247,356.14,8.123269,0.000666,8.122603,0.000572
4.44287,356.18,8.109698,0.000665,8.109033,0.000571
4.44327,356.21,8.096114,0.000665,8.095449,0.000571
4.44367,356.24,8.082515,0.000664,8.081851,0.000570
4.44407,356.27,8.068902,0.000663,8.068238,0.000569
4.44447,356.30,8.055275,0.000663,8.054612,0.000569
4.44487,356.34,8.041635,0.000662,8.040973,0.000568
4.44527,356.37,8.027983,0.000662,8.027321,0.000568
4.44567,356.40,8.014318,0.000661,8.013657,0.000567
4.44607,356.43,8.000641,0.000660,7.999981,0.000566
4.44647,356.46,7.986952,0.000660,7.986293,0.000566
4.44687,356.50,7.973252,0.000659,7.972593,0.000565
4.44727,356.53,7.959541,0.000658,7.958883,0.000565
4.44767,356.56,7.945820,0.000658,7.945162,0.000564
4.44807,356.59,7.932088,0.000657,7.931431,0.000564
4.44847,356.63,7.918346,0.000657,7.917689,0.000563
4.44887,356.66,7.904595,0.000656,7.903939,0.000562
4.44927,356.69,7.890834,0.000655,7.890179,0.000562
4.44967,356.72,7.877065,0.000655,7.876410,0.000561
4.45007,356.75,7.863287,0.000654,7.862632,0.000561
4.45047,356.79,7.849500,0.000654,7.848847,0.000560
4.45087,356.82,7.835706,0.000653,7.835053,0.000560
4.45127,356.85,7.821905,0.000652,7.821252,0.000559
4.45167,356.88,7.808096,0.000652,7.807444,0.000559
4.45207,356.91,7.794280,0.000651,7.793629,0.000558
4.45247,356.95,7.780458,0.000651,7.779808,0.000557
4.45287,356.98,7.766630,0.000650,7.765980,0.000557
4.45327,357.01,7.752796,0.000649,7.752146,0.000556
4.45367,357.04,7.738956,0.000649,7.738307,0.000556
4.45407,357.07,7.725111,0.000648,7.724463,0.000555
4.45447,357.11,7.711261,0.000648,7.710614,0.000555
4.45487,357.14,7.697407,0.000647,7.696760,0.000554
4.45527,357.17,7.683548,0.000647,7.682902,0.000553
4.45567,357.20,7.669685,0.000646,7.669040,0.000553
4.45607,357.23,7.655819,0.000645,7.655174,0.000552
4.45647,357.27,7.641950,0.000645,7.641305,0.000552
4.45687,357.30,7.628077,0.000644,7.627433,0.000551
4.45727,357.33,7.614202,0.000644,7.613558,0.000551
4.45767,357.36,7.600324,0.000643,7.599681,0.000550
4.45807,357.39,7.586444,0.000642,7.585802,0.000550
4.45847,357.43,7.572563,0.000642,7.571921,0.000549
4.45887,357.46,7.558679,0.000641,7.558038,0.000548
4.45927,357.49,7.544795,0.000641,7.544154,0.000548
4.45967,357.52,7.530910,0.000640,7.530270,0.000547
4.46007,357.56,7.517024,0.000640,7.516384,0.000547
4.46047,357.59,7.503138,0.000639,7.502499,0.000546
4.46087,357.62,7.489251,0.000638,7.488613,0.000546
4.46127,357.65,7.475365,0.000638,7.474727,0.000545
4.46167,357.68,7.461480,0.000637,7.460843,0.000545
4.46207,357.72,7.447595,0.000637,7.446958,0.000544
4.46247,357.75,7.433711,0.000636,7.433075,0.000544
4.46287,357.78,7.419829,0.000636,7.419194,0.000543
4.46327,357.81,7.405948,0.000635,7.405313,0.000542
4.46367,357.84,7.392070,0.000634,7.391435,0.000542
4.46407,357.88,7.378193,0.000634,7.377559,0.000541
4.46447,357.91,7.364319,0.000633,7.363686,0.000541
4.46487,357.94,7.350447,0.000633,7.349815,0.000540
4.46527,357.97,7.336579,0.000632,7.335947,0.000540
4.46567,358.00,7.322714,0.000632,7.322082,0.000539
4.46607,358.04,7.308852,0.000631,7.308221,0.000539
4.46647,358.07,7.294994,0.000630,7.294363,0.000538
4.46687,358.10,7.281140,0.000630,7.280510,0.000538
4.46727,358.13,7.267290,0.000629,7.266661,0.000537
4.46767,358.16,7.253445,0.000629,7.252816,0.000537
4.46807,358.20,7.239604,0.000628,7.238976,0.000536
4.46847,358.23,7.225769,0.000628,7.225141,0.000536
4.46887,358.26,7.211938,0.000627,7.211311,0.000535
4.46927,358.29,7.198113,0.000626,7.197487,0.000534
4.46967,358.32,7.184294,0.000626,7.183668,0.000534
4.47007,358.36,7.170481,0.000625,7.169856,0.000533
4.47047,358.39,7.156674,0.000625,7.156050,0.000533
4.47087,358.42,7.142874,0.000624,7.142250,0.000532
4.47127,358.45,7.129080,0.000624,7.128457,0.000532
4.47167,358.49,7.115293,0.000623,7.114670,0.000531
4.47207,358.52,7.101514,0.000623,7.100891,0.000531
4.47247,358.55,7.087741,0.000622,7.087119,0.000530
4.47287,358.58,7.073976,0.000621,7.073355,0.000530
4.47327,358.61,7.060219,0.000621,7.059599,0.000529
4.47367,358.65,7.046471,0.000620,7.045850,0.000529
4.47407,358.68,7.032730,0.000620,7.032110,0.000528
4.47447,358.71,7.018998,0.000619,7.018378,0.000528
4.47487,358.74,7.005274,0.000619,7.004655,0.000527
4.47527,358.77,6.991559,0.000618,6.990941,0.000527
4.47567,358.81,6.977854,0.000618,6.977236,0.000526
4.47607,358.84,6.964157,0.000617,6.963540,0.000526
4.47647,358.87,6.950471,0.000617,6.949854,0.000525
4.47687,358.90,6.936794,0.000616,6.936178,0.000525
4.47727,358.93,6.923126,0.000615,6.922511,0.000524
4.47767,358.97,6.909469,0.000615,6.908854,0.000524
4.47807,359.00,6.895823,0.000614,6.895208,0.000523
4.47847,359.03,6.882186,0.000614,6.881573,0.000523
4.47887,359.06,6.868561,0.000613,6.867948,0.000522
4.47927,359.09,6.854946,0.000613,6.854334,0.000522
4.47967,359.13,6.841343,0.000612,6.840731,0.000521
4.48007,359.16,6.827751,0.000612,6.827139,0.000520
4.48047,359.19,6.814170,0.000611,6.813559,0.000520
4.48087,359.22,6.800601,0.000611,6.799990,0.000519
4.48127,359.25,6.787044,0.000610,6.786434,0.000519
4.48167,359.29,6.773498,0.000610,6.772889,0.000518
4.48207,359.32,6.759965,0.000609,6.759356,0.000518
4.48247,359.35,6.746445,0.000608,6.745836,0.000517
4.48287,359.38,6.732937,0.000608,6.732329,0.000517
4.48327,359.42,6.719441,0.000607,6.718834,0.000516
4.48367,359.45,6.705959,0.000607,6.705352,0.000516
4.48407,359.48,6.692489,0.000606,6.691883,0.000515
4.48447,359.51,6.679033,0.000606,6.678427,0.000515
4.48487,359.54,6.665590,0.000605,6.664985,0.000514
4.48527,359.58,6.652161,0.000605,6.651556,0.000514
4.48567,359.61,6.638745,0.000604,6.638141,0.000513
4.48607,359.64,6.625344,0.000604,6.624740,0.000513
4.48647,359.67,6.611956,0.000603,6.611353,0.000512
4.48687,359.70,6.598583,0.000603,6.597980,0.000512
4.48727,359.74,6.585224,0.000602,6.584622,0.000511
4.48767,359.77,6.571879,0.000602,6.571278,0.000511
4.48807,359.80,6.558549,0.000601,6.557948,0.000510
4.48847,359.83,6.545234,0.000601,6.544634,0.000510
4.48887,359.86,6.531934,0.000600,6.531334,0.000510
4.48927,359.90,6.518649,0.000599,6.518050,0.000509
4.48967,359.93,6.505380,0.000599,6.504781,0.000509
4.49007,359.96,6.492125,0.000598,6.491527,0.000508
4.49047,359.99,6.478887,0.000598,6.478289,0.000508
4.49087,360.02,6.465663,0.000597,6.465066,0.000507
4.49127,360.06,6.452456,0.000597,6.451859,0.000507
4.49167,360.09,6.439265,0.000596,6.438668,0.000506
4.49207,360.12,6.426090,0.000596,6.425494,0.000506
4.49247,360.15,6.412931,0.000595,6.412335,0.000505
4.49287,360.18,6.399788,0.000595,6.399193,0.000505
4.49327,360.22,6.386662,0.000594,6.386067,0.000504
4.49367,360.25,6.373552,0.000594,6.372958,0.000504
4.49407,360.28,6.360459,0.000593,6.359866,0.000503
4.49447,360.31,6.347383,0.000593,6.346791,0.000503
4.49487,360.35,6.334324,0.000592,6.333732,0.000502
4.49527,360.38,6.321282,0.000592,6.320691,0.000502
4.49567,360.41,6.308258,0.000591,6.307667,0.000501
4.49607,360.44,6.295250,0.000591,6.294660,0.000501
4.49647,360.47,6.282261,0.000590,6.281670,0.000500
4.49687,360.51,6.269288,0.000590,6.268699,0.000500
4.49727,360.54,6.256334,0.000589,6.255745,0.000499
4.49767,360.57,6.243397,0.000589,6.242808,0.000499
4.49807,360.60,6.230478,0.000588,6.229890,0.000498
4.49847,360.63,6.217577,0.000588,6.216990,0.000498
4.49887,360.67,6.204695,0.000587,6.204107,0.000497
4.49927,360.70,6.191830,0.000587,6.191244,0.000497
4.49967,360.73,6.178984,0.000586,6.178398,0.000496
4.50008,360.76,6.166156,0.000586,6.165571,0.000496
4.50048,360.79,6.153347,0.000585,6.152762,0.000496
4.50088,360.83,6.140557,0.000585,6.139972,0.000495
4.50128,360.86,6.127785,0.000584,6.127201,0.000495
4.50168,360.89,6.115032,0.000584,6.114449,0.000494
4.50208,360.92,6.102298,0.000583,6.101715,0.000494
4.50248,360.95,6.089583,0.000583,6.089001,0.000493
4.50288,360.99,6.076888,0.000582,6.076305,0.000493
4.50328,361.02,6.064211,0.000582,6.063629,0.000492
4.50368,361.05,6.051554,0.000581,6.050973,0.000492
4.50408,361.08,6.038916,0.000581,6.038335,0.000491
4.50448,361.11,6.026298,0.000580,6.025717,0.000491
4.50488,361.15,6.013699,0.000580,6.013119,0.000490
4.50528,361.18,6.001120,0.000579,6.000540,0.000490
4.50568,361.21,5.988560,0.000579,5.987982,0.000489
4.50608,361.24,5.976021,0.000578,5.975442,0.000489
4.50648,361.28,5.963501,0.000578,5.962923,0.000489
4.50688,361.31,5.951001,0.000577,5.950424,0.000488
4.50728,361.34,5.938522,0.000577,5.937945,0.000488
4.50768,361.37,5.926062,0.000576,5.925486,0.000487
4.50808,361.40,5.913623,0.000576,5.913047,0.000487
4.50848,361.44,5.901204,0.000575,5.900629,0.000486
4.50888,361.47,5.888805,0.000575,5.888231,0.000486
4.50928,361.50,5.876427,0.000574,5.875853,0.000485
4.50968,361.53,5.864069,0.000574,5.863496,0.000485
4.51008,361.56,5.851732,0.000573,5.851159,0.000484
4.51048,361.60,5.839416,0.000573,5.838843,0.000484
4.51088,361.63,5.827120,0.000572,5.826548,0.000483
4.51128,361.66,5.814845,0.000572,5.814273,0.000483
4.51168,361.69,5.802591,0.000571,5.802020,0.000483
4.51208,361.72,5.790358,0.000571,5.789787,0.000482
4.51248,361.76,5.778145,0.000570,5.777575,0.000482
4.51288,361.79,5.765954,0.000570,5.765384,0.000481
4.51328,361.82,5.753784,0.000569,5.753215,0.000481
4.51368,361.85,5.741635,0.000569,5.741066,0.000480
4.51408,361.88,5.729507,0.000569,5.728939,0.000480
4.51448,361.92,5.717401,0.000568,5.716832,0.000479
4.51488,361.95,5.705315,0.000568,5.704748,0.000479
4.51528,361.98,5.693251,0.000567,5.692684,0.000479
4.51568,362.01,5.681209,0.000567,5.680642,0.000478
4.51608,362.04,5.669188,0.000566,5.668622,0.000478
4.51648,362.08,5.657188,0.000566,5.656623,0.000477
4.51688,362.11,5.645210,0.000565,5.644645,0.000477
4.51728,362.14,5.633254,0.000565,5.632689,0.000476
4.51768,362.17,5.621319,0.000564,5.620755,0.000476
4.51808,362.21,5.609406,0.000564,5.608843,0.000475
4.51848,362.24,5.597515,0.000563,5.596952,0.000475
4.51888,362.27,5.585646,0.000563,5.585083,0.000475
4.51928,362.30,5.573798,0.000562,5.573236,0.000474
4.51968,362.33,5.561972,0.000562,5.561411,0.000474
4.52008,362.37,5.550169,0.000561,5.549607,0.000473
4.52048,362.40,5.538387,0.000561,5.537826,0.000473
4.52088,362.43,5.526627,0.000560,5.526067,0.000472
4.52128,362.46,5.514889,0.000560,5.514329,0.000472
4.52168,362.49,5.503174,0.000560,5.502614,0.000471
4.52208,362.53,5.491480,0.000559,5.490921,0.000471
4.52248,362.56,5.479809,0.000559,5.479250,0.000471
4.52288,362.59,5.468159,0.000558,5.467601,0.000470
4.52328,362.62,5.456532,0.000558,5.455975,0.000470
4.52368,362.65,5.444927,0.000557,5.444370,0.000469
4.52408,362.69,5.433345,0.000557,5.432788,0.000469
4.52448,362.72,5.421785,0.000556,5.421229,0.000468
4.52488,362.75,5.410247,0.000556,5.409691,0.000468
4.52528,362.78,5.398731,0.000555,5.398176,0.000468
4.52568,362.81,5.387238,0.000555,5.386683,0.000467
4.52608,362.85,5.375768,0.000554,5.375213,0.000467
4.52648,362.88,5.364319,0.000554,5.363765,0.000466
4.52688,362.91,5.352894,0.000554,5.352340,0.000466
4.52728,362.94,5.341490,0.000553,5.340937,0.000465
4.52768,362.97,5.330110,0.000553,5.329557,0.000465
4.52808,363.01,5.318752,0.000552,5.318199,0.000465
4.52848,363.04,5.307416,0.000552,5.306864,0.000464
4.52888,363.07,5.296103,0.000551,5.295552,0.000464
4.52928,363.10,5.284812,0.000551,5.284262,0.000463
4.52968,363.14,5.273545,0.000550,5.272994,0.000463
4.53008,363.17,5.262299,0.000550,5.261750,0.000462
4.53048,363.20,5.251077,0.000549,5.250527,0.000462
4.53088,363.23,5.239877,0.000549,5.239328,0.000462
4.53128,363.26,5.228700,0.000549,5.228151,0.000461
4.53168,363.30,5.217545,0.000548,5.216997,0.000461
4.53208,363.33,5.206414,0.000548,5.205866,0.000460
4.53248,363.36,5.195305,0.000547,5.194758,0.000460
4.53288,363.39,5.184218,0.000547,5.183672,0.000459
4.53328,363.42,5.173155,0.000546,5.172609,0.000459
4.53368,363.46,5.162114,0.000546,5.161568,0.000459
4.53408,363.49,5.151096,0.000545,5.150551,0.000458
4.53448,363.52,5.140101,0.000545,5.139556,0.000458
4.53488,363.55,5.129129,0.000544,5.128584,0.000457
4.53528,363.58,5.118179,0.000544,5.117635,0.000457
4.53568,363.62,5.107252,0.000544,5.106709,0.000457
4.53608,363.65,5.096349,0.000543,5.095805,0.000456
4.53648,363.68,5.085467,0.000543,5.084925,0.000456
4.53688,363.71,5.074609,0.000542,5.074067,0.000455
4.53728,363.74,5.063774,0.000542,5.063232,0.000455
4.53768,363.78,5.052961,0.000541,5.052420,0.000454
4.53808,363.81,5.042171,0.000541,5.041631,0.000454
4.53848,363.84,5.031405,0.000540,5.030864,0.000454
4.53888,363.87,5.020660,0.000540,5.020120,0.000453
4.53928,363.90,5.009939,0.000540,5.009400,0.000453
4.53968,363.94,4.999241,0.000539,4.998702,0.000452
4.54008,363.97,4.988565,0.000539,4.988027,0.000452
4.54048,364.00,4.977913,0.000538,4.977375,0.000452
4.54088,364.03,4.967283,0.000538,4.966745,0.000451
4.54128,364.06,4.956676,0.000537,4.956139,0.000451
4.54168,364.10,4.946092,0.000537,4.945555,0.000450
4.54208,364.13,4.935531,0.000537,4.934994,0.000450
4.54248,364.16,4.924992,0.000536,4.924456,0.000449
4.54288,364.19,4.914477,0.000536,4.913941,0.000449
4.54328,364.23,4.903984,0.000535,4.903449,0.000449
4.54368,364.26,4.893514,0.000535,4.892979,0.000448
4.54408,364.29,4.883067,0.000534,4.882533,0.000448
4.54448,364.32,4.872643,0.000534,4.872109,0.000447
4.54488,364.35,4.862241,0.000533,4.861708,0.000447
4.54528,364.39,4.851863,0.000533,4.851330,0.000447
4.54568,364.42,4.841507,0.000533,4.840974,0.000446
4.54608,364.45,4.831174,0.000532,4.830642,0.000446
4.54648,364.48,4.820864,0.000532,4.820332,0.000445
4.54688,364.51,4.810576,0.000531,4.810045,0.000445
4.54728,364.55,4.800311,0.000531,4.799780,0.000445
4.54768,364.58,4.790069,0.000530,4.789539,0.000444
4.54808,364.61,4.779850,0.000530,4.779320,0.000444
4.54848,364.64,4.769653,0.000530,4.769124,0.000443
4.54888,364.67,4.759479,0.000529,4.758950,0.000443
4.54928,364.71,4.749328,0.000529,4.748800,0.000443
4.54968,364.74,4.739200,0.000528,4.738671,0.000442
4.55008,364.77,4.729094,0.000528,4.728566,0.000442
4.55048,364.80,4.719011,0.000527,4.718483,0.000441
4.55088,364.83,4.708950,0.000527,4.708423,0.000441
4.55128,364.87,4.698912,0.000527,4.698386,0.000441
4.55168,364.90,4.688897,0.000526,4.688371,0.000440
4.55208,364.93,4.678905,0.000526,4.678379,0.000440
4.55248,364.96,4.668934,0.000525,4.668409,0.000439
4.55288,364.99,4.658987,0.000525,4.658462,0.000439
4.55328,365.03,4.649062,0.000525,4.648537,0.000439
4.55368,365.06,4.639160,0.000524,4.638635,0.000438
4.55408,365.09,4.629280,0.000524,4.628756,0.000438
4.55448,365.12,4.619422,0.000523,4.618899,0.000438
4.55488,365.16,4.609587,0.000523,4.609064,0.000437
4.55528,365.19,4.599775,0.000522,4.599252,0.000437
4.55568,365.22,4.589985,0.000522,4.589463,0.000436
4.55608,365.25,4.580217,0.000522,4.579695,0.000436
4.55648,365.28,4.570472,0.000521,4.569950,0.000436
4.55688,365.32,4.560749,0.000521,4.560228,0.000435
4.55728,365.35,4.551048,0.000520,4.550528,0.000435
4.55768,365.38,4.541370,0.000520,4.540850,0.000434
4.55808,365.41,4.531714,0.000520,4.531195,0.000434
4.55848,365.44,4.522080,0.000519,4.521561,0.000434
4.55888,365.48,4.512469,0.000519,4.511950,0.000433
4.55928,365.51,4.502880,0.000518,4.502362,0.000433
4.55968,365.54,4.493313,0.000518,4.492795,0.000432
4.56008,365.57,4.483768,0.000517,4.483251,0.000432
4.56048,365.60,4.474246,0.000517,4.473729,0.000432
4.56088,365.64,4.464746,0.000517,4.464229,0.000431
4.56128,365.67,4.455267,0.000516,4.454751,0.000431
4.56168,365.70,4.445811,0.000516,4.445295,0.000431
4.56208,365.73,4.436377,0.000515,4.435862,0.000430
4.56248,365.76,4.426965,0.000515,4.426450,0.000430
4.56288,365.80,4.417575,0.000515,4.417060,0.000429
4.56328,365.83,4.408207,0.000514,4.407693,0.000429
4.56368,365.86,4.398861,0.000514,4.398347,0.000429
4.56408,365.89,4.389537,0.000513,4.389023,0.000428
4.56448,365.92,4.380235,0.000513,4.379722,0.000428
4.56488,365.96,4.370954,0.000513,4.370442,0.000428
4.56528,365.99,4.361696,0.000512,4.361184,0.000427
4.56568,366.02,4.352459,0.000512,4.351947,0.000427
4.56608,366.05,4.343244,0.000511,4.342733,0.000426
4.56648,366.09,4.334051,0.000511,4.333540,0.000426
4.56688,366.12,4.324880,0.000511,4.324369,0.000426
4.56728,366.15,4.315730,0.000510,4.315220,0.000425
4.56768,366.18,4.306602,0.000510,4.306093,0.000425
4.56808,366.21,4.297496,0.000509,4.296987,0.000425
4.56848,366.25,4.288412,0.000509,4.287903,0.000424
4.56888,366.28,4.279348,0.000509,4.278840,0.000424
4.56928,366.31,4.270307,0.000508,4.269799,0.000423
4.56968,366.34,4.261287,0.000508,4.260779,0.000423
4.57008,366.37,4.252289,0.000507,4.251781,0.000423
4.57048,366.41,4.243312,0.000507,4.242805,0.000422
4.57088,366.44,4.234356,0.000507,4.233849,0.000422
4.57128,366.47,4.225422,0.000506,4.224916,0.000422
4.57168,366.50,4.216509,0.000506,4.216003,0.000421
4.57208,366.53,4.207618,0.000505,4.207112,0.000421
4.57248,366.57,4.198748,0.000505,4.198243,0.000420
4.57288,366.60,4.189899,0.000505,4.189394,0.000420
4.57328,366.63,4.181071,0.000504,4.180567,0.000420
4.57368,366.66,4.172265,0.000504,4.171761,0.000419
4.57408,366.69,4.163480,0.000503,4.162976,0.000419
4.57448,366.73,4.154716,0.000503,4.154213,0.000419
4.57488,366.76,4.145973,0.000503,4.145470,0.000418
4.57528,366.79,4.137251,0.000502,4.136749,0.000418
4.57568,366.82,4.128550,0.000502,4.128048,0.000417
4.57608,366.85,4.119870,0.000501,4.119369,0.000417
4.57648,366.89,4.111211,0.000501,4.110710,0.000417
4.57688,366.92,4.102573,0.000501,4.102073,0.000416
4.57728,366.95,4.093956,0.000500,4.093456,0.000416
4.57768,366.98,4.085360,0.000500,4.084860,0.000416
4.57808,367.02,4.076785,0.000499,4.076286,0.000415
4.57848,367.05,4.068231,0.000499,4.067732,0.000415
4.57888,367.08,4.059697,0.000499,4.059198,0.000415
4.57928,367.11,4.051184,0.000498,4.050686,0.000414
4.57968,367.14,4.042692,0.000498,4.042194,0.000414
4.58008,367.18,4.034220,0.000498,4.033722,0.000414
4.58048,367.21,4.025769,0.000497,4.025272,0.000413
4.58088,367.24,4.017339,0.000497,4.016842,0.000413
4.58128,367.27,4.008929,0.000496,4.008432,0.000412
4.58168,367.30,4.000539,0.000496,4.000043,0.000412
4.58208,367.34,3.992170,0.000496,3.991675,0.000412
4.58248,367.37,3.983822,0.000495,3.983327,0.000411
4.58288,367.40,3.975494,0.000495,3.974999,0.000411
4.58328,367.43,3.967186,0.000494,3.966692,0.000411
4.58368,367.46,3.958899,0.000494,3.958405,0.000410
4.58408,367.50,3.950632,0.000494,3.950138,0.000410
4.58448,367.53,3.942385,0.000493,3.941892,0.000410
4.58488,367.56,3.934158,0.000493,3.933666,0.000409
4.58528,367.59,3.925952,0.000493,3.925460,0.000409
4.58568,367.62,3.917766,0.000492,3.917274,0.000409
4.58608,367.66,3.909600,0.000492,3.909108,0.000408
4.58648,367.69,3.901454,0.000491,3.900962,0.000408
4.58688,367.72,3.893327,0.000491,3.892836,0.000407
4.58728,367.75,3.885221,0.000491,3.884731,0.000407
4.58768,367.78,3.877135,0.000490,3.876645,0.000407
4.58808,367.82,3.869069,0.000490,3.868579,0.000406
4.58848,367.85,3.861023,0.000490,3.860533,0.000406
4.58888,367.88,3.852996,0.000489,3.852507,0.000406
4.58928,367.91,3.844989,0.000489,3.844501,0.000405
4.58968,367.95,3.837002,0.000488,3.836514,0.000405
4.59008,367.98,3.829035,0.000488,3.828547,0.000405
4.59048,368.01,3.821088,0.000488,3.820600,0.000404
4.59088,368.04,3.813160,0.000487,3.812672,0.000404
4.59128,368.07,3.805251,0.000487,3.804764,0.000404
4.59168,368.11,3.797362,0.000487,3.796876,0.000403
4.59208,368.14,3.789493,0.000486,3.789007,0.000403
4.59248,368.17,3.781643,0.000486,3.781158,0.000403
4.59288,368.20,3.773813,0.000485,3.773328,0.000402
4.59328,368.23,3.766002,0.000485,3.765517,0.000402
4.59368,368.27,3.758211,0.000485,3.757726,0.000402
4.59408,368.30,3.750438,0.000484,3.749954,0.000401
4.59448,368.33,3.742685,0.000484,3.742201,0.000401
4.59488,368.36,3.734952,0.000484,3.734468,0.000401
4.59528,368.39,3.727237,0.000483,3.726754,0.000400
4.59568,368.43,3.719542,0.000483,3.719059,0.000400
4.59608,368.46,3.711865,0.000482,3.711383,0.000399
4.59648,368.49,3.704208,0.000482,3.703726,0.000399
4.59688,368.52,3.696570,0.000482,3.696088,0.000399
4.59728,368.55,3.688951,0.000481,3.688470,0.000398
4.59768,368.59,3.681351,0.000481,3.680870,0.000398
4.59808,368.62,3.673769,0.000481,3.673289,0.000398
4.59848,368.65,3.666207,0.000480,3.665727,0.000397
4.59888,368.68,3.658664,0.000480,3.658184,0.000397
4.59928,368.71,3.651139,0.000480,3.650659,0.000397
4.59968,368.75,3.643633,0.000479,3.643154,0.000396
4.60008,368.78,3.636146,0.000479,3.635667,0.000396
4.60048,368.81,3.628677,0.000478,3.628199,0.000396
4.60088,368.84,3.621227,0.000478,3.620749,0.000395
4.60128,368.88,3.613796,0.000478,3.613318,0.000395
4.60168,368.91,3.606383,0.000477,3.605906,0.000395
4.60208,368.94,3.598989,0.000477,3.598512,0.000394
4.60248,368.97,3.591613,0.000477,3.591136,0.000394
4.60288,369.00,3.584255,0.000476,3.583779,0.000394
4.60328,369.04,3.576916,0.000476,3.576441,0.000393
4.60368,369.07,3.569596,0.000476,3.569120,0.000393
4.60408,369.10,3.562293,0.000475,3.561818,0.000393
4.60448,369.13,3.555009,0.000475,3.554535,0.000392
4.60488,369.16,3.547744,0.000474,3.547269,0.000392
4.60528,369.20,3.540496,0.000474,3.540022,0.000392
4.60568,369.23,3.533266,0.000474,3.532793,0.000391
4.60608,369.26,3.526055,0.000473,3.525582,0.000391
4.60648,369.29,3.518862,0.000473,3.518389,0.000391
4.60688,369.32,3.511686,0.000473,3.511214,0.000390
4.60728,369.36,3.504529,0.000472,3.504057,0.000390
4.60768,369.39,3.497390,0.000472,3.496918,0.000390
4.60808,369.42,3.490268,0.000472,3.489796,0.000389
4.60848,369.45,3.483164,0.000471,3.482693,0.000389
4.60888,369.48,3.476079,0.000471,3.475608,0.000389
4.60928,369.52,3.469011,0.000471,3.468540,0.000388
4.60968,369.55,3.461960,0.000470,3.461490,0.000388
4.61008,369.58,3.454928,0.000470,3.454458,0.000388
4.61048,369.61,3.447913,0.000469,3.447443,0.000387
4.61088,369.64,3.440915,0.000469,3.440446,0.000387
4.61128,369.68,3.433936,0.000469,3.433467,0.000387
4.61168,369.71,3.426973,0.000468,3.426505,0.000387
4.61208,369.74,3.420028,0.000468,3.419560,0.000386
4.61248,369.77,3.413101,0.000468,3.412633,0.000386
4.61288,369.81,3.406191,0.000467,3.405724,0.000386
4.61328,369.84,3.399299,0.000467,3.398832,0.000385
4.61368,369.87,3.392423,0.000467,3.391957,0.000385
4.61408,369.90,3.385565,0.000466,3.385099,0.000385
4.61448,369.93,3.378725,0.000466,3.378259,0.000384
4.61488,369.97,3.371901,0.000466,3.371436,0.000384
4.61528,370.00,3.365095,0.000465,3.364630,0.000384
4.61568,370.03,3.358306,0.000465,3.357841,0.000383
4.61608,370.06,3.351534,0.000465,3.351069,0.000383
4.61648,370.09,3.344778,0.000464,3.344314,0.000383
4.61688,370.13,3.338040,0.000464,3.337576,0.000382
4.61728,370.16,3.331319,0.000464,3.330856,0.000382
4.61768,370.19,3.324615,0.000463,3.324152,0.000382
4.61808,370.22,3.317927,0.000463,3.317465,0.000381
4.61848,370.25,3.311257,0.000463,3.310794,0.000381
4.61888,370.29,3.304603,0.000462,3.304141,0.000381
4.61928,370.32,3.297966,0.000462,3.297504,0.000380
4.61968,370.35,3.291346,0.000462,3.290884,0.000380
4.62008,370.38,3.284742,0.000461,3.284281,0.000380
4.62048,370.41,3.278155,0.000461,3.277694,0.000379
4.62088,370.45,3.271585,0.000460,3.271124,0.000379
4.62128,370.48,3.265031,0.000460,3.264571,0.000379
4.62168,370.51,3.258493,0.000460,3.258034,0.000379
4.62208,370.54,3.251972,0.000459,3.251513,0.000378
4.62248,370.57,3.245468,0.000459,3.245009,0.000378
4.62288,370.61,3.238980,0.000459,3.238521,0.000378
4.62328,370.64,3.232508,0.000458,3.232050,0.000377
4.62368,370.67,3.226053,0.000458,3.225595,0.000377
4.62408,370.70,3.219613,0.000458,3.219156,0.000377
4.62448,370.74,3.213190,0.000457,3.212733,0.000376
4.62488,370.77,3.206784,0.000457,3.206327,0.000376
4.62528,370.80,3.200393,0.000457,3.199936,0.000376
4.62568,370.83,3.194018,0.000456,3.193562,0.000375
4.62608,370.86,3.187660,0.000456,3.187204,0.000375
4.62648,370.90,3.181317,0.000456,3.180862,0.000375
4.62688,370.93,3.174991,0.000455,3.174535,0.000374
4.62728,370.96,3.168680,0.000455,3.168225,0.000374
4.62768,370.99,3.162386,0.000455,3.161931,0.000374
4.62808,371.02,3.156107,0.000454,3.155652,0.000374
4.62848,371.06,3.149844,0.000454,3.149390,0.000373
4.62888,371.09,3.143597,0.000454,3.143143,0.000373
4.62928,371.12,3.137365,0.000453,3.136912,0.000373
4.62968,371.15,3.131149,0.000453,3.130696,0.000372
4.63008,371.18,3.124949,0.000453,3.124496,0.000372
4.63048,371.22,3.118765,0.000452,3.118312,0.000372
4.63088,371.25,3.112596,0.000452,3.112144,0.000371
4.63128,371.28,3.106442,0.000452,3.105991,0.000371
4.63168,371.31,3.100304,0.000451,3.099853,0.000371
4.63208,371.34,3.094182,0.000451,3.093731,0.000370
4.63248,371.38,3.088075,0.000451,3.087624,0.000370
4.63288,371.41,3.081983,0.000450,3.081533,0.000370
4.63328,371.44,3.075907,0.000450,3.075457,0.000370
4.63368,371.47,3.069846,0.000450,3.069396,0.000369
4.63408,371.50,3.063800,0.000449,3.063351,0.000369
4.63448,371.54,3.057770,0.000449,3.057321,0.000369
4.63488,371.57,3.051755,0.000449,3.051306,0.000368
4.63528,371.60,3.045754,0.000448,3.045306,0.000368
4.63568,371.63,3.039769,0.000448,3.039321,0.000368
4.63608,371.67,3.033799,0.000448,3.033352,0.000367
4.63648,371.70,3.027844,0.000447,3.027397,0.000367
4.63688,371.73,3.021904,0.000447,3.021457,0.000367
4.63728,371.76,3.015979,0.000447,3.015533,0.000367
4.63768,371.79,3.010069,0.000447,3.009623,0.000366
4.63808,371.83,3.004174,0.000446,3.003728,0.000366
4.63848,371.86,2.998294,0.000446,2.997848,0.000366
4.63888,371.89,2.992428,0.000446,2.991982,0.000365
4.63928,371.92,2.986577,0.000445,2.986132,0.000365
4.63968,371.95,2.980741,0.000445,2.980296,0.000365
4.64008,371.99,2.974919,0.000445,2.974475,0.000364
4.64048,372.02,2.969113,0.000444,2.968668,0.000364
4.64088,372.05,2.963320,0.000444,2.962876,0.000364
4.64128,372.08,2.957543,0.000444,2.957099,0.000364
4.64168,372.11,2.951780,0.000443,2.951336,0.000363
4.64208,372.15,2.946031,0.000443,2.945588,0.000363
4.64248,372.18,2.940297,0.000443,2.939854,0.000363
4.64288,372.21,2.934577,0.000442,2.934135,0.000362
4.64328,372.24,2.928872,0.000442,2.928430,0.000362
4.64368,372.27,2.923180,0.000442,2.922739,0.000362
4.64408,372.31,2.917504,0.000441,2.917062,0.000361
4.64448,372.34,2.911841,0.000441,2.911400,0.000361
4.64488,372.37,2.906193,0.000441,2.905752,0.000361
4.64528,372.40,2.900559,0.000440,2.900118,0.000361
4.64568,372.43,2.894939,0.000440,2.894499,0.000360
4.64608,372.47,2.889333,0.000440,2.888893,0.000360
4.64648,372.50,2.883741,0.000439,2.883302,0.000360
4.64688,372.53,2.878163,0.000439,2.877724,0.000359
4.64728,372.56,2.872599,0.000439,2.872161,0.000359
4.64768,372.60,2.867050,0.000438,2.866611,0.000359
4.64808,372.63,2.861514,0.000438,2.861076,0.000359
4.64848,372.66,2.855992,0.000438,2.855554,0.000358
4.64888,372.69,2.850484,0.000438,2.850046,0.000358
4.64928,372.72,2.844989,0.000437,2.844552,0.000358
4.64968,372.76,2.839509,0.000437,2.839072,0.000357
4.65008,372.79,2.834042,0.000437,2.833605,0.000357
4.65048,372.82,2.828589,0.000436,2.828152,0.000357
4.65088,372.85,2.823149,0.000436,2.822713,0.000357
4.65128,372.88,2.817723,0.000436,2.817288,0.000356
4.65168,372.92,2.812311,0.000435,2.811876,0.000356
4.65208,372.95,2.806912,0.000435,2.806477,0.000356
4.65248,372.98,2.801527,0.000435,2.801092,0.000355
4.65288,373.01,2.796155,0.000434,2.795721,0.000355
4.65328,373.04,2.790797,0.000434,2.790363,0.000355
4.65368,373.08,2.785452,0.000434,2.785019,0.000355
4.65408,373.11,2.780121,0.000433,2.779687,0.000354
4.65448,373.14,2.774803,0.000433,2.774370,0.000354
4.65488,373.17,2.769498,0.000433,2.769065,0.000354
4.65528,373.20,2.764206,0.000433,2.763774,0.000353
4.65568,373.24,2.758928,0.000432,2.758496,0.000353
4.65608,373.27,2.753663,0.000432,2.753231,0.000353
4.65648,373.30,2.748411,0.000432,2.747979,0.000353
4.65688,373.33,2.743172,0.000431,2.742741,0.000352
4.65728,373.36,2.737946,0.000431,2.737515,0.000352
4.65768,373.40,2.732733,0.000431,2.732303,0.000352
4.65808,373.43,2.727534,0.000430,2.727103,0.000351
4.65848,373.46,2.722347,0.000430,2.721917,0.000351
4.65888,373.49,2.717173,0.000430,2.716743,0.000351
4.65928,373.52,2.712012,0.000430,2.711583,0.000351
4.65968,373.56,2.706864,0.000429,2.706435,0.000350
4.66008,373.59,2.701729,0.000429,2.701300,0.000350
4.66048,373.62,2.696606,0.000429,2.696178,0.000350
4.66088,373.65,2.691497,0.000428,2.691069,0.000349
4.66128,373.69,2.686400,0.000428,2.685972,0.000349
4.66168,373.72,2.681316,0.000428,2.680888,0.000349
4.66208,373.75,2.676244,0.000427,2.675817,0.000349
4.66248,373.78,2.671185,0.000427,2.670758,0.000348
4.66288,373.81,2.666139,0.000427,2.665712,0.000348
4.66328,373.85,2.661105,0.000426,2.660679,0.000348
4.66368,373.88,2.656084,0.000426,2.655658,0.000347
4.66408,373.91,2.651075,0.000426,2.650650,0.000347
4.66448,373.94,2.646079,0.000426,2.645654,0.000347
4.66488,373.97,2.641095,0.000425,2.640670,0.000347
4.66528,374.01,2.636124,0.000425,2.635699,0.000346
4.66568,374.04,2.631165,0.000425,2.630740,0.000346
4.66608,374.07,2.626218,0.000424,2.625794,0.000346
4.66648,374.10,2.621283,0.000424,2.620859,0.000346
4.66688,374.13,2.616361,0.000424,2.615937,0.000345
4.66728,374.17,2.611451,0.000423,2.611028,0.000345
4.66768,374.20,2.606553,0.000423,2.606130,0.000345
4.66808,374.23,2.601668,0.000423,2.601245,0.000344
4.66848,374.26,2.596794,0.000423,2.596372,0.000344
4.66888,374.29,2.591933,0.000422,2.591510,0.000344
4.66928,374.33,2.587083,0.000422,2.586661,0.000344
4.66968,374.36,2.582246,0.000422,2.581824,0.000343
4.67008,374.39,2.577420,0.000421,2.576999,0.000343
4.67048,374.42,2.572607,0.000421,2.572186,0.000343
4.67088,374.45,2.567806,0.000421,2.567385,0.000343
4.67128,374.49,2.563016,0.000421,2.562595,0.000342
4.67168,374.52,2.558238,0.000420,2.557818,0.000342
4.67208,374.55,2.553472,0.000420,2.553052,0.000342
4.67248,374.58,2.548718,0.000420,2.548298,0.000341
4.67288,374.62,2.543976,0.000419,2.543556,0.000341
4.67328,374.65,2.539245,0.000419,2.538826,0.000341
4.67368,374.68,2.534526,0.000419,2.534107,0.000341
4.67408,374.71,2.529819,0.000418,2.529400,0.000340
4.67448,374.74,2.525123,0.000418,2.524705,0.000340
4.67488,374.78,2.520439,0.000418,2.520021,0.000340
4.67528,374.81,2.515766,0.000418,2.515349,0.000340
4.67568,374.84,2.511105,0.000417,2.510688,0.000339
4.67608,374.87,2.506456,0.000417,2.506039,0.000339
4.67648,374.90,2.501818,0.000417,2.501401,0.000339
4.67688,374.94,2.497191,0.000416,2.496775,0.000339
4.67728,374.97,2.492576,0.000416,2.492160,0.000338
4.67768,375.00,2.487972,0.000416,2.487556,0.000338
4.67808,375.03,2.483379,0.000416,2.482964,0.000338
4.67848,375.06,2.478798,0.000415,2.478383,0.000337
4.67888,375.10,2.474228,0.000415,2.473813,0.000337
4.67928,375.13,2.469670,0.000415,2.469255,0.000337
4.67968,375.16,2.465122,0.000414,2.464708,0.000337
4.68008,375.19,2.460586,0.000414,2.460172,0.000336
4.68048,375.22,2.456061,0.000414,2.455647,0.000336
4.68088,375.26,2.451547,0.000414,2.451133,0.000336
4.68128,375.29,2.447044,0.000413,2.446631,0.000336
4.68168,375.32,2.442552,0.000413,2.442139,0.000335
4.68208,375.35,2.438071,0.000413,2.437659,0.000335
4.68248,375.38,2.433601,0.000412,2.433189,0.000335
4.68288,375.42,2.429143,0.000412,2.428731,0.000335
4.68328,375.45,2.424695,0.000412,2.424283,0.000334
4.68368,375.48,2.420258,0.000412,2.419846,0.000334
4.68408,375.51,2.415832,0.000411,2.415420,0.000334
4.68448,375.55,2.411416,0.000411,2.411005,0.000334
4.68488,375.58,2.407012,0.000411,2.406601,0.000333
4.68528,375.61,2.402618,0.000410,2.402208,0.000333
4.68568,375.64,2.398235,0.000410,2.397825,0.000333
4.68608,375.67,2.393863,0.000410,2.393453,0.000332
4.68648,375.71,2.389502,0.000410,2.389092,0.000332
4.68688,375.74,2.385151,0.000409,2.384742,0.000332
4.68728,375.77,2.380811,0.000409,2.380402,0.000332
4.68768,375.80,2.376481,0.000409,2.376072,0.000331
4.68808,375.83,2.372162,0.000408,2.371754,0.000331
4.68848,375.87,2.367854,0.000408,2.367446,0.000331
4.68888,375.90,2.363556,0.000408,2.363148,0.000331
4.68928,375.93,2.359268,0.000408,2.358861,0.000330
4.68968,375.96,2.354991,0.000407,2.354584,0.000330
4.69008,375.99,2.350725,0.000407,2.350318,0.000330
4.69048,376.03,2.346469,0.000407,2.346062,0.000330
4.69088,376.06,2.342223,0.000406,2.341816,0.000329
4.69128,376.09,2.337987,0.000406,2.337581,0.000329
4.69168,376.12,2.333762,0.000406,2.333356,0.000329
4.69208,376.15,2.329547,0.000406,2.329142,0.000329
4.69248,376.19,2.325343,0.000405,2.324937,0.000328
4.69288,376.22,2.321148,0.000405,2.320743,0.000328
4.69328,376.25,2.316964,0.000405,2.316560,0.000328
4.69368,376.28,2.312790,0.000404,2.312386,0.000328
4.69408,376.31,2.308626,0.000404,2.308222,0.000327
4.69448,376.35,2.304473,0.000404,2.304069,0.000327
4.69488,376.38,2.300329,0.000404,2.299925,0.000327
4.69528,376.41,2.296196,0.000403,2.295792,0.000327
4.69568,376.44,2.292072,0.000403,2.291669,0.000326
4.69608,376.48,2.287958,0.000403,2.287556,0.000326
4.69648,376.51,2.283855,0.000403,2.283452,0.000326
4.69688,376.54,2.279761,0.000402,2.279359,0.000326
4.69728,376.57,2.275678,0.000402,2.275275,0.000325
4.69768,376.60,2.271604,0.000402,2.271202,0.000325
4.69808,376.64,2.267540,0.000401,2.267138,0.000325
4.69848,376.67,2.263486,0.000401,2.263084,0.000325
4.69888,376.70,2.259441,0.000401,2.259040,0.000324
4.69928,376.73,2.255407,0.000401,2.255006,0.000324
4.69968,376.76,2.251382,0.000400,2.250982,0.000324
