ppm,hz,total_with_exchange,total_carbon_bound,EGDA O-CH2,exchangeable pool (H2O/OH/COOH)
3.40006,272.58,0.439009,0.000731,0.000400,0.438278
3.40046,272.61,0.439393,0.000731,0.000401,0.438662
3.40086,272.64,0.439778,0.000731,0.000401,0.439047
3.40126,272.67,0.440163,0.000732,0.000401,0.439431
3.40166,272.70,0.440548,0.000732,0.000402,0.439817
3.40206,272.74,0.440934,0.000732,0.000402,0.440203
3.40246,272.77,0.441321,0.000732,0.000403,0.440589
3.40286,272.80,0.441708,0.000732,0.000403,0.440976
3.40326,272.83,0.442095,0.000732,0.000403,0.441363
3.40366,272.86,0.442483,0.000732,0.000404,0.441751
3.40406,272.90,0.442872,0.000733,0.000404,0.442139
3.40446,272.93,0.443261,0.000733,0.000404,0.442528
3.40486,272.96,0.443651,0.000733,0.000405,0.442918
3.40526,272.99,0.444041,0.000733,0.000405,0.443308
3.40566,273.02,0.444431,0.000733,0.000405,0.443698
3.40606,273.06,0.444822,0.000733,0.000406,0.444089
3.40646,273.09,0.445214,0.000733,0.000406,0.444480
3.40686,273.12,0.445606,0.000734,0.000406,0.444872
3.40726,273.15,0.445998,0.000734,0.000407,0.445265
3.40766,273.19,0.446391,0.000734,0.000407,0.445658
3.40806,273.22,0.446785,0.000734,0.000407,0.446051
3.40846,273.25,0.447179,0.000734,0.000408,0.446445
3.40886,273.28,0.447574,0.000734,0.000408,0.446839
3.40926,273.31,0.447969,0.000734,0.000408,0.447234
3.40966,273.35,0.448365,0.000735,0.000409,0.447630
3.41006,273.38,0.448761,0.000735,0.000409,0.448026
3.41046,273.41,0.449157,0.000735,0.000410,0.448423
3.41086,273.44,0.449555,0.000735,0.000410,0.448820
3.41126,273.47,0.449952,0.000735,0.000410,0.449217
3.41166,273.51,0.450351,0.000735,0.000411,0.449615
3.41206,273.54,0.450749,0.000735,0.000411,0.450014
3.41246,273.57,0.451149,0.000736,0.000411,0.450413
3.41286,273.60,0.451548,0.000736,0.000412,0.450813
3.41326,273.63,0.451949,0.000736,0.000412,0.451213
3.41366,273.67,0.452350,0.000736,0.000412,0.451614
3.41406,273.70,0.452751,0.000736,0.000413,0.452015
3.41446,273.73,0.453153,0.000736,0.000413,0.452417
3.41486,273.76,0.453555,0.000737,0.000413,0.452819
3.41526,273.79,0.453958,0.000737,0.000414,0.453222
3.41566,273.83,0.454362,0.000737,0.000414,0.453625
3.41606,273.86,0.454766,0.000737,0.000415,0.454029
3.41646,273.89,0.455171,0.000737,0.000415,0.454433
3.41686,273.92,0.455576,0.000737,0.000415,0.454838
3.41726,273.95,0.455981,0.000737,0.000416,0.455244
3.41766,273.99,0.456388,0.000738,0.000416,0.455650
3.41806,274.02,0.456794,0.000738,0.000416,0.456056
3.41846,274.05,0.457201,0.000738,0.000417,0.456463
3.41886,274.08,0.457609,0.000738,0.000417,0.456871
3.41926,274.11,0.458018,0.000738,0.000417,0.457279
3.41966,274.15,0.458426,0.000738,0.000418,0.457688
3.42006,274.18,0.458836,0.000739,0.000418,0.458097
3.42046,274.21,0.459246,0.000739,0.000419,0.458507
3.42086,274.24,0.459656,0.000739,0.000419,0.458917
3.42126,274.28,0.460067,0.000739,0.000419,0.459328
3.42166,274.31,0.460479,0.000739,0.000420,0.459740
3.42206,274.34,0.460891,0.000739,0.000420,0.460152
3.42246,274.37,0.461304,0.000740,0.000420,0.460564
3.42286,274.40,0.461717,0.000740,0.000421,0.460977
3.42326,274.44,0.462131,0.000740,0.000421,0.461391
3.42366,274.47,0.462545,0.000740,0.000421,0.461805
3.42406,274.50,0.462960,0.000740,0.000422,0.462219
3.42446,274.53,0.463375,0.000740,0.000422,0.462635
3.42486,274.56,0.463791,0.000741,0.000423,0.463050
3.42526,274.60,0.464208,0.000741,0.000423,0.463467
3.42566,274.63,0.464625,0.000741,0.000423,0.463884
3.42606,274.66,0.465042,0.000741,0.000424,0.464301
3.42646,274.69,0.465460,0.000741,0.000424,0.464719
3.42686,274.72,0.465879,0.000742,0.000424,0.465138
3.42726,274.76,0.466298,0.000742,0.000425,0.465557
3.42766,274.79,0.466718,0.000742,0.000425,0.465976
3.42806,274.82,0.467139,0.000742,0.000426,0.466397
3.42846,274.85,0.467560,0.000742,0.000426,0.466817
3.42886,274.88,0.467981,0.000742,0.000426,0.467239
3.42926,274.92,0.468403,0.000743,0.000427,0.467661
3.42966,274.95,0.468826,0.000743,0.000427,0.468083
3.43006,274.98,0.469249,0.000743,0.000427,0.468506
3.43046,275.01,0.469673,0.000743,0.000428,0.468930
3.43086,275.04,0.470097,0.000743,0.000428,0.469354
3.43126,275.08,0.470522,0.000744,0.000429,0.469779
3.43166,275.11,0.470948,0.000744,0.000429,0.470204
3.43206,275.14,0.471374,0.000744,0.000429,0.470630
3.43246,275.17,0.471800,0.000744,0.000430,0.471056
3.43286,275.21,0.472228,0.000744,0.000430,0.471483
3.43326,275.24,0.472655,0.000744,0.000430,0.471911
3.43366,275.27,0.473084,0.000745,0.000431,0.472339
3.43406,275.30,0.473513,0.000745,0.000431,0.472768
3.43446,275.33,0.473942,0.000745,0.000432,0.473197
3.43486,275.37,0.474372,0.000745,0.000432,0.473627
3.43526,275.40,0.474803,0.000745,0.000432,0.474057
3.43566,275.43,0.475234,0.000746,0.000433,0.474488
3.43606,275.46,0.475666,0.000746,0.000433,0.474920
3.43646,275.49,0.476098,0.000746,0.000434,0.475352
3.43686,275.53,0.476531,0.000746,0.000434,0.475785
3.43726,275.56,0.476965,0.000746,0.000434,0.476218
3.43766,275.59,0.477399,0.000747,0.000435,0.476652
3.43806,275.62,0.477833,0.000747,0.000435,0.477087
3.43846,275.65,0.478269,0.000747,0.000436,0.477522
3.43886,275.69,0.478705,0.000747,0.000436,0.477957
3.43926,275.72,0.479141,0.000747,0.000436,0.478394
3.43966,275.75,0.479578,0.000748,0.000437,0.478830
3.44006,275.78,0.480016,0.000748,0.000437,0.479268
3.44046,275.81,0.480454,0.000748,0.000437,0.479706
3.44086,275.85,0.480893,0.000748,0.000438,0.480145
3.44126,275.88,0.481332,0.000748,0.000438,0.480584
3.44166,275.91,0.481772,0.000749,0.000439,0.481024
3.44206,275.94,0.482213,0.000749,0.000439,0.481464
3.44246,275.97,0.482654,0.000749,0.000439,0.481905
3.44286,276.01,0.483096,0.000749,0.000440,0.482347
3.44326,276.04,0.483538,0.000749,0.000440,0.482789
3.44366,276.07,0.483981,0.000750,0.000441,0.483232
3.44406,276.10,0.484425,0.000750,0.000441,0.483675
3.44446,276.14,0.484869,0.000750,0.000441,0.484119
3.44486,276.17,0.485314,0.000750,0.000442,0.484563
3.44526,276.20,0.485759,0.000750,0.000442,0.485009
3.44566,276.23,0.486205,0.000751,0.000443,0.485454
3.44606,276.26,0.486652,0.000751,0.000443,0.485901
3.44646,276.30,0.487099,0.000751,0.000443,0.486348
3.44686,276.33,0.487547,0.000751,0.000444,0.486795
3.44726,276.36,0.487995,0.000751,0.000444,0.487244
3.44766,276.39,0.488444,0.000752,0.000445,0.487693
3.44806,276.42,0.488894,0.000752,0.000445,0.488142
3.44846,276.46,0.489344,0.000752,0.000445,0.488592
3.44886,276.49,0.489795,0.000752,0.000446,0.489043
3.44926,276.52,0.490246,0.000753,0.000446,0.489494
3.44966,276.55,0.490699,0.000753,0.000447,0.489946
3.45006,276.58,0.491151,0.000753,0.000447,0.490398
3.45046,276.62,0.491605,0.000753,0.000447,0.490851
3.45086,276.65,0.492059,0.000753,0.000448,0.491305
3.45126,276.68,0.492513,0.000754,0.000448,0.491759
3.45166,276.71,0.492968,0.000754,0.000449,0.492214
3.45206,276.74,0.493424,0.000754,0.000449,0.492670
3.45246,276.78,0.493881,0.000754,0.000449,0.493126
3.45286,276.81,0.494338,0.000754,0.000450,0.493583
3.45326,276.84,0.494795,0.000755,0.000450,0.494041
3.45366,276.87,0.495254,0.000755,0.000451,0.494499
3.45406,276.90,0.495713,0.000755,0.000451,0.494957
3.45446,276.94,0.496172,0.000755,0.000451,0.495417
3.45486,276.97,0.496632,0.000756,0.000452,0.495877
3.45526,277.00,0.497093,0.000756,0.000452,0.496337
3.45566,277.03,0.497555,0.000756,0.000453,0.496798
3.45606,277.07,0.498017,0.000756,0.000453,0.497260
3.45646,277.10,0.498479,0.000757,0.000454,0.497723
3.45686,277.13,0.498943,0.000757,0.000454,0.498186
3.45726,277.16,0.499407,0.000757,0.000454,0.498650
3.45766,277.19,0.499871,0.000757,0.000455,0.499114
3.45806,277.23,0.500337,0.000757,0.000455,0.499579
3.45846,277.26,0.500802,0.000758,0.000456,0.500045
3.45886,277.29,0.501269,0.000758,0.000456,0.500511
3.45926,277.32,0.501736,0.000758,0.000456,0.500978
3.45966,277.35,0.502204,0.000758,0.000457,0.501446
3.46006,277.39,0.502673,0.000759,0.000457,0.501914
3.46046,277.42,0.503142,0.000759,0.000458,0.502383
3.46086,277.45,0.503611,0.000759,0.000458,0.502852
3.46126,277.48,0.504082,0.000759,0.000459,0.503323
3.46166,277.51,0.504553,0.000760,0.000459,0.503793
3.46206,277.55,0.505025,0.000760,0.000459,0.504265
3.46246,277.58,0.505497,0.000760,0.000460,0.504737
3.46286,277.61,0.505970,0.000760,0.000460,0.505210
3.46326,277.64,0.506444,0.000761,0.000461,0.505683
3.46366,277.67,0.506918,0.000761,0.000461,0.506157
3.46406,277.71,0.507393,0.000761,0.000461,0.506632
3.46446,277.74,0.507869,0.000761,0.000462,0.507107
3.46486,277.77,0.508345,0.000761,0.000462,0.507583
3.46526,277.80,0.508822,0.000762,0.000463,0.508060
3.46566,277.83,0.509300,0.000762,0.000463,0.508538
3.46606,277.87,0.509778,0.000762,0.000464,0.509016
3.46646,277.90,0.510257,0.000762,0.000464,0.509494
3.46686,277.93,0.510736,0.000763,0.000464,0.509974
3.46726,277.96,0.511217,0.000763,0.000465,0.510454
3.46766,278.00,0.511698,0.000763,0.000465,0.510934
3.46806,278.03,0.512179,0.000763,0.000466,0.511416
3.46846,278.06,0.512661,0.000764,0.000466,0.511898
3.46886,278.09,0.513144,0.000764,0.000467,0.512380
3.46926,278.12,0.513628,0.000764,0.000467,0.512864
3.46966,278.16,0.514112,0.000764,0.000467,0.513348
3.47006,278.19,0.514597,0.000765,0.000468,0.513833
3.47046,278.22,0.515083,0.000765,0.000468,0.514318
3.47086,278.25,0.515569,0.000765,0.000469,0.514804
3.47126,278.28,0.516056,0.000765,0.000469,0.515291
3.47166,278.32,0.516544,0.000766,0.000470,0.515778
3.47206,278.35,0.517032,0.000766,0.000470,0.516266
3.47246,278.38,0.517521,0.000766,0.000471,0.516755
3.47286,278.41,0.518011,0.000767,0.000471,0.517244
3.47326,278.44,0.518501,0.000767,0.000471,0.517735
3.47366,278.48,0.518992,0.000767,0.000472,0.518225
3.47406,278.51,0.519484,0.000767,0.000472,0.518717
3.47446,278.54,0.519977,0.000768,0.000473,0.519209
3.47486,278.57,0.520470,0.000768,0.000473,0.519702
3.47526,278.60,0.520964,0.000768,0.000474,0.520196
3.47566,278.64,0.521458,0.000768,0.000474,0.520690
3.47606,278.67,0.521953,0.000769,0.000474,0.521185
3.47646,278.70,0.522449,0.000769,0.000475,0.521680
3.47686,278.73,0.522946,0.000769,0.000475,0.522177
3.47726,278.76,0.523443,0.000769,0.000476,0.522674
3.47766,278.80,0.523941,0.000770,0.000476,0.523172
3.47806,278.83,0.524440,0.000770,0.000477,0.523670
3.47846,278.86,0.524939,0.000770,0.000477,0.524169
3.47886,278.89,0.525440,0.000771,0.000478,0.524669
3.47926,278.93,0.525940,0.000771,0.000478,0.525170
3.47966,278.96,0.526442,0.000771,0.000478,0.525671
3.48006,278.99,0.526944,0.000771,0.000479,0.526173
3.48046,279.02,0.527447,0.000772,0.000479,0.526675
3.48086,279.05,0.527951,0.000772,0.000480,0.527179
3.48126,279.09,0.528455,0.000772,0.000480,0.527683
3.48166,279.12,0.528960,0.000772,0.000481,0.528188
3.48206,279.15,0.529466,0.000773,0.000481,0.528693
3.48246,279.18,0.529972,0.000773,0.000482,0.529199
3.48286,279.21,0.530479,0.000773,0.000482,0.529706
3.48326,279.25,0.530987,0.000774,0.000483,0.530214
3.48366,279.28,0.531496,0.000774,0.000483,0.530722
3.48406,279.31,0.532005,0.000774,0.000483,0.531231
3.48446,279.34,0.532515,0.000774,0.000484,0.531741
3.48486,279.37,0.533026,0.000775,0.000484,0.532252
3.48526,279.41,0.533538,0.000775,0.000485,0.532763
3.48566,279.44,0.534050,0.000775,0.000485,0.533275
3.48606,279.47,0.534563,0.000776,0.000486,0.533787
3.48646,279.50,0.535077,0.000776,0.000486,0.534301
3.48686,279.53,0.535591,0.000776,0.000487,0.534815
3.48726,279.57,0.536106,0.000776,0.000487,0.535330
3.48766,279.60,0.536622,0.000777,0.000488,0.535845
3.48806,279.63,0.537139,0.000777,0.000488,0.536362
3.48846,279.66,0.537656,0.000777,0.000488,0.536879
3.48886,279.69,0.538174,0.000778,0.000489,0.537396
3.48926,279.73,0.538693,0.000778,0.000489,0.537915
3.48966,279.76,0.539212,0.000778,0.000490,0.538434
3.49006,279.79,0.539733,0.000778,0.000490,0.538954
3.49046,279.82,0.540254,0.000779,0.000491,0.539475
3.49086,279.86,0.540775,0.000779,0.000491,0.539996
3.49126,279.89,0.541298,0.000779,0.000492,0.540519
3.49166,279.92,0.541821,0.000780,0.000492,0.541042
3.49206,279.95,0.542345,0.000780,0.000493,0.541565
3.49246,279.98,0.542870,0.000780,0.000493,0.542090
3.49286,280.02,0.543395,0.000780,0.000494,0.542615
3.49326,280.05,0.543922,0.000781,0.000494,0.543141
3.49366,280.08,0.544449,0.000781,0.000495,0.543668
3.49406,280.11,0.544976,0.000781,0.000495,0.544195
3.49446,280.14,0.545505,0.000782,0.000495,0.544723
3.49486,280.18,0.546034,0.000782,0.000496,0.545252
3.49526,280.21,0.546564,0.000782,0.000496,0.545782
3.49566,280.24,0.547095,0.000783,0.000497,0.546312
3.49606,280.27,0.547626,0.000783,0.000497,0.546844
3.49646,280.30,0.548159,0.000783,0.000498,0.547376
3.49686,280.34,0.548692,0.000784,0.000498,0.547908
3.49726,280.37,0.549226,0.000784,0.000499,0.548442
3.49766,280.40,0.549760,0.000784,0.000499,0.548976
3.49806,280.43,0.550296,0.000784,0.000500,0.549511
3.49846,280.46,0.550832,0.000785,0.000500,0.550047
3.49886,280.50,0.551369,0.000785,0.000501,0.550584
3.49926,280.53,0.551906,0.000785,0.000501,0.551121
3.49966,280.56,0.552445,0.000786,0.000502,0.551659
3.50006,280.59,0.552984,0.000786,0.000502,0.552198
3.50046,280.62,0.553524,0.000786,0.000503,0.552738
3.50086,280.66,0.554065,0.000787,0.000503,0.553278
3.50126,280.69,0.554606,0.000787,0.000504,0.553819
3.50166,280.72,0.555149,0.000787,0.000504,0.554361
3.50206,280.75,0.555692,0.000788,0.000505,0.554904
3.50246,280.79,0.556235,0.000788,0.000505,0.555448
3.50286,280.82,0.556780,0.000788,0.000506,0.555992
3.50326,280.85,0.557326,0.000789,0.000506,0.556537
3.50366,280.88,0.557872,0.000789,0.000506,0.557083
3.50406,280.91,0.558419,0.000789,0.000507,0.557630
3.50446,280.95,0.558967,0.000790,0.000507,0.558177
3.50486,280.98,0.559515,0.000790,0.000508,0.558725
3.50526,281.01,0.560065,0.000790,0.000508,0.559275
3.50566,281.04,0.560615,0.000790,0.000509,0.559824
3.50606,281.07,0.561166,0.000791,0.000509,0.560375
3.50646,281.11,0.561718,0.000791,0.000510,0.560927
3.50686,281.14,0.562270,0.000791,0.000510,0.561479
3.50726,281.17,0.562824,0.000792,0.000511,0.562032
3.50766,281.20,0.563378,0.000792,0.000511,0.562586
3.50806,281.23,0.563933,0.000792,0.000512,0.563140
3.50846,281.27,0.564489,0.000793,0.000512,0.563696
3.50886,281.30,0.565045,0.000793,0.000513,0.564252
3.50926,281.33,0.565603,0.000793,0.000513,0.564809
3.50966,281.36,0.566161,0.000794,0.000514,0.565367
3.51006,281.39,0.566720,0.000794,0.000514,0.565926
3.51046,281.43,0.567280,0.000794,0.000515,0.566485
3.51086,281.46,0.567840,0.000795,0.000515,0.567046
3.51126,281.49,0.568402,0.000795,0.000516,0.567607
3.51166,281.52,0.568964,0.000795,0.000516,0.568169
3.51206,281.55,0.569527,0.000796,0.000517,0.568732
3.51246,281.59,0.570091,0.000796,0.000517,0.569295
3.51286,281.62,0.570656,0.000796,0.000518,0.569860
3.51326,281.65,0.571222,0.000797,0.000518,0.570425
3.51366,281.68,0.571788,0.000797,0.000519,0.570991
3.51406,281.72,0.572355,0.000798,0.000519,0.571558
3.51446,281.75,0.572923,0.000798,0.000520,0.572125
3.51486,281.78,0.573492,0.000798,0.000520,0.572694
3.51526,281.81,0.574062,0.000799,0.000521,0.573263
3.51566,281.84,0.574633,0.000799,0.000521,0.573834
3.51606,281.88,0.575204,0.000799,0.000522,0.574405
3.51646,281.91,0.575776,0.000800,0.000522,0.574977
3.51686,281.94,0.576349,0.000800,0.000523,0.575549
3.51726,281.97,0.576923,0.000800,0.000523,0.576123
3.51766,282.00,0.577498,0.000801,0.000524,0.576697
3.51806,282.04,0.578073,0.000801,0.000524,0.577272
3.51846,282.07,0.578650,0.000801,0.000525,0.577849
3.51886,282.10,0.579227,0.000802,0.000526,0.578425
3.51926,282.13,0.579805,0.000802,0.000526,0.579003
3.51966,282.16,0.580384,0.000802,0.000527,0.579582
3.52006,282.20,0.580964,0.000803,0.000527,0.580161
3.52046,282.23,0.581545,0.000803,0.000528,0.580742
3.52086,282.26,0.582126,0.000804,0.000528,0.581323
3.52126,282.29,0.582709,0.000804,0.000529,0.581905
3.52166,282.32,0.583292,0.000804,0.000529,0.582488
3.52206,282.36,0.583876,0.000805,0.000530,0.583072
3.52246,282.39,0.584461,0.000805,0.000530,0.583656
3.52286,282.42,0.585047,0.000805,0.000531,0.584242
3.52326,282.45,0.585634,0.000806,0.000531,0.584828
3.52366,282.48,0.586221,0.000806,0.000532,0.585415
3.52406,282.52,0.586810,0.000806,0.000532,0.586003
3.52446,282.55,0.587399,0.000807,0.000533,0.586592
3.52486,282.58,0.587989,0.000807,0.000533,0.587182
3.52526,282.61,0.588580,0.000808,0.000534,0.587773
3.52566,282.65,0.589172,0.000808,0.000534,0.588364
3.52606,282.68,0.589765,0.000808,0.000535,0.588957
3.52646,282.71,0.590358,0.000809,0.000535,0.589550
3.52686,282.74,0.590953,0.000809,0.000536,0.590144
3.52726,282.77,0.591548,0.000809,0.000537,0.590739
3.52766,282.81,0.592145,0.000810,0.000537,0.591335
3.52806,282.84,0.592742,0.000810,0.000538,0.591932
3.52846,282.87,0.593340,0.000810,0.000538,0.592530
3.52886,282.90,0.593939,0.000811,0.000539,0.593128
3.52926,282.93,0.594539,0.000811,0.000539,0.593728
3.52966,282.97,0.595140,0.000812,0.000540,0.594328
3.53006,283.00,0.595741,0.000812,0.000540,0.594929
3.53046,283.03,0.596344,0.000812,0.000541,0.595531
3.53086,283.06,0.596947,0.000813,0.000541,0.596134
3.53126,283.09,0.597552,0.000813,0.000542,0.596738
3.53166,283.13,0.598157,0.000814,0.000542,0.597343
3.53206,283.16,0.598763,0.000814,0.000543,0.597949
3.53246,283.19,0.599370,0.000814,0.000543,0.598556
3.53286,283.22,0.599978,0.000815,0.000544,0.599163
3.53326,283.25,0.600587,0.000815,0.000545,0.599772
3.53366,283.29,0.601196,0.000815,0.000545,0.600381
3.53406,283.32,0.601807,0.000816,0.000546,0.600991
3.53446,283.35,0.602419,0.000816,0.000546,0.601602
3.53486,283.38,0.603031,0.000817,0.000547,0.602215
3.53526,283.41,0.603645,0.000817,0.000547,0.602828
3.53566,283.45,0.604259,0.000817,0.000548,0.603442
3.53606,283.48,0.604874,0.000818,0.000548,0.604056
3.53646,283.51,0.605490,0.000818,0.000549,0.604672
3.53686,283.54,0.606107,0.000819,0.000549,0.605289
3.53726,283.57,0.606725,0.000819,0.000550,0.605906
3.53766,283.61,0.607344,0.000819,0.000551,0.606525
3.53806,283.64,0.607964,0.000820,0.000551,0.607144
3.53846,283.67,0.608585,0.000820,0.000552,0.607765
3.53886,283.70,0.609207,0.000821,0.000552,0.608386
3.53926,283.74,0.609829,0.000821,0.000553,0.609008
3.53966,283.77,0.610453,0.000821,0.000553,0.609632
3.54006,283.80,0.611078,0.000822,0.000554,0.610256
3.54046,283.83,0.611703,0.000822,0.000554,0.610881
3.54086,283.86,0.612329,0.000823,0.000555,0.611507
3.54126,283.90,0.612957,0.000823,0.000556,0.612134
3.54166,283.93,0.613585,0.000823,0.000556,0.612762
3.54206,283.96,0.614214,0.000824,0.000557,0.613391
3.54246,283.99,0.614845,0.000824,0.000557,0.614020
3.54286,284.02,0.615476,0.000825,0.000558,0.614651
3.54326,284.06,0.616108,0.000825,0.000558,0.615283
3.54366,284.09,0.616741,0.000825,0.000559,0.615915
3.54406,284.12,0.617375,0.000826,0.000560,0.616549
3.54446,284.15,0.618010,0.000826,0.000560,0.617184
3.54486,284.18,0.618646,0.000827,0.000561,0.617819
3.54526,284.22,0.619283,0.000827,0.000561,0.618456
3.54566,284.25,0.619921,0.000828,0.000562,0.619093
3.54606,284.28,0.620559,0.000828,0.000562,0.619731
3.54646,284.31,0.621199,0.000828,0.000563,0.620371
3.54686,284.34,0.621840,0.000829,0.000564,0.621011
3.54726,284.38,0.622482,0.000829,0.000564,0.621652
3.54766,284.41,0.623124,0.000830,0.000565,0.622295
3.54806,284.44,0.623768,0.000830,0.000565,0.622938
3.54846,284.47,0.624413,0.000831,0.000566,0.623582
3.54886,284.50,0.625058,0.000831,0.000566,0.624227
3.54926,284.54,0.625705,0.000831,0.000567,0.624873
3.54966,284.57,0.626352,0.000832,0.000568,0.625521
3.55006,284.60,0.627001,0.000832,0.000568,0.626169
3.55046,284.63,0.627651,0.000833,0.000569,0.626818
3.55086,284.67,0.628301,0.000833,0.000569,0.627468
3.55126,284.70,0.628953,0.000834,0.000570,0.628119
3.55166,284.73,0.629605,0.000834,0.000570,0.628771
3.55206,284.76,0.630259,0.000834,0.000571,0.629424
3.55246,284.79,0.630913,0.000835,0.000572,0.630078
3.55286,284.83,0.631569,0.000835,0.000572,0.630733
3.55326,284.86,0.632225,0.000836,0.000573,0.631390
3.55366,284.89,0.632883,0.000836,0.000573,0.632047
3.55406,284.92,0.633541,0.000837,0.000574,0.632705
3.55446,284.95,0.634201,0.000837,0.000575,0.633364
3.55486,284.99,0.634861,0.000837,0.000575,0.634024
3.55526,285.02,0.635523,0.000838,0.000576,0.634685
3.55566,285.05,0.636186,0.000838,0.000576,0.635347
3.55606,285.08,0.636849,0.000839,0.000577,0.636010
3.55646,285.11,0.637514,0.000839,0.000578,0.636674
3.55686,285.15,0.638179,0.000840,0.000578,0.637340
3.55726,285.18,0.638846,0.000840,0.000579,0.638006
3.55766,285.21,0.639514,0.000841,0.000579,0.638673
3.55806,285.24,0.640182,0.000841,0.000580,0.639341
3.55846,285.27,0.640852,0.000841,0.000580,0.640011
3.55886,285.31,0.641523,0.000842,0.000581,0.640681
3.55926,285.34,0.642194,0.000842,0.000582,0.641352
3.55966,285.37,0.642867,0.000843,0.000582,0.642024
3.56006,285.40,0.643541,0.000843,0.000583,0.642698
3.56046,285.43,0.644216,0.000844,0.000583,0.643372
3.56086,285.47,0.644892,0.000844,0.000584,0.644048
3.56126,285.50,0.645569,0.000845,0.000585,0.644724
3.56166,285.53,0.646247,0.000845,0.000585,0.645402
3.56206,285.56,0.646926,0.000846,0.000586,0.646080
3.56246,285.60,0.647606,0.000846,0.000587,0.646760
3.56286,285.63,0.648287,0.000846,0.000587,0.647441
3.56326,285.66,0.648969,0.000847,0.000588,0.648122
3.56366,285.69,0.649653,0.000847,0.000588,0.648805
3.56406,285.72,0.650337,0.000848,0.000589,0.649489
3.56446,285.76,0.651022,0.000848,0.000590,0.650174
3.56486,285.79,0.651709,0.000849,0.000590,0.650860
3.56526,285.82,0.652396,0.000849,0.000591,0.651547
3.56566,285.85,0.653085,0.000850,0.000591,0.652235
3.56606,285.88,0.653774,0.000850,0.000592,0.652924
3.56646,285.92,0.654465,0.000851,0.000593,0.653614
3.56686,285.95,0.655157,0.000851,0.000593,0.654305
3.56726,285.98,0.655849,0.000852,0.000594,0.654998
3.56766,286.01,0.656543,0.000852,0.000594,0.655691
3.56806,286.04,0.657238,0.000853,0.000595,0.656386
3.56846,286.08,0.657934,0.000853,0.000596,0.657081
3.56886,286.11,0.658631,0.000854,0.000596,0.657778
3.56926,286.14,0.659330,0.000854,0.000597,0.658476
3.56966,286.17,0.660029,0.000855,0.000598,0.659174
3.57006,286.20,0.660729,0.000855,0.000598,0.659874
3.57046,286.24,0.661431,0.000855,0.000599,0.660575
3.57086,286.27,0.662133,0.000856,0.000599,0.661277
3.57126,286.30,0.662837,0.000856,0.000600,0.661981
3.57166,286.33,0.663542,0.000857,0.000601,0.662685
3.57206,286.36,0.664248,0.000857,0.000601,0.663390
3.57246,286.40,0.664955,0.000858,0.000602,0.664097
3.57286,286.43,0.665663,0.000858,0.000603,0.664804
3.57326,286.46,0.666372,0.000859,0.000603,0.665513
3.57366,286.49,0.667082,0.000859,0.000604,0.666223
3.57406,286.53,0.667793,0.000860,0.000605,0.666934
3.57446,286.56,0.668506,0.000860,0.000605,0.667646
3.57486,286.59,0.669220,0.000861,0.000606,0.668359
3.57526,286.62,0.669934,0.000861,0.000606,0.669073
3.57566,286.65,0.670650,0.000862,0.000607,0.669788
3.57606,286.69,0.671367,0.000862,0.000608,0.670505
3.57646,286.72,0.672085,0.000863,0.000608,0.671222
3.57686,286.75,0.672804,0.000863,0.000609,0.671941
3.57726,286.78,0.673525,0.000864,0.000610,0.672661
3.57766,286.81,0.674246,0.000864,0.000610,0.673382
3.57806,286.85,0.674969,0.000865,0.000611,0.674104
3.57846,286.88,0.675693,0.000865,0.000612,0.674827
3.57886,286.91,0.676418,0.000866,0.000612,0.675552
3.57926,286.94,0.677144,0.000866,0.000613,0.676277
3.57966,286.97,0.677871,0.000867,0.000614,0.677004
3.58006,287.01,0.678599,0.000867,0.000614,0.677732
3.58046,287.04,0.679328,0.000868,0.000615,0.678461
3.58086,287.07,0.680059,0.000868,0.000615,0.679191
3.58126,287.10,0.680791,0.000869,0.000616,0.679922
3.58166,287.13,0.681524,0.000869,0.000617,0.680654
3.58206,287.17,0.682258,0.000870,0.000617,0.681388
3.58246,287.20,0.682993,0.000870,0.000618,0.682123
3.58286,287.23,0.683729,0.000871,0.000619,0.682858
3.58326,287.26,0.684467,0.000872,0.000619,0.683595
3.58366,287.29,0.685206,0.000872,0.000620,0.684334
3.58406,287.33,0.685946,0.000873,0.000621,0.685073
3.58446,287.36,0.686687,0.000873,0.000621,0.685814
3.58486,287.39,0.687429,0.000874,0.000622,0.686555
3.58526,287.42,0.688172,0.000874,0.000623,0.687298
3.58566,287.46,0.688917,0.000875,0.000623,0.688042
3.58606,287.49,0.689663,0.000875,0.000624,0.688787
3.58646,287.52,0.690410,0.000876,0.000625,0.689534
3.58686,287.55,0.691158,0.000876,0.000625,0.690281
3.58726,287.58,0.691907,0.000877,0.000626,0.691030
3.58766,287.62,0.692658,0.000877,0.000627,0.691780
3.58806,287.65,0.693409,0.000878,0.000627,0.692531
3.58846,287.68,0.694162,0.000878,0.000628,0.693284
3.58886,287.71,0.694916,0.000879,0.000629,0.694037
3.58926,287.74,0.695672,0.000879,0.000629,0.694792
3.58966,287.78,0.696428,0.000880,0.000630,0.695548
3.59006,287.81,0.697186,0.000881,0.000631,0.696305
3.59046,287.84,0.697945,0.000881,0.000631,0.697064
3.59086,287.87,0.698705,0.000882,0.000632,0.697823
3.59126,287.90,0.699466,0.000882,0.000633,0.698584
3.59166,287.94,0.700229,0.000883,0.000633,0.699346
3.59206,287.97,0.700992,0.000883,0.000634,0.700109
3.59246,288.00,0.701757,0.000884,0.000635,0.700874
3.59286,288.03,0.702524,0.000884,0.000636,0.701639
3.59326,288.06,0.703291,0.000885,0.000636,0.702406
3.59366,288.10,0.704060,0.000885,0.000637,0.703174
3.59406,288.13,0.704830,0.000886,0.000638,0.703944
3.59446,288.16,0.705601,0.000887,0.000638,0.704714
3.59486,288.19,0.706373,0.000887,0.000639,0.705486
3.59526,288.22,0.707147,0.000888,0.000640,0.706259
3.59566,288.26,0.707921,0.000888,0.000640,0.707033
3.59606,288.29,0.708698,0.000889,0.000641,0.707809
3.59646,288.32,0.709475,0.000889,0.000642,0.708586
3.59686,288.35,0.710253,0.000890,0.000642,0.709364
3.59726,288.39,0.711033,0.000890,0.000643,0.710143
3.59766,288.42,0.711814,0.000891,0.000644,0.710923
3.59806,288.45,0.712597,0.000892,0.000645,0.711705
3.59846,288.48,0.713380,0.000892,0.000645,0.712488
3.59886,288.51,0.714165,0.000893,0.000646,0.713272
3.59926,288.55,0.714951,0.000893,0.000647,0.714058
3.59966,288.58,0.715739,0.000894,0.000647,0.714845
3.60006,288.61,0.716527,0.000894,0.000648,0.715633
3.60046,288.64,0.717317,0.000895,0.000649,0.716422
3.60086,288.67,0.718108,0.000896,0.000649,0.717213
3.60126,288.71,0.718901,0.000896,0.000650,0.718005
3.60166,288.74,0.719695,0.000897,0.000651,0.718798
3.60206,288.77,0.720490,0.000897,0.000652,0.719592
3.60246,288.80,0.721286,0.000898,0.000652,0.720388
3.60286,288.83,0.722083,0.000898,0.000653,0.721185
3.60326,288.87,0.722882,0.000899,0.000654,0.721983
3.60366,288.90,0.723683,0.000900,0.000654,0.722783
3.60406,288.93,0.724484,0.000900,0.000655,0.723584
3.60446,288.96,0.725287,0.000901,0.000656,0.724386
3.60486,288.99,0.726091,0.000901,0.000657,0.725190
3.60526,289.03,0.726896,0.000902,0.000657,0.725994
3.60566,289.06,0.727703,0.000902,0.000658,0.726801
3.60606,289.09,0.728511,0.000903,0.000659,0.727608
3.60646,289.12,0.729320,0.000904,0.000659,0.728417
3.60686,289.15,0.730131,0.000904,0.000660,0.729227
3.60726,289.19,0.730943,0.000905,0.000661,0.730038
3.60766,289.22,0.731756,0.000905,0.000662,0.730851
3.60806,289.25,0.732571,0.000906,0.000662,0.731665
3.60846,289.28,0.733387,0.000907,0.000663,0.732480
3.60886,289.32,0.734204,0.000907,0.000664,0.733297
3.60926,289.35,0.735023,0.000908,0.000665,0.734115
3.60966,289.38,0.735842,0.000908,0.000665,0.734934
3.61006,289.41,0.736664,0.000909,0.000666,0.735755
3.61046,289.44,0.737486,0.000910,0.000667,0.736577
3.61086,289.48,0.738310,0.000910,0.000668,0.737400
3.61126,289.51,0.739135,0.000911,0.000668,0.738225
3.61166,289.54,0.739962,0.000911,0.000669,0.739051
3.61206,289.57,0.740790,0.000912,0.000670,0.739878
3.61246,289.60,0.741619,0.000913,0.000670,0.740707
3.61286,289.64,0.742450,0.000913,0.000671,0.741537
3.61326,289.67,0.743282,0.000914,0.000672,0.742368
3.61366,289.70,0.744116,0.000915,0.000673,0.743201
3.61406,289.73,0.744950,0.000915,0.000673,0.744035
3.61446,289.76,0.745787,0.000916,0.000674,0.744871
3.61486,289.80,0.746624,0.000916,0.000675,0.745708
3.61526,289.83,0.747463,0.000917,0.000676,0.746546
3.61566,289.86,0.748303,0.000918,0.000676,0.747386
3.61606,289.89,0.749145,0.000918,0.000677,0.748227
3.61646,289.92,0.749988,0.000919,0.000678,0.749069
3.61686,289.96,0.750832,0.000919,0.000679,0.749913
3.61726,289.99,0.751678,0.000920,0.000679,0.750758
3.61766,290.02,0.752525,0.000921,0.000680,0.751605
3.61806,290.05,0.753374,0.000921,0.000681,0.752453
3.61846,290.08,0.754224,0.000922,0.000682,0.753302
3.61886,290.12,0.755075,0.000923,0.000683,0.754153
3.61926,290.15,0.755928,0.000923,0.000683,0.755005
3.61966,290.18,0.756782,0.000924,0.000684,0.755858
3.62006,290.21,0.757638,0.000925,0.000685,0.756713
3.62046,290.25,0.758495,0.000925,0.000686,0.757570
3.62086,290.28,0.759353,0.000926,0.000686,0.758428
3.62126,290.31,0.760213,0.000926,0.000687,0.759287
3.62166,290.34,0.761075,0.000927,0.000688,0.760148
3.62206,290.37,0.761937,0.000928,0.000689,0.761010
3.62246,290.41,0.762802,0.000928,0.000689,0.761873
3.62286,290.44,0.763667,0.000929,0.000690,0.762738
3.62326,290.47,0.764534,0.000930,0.000691,0.763604
3.62366,290.50,0.765403,0.000930,0.000692,0.764472
3.62406,290.53,0.766272,0.000931,0.000693,0.765342
3.62446,290.57,0.767144,0.000932,0.000693,0.766212
3.62486,290.60,0.768017,0.000932,0.000694,0.767084
3.62526,290.63,0.768891,0.000933,0.000695,0.767958
3.62566,290.66,0.769766,0.000934,0.000696,0.768833
3.62606,290.69,0.770644,0.000934,0.000696,0.769709
3.62646,290.73,0.771522,0.000935,0.000697,0.770587
3.62686,290.76,0.772402,0.000936,0.000698,0.771467
3.62726,290.79,0.773284,0.000936,0.000699,0.772348
3.62766,290.82,0.774167,0.000937,0.000700,0.773230
3.62806,290.85,0.775051,0.000938,0.000700,0.774114
3.62846,290.89,0.775937,0.000938,0.000701,0.774999
3.62886,290.92,0.776825,0.000939,0.000702,0.775886
3.62926,290.95,0.777714,0.000940,0.000703,0.776774
3.62966,290.98,0.778604,0.000940,0.000704,0.777664
3.63006,291.01,0.779496,0.000941,0.000704,0.778555
3.63046,291.05,0.780389,0.000942,0.000705,0.779448
3.63086,291.08,0.781284,0.000942,0.000706,0.780342
3.63126,291.11,0.782180,0.000943,0.000707,0.781238
3.63166,291.14,0.783078,0.000944,0.000708,0.782135
3.63206,291.18,0.783978,0.000944,0.000708,0.783033
3.63246,291.21,0.784879,0.000945,0.000709,0.783934
3.63286,291.24,0.785781,0.000946,0.000710,0.784835
3.63326,291.27,0.786685,0.000946,0.000711,0.785738
3.63366,291.30,0.787590,0.000947,0.000712,0.786643
3.63406,291.34,0.788497,0.000948,0.000712,0.787549
3.63446,291.37,0.789406,0.000948,0.000713,0.788457
3.63486,291.40,0.790316,0.000949,0.000714,0.789367
3.63526,291.43,0.791227,0.000950,0.000715,0.790277
3.63566,291.46,0.792140,0.000950,0.000716,0.791190
3.63606,291.50,0.793055,0.000951,0.000717,0.792104
3.63646,291.53,0.793971,0.000952,0.000717,0.793019
3.63686,291.56,0.794889,0.000953,0.000718,0.793936
3.63726,291.59,0.795808,0.000953,0.000719,0.794855
3.63766,291.62,0.796729,0.000954,0.000720,0.795775
3.63806,291.66,0.797651,0.000955,0.000721,0.796696
3.63846,291.69,0.798575,0.000955,0.000721,0.797619
3.63886,291.72,0.799500,0.000956,0.000722,0.798544
3.63926,291.75,0.800427,0.000957,0.000723,0.799470
3.63966,291.78,0.801356,0.000957,0.000724,0.800398
3.64006,291.82,0.802286,0.000958,0.000725,0.801328
3.64046,291.85,0.803218,0.000959,0.000726,0.802259
3.64086,291.88,0.804151,0.000960,0.000726,0.803191
3.64126,291.91,0.805086,0.000960,0.000727,0.804125
3.64166,291.94,0.806022,0.000961,0.000728,0.805061
3.64206,291.98,0.806960,0.000962,0.000729,0.805999
3.64246,292.01,0.807900,0.000962,0.000730,0.806937
3.64286,292.04,0.808841,0.000963,0.000731,0.807878
3.64326,292.07,0.809784,0.000964,0.000732,0.808820
3.64366,292.10,0.810728,0.000965,0.000732,0.809764
3.64406,292.14,0.811674,0.000965,0.000733,0.810709
3.64446,292.17,0.812622,0.000966,0.000734,0.811656
3.64486,292.20,0.813571,0.000967,0.000735,0.812605
3.64526,292.23,0.814522,0.000968,0.000736,0.813555
3.64566,292.27,0.815475,0.000968,0.000737,0.814506
3.64606,292.30,0.816429,0.000969,0.000737,0.815460
3.64646,292.33,0.817385,0.000970,0.000738,0.816415
3.64686,292.36,0.818342,0.000970,0.000739,0.817372
3.64726,292.39,0.819301,0.000971,0.000740,0.818330
3.64766,292.43,0.820262,0.000972,0.000741,0.819290
3.64806,292.46,0.821224,0.000973,0.000742,0.820251
3.64846,292.49,0.822188,0.000973,0.000743,0.821214
3.64886,292.52,0.823153,0.000974,0.000743,0.822179
3.64926,292.55,0.824121,0.000975,0.000744,0.823146
3.64966,292.59,0.825090,0.000976,0.000745,0.824114
3.65006,292.62,0.826060,0.000976,0.000746,0.825084
3.65046,292.65,0.827032,0.000977,0.000747,0.826055
3.65086,292.68,0.828006,0.000978,0.000748,0.827028
3.65126,292.71,0.828982,0.000979,0.000749,0.828003
3.65166,292.75,0.829959,0.000979,0.000750,0.828980
3.65206,292.78,0.830938,0.000980,0.000750,0.829958
3.65246,292.81,0.831918,0.000981,0.000751,0.830938
3.65286,292.84,0.832901,0.000982,0.000752,0.831919
3.65326,292.87,0.833885,0.000982,0.000753,0.832902
3.65366,292.91,0.834870,0.000983,0.000754,0.833887
3.65406,292.94,0.835858,0.000984,0.000755,0.834874
3.65446,292.97,0.836847,0.000985,0.000756,0.835862
3.65486,293.00,0.837838,0.000985,0.000757,0.836852
3.65526,293.03,0.838830,0.000986,0.000758,0.837844
3.65566,293.07,0.839824,0.000987,0.000758,0.838837
3.65606,293.10,0.840820,0.000988,0.000759,0.839832
3.65646,293.13,0.841818,0.000989,0.000760,0.840829
3.65686,293.16,0.842817,0.000989,0.000761,0.841828
3.65726,293.20,0.843818,0.000990,0.000762,0.842828
3.65766,293.23,0.844821,0.000991,0.000763,0.843830
3.65806,293.26,0.845825,0.000992,0.000764,0.844834
3.65846,293.29,0.846832,0.000992,0.000765,0.845839
3.65886,293.32,0.847840,0.000993,0.000766,0.846846
3.65926,293.36,0.848849,0.000994,0.000767,0.847855
3.65966,293.39,0.849861,0.000995,0.000767,0.848866
3.66006,293.42,0.850874,0.000996,0.000768,0.849878
3.66046,293.45,0.851889,0.000996,0.000769,0.850893
3.66086,293.48,0.852906,0.000997,0.000770,0.851909
3.66126,293.52,0.853924,0.000998,0.000771,0.852926
3.66166,293.55,0.854945,0.000999,0.000772,0.853946
3.66206,293.58,0.855967,0.001000,0.000773,0.854967
3.66246,293.61,0.856991,0.001000,0.000774,0.855990
3.66286,293.64,0.858016,0.001001,0.000775,0.857015
3.66326,293.68,0.859044,0.001002,0.000776,0.858042
3.66366,293.71,0.860073,0.001003,0.000777,0.859070
3.66406,293.74,0.861104,0.001004,0.000778,0.860100
3.66446,293.77,0.862137,0.001004,0.000778,0.861132
3.66486,293.80,0.863171,0.001005,0.000779,0.862166
3.66526,293.84,0.864208,0.001006,0.000780,0.863202
3.66566,293.87,0.865246,0.001007,0.000781,0.864239
3.66606,293.90,0.866286,0.001008,0.000782,0.865278
3.66646,293.93,0.867328,0.001009,0.000783,0.866319
3.66686,293.96,0.868372,0.001009,0.000784,0.867362
3.66726,294.00,0.869417,0.001010,0.000785,0.868407
3.66766,294.03,0.870464,0.001011,0.000786,0.869454
3.66806,294.06,0.871514,0.001012,0.000787,0.870502
3.66846,294.09,0.872565,0.001013,0.000788,0.871552
3.66886,294.13,0.873618,0.001013,0.000789,0.872604
3.66926,294.16,0.874672,0.001014,0.000790,0.873658
3.66966,294.19,0.875729,0.001015,0.000791,0.874714
3.67006,294.22,0.876787,0.001016,0.000792,0.875771
3.67046,294.25,0.877847,0.001017,0.000793,0.876831
3.67086,294.29,0.878910,0.001018,0.000794,0.877892
3.67126,294.32,0.879974,0.001018,0.000795,0.878955
3.67166,294.35,0.881039,0.001019,0.000795,0.880020
3.67206,294.38,0.882107,0.001020,0.000796,0.881087
3.67246,294.41,0.883177,0.001021,0.000797,0.882156
3.67286,294.45,0.884248,0.001022,0.000798,0.883226
3.67326,294.48,0.885322,0.001023,0.000799,0.884299
3.67366,294.51,0.886397,0.001024,0.000800,0.885373
3.67406,294.54,0.887474,0.001024,0.000801,0.886450
3.67446,294.57,0.888553,0.001025,0.000802,0.887528
3.67486,294.61,0.889634,0.001026,0.000803,0.888608
3.67526,294.64,0.890717,0.001027,0.000804,0.889690
3.67566,294.67,0.891802,0.001028,0.000805,0.890774
3.67606,294.70,0.892889,0.001029,0.000806,0.891860
3.67646,294.73,0.893977,0.001030,0.000807,0.892948
3.67686,294.77,0.895068,0.001030,0.000808,0.894038
3.67726,294.80,0.896161,0.001031,0.000809,0.895129
3.67766,294.83,0.897255,0.001032,0.000810,0.896223
3.67806,294.86,0.898351,0.001033,0.000811,0.897318
3.67846,294.89,0.899450,0.001034,0.000812,0.898416
3.67886,294.93,0.900550,0.001035,0.000813,0.899515
3.67926,294.96,0.901652,0.001036,0.000814,0.900617
3.67966,294.99,0.902757,0.001037,0.000815,0.901720
3.68006,295.02,0.903863,0.001037,0.000816,0.902825
3.68046,295.06,0.904971,0.001038,0.000817,0.903933
3.68086,295.09,0.906081,0.001039,0.000818,0.905042
3.68126,295.12,0.907193,0.001040,0.000819,0.906153
3.68166,295.15,0.908307,0.001041,0.000820,0.907266
3.68206,295.18,0.909423,0.001042,0.000821,0.908381
3.68246,295.22,0.910541,0.001043,0.000822,0.909499
3.68286,295.25,0.911661,0.001044,0.000823,0.910618
3.68326,295.28,0.912783,0.001045,0.000824,0.911739
3.68366,295.31,0.913907,0.001045,0.000825,0.912862
3.68406,295.34,0.915034,0.001046,0.000826,0.913987
3.68446,295.38,0.916162,0.001047,0.000827,0.915114
3.68486,295.41,0.917292,0.001048,0.000828,0.916244
3.68526,295.44,0.918424,0.001049,0.000829,0.917375
3.68566,295.47,0.919558,0.001050,0.000830,0.918508
3.68606,295.50,0.920694,0.001051,0.000831,0.919643
3.68646,295.54,0.921832,0.001052,0.000832,0.920781
3.68686,295.57,0.922973,0.001053,0.000833,0.921920
3.68726,295.60,0.924115,0.001054,0.000834,0.923061
3.68766,295.63,0.925259,0.001055,0.000835,0.924205
3.68806,295.66,0.926406,0.001055,0.000836,0.925350
3.68846,295.70,0.927554,0.001056,0.000837,0.926498
3.68886,295.73,0.928705,0.001057,0.000838,0.927647
3.68926,295.76,0.929857,0.001058,0.000839,0.928799
3.68966,295.79,0.931012,0.001059,0.000840,0.929953
3.69006,295.82,0.932169,0.001060,0.000841,0.931109
3.69046,295.86,0.933328,0.001061,0.000843,0.932267
3.69086,295.89,0.934489,0.001062,0.000844,0.933427
3.69126,295.92,0.935652,0.001063,0.000845,0.934589
3.69166,295.95,0.936817,0.001064,0.000846,0.935753
3.69206,295.99,0.937984,0.001065,0.000847,0.936919
3.69246,296.02,0.939153,0.001066,0.000848,0.938088
3.69286,296.05,0.940325,0.001067,0.000849,0.939258
3.69326,296.08,0.941498,0.001068,0.000850,0.940431
3.69366,296.11,0.942674,0.001069,0.000851,0.941605
3.69406,296.15,0.943852,0.001069,0.000852,0.942782
3.69446,296.18,0.945032,0.001070,0.000853,0.943961
3.69486,296.21,0.946214,0.001071,0.000854,0.945142
3.69526,296.24,0.947398,0.001072,0.000855,0.946326
3.69566,296.27,0.948584,0.001073,0.000856,0.947511
3.69606,296.31,0.949773,0.001074,0.000857,0.948699
3.69646,296.34,0.950964,0.001075,0.000858,0.949889
3.69686,296.37,0.952157,0.001076,0.000860,0.951080
3.69726,296.40,0.953352,0.001077,0.000861,0.952274
3.69766,296.43,0.954549,0.001078,0.000862,0.953471
3.69806,296.47,0.955748,0.001079,0.000863,0.954669
3.69846,296.50,0.956950,0.001080,0.000864,0.955870
3.69886,296.53,0.958153,0.001081,0.000865,0.957072
3.69926,296.56,0.959359,0.001082,0.000866,0.958277
3.69966,296.59,0.960568,0.001083,0.000867,0.959485
3.70006,296.63,0.961778,0.001084,0.000868,0.960694
3.70046,296.66,0.962990,0.001085,0.000869,0.961906
3.70086,296.69,0.964205,0.001086,0.000870,0.963119
3.70126,296.72,0.965422,0.001087,0.000871,0.964335
3.70166,296.75,0.966641,0.001088,0.000873,0.965554
3.70206,296.79,0.967863,0.001089,0.000874,0.966774
3.70246,296.82,0.969087,0.001090,0.000875,0.967997
3.70286,296.85,0.970312,0.001091,0.000876,0.969222
3.70326,296.88,0.971541,0.001092,0.000877,0.970449
3.70366,296.92,0.972771,0.001093,0.000878,0.971678
3.70406,296.95,0.974004,0.001094,0.000879,0.972910
3.70446,296.98,0.975239,0.001095,0.000880,0.974144
3.70486,297.01,0.976476,0.001096,0.000881,0.975380
3.70526,297.04,0.977715,0.001097,0.000883,0.976618
3.70566,297.08,0.978957,0.001098,0.000884,0.977859
3.70606,297.11,0.980201,0.001099,0.000885,0.979102
3.70646,297.14,0.981447,0.001100,0.000886,0.980347
3.70686,297.17,0.982696,0.001101,0.000887,0.981595
3.70726,297.20,0.983947,0.001102,0.000888,0.982845
3.70766,297.24,0.985200,0.001103,0.000889,0.984097
3.70806,297.27,0.986456,0.001104,0.000891,0.985352
3.70846,297.30,0.987713,0.001105,0.000892,0.986608
3.70886,297.33,0.988974,0.001106,0.000893,0.987867
3.70926,297.36,0.990236,0.001107,0.000894,0.989129
3.70966,297.40,0.991501,0.001108,0.000895,0.990393
3.71006,297.43,0.992768,0.001109,0.000896,0.991659
3.71046,297.46,0.994038,0.001110,0.000897,0.992927
3.71086,297.49,0.995309,0.001111,0.000899,0.994198
3.71126,297.52,0.996584,0.001112,0.000900,0.995471
3.71166,297.56,0.997860,0.001113,0.000901,0.996747
3.71206,297.59,0.999139,0.001114,0.000902,0.998025
3.71246,297.62,1.000420,0.001116,0.000903,0.999305
3.71286,297.65,1.001704,0.001117,0.000904,1.000587
3.71326,297.68,1.002990,0.001118,0.000905,1.001872
3.71366,297.72,1.004278,0.001119,0.000907,1.003160
3.71406,297.75,1.005569,0.001120,0.000908,1.004450
3.71446,297.78,1.006862,0.001121,0.000909,1.005742
3.71486,297.81,1.008158,0.001122,0.000910,1.007036
3.71526,297.85,1.009456,0.001123,0.000911,1.008333
3.71566,297.88,1.010757,0.001124,0.000912,1.009633
3.71606,297.91,1.012059,0.001125,0.000914,1.010934
3.71646,297.94,1.013365,0.001126,0.000915,1.012239
3.71686,297.97,1.014673,0.001127,0.000916,1.013545
3.71726,298.01,1.015983,0.001128,0.000917,1.014854
3.71766,298.04,1.017295,0.001129,0.000918,1.016166
3.71806,298.07,1.018610,0.001130,0.000920,1.017480
3.71846,298.10,1.019928,0.001132,0.000921,1.018796
3.71886,298.13,1.021248,0.001133,0.000922,1.020115
3.71926,298.17,1.022570,0.001134,0.000923,1.021437
3.71966,298.20,1.023895,0.001135,0.000924,1.022760
3.72006,298.23,1.025223,0.001136,0.000926,1.024087
3.72046,298.26,1.026553,0.001137,0.000927,1.025416
3.72086,298.29,1.027885,0.001138,0.000928,1.026747
3.72126,298.33,1.029220,0.001139,0.000929,1.028081
3.72166,298.36,1.030557,0.001140,0.000930,1.029417
3.72206,298.39,1.031897,0.001141,0.000932,1.030756
3.72246,298.42,1.033240,0.001143,0.000933,1.032097
3.72286,298.45,1.034584,0.001144,0.000934,1.033441
3.72326,298.49,1.035932,0.001145,0.000935,1.034787
3.72366,298.52,1.037282,0.001146,0.000937,1.036136
3.72406,298.55,1.038634,0.001147,0.000938,1.037487
3.72446,298.58,1.039990,0.001148,0.000939,1.038841
3.72486,298.61,1.041347,0.001149,0.000940,1.040198
3.72526,298.65,1.042707,0.001150,0.000941,1.041557
3.72566,298.68,1.044070,0.001152,0.000943,1.042919
3.72606,298.71,1.045435,0.001153,0.000944,1.044283
3.72646,298.74,1.046803,0.001154,0.000945,1.045650
3.72686,298.78,1.048174,0.001155,0.000946,1.047019
3.72726,298.81,1.049547,0.001156,0.000948,1.048391
3.72766,298.84,1.050923,0.001157,0.000949,1.049765
3.72806,298.87,1.052301,0.001158,0.000950,1.051142
3.72846,298.90,1.053682,0.001160,0.000951,1.052522
3.72886,298.94,1.055065,0.001161,0.000953,1.053905
3.72926,298.97,1.056451,0.001162,0.000954,1.055289
3.72966,299.00,1.057840,0.001163,0.000955,1.056677
3.73006,299.03,1.059231,0.001164,0.000956,1.058067
3.73046,299.06,1.060625,0.001165,0.000958,1.059460
3.73086,299.10,1.062022,0.001166,0.000959,1.060856
3.73126,299.13,1.063421,0.001168,0.000960,1.062254
3.73166,299.16,1.064823,0.001169,0.000962,1.063655
3.73206,299.19,1.066228,0.001170,0.000963,1.065058
3.73246,299.22,1.067635,0.001171,0.000964,1.066464
3.73286,299.26,1.069045,0.001172,0.000965,1.067873
3.73326,299.29,1.070458,0.001173,0.000967,1.069284
3.73366,299.32,1.071873,0.001175,0.000968,1.070699
3.73406,299.35,1.073291,0.001176,0.000969,1.072115
3.73446,299.38,1.074712,0.001177,0.000970,1.073535
3.73486,299.42,1.076136,0.001178,0.000972,1.074957
3.73526,299.45,1.077562,0.001179,0.000973,1.076382
3.73566,299.48,1.078991,0.001181,0.000974,1.077810
3.73606,299.51,1.080422,0.001182,0.000976,1.079241
3.73646,299.54,1.081857,0.001183,0.000977,1.080674
3.73686,299.58,1.083294,0.001184,0.000978,1.082110
3.73726,299.61,1.084734,0.001185,0.000980,1.083548
3.73766,299.64,1.086176,0.001187,0.000981,1.084990
3.73806,299.67,1.087622,0.001188,0.000982,1.086434
3.73846,299.71,1.089070,0.001189,0.000984,1.087881
3.73886,299.74,1.090521,0.001190,0.000985,1.089331
3.73926,299.77,1.091975,0.001192,0.000986,1.090783
3.73966,299.80,1.093431,0.001193,0.000988,1.092238
3.74006,299.83,1.094890,0.001194,0.000989,1.093696
3.74046,299.87,1.096353,0.001195,0.000990,1.095157
3.74086,299.90,1.097817,0.001196,0.000992,1.096621
3.74126,299.93,1.099285,0.001198,0.000993,1.098088
3.74166,299.96,1.100756,0.001199,0.000994,1.099557
3.74206,299.99,1.102229,0.001200,0.000996,1.101029
3.74246,300.03,1.103705,0.001201,0.000997,1.102504
3.74286,300.06,1.105185,0.001203,0.000998,1.103982
3.74326,300.09,1.106666,0.001204,0.001000,1.105463
3.74366,300.12,1.108151,0.001205,0.001001,1.106946
3.74406,300.15,1.109639,0.001206,0.001002,1.108433
3.74446,300.19,1.111129,0.001208,0.001004,1.109922
3.74486,300.22,1.112623,0.001209,0.001005,1.111414
3.74526,300.25,1.114119,0.001210,0.001006,1.112909
3.74566,300.28,1.115618,0.001211,0.001008,1.114407
3.74606,300.31,1.117121,0.001213,0.001009,1.115908
3.74646,300.35,1.118626,0.001214,0.001010,1.117412
3.74686,300.38,1.120134,0.001215,0.001012,1.118918
3.74726,300.41,1.121644,0.001216,0.001013,1.120428
3.74766,300.44,1.123158,0.001218,0.001015,1.121940
3.74806,300.47,1.124675,0.001219,0.001016,1.123456
3.74846,300.51,1.126195,0.001220,0.001017,1.124974
3.74886,300.54,1.127717,0.001222,0.001019,1.126496
3.74926,300.57,1.129243,0.001223,0.001020,1.128020
3.74966,300.60,1.130771,0.001224,0.001022,1.129547
3.75006,300.64,1.132303,0.001226,0.001023,1.131077
3.75046,300.67,1.133837,0.001227,0.001024,1.132611
3.75086,300.70,1.135375,0.001228,0.001026,1.134147
3.75126,300.73,1.136915,0.001229,0.001027,1.135686
3.75166,300.76,1.138459,0.001231,0.001029,1.137228
3.75206,300.80,1.140005,0.001232,0.001030,1.138773
3.75246,300.83,1.141555,0.001233,0.001031,1.140322
3.75286,300.86,1.143108,0.001235,0.001033,1.141873
3.75326,300.89,1.144663,0.001236,0.001034,1.143427
3.75366,300.92,1.146222,0.001237,0.001036,1.144984
3.75406,300.96,1.147783,0.001239,0.001037,1.146545
3.75446,300.99,1.149348,0.001240,0.001039,1.148108
3.75486,301.02,1.150916,0.001241,0.001040,1.149675
3.75526,301.05,1.152487,0.001243,0.001041,1.151244
3.75566,301.08,1.154061,0.001244,0.001043,1.152817
3.75606,301.12,1.155638,0.001245,0.001044,1.154393
3.75646,301.15,1.157218,0.001247,0.001046,1.155971
3.75686,301.18,1.158801,0.001248,0.001047,1.157553
3.75726,301.21,1.160388,0.001249,0.001049,1.159138
3.75766,301.24,1.161977,0.001251,0.001050,1.160726
3.75806,301.28,1.163570,0.001252,0.001051,1.162318
3.75846,301.31,1.165165,0.001253,0.001053,1.163912
3.75886,301.34,1.166764,0.001255,0.001054,1.165510
3.75926,301.37,1.168366,0.001256,0.001056,1.167110
3.75966,301.40,1.169972,0.001258,0.001057,1.168714
3.76006,301.44,1.171580,0.001259,0.001059,1.170321
3.76046,301.47,1.173191,0.001260,0.001060,1.171931
3.76086,301.50,1.174806,0.001262,0.001062,1.173544
3.76126,301.53,1.176424,0.001263,0.001063,1.175161
3.76166,301.56,1.178045,0.001264,0.001065,1.176781
3.76206,301.60,1.179669,0.001266,0.001066,1.178404
3.76246,301.63,1.181297,0.001267,0.001068,1.180030
3.76286,301.66,1.182928,0.001269,0.001069,1.181659
3.76326,301.69,1.184562,0.001270,0.001071,1.183292
3.76366,301.73,1.186199,0.001271,0.001072,1.184927
3.76406,301.76,1.187839,0.001273,0.001074,1.186566
3.76446,301.79,1.189483,0.001274,0.001075,1.188209
3.76486,301.82,1.191130,0.001276,0.001077,1.189854
3.76526,301.85,1.192780,0.001277,0.001078,1.191503
3.76566,301.89,1.194434,0.001278,0.001080,1.193155
3.76606,301.92,1.196090,0.001280,0.001081,1.194810
3.76646,301.95,1.197750,0.001281,0.001083,1.196469
3.76686,301.98,1.199414,0.001283,0.001084,1.198131
3.76726,302.01,1.201081,0.001284,0.001086,1.199796
3.76766,302.05,1.202751,0.001286,0.001087,1.201465
3.76806,302.08,1.204424,0.001287,0.001089,1.203137
3.76846,302.11,1.206101,0.001288,0.001090,1.204812
3.76886,302.14,1.207781,0.001290,0.001092,1.206491
3.76926,302.17,1.209464,0.001291,0.001094,1.208173
3.76966,302.21,1.211151,0.001293,0.001095,1.209858
3.77006,302.24,1.212841,0.001294,0.001097,1.211547
3.77046,302.27,1.214534,0.001296,0.001098,1.213239
3.77086,302.30,1.216231,0.001297,0.001100,1.214934
3.77126,302.33,1.217931,0.001299,0.001101,1.216633
3.77166,302.37,1.219635,0.001300,0.001103,1.218335
3.77206,302.40,1.221342,0.001302,0.001104,1.220041
3.77246,302.43,1.223053,0.001303,0.001106,1.221750
3.77286,302.46,1.224767,0.001305,0.001108,1.223462
3.77326,302.49,1.226484,0.001306,0.001109,1.225178
3.77366,302.53,1.228205,0.001307,0.001111,1.226897
3.77406,302.56,1.229929,0.001309,0.001112,1.228620
3.77446,302.59,1.231657,0.001310,0.001114,1.230346
3.77486,302.62,1.233388,0.001312,0.001116,1.232076
3.77526,302.66,1.235123,0.001313,0.001117,1.233809
3.77566,302.69,1.236861,0.001315,0.001119,1.235546
3.77606,302.72,1.238603,0.001316,0.001120,1.237286
3.77646,302.75,1.240348,0.001318,0.001122,1.239030
3.77686,302.78,1.242097,0.001319,0.001124,1.240777
3.77726,302.82,1.243849,0.001321,0.001125,1.242528
3.77766,302.85,1.245605,0.001323,0.001127,1.244282
3.77806,302.88,1.247364,0.001324,0.001128,1.246040
3.77846,302.91,1.249127,0.001326,0.001130,1.247801
3.77886,302.94,1.250893,0.001327,0.001132,1.249566
3.77926,302.98,1.252663,0.001329,0.001133,1.251335
3.77966,303.01,1.254437,0.001330,0.001135,1.253107
3.78006,303.04,1.256214,0.001332,0.001137,1.254882
3.78046,303.07,1.257995,0.001333,0.001138,1.256661
3.78086,303.10,1.259779,0.001335,0.001140,1.258444
3.78126,303.14,1.261567,0.001336,0.001141,1.260231
3.78166,303.17,1.263359,0.001338,0.001143,1.262021
3.78206,303.20,1.265154,0.001339,0.001145,1.263815
3.78246,303.23,1.266953,0.001341,0.001146,1.265612
3.78286,303.26,1.268756,0.001343,0.001148,1.267413
3.78326,303.30,1.270562,0.001344,0.001150,1.269218
3.78366,303.33,1.272372,0.001346,0.001151,1.271026
3.78406,303.36,1.274185,0.001347,0.001153,1.272838
3.78446,303.39,1.276003,0.001349,0.001155,1.274654
3.78486,303.42,1.277824,0.001351,0.001156,1.276473
3.78526,303.46,1.279648,0.001352,0.001158,1.278296
3.78566,303.49,1.281477,0.001354,0.001160,1.280123
3.78606,303.52,1.283309,0.001355,0.001161,1.281954
3.78646,303.55,1.285145,0.001357,0.001163,1.283788
3.78686,303.59,1.286984,0.001358,0.001165,1.285626
3.78726,303.62,1.288828,0.001360,0.001167,1.287468
3.78766,303.65,1.290675,0.001362,0.001168,1.289313
3.78806,303.68,1.292526,0.001363,0.001170,1.291163
3.78846,303.71,1.294381,0.001365,0.001172,1.293016
3.78886,303.75,1.296239,0.001367,0.001173,1.294873
3.78926,303.78,1.298101,0.001368,0.001175,1.296733
3.78966,303.81,1.299968,0.001370,0.001177,1.298598
3.79006,303.84,1.301838,0.001371,0.001179,1.300466
3.79046,303.87,1.303711,0.001373,0.001180,1.302338
3.79086,303.91,1.305589,0.001375,0.001182,1.304214
3.79126,303.94,1.307471,0.001376,0.001184,1.306094
3.79166,303.97,1.309356,0.001378,0.001186,1.307978
3.79206,304.00,1.311245,0.001380,0.001187,1.309866
3.79246,304.03,1.313138,0.001381,0.001189,1.311757
3.79286,304.07,1.315035,0.001383,0.001191,1.313652
3.79326,304.10,1.316936,0.001385,0.001193,1.315552
3.79366,304.13,1.318841,0.001386,0.001194,1.317455
3.79406,304.16,1.320750,0.001388,0.001196,1.319362
3.79446,304.19,1.322663,0.001390,0.001198,1.321273
3.79486,304.23,1.324580,0.001391,0.001200,1.323188
3.79526,304.26,1.326500,0.001393,0.001201,1.325107
3.79566,304.29,1.328425,0.001395,0.001203,1.327030
3.79606,304.32,1.330353,0.001396,0.001205,1.328957
3.79646,304.35,1.332286,0.001398,0.001207,1.330888
3.79686,304.39,1.334223,0.001400,0.001209,1.332823
3.79726,304.42,1.336163,0.001402,0.001210,1.334762
3.79766,304.45,1.338108,0.001403,0.001212,1.336705
3.79806,304.48,1.340057,0.001405,0.001214,1.338652
3.79846,304.52,1.342009,0.001407,0.001216,1.340603
3.79886,304.55,1.343966,0.001408,0.001218,1.342558
3.79926,304.58,1.345927,0.001410,0.001219,1.344517
3.79966,304.61,1.347892,0.001412,0.001221,1.346480
3.80006,304.64,1.349861,0.001414,0.001223,1.348447
3.80046,304.68,1.351834,0.001415,0.001225,1.350418
3.80086,304.71,1.353811,0.001417,0.001227,1.352394
3.80126,304.74,1.355792,0.001419,0.001229,1.354373
3.80166,304.77,1.357777,0.001421,0.001230,1.356357
3.80206,304.80,1.359767,0.001422,0.001232,1.358345
3.80246,304.84,1.361761,0.001424,0.001234,1.360337
3.80286,304.87,1.363759,0.001426,0.001236,1.362333
3.80326,304.90,1.365761,0.001428,0.001238,1.364333
3.80366,304.93,1.367767,0.001429,0.001240,1.366337
3.80406,304.96,1.369777,0.001431,0.001242,1.368346
3.80446,305.00,1.371792,0.001433,0.001243,1.370359
3.80486,305.03,1.373810,0.001435,0.001245,1.372376
3.80526,305.06,1.375834,0.001437,0.001247,1.374397
3.80566,305.09,1.377861,0.001438,0.001249,1.376422
3.80606,305.12,1.379892,0.001440,0.001251,1.378452
3.80646,305.16,1.381928,0.001442,0.001253,1.380486
3.80686,305.19,1.383968,0.001444,0.001255,1.382524
3.80726,305.22,1.386012,0.001446,0.001257,1.384567
3.80766,305.25,1.388061,0.001447,0.001259,1.386614
3.80806,305.28,1.390114,0.001449,0.001260,1.388665
3.80846,305.32,1.392171,0.001451,0.001262,1.390720
3.80886,305.35,1.394233,0.001453,0.001264,1.392780
3.80926,305.38,1.396299,0.001455,0.001266,1.394844
3.80966,305.41,1.398369,0.001457,0.001268,1.396912
3.81006,305.45,1.400443,0.001458,0.001270,1.398985
3.81046,305.48,1.402522,0.001460,0.001272,1.401062
3.81086,305.51,1.404606,0.001462,0.001274,1.403144
3.81126,305.54,1.406693,0.001464,0.001276,1.405229
3.81166,305.57,1.408785,0.001466,0.001278,1.407320
3.81206,305.61,1.410882,0.001468,0.001280,1.409414
3.81246,305.64,1.412983,0.001469,0.001282,1.411513
3.81286,305.67,1.415088,0.001471,0.001284,1.413617
3.81326,305.70,1.417198,0.001473,0.001286,1.415725
3.81366,305.73,1.419313,0.001475,0.001288,1.417837
3.81406,305.77,1.421431,0.001477,0.001290,1.419954
3.81446,305.80,1.423555,0.001479,0.001292,1.422076
3.81486,305.83,1.425682,0.001481,0.001294,1.424202
3.81526,305.86,1.427815,0.001483,0.001296,1.426332
3.81566,305.89,1.429952,0.001485,0.001298,1.428467
3.81606,305.93,1.432093,0.001487,0.001300,1.430606
3.81646,305.96,1.434239,0.001488,0.001302,1.432750
3.81686,305.99,1.436389,0.001490,0.001304,1.434899
3.81726,306.02,1.438544,0.001492,0.001306,1.437052
3.81766,306.05,1.440704,0.001494,0.001308,1.439210
3.81806,306.09,1.442868,0.001496,0.001310,1.441372
3.81846,306.12,1.445037,0.001498,0.001312,1.443539
3.81886,306.15,1.447210,0.001500,0.001314,1.445710
3.81926,306.18,1.449389,0.001502,0.001316,1.447887
3.81966,306.21,1.451571,0.001504,0.001318,1.450067
3.82006,306.25,1.453759,0.001506,0.001320,1.452253
3.82046,306.28,1.455951,0.001508,0.001322,1.454443
3.82086,306.31,1.458147,0.001510,0.001324,1.456638
3.82126,306.34,1.460349,0.001512,0.001326,1.458837
3.82166,306.38,1.462555,0.001514,0.001328,1.461041
3.82206,306.41,1.464766,0.001516,0.001330,1.463250
3.82246,306.44,1.466981,0.001518,0.001332,1.465464
3.82286,306.47,1.469202,0.001520,0.001334,1.467682
3.82326,306.50,1.471427,0.001522,0.001336,1.469905
3.82366,306.54,1.473657,0.001524,0.001339,1.472133
3.82406,306.57,1.475891,0.001526,0.001341,1.474365
3.82446,306.60,1.478131,0.001528,0.001343,1.476603
3.82486,306.63,1.480375,0.001530,0.001345,1.478845
3.82526,306.66,1.482624,0.001532,0.001347,1.481092
3.82566,306.70,1.484878,0.001534,0.001349,1.483344
3.82606,306.73,1.487136,0.001536,0.001351,1.485601
3.82646,306.76,1.489400,0.001538,0.001353,1.487862
3.82686,306.79,1.491668,0.001540,0.001355,1.490129
3.82726,306.82,1.493942,0.001542,0.001358,1.492400
3.82766,306.86,1.496220,0.001544,0.001360,1.494676
3.82806,306.89,1.498503,0.001546,0.001362,1.496957
3.82846,306.92,1.500791,0.001548,0.001364,1.499243
3.82886,306.95,1.503084,0.001550,0.001366,1.501534
3.82926,306.98,1.505382,0.001552,0.001368,1.503830
3.82966,307.02,1.507685,0.001554,0.001370,1.506131
3.83006,307.05,1.509993,0.001556,0.001373,1.508436
3.83046,307.08,1.512306,0.001559,0.001375,1.510747
3.83086,307.11,1.514624,0.001561,0.001377,1.513063
3.83126,307.14,1.516947,0.001563,0.001379,1.515384
3.83166,307.18,1.519275,0.001565,0.001381,1.517710
3.83206,307.21,1.521608,0.001567,0.001384,1.520041
3.83246,307.24,1.523946,0.001569,0.001386,1.522376
3.83286,307.27,1.526289,0.001571,0.001388,1.524717
3.83326,307.31,1.528637,0.001573,0.001390,1.527064
3.83366,307.34,1.530990,0.001575,0.001392,1.529415
3.83406,307.37,1.533349,0.001578,0.001395,1.531771
3.83446,307.40,1.535712,0.001580,0.001397,1.534132
3.83486,307.43,1.538081,0.001582,0.001399,1.536499
3.83526,307.47,1.540455,0.001584,0.001401,1.538870
3.83566,307.50,1.542834,0.001586,0.001404,1.541247
3.83606,307.53,1.545218,0.001588,0.001406,1.543629
3.83646,307.56,1.547607,0.001591,0.001408,1.546016
3.83686,307.59,1.550002,0.001593,0.001410,1.548409
3.83726,307.63,1.552401,0.001595,0.001413,1.550806
3.83766,307.66,1.554806,0.001597,0.001415,1.553209
3.83806,307.69,1.557217,0.001599,0.001417,1.555617
3.83846,307.72,1.559632,0.001601,0.001419,1.558031
3.83886,307.75,1.562053,0.001604,0.001422,1.560449
3.83926,307.79,1.564479,0.001606,0.001424,1.562873
3.83966,307.82,1.566911,0.001608,0.001426,1.565302
3.84006,307.85,1.569347,0.001610,0.001429,1.567737
3.84046,307.88,1.571789,0.001613,0.001431,1.570177
3.84086,307.91,1.574237,0.001615,0.001433,1.572622
3.84126,307.95,1.576690,0.001617,0.001436,1.575073
3.84166,307.98,1.579148,0.001619,0.001438,1.577529
3.84206,308.01,1.581611,0.001622,0.001440,1.579990
3.84246,308.04,1.584080,0.001624,0.001443,1.582457
3.84286,308.07,1.586555,0.001626,0.001445,1.584929
3.84326,308.11,1.589035,0.001628,0.001447,1.587406
3.84366,308.14,1.591520,0.001631,0.001450,1.589889
3.84406,308.17,1.594011,0.001633,0.001452,1.592378
3.84446,308.20,1.596507,0.001635,0.001454,1.594872
3.84486,308.24,1.599009,0.001637,0.001457,1.597371
3.84526,308.27,1.601516,0.001640,0.001459,1.599876
3.84566,308.30,1.604029,0.001642,0.001462,1.602387
3.84606,308.33,1.606547,0.001644,0.001464,1.604903
3.84646,308.36,1.609071,0.001647,0.001466,1.607424
3.84686,308.40,1.611600,0.001649,0.001469,1.609951
3.84726,308.43,1.614135,0.001651,0.001471,1.612484
3.84766,308.46,1.616676,0.001654,0.001474,1.615022
3.84806,308.49,1.619222,0.001656,0.001476,1.617566
3.84846,308.52,1.621774,0.001658,0.001478,1.620116
3.84886,308.56,1.624332,0.001661,0.001481,1.622671
3.84926,308.59,1.626895,0.001663,0.001483,1.625232
3.84966,308.62,1.629464,0.001665,0.001486,1.627799
3.85006,308.65,1.632039,0.001668,0.001488,1.630371
3.85046,308.68,1.634619,0.001670,0.001491,1.632949
3.85086,308.72,1.637205,0.001672,0.001493,1.635532
3.85126,308.75,1.639797,0.001675,0.001496,1.638122
3.85166,308.78,1.642394,0.001677,0.001498,1.640717
3.85206,308.81,1.644997,0.001680,0.001501,1.643318
3.85246,308.84,1.647607,0.001682,0.001503,1.645924
3.85286,308.88,1.650221,0.001684,0.001505,1.648537
3.85326,308.91,1.652842,0.001687,0.001508,1.651155
3.85366,308.94,1.655469,0.001689,0.001510,1.653779
3.85406,308.97,1.658101,0.001692,0.001513,1.656409
3.85446,309.00,1.660739,0.001694,0.001516,1.659045
3.85486,309.04,1.663384,0.001697,0.001518,1.661687
3.85526,309.07,1.666034,0.001699,0.001521,1.664335
3.85566,309.10,1.668690,0.001702,0.001523,1.666988
3.85606,309.13,1.671351,0.001704,0.001526,1.669648
3.85646,309.17,1.674019,0.001706,0.001528,1.672313
3.85686,309.20,1.676693,0.001709,0.001531,1.674984
3.85726,309.23,1.679373,0.001711,0.001533,1.677662
3.85766,309.26,1.682059,0.001714,0.001536,1.680345
3.85806,309.29,1.684751,0.001716,0.001538,1.683034
3.85846,309.33,1.687448,0.001719,0.001541,1.685730
3.85886,309.36,1.690152,0.001721,0.001544,1.688431
3.85926,309.39,1.692862,0.001724,0.001546,1.691138
3.85966,309.42,1.695578,0.001726,0.001549,1.693852
3.86006,309.45,1.698300,0.001729,0.001551,1.696572
3.86046,309.49,1.701029,0.001731,0.001554,1.699297
3.86086,309.52,1.703763,0.001734,0.001557,1.702029
3.86126,309.55,1.706504,0.001737,0.001559,1.704767
3.86166,309.58,1.709250,0.001739,0.001562,1.707511
3.86206,309.61,1.712003,0.001742,0.001565,1.710262
3.86246,309.65,1.714762,0.001744,0.001567,1.713018
3.86286,309.68,1.717528,0.001747,0.001570,1.715781
3.86326,309.71,1.720299,0.001749,0.001573,1.718550
3.86366,309.74,1.723077,0.001752,0.001575,1.721325
3.86406,309.77,1.725861,0.001755,0.001578,1.724106
3.86446,309.81,1.728651,0.001757,0.001581,1.726894
3.86486,309.84,1.731448,0.001760,0.001583,1.729688
3.86526,309.87,1.734251,0.001762,0.001586,1.732488
3.86566,309.90,1.737060,0.001765,0.001589,1.735295
3.86606,309.93,1.739876,0.001768,0.001591,1.738108
3.86646,309.97,1.742698,0.001770,0.001594,1.740927
3.86686,310.00,1.745526,0.001773,0.001597,1.743753
3.86726,310.03,1.748361,0.001776,0.001600,1.746585
3.86766,310.06,1.751202,0.001778,0.001602,1.749424
3.86806,310.09,1.754050,0.001781,0.001605,1.752269
3.86846,310.13,1.756904,0.001784,0.001608,1.755120
3.86886,310.16,1.759765,0.001786,0.001611,1.757978
3.86926,310.19,1.762632,0.001789,0.001613,1.760843
3.86966,310.22,1.765505,0.001792,0.001616,1.763714
3.87006,310.26,1.768386,0.001794,0.001619,1.766591
3.87046,310.29,1.771272,0.001797,0.001622,1.769475
3.87086,310.32,1.774165,0.001800,0.001624,1.772366
3.87126,310.35,1.777065,0.001802,0.001627,1.775263
3.87166,310.38,1.779972,0.001805,0.001630,1.778167
3.87206,310.42,1.782885,0.001808,0.001633,1.781077
3.87246,310.45,1.785805,0.001811,0.001636,1.783994
3.87286,310.48,1.788731,0.001813,0.001639,1.786918
3.87326,310.51,1.791664,0.001816,0.001641,1.789848
3.87366,310.54,1.794604,0.001819,0.001644,1.792785
3.87406,310.58,1.797550,0.001822,0.001647,1.795729
3.87446,310.61,1.800503,0.001825,0.001650,1.798679
3.87486,310.64,1.803463,0.001827,0.001653,1.801636
3.87526,310.67,1.806430,0.001830,0.001656,1.804600
3.87566,310.70,1.809404,0.001833,0.001659,1.807571
3.87606,310.74,1.812384,0.001836,0.001661,1.810548
3.87646,310.77,1.815371,0.001839,0.001664,1.813533
3.87686,310.80,1.818365,0.001841,0.001667,1.816524
3.87726,310.83,1.821366,0.001844,0.001670,1.819522
3.87766,310.86,1.824374,0.001847,0.001673,1.822527
3.87806,310.90,1.827388,0.001850,0.001676,1.825538
3.87846,310.93,1.830410,0.001853,0.001679,1.828557
3.87886,310.96,1.833438,0.001856,0.001682,1.831583
3.87926,310.99,1.836474,0.001858,0.001685,1.834615
3.87966,311.02,1.839516,0.001861,0.001688,1.837655
3.88006,311.06,1.842566,0.001864,0.001691,1.840702
3.88046,311.09,1.845622,0.001867,0.001694,1.843755
3.88086,311.12,1.848686,0.001870,0.001697,1.846816
3.88126,311.15,1.851756,0.001873,0.001700,1.849883
3.88166,311.19,1.854834,0.001876,0.001703,1.852958
3.88206,311.22,1.857919,0.001879,0.001706,1.856040
3.88246,311.25,1.861011,0.001882,0.001709,1.859129
3.88286,311.28,1.864110,0.001885,0.001712,1.862225
3.88326,311.31,1.867216,0.001888,0.001715,1.865328
3.88366,311.35,1.870329,0.001891,0.001718,1.868438
3.88406,311.38,1.873450,0.001894,0.001721,1.871556
3.88446,311.41,1.876577,0.001897,0.001724,1.874681
3.88486,311.44,1.879712,0.001900,0.001727,1.877813
3.88526,311.47,1.882854,0.001903,0.001730,1.880952
3.88566,311.51,1.886004,0.001906,0.001733,1.884098
3.88606,311.54,1.889161,0.001909,0.001736,1.887252
3.88646,311.57,1.892325,0.001912,0.001739,1.890413
3.88686,311.60,1.895496,0.001915,0.001743,1.893582
3.88726,311.63,1.898675,0.001918,0.001746,1.896758
3.88766,311.67,1.901861,0.001921,0.001749,1.899941
3.88806,311.70,1.905055,0.001924,0.001752,1.903131
3.88846,311.73,1.908256,0.001927,0.001755,1.906329
3.88886,311.76,1.911464,0.001930,0.001758,1.909535
3.88926,311.79,1.914680,0.001933,0.001761,1.912747
3.88966,311.83,1.917904,0.001936,0.001764,1.915968
3.89006,311.86,1.921135,0.001939,0.001768,1.919196
3.89046,311.89,1.924373,0.001942,0.001771,1.922431
3.89086,311.92,1.927619,0.001945,0.001774,1.925674
3.89126,311.95,1.930873,0.001948,0.001777,1.928924
3.89166,311.99,1.934134,0.001952,0.001780,1.932182
3.89206,312.02,1.937402,0.001955,0.001784,1.935448
3.89246,312.05,1.940679,0.001958,0.001787,1.938721
3.89286,312.08,1.943963,0.001961,0.001790,1.942002
3.89326,312.12,1.947255,0.001964,0.001793,1.945290
3.89366,312.15,1.950554,0.001967,0.001797,1.948587
3.89406,312.18,1.953861,0.001971,0.001800,1.951891
3.89446,312.21,1.957176,0.001974,0.001803,1.955202
3.89486,312.24,1.960499,0.001977,0.001806,1.958522
3.89526,312.28,1.963829,0.001980,0.001810,1.961849
3.89566,312.31,1.967167,0.001983,0.001813,1.965184
3.89606,312.34,1.970513,0.001987,0.001816,1.968527
3.89646,312.37,1.973867,0.001990,0.001820,1.971877
3.89686,312.40,1.977229,0.001993,0.001823,1.975236
3.89726,312.44,1.980598,0.001996,0.001826,1.978602
3.89766,312.47,1.983976,0.002000,0.001830,1.981976
3.89806,312.50,1.987361,0.002003,0.001833,1.985358
3.89846,312.53,1.990755,0.002006,0.001836,1.988749
3.89886,312.56,1.994156,0.002009,0.001840,1.992147
3.89926,312.60,1.997565,0.002013,0.001843,1.995553
3.89966,312.63,2.000983,0.002016,0.001846,1.998967
3.90007,312.66,2.004408,0.002019,0.001850,2.002389
3.90047,312.69,2.007842,0.002023,0.001853,2.005819
3.90087,312.72,2.011284,0.002026,0.001857,2.009258
3.90127,312.76,2.014733,0.002029,0.001860,2.012704
3.90167,312.79,2.018191,0.002033,0.001864,2.016158
3.90207,312.82,2.021657,0.002036,0.001867,2.019621
3.90247,312.85,2.025131,0.002039,0.001870,2.023092
3.90287,312.88,2.028614,0.002043,0.001874,2.026571
3.90327,312.92,2.032105,0.002046,0.001877,2.030058
3.90367,312.95,2.035603,0.002050,0.001881,2.033554
3.90407,312.98,2.039111,0.002053,0.001884,2.037058
3.90447,313.01,2.042626,0.002056,0.001888,2.040570
3.90487,313.05,2.046150,0.002060,0.001891,2.044090
3.90527,313.08,2.049682,0.002063,0.001895,2.047619
3.90567,313.11,2.053223,0.002067,0.001898,2.051156
3.90607,313.14,2.056772,0.002070,0.001902,2.054701
3.90647,313.17,2.060329,0.002074,0.001905,2.058255
3.90687,313.21,2.063895,0.002077,0.001909,2.061817
3.90727,313.24,2.067469,0.002081,0.001913,2.065388
3.90767,313.27,2.071052,0.002084,0.001916,2.068967
3.90807,313.30,2.074643,0.002088,0.001920,2.072555
3.90847,313.33,2.078243,0.002091,0.001923,2.076151
3.90887,313.37,2.081851,0.002095,0.001927,2.079756
3.90927,313.40,2.085468,0.002098,0.001931,2.083369
3.90967,313.43,2.089093,0.002102,0.001934,2.086991
3.91007,313.46,2.092727,0.002105,0.001938,2.090622
3.91047,313.49,2.096370,0.002109,0.001942,2.094261
3.91087,313.53,2.100022,0.002113,0.001945,2.097909
3.91127,313.56,2.103682,0.002116,0.001949,2.101566
3.91167,313.59,2.107351,0.002120,0.001953,2.105231
3.91207,313.62,2.111028,0.002123,0.001956,2.108905
3.91247,313.65,2.114715,0.002127,0.001960,2.112588
3.91287,313.69,2.118410,0.002131,0.001964,2.116279
3.91327,313.72,2.122114,0.002134,0.001967,2.119980
3.91367,313.75,2.125827,0.002138,0.001971,2.123689
3.91407,313.78,2.129549,0.002142,0.001975,2.127407
3.91447,313.81,2.133280,0.002145,0.001979,2.131134
3.91487,313.85,2.137019,0.002149,0.001982,2.134870
3.91527,313.88,2.140768,0.002153,0.001986,2.138615
3.91567,313.91,2.144525,0.002156,0.001990,2.142369
3.91607,313.94,2.148292,0.002160,0.001994,2.146132
3.91647,313.98,2.152067,0.002164,0.001998,2.149903
3.91687,314.01,2.155852,0.002168,0.002001,2.153684
3.91727,314.04,2.159646,0.002171,0.002005,2.157474
3.91767,314.07,2.163449,0.002175,0.002009,2.161273
3.91807,314.10,2.167261,0.002179,0.002013,2.165081
3.91847,314.14,2.171082,0.002183,0.002017,2.168899
3.91887,314.17,2.174912,0.002187,0.002021,2.172725
3.91927,314.20,2.178751,0.002190,0.002025,2.176561
3.91967,314.23,2.182600,0.002194,0.002028,2.180406
3.92007,314.26,2.186458,0.002198,0.002032,2.184260
3.92047,314.30,2.190325,0.002202,0.002036,2.188123
3.92087,314.33,2.194202,0.002206,0.002040,2.191996
3.92127,314.36,2.198088,0.002210,0.002044,2.195878
3.92167,314.39,2.201983,0.002214,0.002048,2.199769
3.92207,314.42,2.205888,0.002217,0.002052,2.203670
3.92247,314.46,2.209802,0.002221,0.002056,2.207580
3.92287,314.49,2.213725,0.002225,0.002060,2.211500
3.92327,314.52,2.217658,0.002229,0.002064,2.215429
3.92367,314.55,2.221601,0.002233,0.002068,2.219368
3.92407,314.58,2.225553,0.002237,0.002072,2.223316
3.92447,314.62,2.229514,0.002241,0.002076,2.227273
3.92487,314.65,2.233485,0.002245,0.002080,2.231240
3.92527,314.68,2.237466,0.002249,0.002084,2.235217
3.92567,314.71,2.241456,0.002253,0.002088,2.239203
3.92607,314.74,2.245456,0.002257,0.002092,2.243199
3.92647,314.78,2.249466,0.002261,0.002097,2.247205
3.92687,314.81,2.253486,0.002265,0.002101,2.251221
3.92727,314.84,2.257515,0.002269,0.002105,2.255246
3.92767,314.87,2.261554,0.002273,0.002109,2.259280
3.92807,314.91,2.265602,0.002277,0.002113,2.263325
3.92847,314.94,2.269661,0.002281,0.002117,2.267380
3.92887,314.97,2.273729,0.002285,0.002121,2.271444
3.92927,315.00,2.277807,0.002290,0.002126,2.275518
3.92967,315.03,2.281896,0.002294,0.002130,2.279602
3.93007,315.07,2.285994,0.002298,0.002134,2.283696
3.93047,315.10,2.290102,0.002302,0.002138,2.287800
3.93087,315.13,2.294220,0.002306,0.002142,2.291914
3.93127,315.16,2.298348,0.002310,0.002147,2.296038
3.93167,315.19,2.302486,0.002314,0.002151,2.300171
3.93207,315.23,2.306634,0.002319,0.002155,2.304315
3.93247,315.26,2.310792,0.002323,0.002159,2.308469
3.93287,315.29,2.314961,0.002327,0.002164,2.312634
3.93327,315.32,2.319139,0.002331,0.002168,2.316808
3.93367,315.35,2.323328,0.002336,0.002172,2.320992
3.93407,315.39,2.327527,0.002340,0.002177,2.325187
3.93447,315.42,2.331736,0.002344,0.002181,2.329392
3.93487,315.45,2.335956,0.002348,0.002185,2.333607
3.93527,315.48,2.340185,0.002353,0.002190,2.337833
3.93567,315.51,2.344425,0.002357,0.002194,2.342068
3.93607,315.55,2.348676,0.002361,0.002199,2.346315
3.93647,315.58,2.352937,0.002366,0.002203,2.350571
3.93687,315.61,2.357208,0.002370,0.002207,2.354838
3.93727,315.64,2.361490,0.002374,0.002212,2.359115
3.93767,315.67,2.365782,0.002379,0.002216,2.363403
3.93807,315.71,2.370084,0.002383,0.002221,2.367701
3.93847,315.74,2.374398,0.002388,0.002225,2.372010
3.93887,315.77,2.378721,0.002392,0.002230,2.376329
3.93927,315.80,2.383056,0.002396,0.002234,2.380659
3.93967,315.84,2.387401,0.002401,0.002239,2.385000
3.94007,315.87,2.391756,0.002405,0.002243,2.389351
3.94047,315.90,2.396123,0.002410,0.002248,2.393713
3.94087,315.93,2.400500,0.002414,0.002252,2.398085
3.94127,315.96,2.404888,0.002419,0.002257,2.402469
3.94167,316.00,2.409286,0.002423,0.002262,2.406863
3.94207,316.03,2.413695,0.002428,0.002266,2.411268
3.94247,316.06,2.418116,0.002432,0.002271,2.415683
3.94287,316.09,2.422547,0.002437,0.002275,2.420110
3.94327,316.12,2.426989,0.002442,0.002280,2.424547
3.94367,316.16,2.431441,0.002446,0.002285,2.428995
3.94407,316.19,2.435905,0.002451,0.002289,2.433454
3.94447,316.22,2.440380,0.002455,0.002294,2.437925
3.94487,316.25,2.444866,0.002460,0.002299,2.442406
3.94527,316.28,2.449363,0.002465,0.002304,2.446898
3.94567,316.32,2.453871,0.002469,0.002308,2.451401
3.94607,316.35,2.458390,0.002474,0.002313,2.455916
3.94647,316.38,2.462920,0.002479,0.002318,2.460441
3.94687,316.41,2.467461,0.002483,0.002323,2.464978
3.94727,316.44,2.472014,0.002488,0.002327,2.469526
3.94767,316.48,2.476577,0.002493,0.002332,2.474085
3.94807,316.51,2.481153,0.002498,0.002337,2.478655
3.94847,316.54,2.485739,0.002502,0.002342,2.483237
3.94887,316.57,2.490337,0.002507,0.002347,2.487829
3.94927,316.60,2.494946,0.002512,0.002352,2.492434
3.94967,316.64,2.499566,0.002517,0.002356,2.497049
3.95007,316.67,2.504198,0.002522,0.002361,2.501676
3.95047,316.70,2.508841,0.002526,0.002366,2.506315
3.95087,316.73,2.513496,0.002531,0.002371,2.510965
3.95127,316.77,2.518162,0.002536,0.002376,2.515626
3.95167,316.80,2.522840,0.002541,0.002381,2.520299
3.95207,316.83,2.527529,0.002546,0.002386,2.524983
3.95247,316.86,2.532230,0.002551,0.002391,2.529680
3.95287,316.89,2.536943,0.002556,0.002396,2.534387
3.95327,316.93,2.541667,0.002561,0.002401,2.539107
3.95367,316.96,2.546403,0.002566,0.002406,2.543838
3.95407,316.99,2.551151,0.002571,0.002411,2.548581
3.95447,317.02,2.555911,0.002576,0.002416,2.553335
3.95487,317.05,2.560682,0.002581,0.002421,2.558102
3.95527,317.09,2.565465,0.002586,0.002426,2.562880
3.95567,317.12,2.570261,0.002591,0.002431,2.567670
3.95607,317.15,2.575068,0.002596,0.002437,2.572472
3.95647,317.18,2.579886,0.002601,0.002442,2.577286
3.95687,317.21,2.584717,0.002606,0.002447,2.582111
3.95727,317.25,2.589560,0.002611,0.002452,2.586949
3.95767,317.28,2.594415,0.002616,0.002457,2.591799
3.95807,317.31,2.599282,0.002621,0.002463,2.596661
3.95847,317.34,2.604161,0.002627,0.002468,2.601535
3.95887,317.37,2.609053,0.002632,0.002473,2.606421
3.95927,317.41,2.613956,0.002637,0.002478,2.611319
3.95967,317.44,2.618872,0.002642,0.002484,2.616230
3.96007,317.47,2.623800,0.002647,0.002489,2.621152
3.96047,317.50,2.628740,0.002653,0.002494,2.626087
3.96087,317.53,2.633692,0.002658,0.002500,2.631034
3.96127,317.57,2.638657,0.002663,0.002505,2.635994
3.96167,317.60,2.643634,0.002668,0.002510,2.640966
3.96207,317.63,2.648624,0.002674,0.002516,2.645950
3.96247,317.66,2.653626,0.002679,0.002521,2.650947
3.96287,317.70,2.658640,0.002684,0.002526,2.655956
3.96327,317.73,2.663668,0.002690,0.002532,2.660978
3.96367,317.76,2.668707,0.002695,0.002537,2.666012
3.96407,317.79,2.673759,0.002701,0.002543,2.671059
3.96447,317.82,2.678824,0.002706,0.002548,2.676118
3.96487,317.86,2.683901,0.002711,0.002554,2.681190
3.96527,317.89,2.688991,0.002717,0.002559,2.686275
3.96567,317.92,2.694094,0.002722,0.002565,2.691372
3.96607,317.95,2.699210,0.002728,0.002570,2.696482
3.96647,317.98,2.704338,0.002733,0.002576,2.701605
3.96687,318.02,2.709479,0.002739,0.002582,2.706740
3.96727,318.05,2.714633,0.002744,0.002587,2.711889
3.96767,318.08,2.719800,0.002750,0.002593,2.717050
3.96807,318.11,2.724980,0.002756,0.002598,2.722225
3.96847,318.14,2.730173,0.002761,0.002604,2.727412
3.96887,318.18,2.735379,0.002767,0.002610,2.732612
3.96927,318.21,2.740598,0.002772,0.002616,2.737825
3.96967,318.24,2.745830,0.002778,0.002621,2.743052
3.97007,318.27,2.751075,0.002784,0.002627,2.748291
3.97047,318.30,2.756333,0.002790,0.002633,2.753543
3.97087,318.34,2.761604,0.002795,0.002639,2.758809
3.97127,318.37,2.766889,0.002801,0.002644,2.764088
3.97167,318.40,2.772187,0.002807,0.002650,2.769380
3.97207,318.43,2.777498,0.002813,0.002656,2.774685
3.97247,318.46,2.782822,0.002818,0.002662,2.780004
3.97287,318.50,2.788160,0.002824,0.002668,2.785336
3.97327,318.53,2.793511,0.002830,0.002674,2.790681
3.97367,318.56,2.798876,0.002836,0.002680,2.796040
3.97407,318.59,2.804254,0.002842,0.002686,2.801412
3.97447,318.63,2.809645,0.002848,0.002692,2.806798
3.97487,318.66,2.815050,0.002853,0.002697,2.812197
3.97527,318.69,2.820469,0.002859,0.002703,2.817610
3.97567,318.72,2.825901,0.002865,0.002710,2.823036
3.97607,318.75,2.831347,0.002871,0.002716,2.828476
3.97647,318.79,2.836807,0.002877,0.002722,2.833930
3.97687,318.82,2.842280,0.002883,0.002728,2.839397
3.97727,318.85,2.847768,0.002889,0.002734,2.844878
3.97767,318.88,2.853268,0.002895,0.002740,2.850373
3.97807,318.91,2.858783,0.002901,0.002746,2.855882
3.97847,318.95,2.864312,0.002908,0.002752,2.861404
3.97887,318.98,2.869854,0.002914,0.002758,2.866941
3.97927,319.01,2.875411,0.002920,0.002765,2.872491
3.97967,319.04,2.880981,0.002926,0.002771,2.878055
3.98007,319.07,2.886566,0.002932,0.002777,2.883634
3.98047,319.11,2.892164,0.002938,0.002783,2.889226
3.98087,319.14,2.897777,0.002945,0.002790,2.894832
3.98127,319.17,2.903404,0.002951,0.002796,2.900453
3.98167,319.20,2.909044,0.002957,0.002802,2.906087
3.98207,319.23,2.914700,0.002963,0.002809,2.911736
3.98247,319.27,2.920369,0.002970,0.002815,2.917399
3.98287,319.30,2.926053,0.002976,0.002821,2.923077
3.98327,319.33,2.931751,0.002982,0.002828,2.928768
3.98367,319.36,2.937463,0.002989,0.002834,2.934474
3.98407,319.39,2.943190,0.002995,0.002841,2.940195
3.98447,319.43,2.948931,0.003002,0.002847,2.945929
3.98487,319.46,2.954686,0.003008,0.002854,2.951678
3.98527,319.49,2.960457,0.003014,0.002860,2.957442
3.98567,319.52,2.966241,0.003021,0.002867,2.963220
3.98607,319.55,2.972041,0.003027,0.002873,2.969013
3.98647,319.59,2.977854,0.003034,0.002880,2.974821
3.98687,319.62,2.983683,0.003040,0.002887,2.980643
3.98727,319.65,2.989526,0.003047,0.002893,2.986479
3.98767,319.68,2.995384,0.003054,0.002900,2.992331
3.98807,319.72,3.001257,0.003060,0.002907,2.998197
3.98847,319.75,3.007145,0.003067,0.002913,3.004078
3.98887,319.78,3.013047,0.003074,0.002920,3.009974
3.98927,319.81,3.018965,0.003080,0.002927,3.015884
3.98967,319.84,3.024897,0.003087,0.002933,3.021810
3.99007,319.88,3.030844,0.003094,0.002940,3.027750
3.99047,319.91,3.036806,0.003100,0.002947,3.033706
3.99087,319.94,3.042784,0.003107,0.002954,3.039677
3.99127,319.97,3.048776,0.003114,0.002961,3.045662
3.99167,320.00,3.054784,0.003121,0.002968,3.051663
3.99207,320.04,3.060807,0.003128,0.002975,3.057679
3.99247,320.07,3.066845,0.003135,0.002982,3.063710
3.99287,320.10,3.072898,0.003142,0.002989,3.069756
3.99327,320.13,3.078966,0.003148,0.002996,3.075818
3.99367,320.16,3.085050,0.003155,0.003003,3.081895
3.99407,320.20,3.091149,0.003162,0.003010,3.087987
3.99447,320.23,3.097264,0.003169,0.003017,3.094094
3.99487,320.26,3.103394,0.003176,0.003024,3.100217
3.99527,320.29,3.109539,0.003183,0.003031,3.106356
3.99567,320.32,3.115700,0.003191,0.003038,3.112510
3.99607,320.36,3.121877,0.003198,0.003045,3.118679
3.99647,320.39,3.128069,0.003205,0.003052,3.124865
3.99687,320.42,3.134277,0.003212,0.003060,3.131065
3.99727,320.45,3.140501,0.003219,0.003067,3.137282
3.99767,320.48,3.146740,0.003226,0.003074,3.143514
3.99807,320.52,3.152995,0.003234,0.003081,3.149762
3.99847,320.55,3.159266,0.003241,0.003089,3.156025
3.99887,320.58,3.165553,0.003248,0.003096,3.162305
3.99927,320.61,3.171855,0.003255,0.003104,3.168600
3.99967,320.65,3.178174,0.003263,0.003111,3.174911
4.00007,320.68,3.184508,0.003270,0.003118,3.181238
4.00047,320.71,3.190859,0.003278,0.003126,3.187581
4.00087,320.74,3.197225,0.003285,0.003133,3.193940
4.00127,320.77,3.203608,0.003292,0.003141,3.200316
4.00167,320.81,3.210007,0.003300,0.003148,3.206707
4.00207,320.84,3.216422,0.003307,0.003156,3.213114
4.00247,320.87,3.222853,0.003315,0.003163,3.219538
4.00287,320.90,3.229300,0.003322,0.003171,3.225978
4.00327,320.93,3.235764,0.003330,0.003179,3.232434
4.00367,320.97,3.242244,0.003338,0.003186,3.238906
4.00407,321.00,3.248740,0.003345,0.003194,3.245395
4.00447,321.03,3.255253,0.003353,0.003202,3.251900
4.00487,321.06,3.261782,0.003361,0.003210,3.258422
4.00527,321.09,3.268328,0.003368,0.003217,3.264960
4.00567,321.13,3.274890,0.003376,0.003225,3.271514
4.00607,321.16,3.281469,0.003384,0.003233,3.278085
4.00647,321.19,3.288065,0.003392,0.003241,3.284673
4.00687,321.22,3.294677,0.003400,0.003249,3.291277
4.00727,321.25,3.301306,0.003407,0.003257,3.297898
4.00767,321.29,3.307951,0.003415,0.003265,3.304536
4.00807,321.32,3.314614,0.003423,0.003273,3.311190
4.00847,321.35,3.321293,0.003431,0.003281,3.317862
4.00887,321.38,3.327989,0.003439,0.003289,3.324550
4.00927,321.41,3.334702,0.003447,0.003297,3.331255
4.00967,321.45,3.341432,0.003455,0.003305,3.337976
4.01007,321.48,3.348178,0.003463,0.003313,3.344715
4.01047,321.51,3.354942,0.003471,0.003321,3.351471
4.01087,321.54,3.361723,0.003479,0.003329,3.358244
4.01127,321.58,3.368521,0.003488,0.003338,3.365034
4.01167,321.61,3.375337,0.003496,0.003346,3.371841
4.01207,321.64,3.382169,0.003504,0.003354,3.378665
4.01247,321.67,3.389019,0.003512,0.003363,3.385506
4.01287,321.70,3.395885,0.003521,0.003371,3.392365
4.01327,321.74,3.402770,0.003529,0.003379,3.399241
4.01367,321.77,3.409671,0.003537,0.003388,3.406134
4.01407,321.80,3.416590,0.003546,0.003396,3.413045
4.01447,321.83,3.423527,0.003554,0.003405,3.419973
4.01487,321.86,3.430481,0.003562,0.003413,3.426918
4.01527,321.90,3.437452,0.003571,0.003422,3.433881
4.01567,321.93,3.444441,0.003579,0.003430,3.440862
4.01607,321.96,3.451448,0.003588,0.003439,3.447860
4.01647,321.99,3.458472,0.003597,0.003447,3.454875
4.01687,322.02,3.465514,0.003605,0.003456,3.461909
4.01727,322.06,3.472573,0.003614,0.003465,3.468960
4.01767,322.09,3.479651,0.003622,0.003474,3.476028
4.01807,322.12,3.486746,0.003631,0.003482,3.483115
4.01847,322.15,3.493859,0.003640,0.003491,3.490219
4.01887,322.18,3.500990,0.003649,0.003500,3.497341
4.01927,322.22,3.508139,0.003657,0.003509,3.504482
4.01967,322.25,3.515306,0.003666,0.003518,3.511640
4.02007,322.28,3.522491,0.003675,0.003527,3.518816
4.02047,322.31,3.529694,0.003684,0.003536,3.526010
4.02087,322.34,3.536915,0.003693,0.003545,3.533222
4.02127,322.38,3.544154,0.003702,0.003554,3.540452
4.02167,322.41,3.551411,0.003711,0.003563,3.547700
4.02207,322.44,3.558687,0.003720,0.003572,3.554967
4.02247,322.47,3.565981,0.003729,0.003581,3.562252
4.02287,322.51,3.573293,0.003738,0.003590,3.569555
4.02327,322.54,3.580624,0.003747,0.003599,3.576876
4.02367,322.57,3.587973,0.003757,0.003609,3.584216
4.02407,322.60,3.595340,0.003766,0.003618,3.591574
4.02447,322.63,3.602726,0.003775,0.003627,3.598951
4.02487,322.67,3.610130,0.003784,0.003637,3.606346
4.02527,322.70,3.617553,0.003794,0.003646,3.613759
4.02567,322.73,3.624994,0.003803,0.003655,3.621191
4.02607,322.76,3.632454,0.003812,0.003665,3.628642
4.02647,322.79,3.639933,0.003822,0.003674,3.636111
4.02687,322.83,3.647431,0.003831,0.003684,3.643599
4.02727,322.86,3.654947,0.003841,0.003693,3.651106
4.02767,322.89,3.662482,0.003850,0.003703,3.658632
4.02807,322.92,3.670036,0.003860,0.003713,3.666176
4.02847,322.95,3.677609,0.003870,0.003722,3.673739
4.02887,322.99,3.685200,0.003879,0.003732,3.681321
4.02927,323.02,3.692811,0.003889,0.003742,3.688922
4.02967,323.05,3.700441,0.003899,0.003752,3.696542
4.03007,323.08,3.708089,0.003909,0.003762,3.704181
4.03047,323.11,3.715757,0.003918,0.003771,3.711839
4.03087,323.15,3.723444,0.003928,0.003781,3.719516
4.03127,323.18,3.731150,0.003938,0.003791,3.727212
4.03167,323.21,3.738875,0.003948,0.003801,3.734927
4.03207,323.24,3.746620,0.003958,0.003811,3.742662
4.03247,323.27,3.754383,0.003968,0.003821,3.750415
4.03287,323.31,3.762166,0.003978,0.003831,3.758188
4.03327,323.34,3.769969,0.003988,0.003842,3.765981
4.03367,323.37,3.777791,0.003998,0.003852,3.773793
4.03407,323.40,3.785632,0.004008,0.003862,3.781624
4.03447,323.44,3.793493,0.004019,0.003872,3.789474
4.03487,323.47,3.801373,0.004029,0.003883,3.797344
4.03527,323.50,3.809273,0.004039,0.003893,3.805234
4.03567,323.53,3.817193,0.004050,0.003903,3.813143
4.03607,323.56,3.825132,0.004060,0.003914,3.821072
4.03647,323.60,3.833090,0.004070,0.003924,3.829020
4.03687,323.63,3.841069,0.004081,0.003935,3.836988
4.03727,323.66,3.849067,0.004091,0.003945,3.844976
4.03767,323.69,3.857085,0.004102,0.003956,3.852983
4.03807,323.72,3.865123,0.004112,0.003967,3.861011
4.03847,323.76,3.873181,0.004123,0.003977,3.869058
4.03887,323.79,3.881259,0.004134,0.003988,3.877125
4.03927,323.82,3.889356,0.004145,0.003999,3.885212
4.03967,323.85,3.897474,0.004155,0.004010,3.893319
4.04007,323.88,3.905612,0.004166,0.004021,3.901446
4.04047,323.92,3.913770,0.004177,0.004032,3.909593
4.04087,323.95,3.921948,0.004188,0.004043,3.917760
4.04127,323.98,3.930146,0.004199,0.004054,3.925947
4.04167,324.01,3.938364,0.004210,0.004065,3.934154
4.04207,324.04,3.946602,0.004221,0.004076,3.942381
4.04247,324.08,3.954861,0.004232,0.004087,3.950629
4.04287,324.11,3.963140,0.004243,0.004098,3.958897
4.04327,324.14,3.971439,0.004254,0.004109,3.967185
4.04367,324.17,3.979759,0.004265,0.004121,3.975494
4.04407,324.20,3.988099,0.004277,0.004132,3.983822
4.04447,324.24,3.996460,0.004288,0.004143,3.992172
4.04487,324.27,4.004841,0.004299,0.004155,4.000541
4.04527,324.30,4.013242,0.004311,0.004166,4.008932
4.04567,324.33,4.021665,0.004322,0.004178,4.017342
4.04607,324.37,4.030107,0.004334,0.004189,4.025774
4.04647,324.40,4.038571,0.004345,0.004201,4.034225
4.04687,324.43,4.047055,0.004357,0.004212,4.042698
4.04727,324.46,4.055560,0.004369,0.004224,4.051191
4.04767,324.49,4.064085,0.004380,0.004236,4.059705
4.04807,324.53,4.072631,0.004392,0.004248,4.068239
4.04847,324.56,4.081198,0.004404,0.004260,4.076795
4.04887,324.59,4.089786,0.004416,0.004272,4.085371
4.04927,324.62,4.098395,0.004428,0.004283,4.093968
4.04967,324.65,4.107025,0.004439,0.004295,4.102586
4.05007,324.69,4.115676,0.004451,0.004308,4.111224
4.05047,324.72,4.124348,0.004464,0.004320,4.119884
4.05087,324.75,4.133040,0.004476,0.004332,4.128565
4.05127,324.78,4.141754,0.004488,0.004344,4.137266
4.05167,324.81,4.150489,0.004500,0.004356,4.145989
4.05207,324.85,4.159245,0.004512,0.004369,4.154733
4.05247,324.88,4.168022,0.004525,0.004381,4.163498
4.05287,324.91,4.176821,0.004537,0.004393,4.172284
4.05327,324.94,4.185640,0.004549,0.004406,4.181091
4.05367,324.97,4.194481,0.004562,0.004418,4.189920
4.05407,325.01,4.203344,0.004574,0.004431,4.198769
4.05447,325.04,4.212227,0.004587,0.004444,4.207640
4.05487,325.07,4.221132,0.004599,0.004456,4.216533
4.05527,325.10,4.230058,0.004612,0.004469,4.225446
4.05567,325.13,4.239006,0.004625,0.004482,4.234381
4.05607,325.17,4.247975,0.004638,0.004495,4.243338
4.05647,325.20,4.256966,0.004651,0.004508,4.252315
4.05687,325.23,4.265978,0.004663,0.004520,4.261315
4.05727,325.26,4.275012,0.004676,0.004534,4.270336
4.05767,325.30,4.284067,0.004689,0.004547,4.279378
4.05807,325.33,4.293144,0.004702,0.004560,4.288442
4.05847,325.36,4.302243,0.004716,0.004573,4.297527
4.05887,325.39,4.311363,0.004729,0.004586,4.306635
4.05927,325.42,4.320505,0.004742,0.004599,4.315763
4.05967,325.46,4.329669,0.004755,0.004613,4.324914
4.06007,325.49,4.338855,0.004769,0.004626,4.334086
4.06047,325.52,4.348062,0.004782,0.004640,4.343280
4.06087,325.55,4.357291,0.004796,0.004653,4.352496
4.06127,325.58,4.366542,0.004809,0.004667,4.361733
4.06167,325.62,4.375815,0.004823,0.004680,4.370993
4.06207,325.65,4.385110,0.004836,0.004694,4.380274
4.06247,325.68,4.394427,0.004850,0.004708,4.389577
4.06287,325.71,4.403766,0.004864,0.004722,4.398902
4.06327,325.74,4.413127,0.004878,0.004736,4.408249
4.06367,325.78,4.422509,0.004892,0.004750,4.417618
4.06407,325.81,4.431914,0.004906,0.004764,4.427009
4.06447,325.84,4.441341,0.004920,0.004778,4.436422
4.06487,325.87,4.450790,0.004934,0.004792,4.445857
4.06527,325.90,4.460262,0.004948,0.004806,4.455314
4.06567,325.94,4.469755,0.004962,0.004820,4.464793
4.06607,325.97,4.479271,0.004976,0.004835,4.474294
4.06647,326.00,4.488808,0.004991,0.004849,4.483818
4.06687,326.03,4.498368,0.005005,0.004864,4.493363
4.06727,326.06,4.507951,0.005019,0.004878,4.502931
4.06767,326.10,4.517555,0.005034,0.004893,4.512521
4.06807,326.13,4.527182,0.005049,0.004907,4.522133
4.06847,326.16,4.536831,0.005063,0.004922,4.531768
4.06887,326.19,4.546503,0.005078,0.004937,4.541425
4.06927,326.23,4.556197,0.005093,0.004952,4.551104
4.06967,326.26,4.565913,0.005108,0.004967,4.560805
4.07007,326.29,4.575652,0.005123,0.004982,4.570529
4.07047,326.32,4.585413,0.005138,0.004997,4.580275
4.07087,326.35,4.595196,0.005153,0.005012,4.590044
4.07127,326.39,4.605003,0.005168,0.005027,4.599835
4.07167,326.42,4.614831,0.005183,0.005042,4.609648
4.07207,326.45,4.624682,0.005198,0.005058,4.619484
4.07247,326.48,4.634556,0.005214,0.005073,4.629342
4.07287,326.51,4.644452,0.005229,0.005088,4.639223
4.07327,326.55,4.654371,0.005245,0.005104,4.649127
4.07367,326.58,4.664313,0.005260,0.005120,4.659053
4.07407,326.61,4.674277,0.005276,0.005135,4.669001
4.07447,326.64,4.684263,0.005291,0.005151,4.678972
4.07487,326.67,4.694273,0.005307,0.005167,4.688966
4.07527,326.71,4.704305,0.005323,0.005183,4.698982
4.07567,326.74,4.714360,0.005339,0.005199,4.709021
4.07607,326.77,4.724437,0.005355,0.005215,4.719082
4.07647,326.80,4.734537,0.005371,0.005231,4.729166
4.07687,326.83,4.744660,0.005387,0.005247,4.739273
4.07727,326.87,4.754806,0.005403,0.005263,4.749402
4.07767,326.90,4.764974,0.005420,0.005280,4.759554
4.07807,326.93,4.775165,0.005436,0.005296,4.769729
4.07847,326.96,4.785379,0.005453,0.005313,4.779927
4.07887,326.99,4.795616,0.005469,0.005329,4.790147
4.07927,327.03,4.805875,0.005486,0.005346,4.800390
4.07967,327.06,4.816158,0.005502,0.005363,4.810655
4.08007,327.09,4.826463,0.005519,0.005380,4.820944
4.08047,327.12,4.836791,0.005536,0.005396,4.831255
4.08087,327.16,4.847142,0.005553,0.005413,4.841589
4.08127,327.19,4.857516,0.005570,0.005431,4.851946
4.08167,327.22,4.867912,0.005587,0.005448,4.862326
4.08207,327.25,4.878332,0.005604,0.005465,4.872728
4.08247,327.28,4.888774,0.005621,0.005482,4.883153
4.08287,327.32,4.899240,0.005639,0.005500,4.893601
4.08327,327.35,4.909728,0.005656,0.005517,4.904072
4.08367,327.38,4.920239,0.005674,0.005535,4.914566
4.08407,327.41,4.930773,0.005691,0.005552,4.925082
4.08447,327.44,4.941330,0.005709,0.005570,4.935621
4.08487,327.48,4.951910,0.005727,0.005588,4.946184
4.08527,327.51,4.962513,0.005744,0.005606,4.956769
4.08567,327.54,4.973139,0.005762,0.005624,4.967376
4.08607,327.57,4.983787,0.005780,0.005642,4.978007
4.08647,327.60,4.994459,0.005798,0.005660,4.988661
4.08687,327.64,5.005154,0.005817,0.005678,4.999337
4.08727,327.67,5.015871,0.005835,0.005696,5.010036
4.08767,327.70,5.026612,0.005853,0.005715,5.020758
4.08807,327.73,5.037375,0.005872,0.005733,5.031503
4.08847,327.76,5.048161,0.005890,0.005752,5.042271
4.08887,327.80,5.058971,0.005909,0.005771,5.053062
4.08927,327.83,5.069803,0.005928,0.005789,5.063875
4.08967,327.86,5.080658,0.005946,0.005808,5.074712
4.09007,327.89,5.091536,0.005965,0.005827,5.085571
4.09047,327.92,5.102437,0.005984,0.005846,5.096453
4.09087,327.96,5.113361,0.006003,0.005865,5.107358
4.09127,327.99,5.124308,0.006023,0.005885,5.118285
4.09167,328.02,5.135278,0.006042,0.005904,5.129236
4.09207,328.05,5.146270,0.006061,0.005923,5.140209
4.09247,328.08,5.157286,0.006081,0.005943,5.151205
4.09287,328.12,5.168324,0.006100,0.005963,5.162224
4.09327,328.15,5.179385,0.006120,0.005982,5.173266
4.09367,328.18,5.190470,0.006140,0.006002,5.184330
4.09407,328.21,5.201577,0.006159,0.006022,5.195417
4.09447,328.25,5.212706,0.006179,0.006042,5.206527
4.09487,328.28,5.223859,0.006200,0.006062,5.217660
4.09527,328.31,5.235035,0.006220,0.006082,5.228815
4.09567,328.34,5.246233,0.006240,0.006103,5.239993
4.09607,328.37,5.257454,0.006260,0.006123,5.251194
4.09647,328.41,5.268698,0.006281,0.006144,5.262417
4.09687,328.44,5.279965,0.006301,0.006164,5.273663
4.09727,328.47,5.291254,0.006322,0.006185,5.284932
4.09767,328.50,5.302566,0.006343,0.006206,5.296223
4.09807,328.53,5.313901,0.006364,0.006227,5.307537
4.09847,328.57,5.325258,0.006385,0.006248,5.318874
4.09887,328.60,5.336639,0.006406,0.006269,5.330233
4.09927,328.63,5.348041,0.006427,0.006290,5.341615
4.09967,328.66,5.359467,0.006448,0.006312,5.353019
4.10007,328.69,5.370915,0.006470,0.006333,5.364445
4.10047,328.73,5.382386,0.006491,0.006355,5.375894
4.10087,328.76,5.393879,0.006513,0.006376,5.387366
4.10127,328.79,5.405394,0.006535,0.006398,5.398860
4.10167,328.82,5.416933,0.006556,0.006420,5.410376
4.10207,328.85,5.428493,0.006578,0.006442,5.421915
4.10247,328.89,5.440077,0.006601,0.006464,5.433476
4.10287,328.92,5.451682,0.006623,0.006486,5.445059
4.10327,328.95,5.463310,0.006645,0.006509,5.456665
4.10367,328.98,5.474960,0.006668,0.006531,5.468293
4.10407,329.01,5.486633,0.006690,0.006554,5.479943
4.10447,329.05,5.498328,0.006713,0.006577,5.491615
4.10487,329.08,5.510045,0.006736,0.006599,5.503310
4.10527,329.11,5.521785,0.006758,0.006622,5.515026
4.10567,329.14,5.533546,0.006781,0.006646,5.526765
4.10607,329.18,5.545330,0.006805,0.006669,5.538526
4.10647,329.21,5.557136,0.006828,0.006692,5.550308
4.10687,329.24,5.568964,0.006851,0.006716,5.562113
4.10727,329.27,5.580814,0.006875,0.006739,5.573939
4.10767,329.30,5.592686,0.006898,0.006763,5.585788
4.10807,329.34,5.604580,0.006922,0.006787,5.597658
4.10847,329.37,5.616496,0.006946,0.006811,5.609550
4.10887,329.40,5.628434,0.006970,0.006835,5.621464
4.10927,329.43,5.640394,0.006994,0.006859,5.633399
4.10967,329.46,5.652375,0.007019,0.006883,5.645356
4.11007,329.50,5.664378,0.007043,0.006908,5.657335
4.11047,329.53,5.676403,0.007067,0.006932,5.669336
4.11087,329.56,5.688449,0.007092,0.006957,5.681357
4.11127,329.59,5.700518,0.007117,0.006982,5.693401
4.11167,329.62,5.712607,0.007142,0.007007,5.705465
4.11207,329.66,5.724718,0.007167,0.007032,5.717551
4.11247,329.69,5.736851,0.007192,0.007057,5.729659
4.11287,329.72,5.749005,0.007217,0.007083,5.741787
4.11327,329.75,5.761180,0.007243,0.007108,5.753937
4.11367,329.78,5.773377,0.007269,0.007134,5.766108
4.11407,329.82,5.785595,0.007294,0.007160,5.778300
4.11447,329.85,5.797834,0.007320,0.007186,5.790513
4.11487,329.88,5.810094,0.007346,0.007212,5.802747
4.11527,329.91,5.822375,0.007372,0.007238,5.815002
4.11567,329.94,5.834677,0.007399,0.007264,5.827278
4.11607,329.98,5.847000,0.007425,0.007291,5.839575
4.11647,330.01,5.859344,0.007452,0.007317,5.851892
4.11687,330.04,5.871708,0.007479,0.007344,5.864230
4.11727,330.07,5.884093,0.007506,0.007371,5.876588
4.11767,330.11,5.896499,0.007533,0.007398,5.888967
4.11807,330.14,5.908926,0.007560,0.007426,5.901366
4.11847,330.17,5.921373,0.007587,0.007453,5.913786
4.11887,330.20,5.933841,0.007615,0.007481,5.926226
4.11927,330.23,5.946328,0.007642,0.007508,5.938686
4.11967,330.27,5.958837,0.007670,0.007536,5.951166
4.12007,330.30,5.971365,0.007698,0.007564,5.963667
4.12047,330.33,5.983913,0.007726,0.007592,5.976187
4.12087,330.36,5.996482,0.007754,0.007621,5.988727
4.12127,330.39,6.009070,0.007783,0.007649,6.001288
4.12167,330.43,6.021679,0.007812,0.007678,6.013867
4.12207,330.46,6.034307,0.007840,0.007707,6.026467
4.12247,330.49,6.046955,0.007869,0.007736,6.039086
4.12287,330.52,6.059623,0.007898,0.007765,6.051724
4.12327,330.55,6.072310,0.007928,0.007794,6.064382
4.12367,330.59,6.085016,0.007957,0.007824,6.077059
4.12407,330.62,6.097742,0.007987,0.007853,6.089756
4.12447,330.65,6.110488,0.008016,0.007883,6.102471
4.12487,330.68,6.123252,0.008046,0.007913,6.115206
4.12527,330.71,6.136036,0.008076,0.007943,6.127959
4.12567,330.75,6.148838,0.008107,0.007973,6.140732
4.12607,330.78,6.161660,0.008137,0.008004,6.153523
4.12647,330.81,6.174500,0.008168,0.008035,6.166333
4.12687,330.84,6.187359,0.008198,0.008065,6.179161
4.12727,330.87,6.200237,0.008229,0.008096,6.192008
4.12767,330.91,6.213133,0.008261,0.008128,6.204873
4.12807,330.94,6.226048,0.008292,0.008159,6.217756
4.12847,330.97,6.238981,0.008323,0.008191,6.230657
4.12887,331.00,6.251932,0.008355,0.008222,6.243577
4.12927,331.04,6.264901,0.008387,0.008254,6.256514
4.12967,331.07,6.277888,0.008419,0.008286,6.269469
4.13007,331.10,6.290893,0.008451,0.008319,6.282442
4.13047,331.13,6.303916,0.008484,0.008351,6.295432
4.13087,331.16,6.316957,0.008516,0.008384,6.308440
4.13127,331.20,6.330015,0.008549,0.008417,6.321465
4.13167,331.23,6.343090,0.008582,0.008450,6.334508
4.13207,331.26,6.356183,0.008616,0.008483,6.347567
4.13247,331.29,6.369293,0.008649,0.008517,6.360644
4.13287,331.32,6.382420,0.008683,0.008550,6.373737
4.13327,331.36,6.395564,0.008716,0.008584,6.386847
4.13367,331.39,6.408724,0.008750,0.008618,6.399974
4.13407,331.42,6.421902,0.008785,0.008653,6.413117
4.13447,331.45,6.435095,0.008819,0.008687,6.426276
4.13487,331.48,6.448306,0.008854,0.008722,6.439452
4.13527,331.52,6.461532,0.008889,0.008757,6.452644
4.13567,331.55,6.474775,0.008924,0.008792,6.465852
4.13607,331.58,6.488034,0.008959,0.008827,6.479075
4.13647,331.61,6.501309,0.008994,0.008863,6.492314
4.13687,331.64,6.514599,0.009030,0.008898,6.505569
4.13727,331.68,6.527905,0.009066,0.008934,6.518839
4.13767,331.71,6.541226,0.009102,0.008970,6.532124
4.13807,331.74,6.554563,0.009138,0.009007,6.545425
4.13847,331.77,6.567915,0.009175,0.009043,6.558740
4.13887,331.80,6.581282,0.009212,0.009080,6.572070
4.13927,331.84,6.594664,0.009249,0.009117,6.585415
4.13967,331.87,6.608061,0.009286,0.009155,6.598775
4.14007,331.90,6.621472,0.009323,0.009192,6.612148
4.14047,331.93,6.634897,0.009361,0.009230,6.625536
4.14087,331.97,6.648337,0.009399,0.009268,6.638938
4.14127,332.00,6.661791,0.009437,0.009306,6.652354
4.14167,332.03,6.675259,0.009476,0.009345,6.665784
4.14207,332.06,6.688741,0.009514,0.009383,6.679227
4.14247,332.09,6.702236,0.009553,0.009422,6.692683
4.14287,332.13,6.715745,0.009592,0.009461,6.706153
4.14327,332.16,6.729267,0.009632,0.009501,6.719636
4.14367,332.19,6.742802,0.009671,0.009541,6.733131
4.14407,332.22,6.756351,0.009711,0.009580,6.746639
4.14447,332.25,6.769912,0.009751,0.009621,6.760160
4.14487,332.29,6.783485,0.009792,0.009661,6.773694
4.14527,332.32,6.797071,0.009832,0.009702,6.787239
4.14567,332.35,6.810670,0.009873,0.009743,6.800796
4.14607,332.38,6.824280,0.009914,0.009784,6.814366
4.14647,332.41,6.837902,0.009956,0.009825,6.827947
4.14687,332.45,6.851536,0.009997,0.009867,6.841539
4.14727,332.48,6.865182,0.010039,0.009909,6.855143
4.14767,332.51,6.878839,0.010082,0.009951,6.868757
4.14807,332.54,6.892507,0.010124,0.009994,6.882383
4.14847,332.57,6.906186,0.010167,0.010037,6.896019
4.14887,332.61,6.919876,0.010210,0.010080,6.909666
4.14927,332.64,6.933576,0.010253,0.010123,6.923323
4.14967,332.67,6.947287,0.010297,0.010167,6.936990
4.15007,332.70,6.961008,0.010341,0.010211,6.950667
4.15047,332.73,6.974739,0.010385,0.010255,6.964354
4.15087,332.77,6.988480,0.010429,0.010299,6.978050
4.15127,332.80,7.002230,0.010474,0.010344,6.991756
4.15167,332.83,7.015990,0.010519,0.010389,7.005471
4.15207,332.86,7.029758,0.010564,0.010435,7.019194
4.15247,332.90,7.043536,0.010610,0.010480,7.032926
4.15287,332.93,7.057323,0.010656,0.010526,7.046667
4.15327,332.96,7.071118,0.010702,0.010572,7.060416
4.15367,332.99,7.084921,0.010748,0.010619,7.074173
4.15407,333.02,7.098733,0.010795,0.010666,7.087938
4.15447,333.06,7.112552,0.010842,0.010713,7.101710
4.15487,333.09,7.126379,0.010890,0.010761,7.115489
4.15527,333.12,7.140214,0.010938,0.010808,7.129276
4.15567,333.15,7.154056,0.010986,0.010857,7.143070
4.15607,333.18,7.167904,0.011034,0.010905,7.156870
4.15647,333.22,7.181760,0.011083,0.010954,7.170677
4.15687,333.25,7.195622,0.011132,0.011003,7.184490
4.15727,333.28,7.209490,0.011181,0.011052,7.198309
4.15767,333.31,7.223364,0.011231,0.011102,7.212133
4.15807,333.34,7.237244,0.011281,0.011152,7.225963
4.15847,333.38,7.251130,0.011332,0.011203,7.239798
4.15887,333.41,7.265021,0.011382,0.011253,7.253639
4.15927,333.44,7.278917,0.011433,0.011305,7.267484
4.15967,333.47,7.292818,0.011485,0.011356,7.281333
4.16007,333.50,7.306724,0.011537,0.011408,7.295187
4.16047,333.54,7.320633,0.011589,0.011460,7.309045
4.16087,333.57,7.334547,0.011641,0.011513,7.322906
4.16127,333.60,7.348465,0.011694,0.011566,7.336771
4.16167,333.63,7.362386,0.011747,0.011619,7.350639
4.16207,333.66,7.376311,0.011801,0.011673,7.364510
4.16247,333.70,7.390239,0.011855,0.011727,7.378384
4.16287,333.73,7.404169,0.011909,0.011781,7.392260
4.16327,333.76,7.418102,0.011964,0.011836,7.406138
4.16367,333.79,7.432038,0.012019,0.011891,7.420019
4.16407,333.83,7.445975,0.012075,0.011947,7.433900
4.16447,333.86,7.459914,0.012131,0.012002,7.447784
4.16487,333.89,7.473855,0.012187,0.012059,7.461668
4.16527,333.92,7.487796,0.012244,0.012116,7.475553
4.16567,333.95,7.501739,0.012301,0.012173,7.489438
4.16607,333.99,7.515682,0.012358,0.012230,7.503324
4.16647,334.02,7.529626,0.012416,0.012288,7.517210
4.16687,334.05,7.543569,0.012474,0.012347,7.531095
4.16727,334.08,7.557513,0.012533,0.012405,7.544980
4.16767,334.11,7.571456,0.012592,0.012464,7.558863
4.16807,334.15,7.585398,0.012652,0.012524,7.572746
4.16847,334.18,7.599339,0.012712,0.012584,7.586627
4.16887,334.21,7.613278,0.012772,0.012645,7.600506
4.16927,334.24,7.627216,0.012833,0.012706,7.614383
4.16967,334.27,7.641152,0.012894,0.012767,7.628257
4.17007,334.31,7.655085,0.012956,0.012829,7.642129
4.17047,334.34,7.669016,0.013018,0.012891,7.655998
4.17087,334.37,7.682945,0.013081,0.012954,7.669864
4.17127,334.40,7.696870,0.013144,0.013017,7.683725
4.17167,334.43,7.710791,0.013208,0.013080,7.697583
4.17207,334.47,7.724709,0.013272,0.013145,7.711437
4.17247,334.50,7.738622,0.013336,0.013209,7.725286
4.17287,334.53,7.752531,0.013401,0.013274,7.739130
4.17327,334.56,7.766435,0.013467,0.013340,7.752969
4.17367,334.59,7.780335,0.013533,0.013406,7.766802
4.17407,334.63,7.794228,0.013599,0.013472,7.780629
4.17447,334.66,7.808117,0.013666,0.013539,7.794451
4.17487,334.69,7.821999,0.013734,0.013607,7.808265
4.17527,334.72,7.835874,0.013801,0.013675,7.822073
4.17567,334.76,7.849743,0.013870,0.013743,7.835873
4.17607,334.79,7.863605,0.013939,0.013812,7.849666
4.17647,334.82,7.877460,0.014008,0.013882,7.863452
4.17687,334.85,7.891307,0.014078,0.013952,7.877228
4.17727,334.88,7.905146,0.014149,0.014022,7.890997
4.17767,334.92,7.918976,0.014220,0.014094,7.904756
4.17807,334.95,7.932798,0.014292,0.014165,7.918507
4.17847,334.98,7.946611,0.014364,0.014238,7.932247
4.17887,335.01,7.960414,0.014437,0.014310,7.945978
4.17927,335.04,7.974208,0.014510,0.014384,7.959698
4.17967,335.08,7.987992,0.014584,0.014458,7.973408
4.18007,335.11,8.001765,0.014658,0.014532,7.987107
4.18047,335.14,8.015527,0.014733,0.014607,8.000794
4.18087,335.17,8.029278,0.014809,0.014683,8.014470
4.18127,335.20,8.043018,0.014885,0.014759,8.028133
4.18167,335.24,8.056746,0.014962,0.014836,8.041784
4.18207,335.27,8.070462,0.015039,0.014913,8.055423
4.18247,335.30,8.084165,0.015117,0.014991,8.069048
4.18287,335.33,8.097855,0.015196,0.015070,8.082659
4.18327,335.36,8.111532,0.015275,0.015149,8.096257
4.18367,335.40,8.125195,0.015355,0.015229,8.109840
4.18407,335.43,8.138844,0.015435,0.015310,8.123409
4.18447,335.46,8.152479,0.015516,0.015391,8.136963
4.18487,335.49,8.166099,0.015598,0.015473,8.150501
4.18527,335.52,8.179704,0.015681,0.015555,8.164023
4.18567,335.56,8.193293,0.015764,0.015638,8.177529
4.18607,335.59,8.206866,0.015847,0.015722,8.191019
4.18647,335.62,8.220424,0.015932,0.015806,8.204492
4.18687,335.65,8.233964,0.016017,0.015891,8.217947
4.18727,335.69,8.247488,0.016103,0.015977,8.231385
4.18767,335.72,8.260994,0.016189,0.016064,8.244805
4.18807,335.75,8.274482,0.016276,0.016151,8.258206
4.18847,335.78,8.287952,0.016364,0.016239,8.271588
4.18887,335.81,8.301403,0.016453,0.016328,8.284951
4.18927,335.85,8.314836,0.016542,0.016417,8.298294
4.18967,335.88,8.328249,0.016632,0.016507,8.311617
4.19007,335.91,8.341642,0.016723,0.016598,8.324919
4.19047,335.94,8.355015,0.016815,0.016690,8.338201
4.19087,335.97,8.368368,0.016907,0.016782,8.351461
4.19127,336.01,8.381700,0.017000,0.016875,8.364700
4.19167,336.04,8.395010,0.017094,0.016969,8.377916
4.19207,336.07,8.408299,0.017189,0.017064,8.391110
4.19247,336.10,8.421565,0.017284,0.017159,8.404281
4.19287,336.13,8.434809,0.017380,0.017256,8.417429
4.19327,336.17,8.448030,0.017477,0.017353,8.430553
4.19367,336.20,8.461228,0.017575,0.017451,8.443652
4.19407,336.23,8.474401,0.017674,0.017549,8.456728
4.19447,336.26,8.487551,0.017773,0.017649,8.469778
4.19487,336.29,8.500676,0.017874,0.017750,8.482802
4.19527,336.33,8.513776,0.017975,0.017851,8.495801
4.19567,336.36,8.526851,0.018077,0.017953,8.508774
4.19607,336.39,8.539900,0.018180,0.018056,8.521719
4.19647,336.42,8.552922,0.018284,0.018160,8.534638
4.19687,336.45,8.565918,0.018389,0.018265,8.547529
4.19727,336.49,8.578887,0.018495,0.018371,8.560392
4.19767,336.52,8.591828,0.018601,0.018477,8.573227
4.19807,336.55,8.604742,0.018709,0.018585,8.586033
4.19847,336.58,8.617627,0.018817,0.018693,8.598810
4.19887,336.62,8.630483,0.018927,0.018803,8.611556
4.19927,336.65,8.643310,0.019037,0.018913,8.624273
4.19967,336.68,8.656108,0.019149,0.019025,8.636959
4.20007,336.71,8.668876,0.019261,0.019137,8.649615
4.20047,336.74,8.681613,0.019374,0.019251,8.662238
4.20087,336.78,8.694319,0.019489,0.019365,8.674830
4.20127,336.81,8.706994,0.019604,0.019481,8.687390
4.20167,336.84,8.719637,0.019721,0.019597,8.699916
4.20207,336.87,8.732248,0.019838,0.019715,8.712410
4.20247,336.90,8.744827,0.019957,0.019833,8.724870
4.20287,336.94,8.757372,0.020076,0.019953,8.737296
4.20327,336.97,8.769884,0.020197,0.020074,8.749687
4.20367,337.00,8.782362,0.020319,0.020196,8.762043
4.20407,337.03,8.794806,0.020442,0.020318,8.774364
4.20447,337.06,8.807215,0.020566,0.020443,8.786649
4.20487,337.10,8.819589,0.020691,0.020568,8.798898
4.20527,337.13,8.831927,0.020817,0.020694,8.811110
4.20567,337.16,8.844229,0.020945,0.020822,8.823284
4.20607,337.19,8.856495,0.021073,0.020950,8.835421
4.20647,337.22,8.868724,0.021203,0.021080,8.847520
4.20687,337.26,8.880915,0.021334,0.021211,8.859581
4.20727,337.29,8.893069,0.021467,0.021344,8.871602
4.20767,337.32,8.905184,0.021600,0.021477,8.883584
4.20807,337.35,8.917261,0.021735,0.021612,8.895526
4.20847,337.38,8.929298,0.021871,0.021748,8.907427
4.20887,337.42,8.941297,0.022008,0.021886,8.919288
4.20927,337.45,8.953255,0.022147,0.022024,8.931107
4.20967,337.48,8.965172,0.022287,0.022165,8.942885
4.21007,337.51,8.977049,0.022428,0.022306,8.954621
4.21047,337.54,8.988885,0.022571,0.022449,8.966314
4.21087,337.58,9.000678,0.022715,0.022593,8.977963
4.21127,337.61,9.012430,0.022861,0.022738,8.989569
4.21167,337.64,9.024139,0.023007,0.022885,9.001132
4.21207,337.67,9.035805,0.023156,0.023033,9.012649
4.21247,337.71,9.047428,0.023305,0.023183,9.024122
4.21287,337.74,9.059006,0.023457,0.023334,9.035550
4.21327,337.77,9.070540,0.023609,0.023487,9.046931
4.21367,337.80,9.082030,0.023763,0.023641,9.058266
4.21407,337.83,9.093474,0.023919,0.023797,9.069555
4.21447,337.87,9.104873,0.024076,0.023954,9.080796
4.21487,337.90,9.116225,0.024235,0.024113,9.091990
4.21527,337.93,9.127531,0.024395,0.024274,9.103136
4.21567,337.96,9.138790,0.024557,0.024436,9.114232
4.21607,337.99,9.150001,0.024721,0.024599,9.125280
4.21647,338.03,9.161165,0.024886,0.024764,9.136279
4.21687,338.06,9.172281,0.025053,0.024931,9.147227
4.21727,338.09,9.183347,0.025222,0.025100,9.158126
4.21767,338.12,9.194365,0.025392,0.025270,9.168973
4.21807,338.15,9.205333,0.025564,0.025442,9.179769
4.21847,338.19,9.216251,0.025738,0.025616,9.190513
4.21887,338.22,9.227119,0.025913,0.025792,9.201205
4.21927,338.25,9.237935,0.026091,0.025969,9.211844
4.21967,338.28,9.248701,0.026270,0.026149,9.222431
4.22007,338.31,9.259414,0.026451,0.026330,9.232963
4.22047,338.35,9.270076,0.026634,0.026513,9.243442
4.22087,338.38,9.280685,0.026819,0.026698,9.253866
4.22127,338.41,9.291241,0.027006,0.026885,9.264235
4.22167,338.44,9.301744,0.027195,0.027073,9.274549
4.22207,338.47,9.312193,0.027385,0.027264,9.284807
4.22247,338.51,9.322588,0.027578,0.027457,9.295009
4.22287,338.54,9.332928,0.027773,0.027652,9.305154
4.22327,338.57,9.343212,0.027970,0.027849,9.315242
4.22367,338.60,9.353442,0.028169,0.028048,9.325273
4.22407,338.64,9.363615,0.028370,0.028249,9.335245
4.22447,338.67,9.373733,0.028574,0.028453,9.345159
4.22487,338.70,9.383793,0.028779,0.028658,9.355014
4.22527,338.73,9.393797,0.028987,0.028866,9.364810
4.22567,338.76,9.403742,0.029197,0.029076,9.374546
4.22607,338.80,9.413630,0.029409,0.029289,9.384221
4.22647,338.83,9.423460,0.029624,0.029503,9.393836
4.22687,338.86,9.433231,0.029841,0.029720,9.403390
4.22727,338.89,9.442942,0.030060,0.029940,9.412882
4.22767,338.92,9.452595,0.030282,0.030162,9.422312
4.22807,338.96,9.462187,0.030506,0.030386,9.431680
4.22847,338.99,9.471719,0.030733,0.030613,9.440985
4.22887,339.02,9.481190,0.030963,0.030842,9.450227
4.22927,339.05,9.490600,0.031195,0.031074,9.459405
4.22967,339.08,9.499949,0.031429,0.031309,9.468519
4.23007,339.12,9.509235,0.031666,0.031546,9.477569
4.23047,339.15,9.518460,0.031906,0.031786,9.486553
4.23087,339.18,9.527622,0.032149,0.032029,9.495473
4.23127,339.21,9.536720,0.032394,0.032274,9.504326
4.23167,339.24,9.545756,0.032643,0.032523,9.513113
4.23207,339.28,9.554728,0.032894,0.032774,9.521834
4.23247,339.31,9.563635,0.033148,0.033028,9.530487
4.23287,339.34,9.572479,0.033405,0.033285,9.539074
4.23327,339.37,9.581257,0.033665,0.033545,9.547592
4.23367,339.40,9.589970,0.033928,0.033808,9.556042
4.23407,339.44,9.598618,0.034194,0.034074,9.564423
4.23447,339.47,9.607199,0.034464,0.034344,9.572736
4.23487,339.50,9.615715,0.034736,0.034616,9.580979
4.23527,339.53,9.624163,0.035012,0.034892,9.589152
4.23567,339.57,9.632545,0.035291,0.035171,9.597254
4.23607,339.60,9.640860,0.035573,0.035454,9.605287
4.23647,339.63,9.649107,0.035859,0.035740,9.613248
4.23687,339.66,9.657286,0.036148,0.036029,9.621138
4.23727,339.69,9.665397,0.036441,0.036322,9.628956
4.23767,339.73,9.673439,0.036738,0.036618,9.636701
4.23807,339.76,9.681412,0.037038,0.036918,9.644375
4.23847,339.79,9.689316,0.037341,0.037222,9.651975
4.23887,339.82,9.697151,0.037649,0.037530,9.659502
4.23927,339.85,9.704915,0.037960,0.037841,9.666955
4.23967,339.89,9.712610,0.038275,0.038156,9.674335
4.24007,339.92,9.720234,0.038594,0.038475,9.681640
4.24047,339.95,9.727787,0.038917,0.038798,9.688870
4.24087,339.98,9.735269,0.039245,0.039126,9.696025
4.24127,340.01,9.742680,0.039576,0.039457,9.703104
4.24167,340.05,9.750019,0.039911,0.039793,9.710108
4.24207,340.08,9.757287,0.040251,0.040132,9.717035
4.24247,340.11,9.764482,0.040595,0.040477,9.723886
4.24287,340.14,9.771604,0.040944,0.040825,9.730660
4.24327,340.17,9.778654,0.041297,0.041178,9.737357
4.24367,340.21,9.785631,0.041655,0.041536,9.743977
4.24407,340.24,9.792535,0.042017,0.041899,9.750518
4.24447,340.27,9.799365,0.042384,0.042266,9.756981
4.24487,340.30,9.806122,0.042756,0.042638,9.763366
4.24527,340.33,9.812805,0.043133,0.043015,9.769671
4.24567,340.37,9.819413,0.043515,0.043397,9.775898
4.24607,340.40,9.825947,0.043902,0.043784,9.782045
4.24647,340.43,9.832406,0.044294,0.044176,9.788112
4.24687,340.46,9.838790,0.044692,0.044573,9.794099
4.24727,340.50,9.845100,0.045094,0.044976,9.800005
4.24767,340.53,9.851334,0.045503,0.045384,9.805831
4.24807,340.56,9.857492,0.045916,0.045798,9.811576
4.24847,340.59,9.863575,0.046336,0.046218,9.817239
4.24887,340.62,9.869582,0.046761,0.046643,9.822821
4.24927,340.66,9.875513,0.047192,0.047074,9.828321
4.24967,340.69,9.881367,0.047629,0.047511,9.833738
4.25007,340.72,9.887145,0.048072,0.047954,9.839073
4.25047,340.75,9.892847,0.048522,0.048404,9.844325
4.25087,340.78,9.898472,0.048977,0.048860,9.849494
4.25127,340.82,9.904020,0.049440,0.049322,9.854580
4.25167,340.85,9.909491,0.049908,0.049791,9.859582
4.25207,340.88,9.914884,0.050384,0.050266,9.864501
4.25247,340.91,9.920201,0.050866,0.050748,9.869335
4.25287,340.94,9.925440,0.051355,0.051237,9.874085
4.25327,340.98,9.930601,0.051851,0.051734,9.878750
4.25367,341.01,9.935685,0.052355,0.052237,9.883330
4.25407,341.04,9.940691,0.052865,0.052748,9.887825
4.25447,341.07,9.945619,0.053384,0.053266,9.892235
4.25487,341.10,9.950469,0.053910,0.053792,9.896559
4.25527,341.14,9.955241,0.054443,0.054326,9.900798
4.25567,341.17,9.959935,0.054985,0.054868,9.904950
4.25607,341.20,9.964551,0.055535,0.055418,9.909016
4.25647,341.23,9.969088,0.056093,0.055976,9.912996
4.25687,341.26,9.973548,0.056659,0.056542,9.916888
4.25727,341.30,9.977929,0.057234,0.057117,9.920694
4.25767,341.33,9.982232,0.057818,0.057701,9.924413
4.25807,341.36,9.986456,0.058411,0.058294,9.928045
4.25847,341.39,9.990602,0.059013,0.058896,9.931589
4.25887,341.43,9.994670,0.059624,0.059507,9.935045
4.25927,341.46,9.998659,0.060245,0.060128,9.938414
4.25967,341.49,10.002570,0.060876,0.060759,9.941694
4.26007,341.52,10.006402,0.061516,0.061399,9.944886
4.26047,341.55,10.010157,0.062167,0.062050,9.947990
4.26087,341.59,10.013833,0.062827,0.062711,9.951005
4.26127,341.62,10.017431,0.063499,0.063382,9.953932
4.26167,341.65,10.020950,0.064181,0.064064,9.956769
4.26207,341.68,10.024392,0.064874,0.064758,9.959518
4.26247,341.71,10.027756,0.065579,0.065462,9.962177
4.26287,341.75,10.031042,0.066295,0.066178,9.964747
4.26327,341.78,10.034250,0.067023,0.066906,9.967228
4.26367,341.81,10.037381,0.067762,0.067646,9.969618
4.26407,341.84,10.040434,0.068514,0.068398,9.971920
4.26447,341.87,10.043410,0.069279,0.069163,9.974131
4.26487,341.91,10.046308,0.070056,0.069940,9.976252
4.26527,341.94,10.049130,0.070847,0.070730,9.978283
4.26567,341.97,10.051875,0.071651,0.071534,9.980224
4.26607,342.00,10.054543,0.072468,0.072352,9.982075
4.26647,342.03,10.057135,0.073300,0.073184,9.983835
4.26687,342.07,10.059650,0.074146,0.074030,9.985505
4.26727,342.10,10.062090,0.075006,0.074890,9.987084
4.26767,342.13,10.064454,0.075882,0.075766,9.988572
4.26807,342.16,10.066742,0.076773,0.076657,9.989969
4.26847,342.19,10.068955,0.077679,0.077563,9.991276
4.26887,342.23,10.071094,0.078602,0.078486,9.992492
4.26927,342.26,10.073158,0.079541,0.079425,9.993617
4.26967,342.29,10.075147,0.080497,0.080381,9.994650
4.27007,342.32,10.077063,0.081470,0.081354,9.995593
4.27047,342.36,10.078905,0.082461,0.082345,9.996444
4.27087,342.39,10.080674,0.083470,0.083354,9.997205
4.27127,342.42,10.082371,0.084497,0.084382,9.997873
4.27167,342.45,10.083995,0.085544,0.085428,9.998451
4.27207,342.48,10.085547,0.086610,0.086494,9.998937
4.27247,342.52,10.087028,0.087696,0.087580,9.999332
4.27287,342.55,10.088438,0.088802,0.088686,9.999636
4.27327,342.58,10.089777,0.089929,0.089814,9.999848
4.27367,342.61,10.091047,0.091078,0.090962,9.999969
4.27407,342.64,10.092247,0.092248,0.092133,9.999999
4.27447,342.68,10.093378,0.093442,0.093326,9.999937
4.27487,342.71,10.094441,0.094658,0.094543,9.999783
4.27527,342.74,10.095436,0.095898,0.095783,9.999538
4.27567,342.77,10.096365,0.097162,0.097047,9.999202
4.27607,342.80,10.097227,0.098452,0.098337,9.998775
4.27647,342.84,10.098023,0.099767,0.099652,9.998256
4.27687,342.87,10.098754,0.101108,0.100993,9.997646
4.27727,342.90,10.099421,0.102477,0.102362,9.996944
4.27767,342.93,10.100025,0.103873,0.103758,9.996152
4.27807,342.96,10.100565,0.105298,0.105183,9.995268
4.27847,343.00,10.101044,0.106752,0.106637,9.994293
4.27887,343.03,10.101462,0.108236,0.108121,9.993226
4.27927,343.06,10.101820,0.109751,0.109636,9.992069
4.27967,343.09,10.102119,0.111297,0.111183,9.990821
4.28007,343.12,10.102359,0.112877,0.112762,9.989482
4.28047,343.16,10.102542,0.114490,0.114375,9.988052
4.28087,343.19,10.102669,0.116137,0.116023,9.986532
4.28127,343.22,10.102740,0.117820,0.117706,9.984920
4.28167,343.25,10.102758,0.119540,0.119425,9.983218
4.28207,343.29,10.102723,0.121297,0.121182,9.981426
4.28247,343.32,10.102635,0.123092,0.122978,9.979543
4.28287,343.35,10.102498,0.124928,0.124813,9.977570
4.28327,343.38,10.102311,0.126804,0.126690,9.975507
4.28367,343.41,10.102076,0.128722,0.128608,9.973354
4.28407,343.45,10.101795,0.130684,0.130570,9.971110
4.28447,343.48,10.101468,0.132691,0.132577,9.968777
4.28487,343.51,10.101098,0.134744,0.134630,9.966354
4.28527,343.54,10.100686,0.136844,0.136730,9.963842
4.28567,343.57,10.100233,0.138993,0.138879,9.961240
4.28607,343.61,10.099742,0.141193,0.141079,9.958549
4.28647,343.64,10.099213,0.143444,0.143330,9.955769
4.28687,343.67,10.098649,0.145750,0.145636,9.952900
4.28727,343.70,10.098052,0.148110,0.147996,9.949942
4.28767,343.73,10.097423,0.150528,0.150414,9.946895
4.28807,343.77,10.096764,0.153004,0.152891,9.943760
4.28847,343.80,10.096078,0.155542,0.155428,9.940536
4.28887,343.83,10.095366,0.158142,0.158029,9.937224
4.28927,343.86,10.094632,0.160807,0.160694,9.933824
4.28967,343.89,10.093876,0.163540,0.163426,9.930337
4.29007,343.93,10.093103,0.166341,0.166228,9.926761
4.29047,343.96,10.092313,0.169214,0.169101,9.923099
4.29087,343.99,10.091510,0.172161,0.172048,9.919349
4.29127,344.02,10.090697,0.175185,0.175071,9.915512
4.29167,344.05,10.089876,0.178288,0.178174,9.911588
4.29207,344.09,10.089050,0.181472,0.181359,9.907578
4.29247,344.12,10.088222,0.184742,0.184628,9.903481
4.29287,344.15,10.087396,0.188099,0.187985,9.899298
4.29327,344.18,10.086575,0.191547,0.191433,9.895029
4.29367,344.22,10.085763,0.195089,0.194975,9.890674
4.29407,344.25,10.084962,0.198728,0.198615,9.886234
4.29447,344.28,10.084177,0.202469,0.202356,9.881708
4.29487,344.31,10.083412,0.206314,0.206201,9.877098
4.29527,344.34,10.082670,0.210268,0.210155,9.872402
4.29567,344.38,10.081957,0.214334,0.214221,9.867623
4.29607,344.41,10.081276,0.218518,0.218405,9.862758
4.29647,344.44,10.080633,0.222823,0.222710,9.857810
4.29687,344.47,10.080031,0.227253,0.227140,9.852778
4.29727,344.50,10.079477,0.231815,0.231702,9.847663
4.29767,344.54,10.078976,0.236512,0.236399,9.842464
4.29807,344.57,10.078533,0.241350,0.241238,9.837182
4.29847,344.60,10.078154,0.246336,0.246223,9.831818
4.29887,344.63,10.077845,0.251474,0.251361,9.826371
4.29927,344.66,10.077612,0.256770,0.256658,9.820842
4.29967,344.70,10.077464,0.262232,0.262120,9.815231
4.30007,344.73,10.077405,0.267866,0.267753,9.809539
4.30047,344.76,10.077444,0.273679,0.273566,9.803766
4.30087,344.79,10.077589,0.279678,0.279566,9.797911
4.30127,344.82,10.077848,0.285872,0.285760,9.791976
4.30167,344.86,10.078229,0.292269,0.292156,9.785960
4.30207,344.89,10.078741,0.298877,0.298764,9.779865
4.30247,344.92,10.079394,0.305705,0.305593,9.773689
4.30287,344.95,10.080198,0.312763,0.312651,9.767435
4.30327,344.98,10.081162,0.320062,0.319949,9.761101
4.30367,345.02,10.082299,0.327611,0.327499,9.754688
4.30407,345.05,10.083619,0.335422,0.335310,9.748197
4.30447,345.08,10.085135,0.343507,0.343395,9.741628
4.30487,345.11,10.086860,0.351879,0.351767,9.734981
4.30527,345.15,10.088807,0.360550,0.360438,9.728257
4.30567,345.18,10.090990,0.369535,0.369423,9.721455
4.30607,345.21,10.093425,0.378848,0.378736,9.714577
4.30647,345.24,10.096127,0.388505,0.388393,9.707622
4.30687,345.27,10.099113,0.398522,0.398410,9.700591
4.30727,345.31,10.102401,0.408916,0.408805,9.693485
4.30767,345.34,10.106010,0.419707,0.419595,9.686303
4.30807,345.37,10.109959,0.430913,0.430801,9.679046
4.30847,345.40,10.114269,0.442554,0.442443,9.671715
4.30887,345.43,10.118963,0.454654,0.454542,9.664309
4.30927,345.47,10.124064,0.467234,0.467123,9.656830
4.30967,345.50,10.129596,0.480320,0.480208,9.649276
4.31007,345.53,10.135587,0.493937,0.493825,9.641650
4.31047,345.56,10.142063,0.508113,0.508001,9.633951
4.31087,345.59,10.149056,0.522876,0.522765,9.626179
4.31127,345.63,10.156595,0.538259,0.538148,9.618336
4.31167,345.66,10.164714,0.554294,0.554182,9.610420
4.31207,345.69,10.173449,0.571015,0.570904,9.602434
4.31247,345.72,10.182837,0.588460,0.588349,9.594377
4.31287,345.75,10.192917,0.606669,0.606557,9.586249
4.31327,345.79,10.203733,0.625682,0.625571,9.578051
4.31367,345.82,10.215329,0.645546,0.645434,9.569783
4.31407,345.85,10.227752,0.666306,0.666195,9.561446
4.31447,345.88,10.241053,0.688013,0.687902,9.553040
4.31487,345.91,10.255286,0.710720,0.710609,9.544566
4.31527,345.95,10.270508,0.734485,0.734374,9.536023
4.31567,345.98,10.286780,0.759367,0.759256,9.527413
4.31607,346.01,10.304165,0.785430,0.785319,9.518736
4.31647,346.04,10.322732,0.812741,0.812630,9.509991
4.31687,346.07,10.342554,0.841374,0.841263,9.501180
4.31727,346.11,10.363706,0.871403,0.871292,9.492303
4.31767,346.14,10.386271,0.902910,0.902799,9.483361
4.31807,346.17,10.410332,0.935979,0.935869,9.474353
4.31847,346.20,10.435983,0.970702,0.970591,9.465281
4.31887,346.24,10.463316,1.007172,1.007062,9.456144
4.31927,346.27,10.492434,1.045491,1.045380,9.446943
4.31967,346.30,10.523441,1.085762,1.085652,9.437678
4.32007,346.33,10.556448,1.128097,1.127986,9.428351
4.32047,346.36,10.591569,1.172609,1.172498,9.418961
4.32087,346.40,10.628926,1.219417,1.219307,9.409508
4.32127,346.43,10.668640,1.268646,1.268536,9.399994
4.32167,346.46,10.710841,1.320422,1.320312,9.390418
4.32207,346.49,10.755657,1.374875,1.374765,9.380782
4.32247,346.52,10.803220,1.432135,1.432025,9.371085
4.32287,346.56,10.853662,1.492335,1.492224,9.361328
4.32327,346.59,10.907114,1.555603,1.555493,9.351511
4.32367,346.62,10.963700,1.622065,1.621955,9.341635
4.32407,346.65,11.023540,1.691840,1.691730,9.331700
4.32447,346.68,11.086744,1.765037,1.764927,9.321707
4.32487,346.72,11.153404,1.841748,1.841638,9.311656
4.32527,346.75,11.223596,1.922049,1.921939,9.301548
4.32567,346.78,11.297369,2.005986,2.005877,9.291382
4.32607,346.81,11.374737,2.093577,2.093467,9.281160
4.32647,346.84,11.455678,2.184795,2.184685,9.270882
4.32687,346.88,11.540114,2.279565,2.279456,9.260549
4.32727,346.91,11.627912,2.377752,2.377642,9.250160
4.32767,346.94,11.718863,2.479147,2.479038,9.239716
4.32807,346.97,11.812680,2.583461,2.583352,9.229218
4.32847,347.00,11.908975,2.690308,2.690199,9.218666
4.32887,347.04,12.007256,2.799195,2.799085,9.208061
4.32927,347.07,12.106912,2.909509,2.909400,9.197403
4.32967,347.10,12.207206,3.020514,3.020404,9.186692
4.33007,347.13,12.307267,3.131337,3.131228,9.175930
4.33047,347.17,12.406088,3.240973,3.240864,9.165115
4.33087,347.20,12.502537,3.348287,3.348178,9.154250
4.33127,347.23,12.595358,3.452025,3.451915,9.143334
4.33167,347.26,12.683201,3.550834,3.550725,9.132367
4.33207,347.29,12.764645,3.643294,3.643185,9.121351
4.33247,347.33,12.838238,3.727952,3.727843,9.110286
4.33287,347.36,12.902541,3.803370,3.803261,9.099171
4.33327,347.39,12.956186,3.868177,3.868068,9.088009
4.33367,347.42,12.997926,3.921128,3.921018,9.076798
4.33407,347.45,13.026694,3.961154,3.961045,9.065540
4.33447,347.49,13.041654,3.987420,3.987311,9.054235
4.33487,347.52,13.042246,3.999363,3.999254,9.042883
4.33527,347.55,13.028209,3.996724,3.996615,9.031485
4.33567,347.58,12.999602,3.979560,3.979452,9.020041
4.33607,347.61,12.956796,3.948243,3.948135,9.008552
4.33647,347.65,12.900457,3.903439,3.903330,8.997019
4.33687,347.68,12.831512,3.846071,3.845962,8.985441
4.33727,347.71,12.751098,3.777279,3.777170,8.973819
4.33767,347.74,12.660514,3.698361,3.698252,8.962154
4.33807,347.77,12.561162,3.610716,3.610608,8.950446
4.33847,347.81,12.454491,3.515796,3.515687,8.938695
4.33887,347.84,12.341947,3.415045,3.414936,8.926903
4.33927,347.87,12.224932,3.309864,3.309755,8.915068
4.33967,347.90,12.104765,3.201572,3.201464,8.903193
4.34007,347.93,11.982660,3.091383,3.091274,8.891277
4.34047,347.97,11.859706,2.980385,2.980276,8.879321
4.34087,348.00,11.736861,2.869536,2.869428,8.867325
4.34127,348.03,11.614948,2.759659,2.759550,8.855290
4.34167,348.06,11.494661,2.651445,2.651337,8.843216
4.34207,348.10,11.376565,2.545462,2.545354,8.831103
4.34247,348.13,11.261115,2.442163,2.442055,8.818953
4.34287,348.16,11.148662,2.341898,2.341790,8.806765
4.34327,348.19,11.039465,2.244925,2.244817,8.794539
4.34367,348.22,10.933704,2.151426,2.151318,8.782278
4.34407,348.26,10.831492,2.061512,2.061404,8.769980
4.34447,348.29,10.732887,1.975241,1.975133,8.757646
4.34487,348.32,10.637898,1.892620,1.892512,8.745278
4.34527,348.35,10.546497,1.813623,1.813515,8.732874
4.34567,348.38,10.458627,1.738191,1.738083,8.720436
4.34607,348.42,10.374206,1.666242,1.666134,8.707964
4.34647,348.45,10.293136,1.597677,1.597569,8.695459
4.34687,348.48,10.215303,1.532383,1.532275,8.682920
4.34727,348.51,10.140587,1.470238,1.470130,8.670349
4.34767,348.54,10.068861,1.411115,1.411007,8.657746
4.34807,348.58,9.999995,1.354884,1.354776,8.645111
4.34847,348.61,9.933858,1.301413,1.301306,8.632445
4.34887,348.64,9.870320,1.250572,1.250465,8.619747
4.34927,348.67,9.809252,1.202232,1.202125,8.607020
4.34967,348.70,9.750529,1.156267,1.156159,8.594262
4.35007,348.74,9.694030,1.112555,1.112448,8.581475
4.35047,348.77,9.639638,1.070979,1.070872,8.568659
4.35087,348.80,9.587240,1.031426,1.031318,8.555814
4.35127,348.83,9.536727,0.993786,0.993679,8.542941
4.35167,348.86,9.487998,0.957958,0.957851,8.530040
4.35207,348.90,9.440955,0.923844,0.923736,8.517112
4.35247,348.93,9.395505,0.891349,0.891241,8.504156
4.35287,348.96,9.351559,0.860385,0.860278,8.491174
4.35327,348.99,9.309036,0.830869,0.830762,8.478166
4.35367,349.03,9.267855,0.802723,0.802615,8.465132
4.35407,349.06,9.227944,0.775870,0.775763,8.452073
4.35447,349.09,9.189231,0.750241,0.750134,8.438990
4.35487,349.12,9.151652,0.725770,0.725663,8.425881
4.35527,349.15,9.115143,0.702394,0.702287,8.412749
4.35567,349.19,9.079647,0.680055,0.679948,8.399593
4.35607,349.22,9.045109,0.658695,0.658588,8.386414
4.35647,349.25,9.011476,0.638265,0.638158,8.373211
4.35687,349.28,8.978701,0.618714,0.618607,8.359987
4.35727,349.31,8.946736,0.599996,0.599889,8.346741
4.35767,349.35,8.915540,0.582068,0.581961,8.333473
4.35807,349.38,8.885072,0.564888,0.564781,8.320184
4.35847,349.41,8.855293,0.548419,0.548312,8.306874
4.35887,349.44,8.826167,0.532624,0.532517,8.293544
4.35927,349.47,8.797662,0.517468,0.517362,8.280193
4.35967,349.51,8.769744,0.502920,0.502814,8.266824
4.36007,349.54,8.742384,0.488950,0.488843,8.253435
4.36047,349.57,8.715555,0.475528,0.475421,8.240027
4.36087,349.60,8.689228,0.462627,0.462521,8.226601
4.36127,349.63,8.663380,0.450223,0.450117,8.213157
4.36167,349.67,8.637987,0.438292,0.438185,8.199695
4.36207,349.70,8.613026,0.426810,0.426704,8.186217
4.36247,349.73,8.588477,0.415756,0.415650,8.172721
4.36287,349.76,8.564320,0.405111,0.405005,8.159209
4.36327,349.79,8.540536,0.394855,0.394749,8.145681
4.36367,349.83,8.517107,0.384970,0.384864,8.132137
4.36407,349.86,8.494017,0.375439,0.375333,8.118578
4.36447,349.89,8.471250,0.366246,0.366140,8.105004
4.36487,349.92,8.448792,0.357376,0.357270,8.091415
4.36527,349.96,8.426628,0.348815,0.348709,8.077813
4.36567,349.99,8.404745,0.340548,0.340442,8.064196
4.36607,350.02,8.383130,0.332563,0.332457,8.050567
4.36647,350.05,8.361771,0.324848,0.324742,8.036924
4.36687,350.08,8.340658,0.317390,0.317284,8.023268
4.36727,350.12,8.319780,0.310180,0.310074,8.009600
4.36767,350.15,8.299126,0.303206,0.303100,7.995920
4.36807,350.18,8.278687,0.296458,0.296352,7.982229
4.36847,350.21,8.258454,0.289927,0.289822,7.968526
4.36887,350.24,8.238418,0.283605,0.283499,7.954813
4.36927,350.28,8.218571,0.277482,0.277377,7.941089
4.36967,350.31,8.198905,0.271551,0.271445,7.927354
4.37007,350.34,8.179414,0.265804,0.265698,7.913610
4.37047,350.37,8.160089,0.260232,0.260127,7.899857
4.37087,350.40,8.140925,0.254831,0.254725,7.886094
4.37127,350.44,8.121915,0.249592,0.249487,7.872323
4.37167,350.47,8.103053,0.244510,0.244405,7.858543
4.37207,350.50,8.084333,0.239579,0.239473,7.844755
4.37247,350.53,8.065751,0.234792,0.234686,7.830959
4.37287,350.56,8.047300,0.230144,0.230039,7.817156
4.37327,350.60,8.028976,0.225630,0.225525,7.803346
4.37367,350.63,8.010774,0.221246,0.221140,7.789529
4.37407,350.66,7.992690,0.216985,0.216880,7.775705
4.37447,350.69,7.974720,0.212844,0.212739,7.761876
4.37487,350.72,7.956859,0.208819,0.208714,7.748040
4.37527,350.76,7.939104,0.204905,0.204799,7.734200
4.37567,350.79,7.921451,0.201097,0.200992,7.720354
4.37607,350.82,7.903897,0.197394,0.197289,7.706503
4.37647,350.85,7.886438,0.193790,0.193685,7.692648
4.37687,350.89,7.869071,0.190282,0.190177,7.678789
4.37727,350.92,7.851793,0.186867,0.186762,7.664926
4.37767,350.95,7.834601,0.183542,0.183437,7.651059
4.37807,350.98,7.817492,0.180304,0.180199,7.637189
4.37847,351.01,7.800465,0.177149,0.177044,7.623316
4.37887,351.05,7.783515,0.174075,0.173970,7.609441
4.37927,351.08,7.766642,0.171079,0.170974,7.595563
4.37967,351.11,7.749842,0.168159,0.168054,7.581683
4.38007,351.14,7.733113,0.165312,0.165207,7.567801
4.38047,351.17,7.716454,0.162536,0.162431,7.553919
4.38087,351.21,7.699862,0.159828,0.159723,7.540034
4.38127,351.24,7.683336,0.157186,0.157082,7.526150
4.38167,351.27,7.666873,0.154609,0.154504,7.512264
4.38207,351.30,7.650472,0.152094,0.151989,7.498378
4.38247,351.33,7.634131,0.149638,0.149534,7.484493
4.38287,351.37,7.617849,0.147241,0.147137,7.470607
4.38327,351.40,7.601623,0.144901,0.144797,7.456723
4.38367,351.43,7.585454,0.142615,0.142511,7.442839
4.38407,351.46,7.569338,0.140382,0.140278,7.428956
4.38447,351.49,7.553276,0.138201,0.138097,7.415075
4.38487,351.53,7.537265,0.136070,0.135966,7.401195
4.38527,351.56,7.521304,0.133987,0.133883,7.387318
4.38567,351.59,7.505393,0.131951,0.131847,7.373442
4.38607,351.62,7.489530,0.129960,0.129856,7.359569
4.38647,351.65,7.473714,0.128014,0.127910,7.345699
4.38687,351.69,7.457943,0.126111,0.126007,7.331832
4.38727,351.72,7.442218,0.124249,0.124146,7.317969
4.38767,351.75,7.426537,0.122429,0.122325,7.304108
4.38807,351.78,7.410899,0.120647,0.120543,7.290252
4.38847,351.82,7.395303,0.118904,0.118800,7.276400
4.38887,351.85,7.379749,0.117197,0.117093,7.262552
4.38927,351.88,7.364236,0.115527,0.115423,7.248709
4.38967,351.91,7.348762,0.113892,0.113789,7.234870
4.39007,351.94,7.333328,0.112292,0.112188,7.221037
4.39047,351.98,7.317933,0.110724,0.110620,7.207209
4.39087,352.01,7.302575,0.109189,0.109085,7.193386
4.39127,352.04,7.287254,0.107685,0.107581,7.179569
4.39167,352.07,7.271970,0.106212,0.106108,7.165759
4.39207,352.10,7.256723,0.104768,0.104665,7.151954
4.39247,352.14,7.241510,0.103354,0.103250,7.138156
4.39287,352.17,7.226333,0.101968,0.101864,7.124365
4.39327,352.20,7.211190,0.100609,0.100506,7.110581
4.39367,352.23,7.196081,0.099277,0.099174,7.096804
4.39407,352.26,7.181006,0.097971,0.097868,7.083034
4.39447,352.30,7.165963,0.096691,0.096588,7.069272
4.39487,352.33,7.150953,0.095435,0.095332,7.055518
4.39527,352.36,7.135976,0.094204,0.094101,7.041772
4.39567,352.39,7.121030,0.092996,0.092893,7.028035
4.39607,352.42,7.106116,0.091811,0.091708,7.014305
4.39647,352.46,7.091233,0.090648,0.090545,7.000585
4.39687,352.49,7.076381,0.089507,0.089404,6.986873
4.39727,352.52,7.061559,0.088387,0.088284,6.973171
4.39767,352.55,7.046767,0.087289,0.087186,6.959478
4.39807,352.58,7.032005,0.086210,0.086107,6.945795
4.39847,352.62,7.017272,0.085151,0.085048,6.932121
4.39887,352.65,7.002569,0.084111,0.084009,6.918458
4.39927,352.68,6.987895,0.083091,0.082988,6.904804
4.39967,352.71,6.973249,0.082088,0.081985,6.891161
4.40007,352.75,6.958632,0.081104,0.081001,6.877529
4.40047,352.78,6.944044,0.080137,0.080034,6.863907
4.40087,352.81,6.929483,0.079187,0.079084,6.850296
4.40127,352.84,6.914950,0.078253,0.078151,6.836696
4.40167,352.87,6.900445,0.077337,0.077234,6.823108
4.40207,352.91,6.885967,0.076436,0.076333,6.809531
4.40247,352.94,6.871517,0.075550,0.075448,6.795966
4.40287,352.97,6.857093,0.074680,0.074578,6.782413
4.40327,353.00,6.842697,0.073825,0.073722,6.768872
4.40367,353.03,6.828327,0.072984,0.072882,6.755343
4.40407,353.07,6.813984,0.072157,0.072055,6.741827
4.40447,353.10,6.799668,0.071345,0.071242,6.728323
4.40487,353.13,6.785378,0.070546,0.070443,6.714832
4.40527,353.16,6.771114,0.069760,0.069658,6.701354
4.40567,353.19,6.756876,0.068987,0.068885,6.687889
4.40607,353.23,6.742664,0.068227,0.068125,6.674437
4.40647,353.26,6.728478,0.067479,0.067377,6.660999
4.40687,353.29,6.714318,0.066744,0.066642,6.647574
4.40727,353.32,6.700184,0.066020,0.065918,6.634163
4.40767,353.35,6.686075,0.065309,0.065206,6.620766
4.40807,353.39,6.671992,0.064608,0.064506,6.607383
4.40847,353.42,6.657934,0.063919,0.063817,6.594015
4.40887,353.45,6.643901,0.063240,0.063138,6.580661
4.40927,353.48,6.629894,0.062573,0.062471,6.567321
4.40967,353.51,6.615912,0.061915,0.061814,6.553996
4.41007,353.55,6.601954,0.061269,0.061167,6.540686
4.41047,353.58,6.588022,0.060632,0.060530,6.527391
4.41087,353.61,6.574116,0.060005,0.059903,6.514111
4.41127,353.64,6.560233,0.059387,0.059285,6.500846
4.41167,353.68,6.546376,0.058779,0.058677,6.487597
4.41207,353.71,6.532544,0.058181,0.058079,6.474363
4.41247,353.74,6.518736,0.057591,0.057489,6.461146
4.41287,353.77,6.504954,0.057010,0.056909,6.447944
4.41327,353.80,6.491196,0.056438,0.056337,6.434757
4.41367,353.84,6.477462,0.055875,0.055773,6.421588
4.41407,353.87,6.463753,0.055320,0.055218,6.408434
4.41447,353.90,6.450069,0.054773,0.054671,6.395297
4.41487,353.93,6.436410,0.054234,0.054132,6.382176
4.41527,353.96,6.422775,0.053703,0.053601,6.369072
4.41567,354.00,6.409164,0.053180,0.053078,6.355984
4.41607,354.03,6.395578,0.052664,0.052563,6.342914
4.41647,354.06,6.382016,0.052156,0.052054,6.329861
4.41687,354.09,6.368479,0.051655,0.051554,6.316824
4.41727,354.12,6.354966,0.051161,0.051060,6.303805
4.41767,354.16,6.341478,0.050674,0.050573,6.290804
4.41807,354.19,6.328014,0.050195,0.050093,6.277820
4.41847,354.22,6.314575,0.049722,0.049620,6.264853
4.41887,354.25,6.301159,0.049255,0.049154,6.251904
4.41927,354.28,6.287769,0.048795,0.048694,6.238973
4.41967,354.32,6.274402,0.048342,0.048241,6.226060
4.42007,354.35,6.261060,0.047895,0.047794,6.213165
4.42047,354.38,6.247742,0.047454,0.047353,6.200288
4.42087,354.41,6.234449,0.047019,0.046918,6.187430
4.42127,354.44,6.221179,0.046590,0.046489,6.174590
4.42167,354.48,6.207934,0.046166,0.046065,6.161768
4.42207,354.51,6.194714,0.045749,0.045648,6.148965
4.42247,354.54,6.181518,0.045337,0.045236,6.136181
4.42287,354.57,6.168346,0.044931,0.044830,6.123415
4.42327,354.61,6.155198,0.044530,0.044429,6.110668
4.42367,354.64,6.142075,0.044134,0.044033,6.097940
4.42407,354.67,6.128975,0.043744,0.043643,6.085232
4.42447,354.70,6.115901,0.043359,0.043258,6.072542
4.42487,354.73,6.102850,0.042979,0.042878,6.059872
4.42527,354.77,6.089824,0.042603,0.042503,6.047221
4.42567,354.80,6.076822,0.042233,0.042133,6.034589
4.42607,354.83,6.063845,0.041868,0.041767,6.021977
4.42647,354.86,6.050891,0.041507,0.041406,6.009385
4.42687,354.89,6.037963,0.041151,0.041050,5.996812
4.42727,354.93,6.025058,0.040799,0.040699,5.984259
4.42767,354.96,6.012178,0.040452,0.040352,5.971726
4.42807,354.99,5.999322,0.040109,0.040009,5.959212
4.42847,355.02,5.986490,0.039771,0.039671,5.946719
4.42887,355.05,5.973683,0.039437,0.039337,5.934246
4.42927,355.09,5.960900,0.039107,0.039007,5.921793
4.42967,355.12,5.948142,0.038781,0.038681,5.909360
4.43007,355.15,5.935407,0.038460,0.038360,5.896948
4.43047,355.18,5.922698,0.038142,0.038042,5.884556
4.43087,355.21,5.910012,0.037828,0.037728,5.872184
4.43127,355.25,5.897351,0.037518,0.037418,5.859833
4.43167,355.28,5.884714,0.037212,0.037112,5.847502
4.43207,355.31,5.872102,0.036910,0.036810,5.835193
4.43247,355.34,5.859514,0.036611,0.036511,5.822903
4.43287,355.37,5.846951,0.036316,0.036216,5.810635
4.43327,355.41,5.834412,0.036024,0.035924,5.798388
4.43367,355.44,5.821897,0.035736,0.035636,5.786161
4.43407,355.47,5.809407,0.035451,0.035351,5.773955
4.43447,355.50,5.796941,0.035170,0.035070,5.761771
4.43487,355.53,5.784499,0.034892,0.034792,5.749607
4.43527,355.57,5.772082,0.034617,0.034518,5.737465
4.43567,355.60,5.759690,0.034346,0.034246,5.725344
4.43607,355.63,5.747322,0.034078,0.033978,5.713244
4.43647,355.66,5.734978,0.033812,0.033713,5.701166
4.43687,355.70,5.722659,0.033550,0.033451,5.689109
4.43727,355.73,5.710364,0.033291,0.033192,5.677073
4.43767,355.76,5.698094,0.033035,0.032936,5.665059
4.43807,355.79,5.685849,0.032782,0.032683,5.653066
4.43847,355.82,5.673627,0.032532,0.032433,5.641095
4.43887,355.86,5.661430,0.032285,0.032185,5.629146
4.43927,355.89,5.649258,0.032040,0.031941,5.617218
4.43967,355.92,5.637110,0.031798,0.031699,5.605312
4.44007,355.95,5.624987,0.031559,0.031460,5.593428
4.44047,355.98,5.612888,0.031323,0.031224,5.581565
4.44087,356.02,5.600814,0.031089,0.030990,5.569725
4.44127,356.05,5.588764,0.030858,0.030759,5.557906
4.44167,356.08,5.576739,0.030630,0.030531,5.546109
4.44207,356.11,5.564738,0.030404,0.030305,5.534334
4.44247,356.14,5.552762,0.030180,0.030081,5.522581
4.44287,356.18,5.540810,0.029959,0.029860,5.510851
4.44327,356.21,5.528883,0.029741,0.029642,5.499142
4.44367,356.24,5.516980,0.029524,0.029425,5.487455
4.44407,356.27,5.505102,0.029310,0.029212,5.475791
4.44447,356.30,5.493248,0.029099,0.029000,5.464149
4.44487,356.34,5.481419,0.028890,0.028791,5.452529
4.44527,356.37,5.469614,0.028683,0.028584,5.440931
4.44567,356.40,5.457834,0.028478,0.028379,5.429356
4.44607,356.43,5.446078,0.028275,0.028176,5.417803
4.44647,356.46,5.434347,0.028075,0.027976,5.406272
4.44687,356.50,5.422640,0.027876,0.027778,5.394764
4.44727,356.53,5.410958,0.027680,0.027581,5.383278
4.44767,356.56,5.399300,0.027486,0.027387,5.371814
4.44807,356.59,5.387667,0.027294,0.027195,5.360373
4.44847,356.63,5.376058,0.027104,0.027005,5.348954
4.44887,356.66,5.364474,0.026915,0.026817,5.337558
4.44927,356.69,5.352914,0.026729,0.026631,5.326185
4.44967,356.72,5.341378,0.026545,0.026447,5.314834
4.45007,356.75,5.329868,0.026363,0.026264,5.303505
4.45047,356.79,5.318381,0.026182,0.026084,5.292199
4.45087,356.82,5.306919,0.026003,0.025905,5.280916
4.45127,356.85,5.295482,0.025827,0.025728,5.269655
4.45167,356.88,5.284069,0.025652,0.025553,5.258417
4.45207,356.91,5.272680,0.025478,0.025380,5.247202
4.45247,356.95,5.261316,0.025307,0.025209,5.236009
4.45287,356.98,5.249976,0.025137,0.025039,5.224839
4.45327,357.01,5.238661,0.024969,0.024871,5.213692
4.45367,357.04,5.227370,0.024803,0.024705,5.202567
4.45407,357.07,5.216104,0.024638,0.024540,5.191466
4.45447,357.11,5.204861,0.024475,0.024377,5.180387
4.45487,357.14,5.193644,0.024313,0.024215,5.169330
4.45527,357.17,5.182450,0.024154,0.024056,5.158297
4.45567,357.20,5.171281,0.023995,0.023897,5.147286
4.45607,357.23,5.160137,0.023838,0.023741,5.136298
4.45647,357.27,5.149016,0.023683,0.023585,5.125333
4.45687,357.30,5.137920,0.023530,0.023432,5.114391
4.45727,357.33,5.126848,0.023377,0.023280,5.103471
4.45767,357.36,5.115801,0.023227,0.023129,5.092574
4.45807,357.39,5.104778,0.023077,0.022980,5.081701
4.45847,357.43,5.093779,0.022930,0.022832,5.070849
4.45887,357.46,5.082804,0.022783,0.022685,5.060021
4.45927,357.49,5.071854,0.022638,0.022540,5.049216
4.45967,357.52,5.060928,0.022494,0.022397,5.038433
4.46007,357.56,5.050026,0.022352,0.022255,5.027674
4.46047,357.59,5.039148,0.022211,0.022114,5.016937
4.46087,357.62,5.028295,0.022072,0.021974,5.006223
4.46127,357.65,5.017465,0.021933,0.021836,4.995532
4.46167,357.68,5.006660,0.021796,0.021699,4.984864
4.46207,357.72,4.995879,0.021661,0.021563,4.974218
4.46247,357.75,4.985122,0.021526,0.021429,4.963596
4.46287,357.78,4.974389,0.021393,0.021296,4.952996
4.46327,357.81,4.963680,0.021261,0.021164,4.942419
4.46367,357.84,4.952996,0.021131,0.021033,4.931865
4.46407,357.88,4.942335,0.021001,0.020904,4.921334
4.46447,357.91,4.931698,0.020873,0.020775,4.910825
4.46487,357.94,4.921085,0.020746,0.020648,4.900340
4.46527,357.97,4.910497,0.020620,0.020522,4.889877
4.46567,358.00,4.899932,0.020495,0.020398,4.879437
4.46607,358.04,4.889391,0.020371,0.020274,4.869020
4.46647,358.07,4.878874,0.020248,0.020151,4.858626
4.46687,358.10,4.868382,0.020127,0.020030,4.848255
4.46727,358.13,4.857912,0.020007,0.019910,4.837906
4.46767,358.16,4.847467,0.019887,0.019790,4.827580
4.46807,358.20,4.837046,0.019769,0.019672,4.817277
4.46847,358.23,4.826648,0.019652,0.019555,4.806997
4.46887,358.26,4.816275,0.019536,0.019439,4.796739
4.46927,358.29,4.805925,0.019420,0.019324,4.786504
4.46967,358.32,4.795598,0.019306,0.019210,4.776292
4.47007,358.36,4.785296,0.019193,0.019097,4.766103
4.47047,358.39,4.775017,0.019081,0.018984,4.755936
4.47087,358.42,4.764762,0.018970,0.018873,4.745792
4.47127,358.45,4.754530,0.018860,0.018763,4.735671
4.47167,358.49,4.744323,0.018751,0.018654,4.725572
4.47207,358.52,4.734138,0.018642,0.018546,4.715496
4.47247,358.55,4.723978,0.018535,0.018439,4.705443
4.47287,358.58,4.713841,0.018429,0.018332,4.695412
4.47327,358.61,4.703727,0.018323,0.018227,4.685404
4.47367,358.65,4.693637,0.018219,0.018122,4.675418
4.47407,358.68,4.683570,0.018115,0.018019,4.665455
4.47447,358.71,4.673527,0.018012,0.017916,4.655515
4.47487,358.74,4.663507,0.017910,0.017814,4.645597
4.47527,358.77,4.653511,0.017809,0.017713,4.635702
4.47567,358.81,4.643538,0.017709,0.017613,4.625829
4.47607,358.84,4.633588,0.017610,0.017514,4.615978
4.47647,358.87,4.623662,0.017511,0.017415,4.606150
4.47687,358.90,4.613759,0.017414,0.017318,4.596345
4.47727,358.93,4.603879,0.017317,0.017221,4.586562
4.47767,358.97,4.594022,0.017221,0.017125,4.576801
4.47807,359.00,4.584189,0.017126,0.017030,4.567063
4.47847,359.03,4.574378,0.017031,0.016935,4.557347
4.47887,359.06,4.564591,0.016937,0.016841,4.547654
4.47927,359.09,4.554827,0.016845,0.016749,4.537983
4.47967,359.13,4.545086,0.016752,0.016656,4.528334
4.48007,359.16,4.535368,0.016661,0.016565,4.518707
4.48047,359.19,4.525673,0.016570,0.016475,4.509103
4.48087,359.22,4.516001,0.016481,0.016385,4.499521
4.48127,359.25,4.506352,0.016391,0.016296,4.489961
4.48167,359.29,4.496726,0.016303,0.016207,4.480423
4.48207,359.32,4.487123,0.016215,0.016119,4.470908
4.48247,359.35,4.477542,0.016128,0.016032,4.461414
4.48287,359.38,4.467985,0.016042,0.015946,4.451943
4.48327,359.42,4.458450,0.015956,0.015861,4.442494
4.48367,359.45,4.448938,0.015871,0.015776,4.433067
4.48407,359.48,4.439449,0.015787,0.015692,4.423662
4.48447,359.51,4.429982,0.015704,0.015608,4.414278
4.48487,359.54,4.420538,0.015621,0.015525,4.404917
4.48527,359.58,4.411117,0.015538,0.015443,4.395578
4.48567,359.61,4.401718,0.015457,0.015361,4.386261
4.48607,359.64,4.392342,0.015376,0.015280,4.376966
4.48647,359.67,4.382988,0.015295,0.015200,4.367692
4.48687,359.70,4.373657,0.015216,0.015120,4.358441
4.48727,359.74,4.364348,0.015137,0.015041,4.349211
4.48767,359.77,4.355061,0.015058,0.014963,4.340003
4.48807,359.80,4.345797,0.014980,0.014885,4.330817
4.48847,359.83,4.336556,0.014903,0.014808,4.321652
4.48887,359.86,4.327336,0.014827,0.014731,4.312510
4.48927,359.90,4.318139,0.014750,0.014655,4.303388
4.48967,359.93,4.308964,0.014675,0.014580,4.294289
4.49007,359.96,4.299811,0.014600,0.014505,4.285211
4.49047,359.99,4.290681,0.014526,0.014431,4.276155
4.49087,360.02,4.281572,0.014452,0.014357,4.267120
4.49127,360.06,4.272486,0.014379,0.014284,4.258107
4.49167,360.09,4.263422,0.014306,0.014211,4.249115
4.49207,360.12,4.254379,0.014234,0.014139,4.240145
4.49247,360.15,4.245359,0.014163,0.014068,4.231196
4.49287,360.18,4.236361,0.014092,0.013997,4.222269
4.49327,360.22,4.227384,0.014021,0.013926,4.213363
4.49367,360.25,4.218430,0.013951,0.013857,4.204478
4.49407,360.28,4.209497,0.013882,0.013787,4.195615
4.49447,360.31,4.200586,0.013813,0.013718,4.186773
4.49487,360.35,4.191697,0.013745,0.013650,4.177952
4.49527,360.38,4.182829,0.013677,0.013582,4.169152
4.49567,360.41,4.173983,0.013610,0.013515,4.160374
4.49607,360.44,4.165159,0.013543,0.013448,4.151616
4.49647,360.47,4.156356,0.013476,0.013382,4.142880
4.49687,360.51,4.147575,0.013411,0.013316,4.134165
4.49727,360.54,4.138816,0.013345,0.013251,4.125471
4.49767,360.57,4.130078,0.013280,0.013186,4.116797
4.49807,360.60,4.121361,0.013216,0.013121,4.108145
4.49847,360.63,4.112666,0.013152,0.013057,4.099514
4.49887,360.67,4.103992,0.013088,0.012994,4.090903
4.49927,360.70,4.095339,0.013025,0.012931,4.082314
4.49967,360.73,4.086708,0.012963,0.012868,4.073745
4.50008,360.76,4.078098,0.012901,0.012806,4.065197
4.50048,360.79,4.069509,0.012839,0.012745,4.056670
4.50088,360.83,4.060941,0.012778,0.012684,4.048164
4.50128,360.86,4.052395,0.012717,0.012623,4.039678
4.50168,360.89,4.043869,0.012657,0.012562,4.031213
4.50208,360.92,4.035365,0.012597,0.012503,4.022768
4.50248,360.95,4.026881,0.012537,0.012443,4.014344
4.50288,360.99,4.018419,0.012478,0.012384,4.005941
4.50328,361.02,4.009977,0.012419,0.012325,3.997558
4.50368,361.05,4.001557,0.012361,0.012267,3.989196
4.50408,361.08,3.993157,0.012303,0.012209,3.980854
4.50448,361.11,3.984778,0.012246,0.012152,3.972532
4.50488,361.15,3.976420,0.012189,0.012095,3.964231
4.50528,361.18,3.968082,0.012132,0.012038,3.955950
4.50568,361.21,3.959765,0.012076,0.011982,3.947689
4.50608,361.24,3.951469,0.012020,0.011926,3.939449
4.50648,361.28,3.943193,0.011965,0.011871,3.931229
4.50688,361.31,3.934938,0.011910,0.011816,3.923028
4.50728,361.34,3.926704,0.011855,0.011761,3.914849
4.50768,361.37,3.918489,0.011801,0.011707,3.906689
4.50808,361.40,3.910296,0.011747,0.011653,3.898549
4.50848,361.44,3.902122,0.011693,0.011600,3.890429
4.50888,361.47,3.893969,0.011640,0.011546,3.882329
4.50928,361.50,3.885837,0.011587,0.011494,3.874250
4.50968,361.53,3.877724,0.011535,0.011441,3.866190
4.51008,361.56,3.869632,0.011483,0.011389,3.858149
4.51048,361.60,3.861560,0.011431,0.011337,3.850129
4.51088,361.63,3.853508,0.011380,0.011286,3.842129
4.51128,361.66,3.845476,0.011328,0.011235,3.834148
4.51168,361.69,3.837465,0.011278,0.011184,3.826187
4.51208,361.72,3.829473,0.011227,0.011134,3.818246
4.51248,361.76,3.821501,0.011177,0.011084,3.810324
4.51288,361.79,3.813549,0.011128,0.011034,3.802422
4.51328,361.82,3.805617,0.011078,0.010985,3.794539
4.51368,361.85,3.797705,0.011029,0.010936,3.786676
4.51408,361.88,3.789813,0.010981,0.010887,3.778832
4.51448,361.92,3.781940,0.010932,0.010839,3.771008
4.51488,361.95,3.774087,0.010884,0.010791,3.763203
4.51528,361.98,3.766254,0.010836,0.010743,3.755418
4.51568,362.01,3.758441,0.010789,0.010696,3.747652
4.51608,362.04,3.750647,0.010742,0.010649,3.739905
4.51648,362.08,3.742872,0.010695,0.010602,3.732177
4.51688,362.11,3.735117,0.010649,0.010556,3.724468
4.51728,362.14,3.727382,0.010602,0.010510,3.716779
4.51768,362.17,3.719665,0.010557,0.010464,3.709109
4.51808,362.21,3.711969,0.010511,0.010418,3.701458
4.51848,362.24,3.704291,0.010466,0.010373,3.693826
4.51888,362.27,3.696633,0.010421,0.010328,3.686212
4.51928,362.30,3.688994,0.010376,0.010283,3.678618
4.51968,362.33,3.681375,0.010332,0.010239,3.671043
4.52008,362.37,3.673774,0.010287,0.010195,3.663487
4.52048,362.40,3.666193,0.010244,0.010151,3.655949
4.52088,362.43,3.658630,0.010200,0.010107,3.648430
4.52128,362.46,3.651087,0.010157,0.010064,3.640930
4.52168,362.49,3.643563,0.010114,0.010021,3.633449
4.52208,362.53,3.636057,0.010071,0.009978,3.625986
4.52248,362.56,3.628571,0.010029,0.009936,3.618542
4.52288,362.59,3.621103,0.009986,0.009894,3.611117
4.52328,362.62,3.613654,0.009944,0.009852,3.603710
4.52368,362.65,3.606224,0.009903,0.009810,3.596321
4.52408,362.69,3.598813,0.009861,0.009769,3.588951
4.52448,362.72,3.591420,0.009820,0.009728,3.581600
4.52488,362.75,3.584046,0.009779,0.009687,3.574266
4.52528,362.78,3.576690,0.009739,0.009646,3.566952
4.52568,362.81,3.569353,0.009698,0.009606,3.559655
4.52608,362.85,3.562035,0.009658,0.009566,3.552377
4.52648,362.88,3.554735,0.009618,0.009526,3.545117
4.52688,362.91,3.547454,0.009579,0.009487,3.537875
4.52728,362.94,3.540190,0.009539,0.009447,3.530651
4.52768,362.97,3.532946,0.009500,0.009408,3.523445
4.52808,363.01,3.525719,0.009461,0.009369,3.516258
4.52848,363.04,3.518511,0.009423,0.009331,3.509088
4.52888,363.07,3.511321,0.009384,0.009292,3.501936
4.52928,363.10,3.504149,0.009346,0.009254,3.494803
4.52968,363.14,3.496995,0.009308,0.009216,3.487687
4.53008,363.17,3.489859,0.009271,0.009179,3.480589
4.53048,363.20,3.482742,0.009233,0.009141,3.473509
4.53088,363.23,3.475642,0.009196,0.009104,3.466446
4.53128,363.26,3.468560,0.009159,0.009067,3.459402
4.53168,363.30,3.461497,0.009122,0.009030,3.452375
4.53208,363.33,3.454451,0.009085,0.008994,3.445365
4.53248,363.36,3.447422,0.009049,0.008957,3.438373
4.53288,363.39,3.440412,0.009013,0.008921,3.431399
4.53328,363.42,3.433419,0.008977,0.008885,3.424442
4.53368,363.46,3.426445,0.008941,0.008850,3.417503
4.53408,363.49,3.419487,0.008906,0.008814,3.410581
4.53448,363.52,3.412548,0.008871,0.008779,3.403677
4.53488,363.55,3.405625,0.008836,0.008744,3.396790
4.53528,363.58,3.398721,0.008801,0.008709,3.389920
4.53568,363.62,3.391834,0.008766,0.008675,3.383068
4.53608,363.65,3.384964,0.008732,0.008640,3.376232
4.53648,363.68,3.378112,0.008697,0.008606,3.369414
4.53688,363.71,3.371277,0.008663,0.008572,3.362613
4.53728,363.74,3.364459,0.008630,0.008538,3.355830
4.53768,363.78,3.357659,0.008596,0.008505,3.349063
4.53808,363.81,3.350876,0.008562,0.008471,3.342313
4.53848,363.84,3.344110,0.008529,0.008438,3.335580
4.53888,363.87,3.337361,0.008496,0.008405,3.328864
4.53928,363.90,3.330629,0.008463,0.008372,3.322166
4.53968,363.94,3.323914,0.008431,0.008340,3.315484
4.54008,363.97,3.317217,0.008398,0.008307,3.308818
4.54048,364.00,3.310536,0.008366,0.008275,3.302170
4.54088,364.03,3.303872,0.008334,0.008243,3.295538
4.54128,364.06,3.297225,0.008302,0.008211,3.288923
4.54168,364.10,3.290595,0.008270,0.008179,3.282325
4.54208,364.13,3.283982,0.008239,0.008148,3.275743
4.54248,364.16,3.277385,0.008207,0.008116,3.269178
4.54288,364.19,3.270805,0.008176,0.008085,3.262629
4.54328,364.23,3.264242,0.008145,0.008054,3.256097
4.54368,364.26,3.257696,0.008114,0.008024,3.249581
4.54408,364.29,3.251166,0.008084,0.007993,3.243082
4.54448,364.32,3.244652,0.008053,0.007962,3.236599
4.54488,364.35,3.238156,0.008023,0.007932,3.230133
4.54528,364.39,3.231675,0.007993,0.007902,3.223682
4.54568,364.42,3.225211,0.007963,0.007872,3.217248
4.54608,364.45,3.218763,0.007933,0.007842,3.210830
4.54648,364.48,3.212332,0.007904,0.007813,3.204429
4.54688,364.51,3.205917,0.007874,0.007783,3.198043
4.54728,364.55,3.199518,0.007845,0.007754,3.191674
4.54768,364.58,3.193136,0.007816,0.007725,3.185320
4.54808,364.61,3.186770,0.007787,0.007696,3.178983
4.54848,364.64,3.180419,0.007758,0.007667,3.172661
4.54888,364.67,3.174085,0.007729,0.007639,3.166356
4.54928,364.71,3.167767,0.007701,0.007610,3.160066
4.54968,364.74,3.161465,0.007673,0.007582,3.153792
4.55008,364.77,3.155179,0.007644,0.007554,3.147534
4.55048,364.80,3.148909,0.007616,0.007526,3.141292
4.55088,364.83,3.142654,0.007589,0.007498,3.135066
4.55128,364.87,3.136416,0.007561,0.007471,3.128855
4.55168,364.90,3.130193,0.007533,0.007443,3.122660
4.55208,364.93,3.123986,0.007506,0.007416,3.116480
4.55248,364.96,3.117795,0.007479,0.007388,3.110316
4.55288,364.99,3.111619,0.007452,0.007361,3.104168
4.55328,365.03,3.105460,0.007425,0.007335,3.098035
4.55368,365.06,3.099315,0.007398,0.007308,3.091917
4.55408,365.09,3.093186,0.007371,0.007281,3.085815
4.55448,365.12,3.087073,0.007345,0.007255,3.079728
4.55488,365.16,3.080975,0.007318,0.007228,3.073657
4.55528,365.19,3.074893,0.007292,0.007202,3.067601
4.55568,365.22,3.068826,0.007266,0.007176,3.061560
4.55608,365.25,3.062775,0.007240,0.007150,3.055534
4.55648,365.28,3.056738,0.007214,0.007124,3.049524
4.55688,365.32,3.050717,0.007189,0.007099,3.043529
4.55728,365.35,3.044712,0.007163,0.007073,3.037548
4.55768,365.38,3.038721,0.007138,0.007048,3.031583
4.55808,365.41,3.032746,0.007113,0.007023,3.025633
4.55848,365.44,3.026785,0.007088,0.006998,3.019698
4.55888,365.48,3.020840,0.007063,0.006973,3.013777
4.55928,365.51,3.014910,0.007038,0.006948,3.007872
4.55968,365.54,3.008995,0.007013,0.006923,3.001981
4.56008,365.57,3.003094,0.006988,0.006899,2.996106
4.56048,365.60,2.997209,0.006964,0.006874,2.990245
4.56088,365.64,2.991338,0.006940,0.006850,2.984399
4.56128,365.67,2.985483,0.006915,0.006826,2.978567
4.56168,365.70,2.979642,0.006891,0.006802,2.972750
4.56208,365.73,2.973816,0.006868,0.006778,2.966948
4.56248,365.76,2.968004,0.006844,0.006754,2.961161
4.56288,365.80,2.962208,0.006820,0.006731,2.955388
4.56328,365.83,2.956426,0.006796,0.006707,2.949629
4.56368,365.86,2.950658,0.006773,0.006684,2.943885
4.56408,365.89,2.944905,0.006750,0.006660,2.938155
4.56448,365.92,2.939167,0.006727,0.006637,2.932440
4.56488,365.96,2.933443,0.006703,0.006614,2.926739
4.56528,365.99,2.927733,0.006681,0.006591,2.921053
4.56568,366.02,2.922038,0.006658,0.006568,2.915381
4.56608,366.05,2.916358,0.006635,0.006546,2.909723
4.56648,366.09,2.910691,0.006612,0.006523,2.904079
4.56688,366.12,2.905039,0.006590,0.006501,2.898449
4.56728,366.15,2.899401,0.006568,0.006478,2.892834
4.56768,366.18,2.893778,0.006545,0.006456,2.887232
4.56808,366.21,2.888168,0.006523,0.006434,2.881645
4.56848,366.25,2.882573,0.006501,0.006412,2.876072
4.56888,366.28,2.876992,0.006479,0.006390,2.870513
4.56928,366.31,2.871425,0.006457,0.006368,2.864967
4.56968,366.34,2.865871,0.006436,0.006347,2.859436
4.57008,366.37,2.860332,0.006414,0.006325,2.853918
4.57048,366.41,2.854807,0.006393,0.006304,2.848414
4.57088,366.44,2.849296,0.006371,0.006282,2.842924
4.57128,366.47,2.843798,0.006350,0.006261,2.837448
4.57168,366.50,2.838315,0.006329,0.006240,2.831986
4.57208,366.53,2.832845,0.006308,0.006219,2.826537
4.57248,366.57,2.827389,0.006287,0.006198,2.821102
4.57288,366.60,2.821947,0.006266,0.006177,2.815680
4.57328,366.63,2.816518,0.006245,0.006157,2.810272
4.57368,366.66,2.811103,0.006225,0.006136,2.804878
4.57408,366.69,2.805702,0.006204,0.006116,2.799497
4.57448,366.73,2.800314,0.006184,0.006095,2.794130
4.57488,366.76,2.794939,0.006164,0.006075,2.788776
4.57528,366.79,2.789579,0.006143,0.006055,2.783435
4.57568,366.82,2.784231,0.006123,0.006035,2.778108
4.57608,366.85,2.778897,0.006103,0.006015,2.772794
4.57648,366.89,2.773577,0.006083,0.005995,2.767494
4.57688,366.92,2.768270,0.006064,0.005975,2.762206
4.57728,366.95,2.762976,0.006044,0.005955,2.756932
4.57768,366.98,2.757695,0.006024,0.005936,2.751671
4.57808,367.02,2.752428,0.006005,0.005916,2.746423
4.57848,367.05,2.747174,0.005985,0.005897,2.741189
4.57888,367.08,2.741933,0.005966,0.005878,2.735967
4.57928,367.11,2.736705,0.005947,0.005858,2.730758
4.57968,367.14,2.731490,0.005928,0.005839,2.725563
4.58008,367.18,2.726289,0.005908,0.005820,2.720380
4.58048,367.21,2.721100,0.005890,0.005801,2.715211
4.58088,367.24,2.715924,0.005871,0.005783,2.710054
4.58128,367.27,2.710762,0.005852,0.005764,2.704910
4.58168,367.30,2.705612,0.005833,0.005745,2.699779
4.58208,367.34,2.700475,0.005815,0.005727,2.694660
4.58248,367.37,2.695351,0.005796,0.005708,2.689555
4.58288,367.40,2.690240,0.005778,0.005690,2.684462
4.58328,367.43,2.685141,0.005759,0.005671,2.679382
4.58368,367.46,2.680056,0.005741,0.005653,2.674315
4.58408,367.50,2.674983,0.005723,0.005635,2.669260
4.58448,367.53,2.669922,0.005705,0.005617,2.664217
4.58488,367.56,2.664875,0.005687,0.005599,2.659188
4.58528,367.59,2.659840,0.005669,0.005581,2.654170
4.58568,367.62,2.654817,0.005651,0.005564,2.649166
4.58608,367.66,2.649807,0.005634,0.005546,2.644173
4.58648,367.69,2.644810,0.005616,0.005528,2.639194
4.58688,367.72,2.639825,0.005598,0.005511,2.634226
4.58728,367.75,2.634852,0.005581,0.005493,2.629271
4.58768,367.78,2.629892,0.005564,0.005476,2.624328
4.58808,367.82,2.624944,0.005546,0.005459,2.619398
4.58848,367.85,2.620008,0.005529,0.005441,2.614479
4.58888,367.88,2.615085,0.005512,0.005424,2.609573
4.58928,367.91,2.610174,0.005495,0.005407,2.604679
4.58968,367.95,2.605275,0.005478,0.005390,2.599798
4.59008,367.98,2.600389,0.005461,0.005373,2.594928
4.59048,368.01,2.595514,0.005444,0.005357,2.590070
4.59088,368.04,2.590652,0.005427,0.005340,2.585225
4.59128,368.07,2.585802,0.005411,0.005323,2.580391
4.59168,368.11,2.580964,0.005394,0.005307,2.575570
4.59208,368.14,2.576138,0.005378,0.005290,2.570760
4.59248,368.17,2.571324,0.005361,0.005274,2.565962
4.59288,368.20,2.566521,0.005345,0.005258,2.561177
4.59328,368.23,2.561731,0.005329,0.005241,2.556403
4.59368,368.27,2.556953,0.005312,0.005225,2.551640
4.59408,368.30,2.552186,0.005296,0.005209,2.546890
4.59448,368.33,2.547432,0.005280,0.005193,2.542151
4.59488,368.36,2.542689,0.005264,0.005177,2.537424
4.59528,368.39,2.537957,0.005248,0.005161,2.532709
4.59568,368.43,2.533238,0.005232,0.005145,2.528006
4.59608,368.46,2.528530,0.005217,0.005130,2.523314
4.59648,368.49,2.523834,0.005201,0.005114,2.518633
4.59688,368.52,2.519150,0.005185,0.005098,2.513964
4.59728,368.55,2.514477,0.005170,0.005083,2.509307
4.59768,368.59,2.509816,0.005154,0.005067,2.504661
4.59808,368.62,2.505166,0.005139,0.005052,2.500027
4.59848,368.65,2.500528,0.005124,0.005037,2.495404
4.59888,368.68,2.495901,0.005108,0.005021,2.490792
4.59928,368.71,2.491285,0.005093,0.005006,2.486192
4.59968,368.75,2.486681,0.005078,0.004991,2.481603
4.60008,368.78,2.482089,0.005063,0.004976,2.477026
4.60048,368.81,2.477508,0.005048,0.004961,2.472460
4.60088,368.84,2.472938,0.005033,0.004946,2.467905
4.60128,368.88,2.468379,0.005018,0.004931,2.463361
4.60168,368.91,2.463831,0.005003,0.004917,2.458828
4.60208,368.94,2.459295,0.004989,0.004902,2.454307
4.60248,368.97,2.454770,0.004974,0.004887,2.449796
4.60288,369.00,2.450256,0.004959,0.004873,2.445297
4.60328,369.04,2.445753,0.004945,0.004858,2.440809
4.60368,369.07,2.441262,0.004930,0.004844,2.436331
4.60408,369.10,2.436781,0.004916,0.004830,2.431865
4.60448,369.13,2.432311,0.004902,0.004815,2.427410
4.60488,369.16,2.427853,0.004887,0.004801,2.422965
4.60528,369.20,2.423405,0.004873,0.004787,2.418532
4.60568,369.23,2.418968,0.004859,0.004773,2.414109
4.60608,369.26,2.414542,0.004845,0.004759,2.409697
4.60648,369.29,2.410127,0.004831,0.004745,2.405296
4.60688,369.32,2.405723,0.004817,0.004731,2.400906
4.60728,369.36,2.401330,0.004803,0.004717,2.396527
4.60768,369.39,2.396947,0.004789,0.004703,2.392158
4.60808,369.42,2.392576,0.004775,0.004689,2.387800
4.60848,369.45,2.388214,0.004762,0.004676,2.383453
4.60888,369.48,2.383864,0.004748,0.004662,2.379116
4.60928,369.52,2.379524,0.004734,0.004648,2.374790
4.60968,369.55,2.375195,0.004721,0.004635,2.370474
4.61008,369.58,2.370877,0.004707,0.004621,2.366169
4.61048,369.61,2.366569,0.004694,0.004608,2.361875
4.61088,369.64,2.362271,0.004681,0.004595,2.357591
4.61128,369.68,2.357984,0.004667,0.004581,2.353317
4.61168,369.71,2.353708,0.004654,0.004568,2.349054
4.61208,369.74,2.349442,0.004641,0.004555,2.344801
4.61248,369.77,2.345186,0.004628,0.004542,2.340559
4.61288,369.81,2.340941,0.004615,0.004529,2.336326
4.61328,369.84,2.336706,0.004602,0.004516,2.332105
4.61368,369.87,2.332482,0.004589,0.004503,2.327893
4.61408,369.90,2.328268,0.004576,0.004490,2.323692
4.61448,369.93,2.324064,0.004563,0.004477,2.319501
4.61488,369.97,2.319870,0.004550,0.004464,2.315320
4.61528,370.00,2.315687,0.004537,0.004452,2.311149
4.61568,370.03,2.311513,0.004525,0.004439,2.306989
4.61608,370.06,2.307350,0.004512,0.004426,2.302838
4.61648,370.09,2.303197,0.004499,0.004414,2.298698
4.61688,370.13,2.299055,0.004487,0.004401,2.294568
4.61728,370.16,2.294922,0.004474,0.004389,2.290447
4.61768,370.19,2.290799,0.004462,0.004376,2.286337
4.61808,370.22,2.286686,0.004450,0.004364,2.282237
4.61848,370.25,2.282584,0.004437,0.004352,2.278146
4.61888,370.29,2.278491,0.004425,0.004340,2.274066
4.61928,370.32,2.274408,0.004413,0.004327,2.269995
4.61968,370.35,2.270335,0.004401,0.004315,2.265934
4.62008,370.38,2.266272,0.004389,0.004303,2.261883
4.62048,370.41,2.262219,0.004376,0.004291,2.257842
4.62088,370.45,2.258175,0.004364,0.004279,2.253811
4.62128,370.48,2.254142,0.004353,0.004267,2.249789
4.62168,370.51,2.250118,0.004341,0.004255,2.245777
4.62208,370.54,2.246104,0.004329,0.004243,2.241775
4.62248,370.57,2.242099,0.004317,0.004232,2.237783
4.62288,370.61,2.238105,0.004305,0.004220,2.233800
4.62328,370.64,2.234120,0.004293,0.004208,2.229826
4.62368,370.67,2.230144,0.004282,0.004197,2.225863
4.62408,370.70,2.226179,0.004270,0.004185,2.221908
4.62448,370.74,2.222222,0.004259,0.004173,2.217964
4.62488,370.77,2.218276,0.004247,0.004162,2.214029
4.62528,370.80,2.214338,0.004236,0.004151,2.210103
4.62568,370.83,2.210411,0.004224,0.004139,2.206187
4.62608,370.86,2.206493,0.004213,0.004128,2.202280
4.62648,370.90,2.202584,0.004201,0.004116,2.198382
4.62688,370.93,2.198684,0.004190,0.004105,2.194494
4.62728,370.96,2.194795,0.004179,0.004094,2.190616
4.62768,370.99,2.190914,0.004168,0.004083,2.186746
4.62808,371.02,2.187043,0.004157,0.004072,2.182886
4.62848,371.06,2.183181,0.004145,0.004061,2.179035
4.62888,371.09,2.179328,0.004134,0.004050,2.175194
4.62928,371.12,2.175485,0.004123,0.004039,2.171361
4.62968,371.15,2.171651,0.004112,0.004028,2.167538
4.63008,371.18,2.167826,0.004101,0.004017,2.163724
4.63048,371.22,2.164010,0.004091,0.004006,2.159919
4.63088,371.25,2.160203,0.004080,0.003995,2.156123
4.63128,371.28,2.156406,0.004069,0.003984,2.152337
4.63168,371.31,2.152617,0.004058,0.003974,2.148559
4.63208,371.34,2.148838,0.004047,0.003963,2.144790
4.63248,371.38,2.145068,0.004037,0.003952,2.141031
4.63288,371.41,2.141306,0.004026,0.003942,2.137280
4.63328,371.44,2.137554,0.004016,0.003931,2.133538
4.63368,371.47,2.133811,0.004005,0.003921,2.129806
4.63408,371.50,2.130076,0.003995,0.003910,2.126082
4.63448,371.54,2.126351,0.003984,0.003900,2.122367
4.63488,371.57,2.122634,0.003974,0.003889,2.118661
4.63528,371.60,2.118927,0.003963,0.003879,2.114964
4.63568,371.63,2.115228,0.003953,0.003869,2.111275
4.63608,371.67,2.111538,0.003943,0.003858,2.107595
4.63648,371.70,2.107857,0.003932,0.003848,2.103924
4.63688,371.73,2.104184,0.003922,0.003838,2.100262
4.63728,371.76,2.100521,0.003912,0.003828,2.096609
4.63768,371.79,2.096866,0.003902,0.003818,2.092964
4.63808,371.83,2.093220,0.003892,0.003808,2.089328
4.63848,371.86,2.089582,0.003882,0.003798,2.085700
4.63888,371.89,2.085953,0.003872,0.003788,2.082081
4.63928,371.92,2.082333,0.003862,0.003778,2.078471
4.63968,371.95,2.078721,0.003852,0.003768,2.074869
4.64008,371.99,2.075118,0.003842,0.003758,2.071276
4.64048,372.02,2.071524,0.003832,0.003748,2.067692
4.64088,372.05,2.067938,0.003822,0.003738,2.064115
4.64128,372.08,2.064360,0.003813,0.003729,2.060548
4.64168,372.11,2.060791,0.003803,0.003719,2.056988
4.64208,372.15,2.057231,0.003793,0.003709,2.053438
4.64248,372.18,2.053678,0.003783,0.003700,2.049895
4.64288,372.21,2.050135,0.003774,0.003690,2.046361
4.64328,372.24,2.046599,0.003764,0.003680,2.042835
4.64368,372.27,2.043072,0.003755,0.003671,2.039318
4.64408,372.31,2.039554,0.003745,0.003661,2.035809
4.64448,372.34,2.036044,0.003736,0.003652,2.032308
4.64488,372.37,2.032542,0.003726,0.003643,2.028815
4.64528,372.40,2.029048,0.003717,0.003633,2.025331
4.64568,372.43,2.025562,0.003707,0.003624,2.021855
4.64608,372.47,2.022085,0.003698,0.003615,2.018387
4.64648,372.50,2.018616,0.003689,0.003605,2.014927
4.64688,372.53,2.015155,0.003680,0.003596,2.011476
4.64728,372.56,2.011702,0.003670,0.003587,2.008032
4.64768,372.60,2.008258,0.003661,0.003578,2.004597
4.64808,372.63,2.004821,0.003652,0.003569,2.001169
4.64848,372.66,2.001393,0.003643,0.003559,1.997750
4.64888,372.69,1.997973,0.003634,0.003550,1.994339
4.64928,372.72,1.994560,0.003625,0.003541,1.990935
4.64968,372.76,1.991156,0.003616,0.003532,1.987540
4.65008,372.79,1.987760,0.003607,0.003523,1.984153
4.65048,372.82,1.984371,0.003598,0.003514,1.980774
4.65088,372.85,1.980991,0.003589,0.003506,1.977402
4.65128,372.88,1.977619,0.003580,0.003497,1.974039
4.65168,372.92,1.974254,0.003571,0.003488,1.970683
4.65208,372.95,1.970897,0.003562,0.003479,1.967335
4.65248,372.98,1.967549,0.003554,0.003470,1.963995
4.65288,373.01,1.964208,0.003545,0.003462,1.960663
4.65328,373.04,1.960875,0.003536,0.003453,1.957338
4.65368,373.08,1.957549,0.003527,0.003444,1.954022
4.65408,373.11,1.954232,0.003519,0.003436,1.950713
4.65448,373.14,1.950922,0.003510,0.003427,1.947412
4.65488,373.17,1.947620,0.003502,0.003419,1.944118
4.65528,373.20,1.944325,0.003493,0.003410,1.940832
4.65568,373.24,1.941039,0.003485,0.003402,1.937554
4.65608,373.27,1.937760,0.003476,0.003393,1.934284
4.65648,373.30,1.934488,0.003468,0.003385,1.931021
4.65688,373.33,1.931225,0.003459,0.003376,1.927766
4.65728,373.36,1.927969,0.003451,0.003368,1.924518
4.65768,373.40,1.924720,0.003442,0.003360,1.921278
4.65808,373.43,1.921479,0.003434,0.003351,1.918045
4.65848,373.46,1.918246,0.003426,0.003343,1.914820
4.65888,373.49,1.915020,0.003417,0.003335,1.911602
4.65928,373.52,1.911801,0.003409,0.003326,1.908392
4.65968,373.56,1.908590,0.003401,0.003318,1.905189
4.66008,373.59,1.905387,0.003393,0.003310,1.901994
4.66048,373.62,1.902191,0.003385,0.003302,1.898806
4.66088,373.65,1.899002,0.003377,0.003294,1.895626
4.66128,373.69,1.895821,0.003368,0.003286,1.892452
4.66168,373.72,1.892647,0.003360,0.003278,1.889287
4.66208,373.75,1.889480,0.003352,0.003270,1.886128
4.66248,373.78,1.886321,0.003344,0.003262,1.882977
4.66288,373.81,1.883169,0.003336,0.003254,1.879833
4.66328,373.85,1.880025,0.003328,0.003246,1.876696
4.66368,373.88,1.876887,0.003321,0.003238,1.873567
4.66408,373.91,1.873757,0.003313,0.003230,1.870445
4.66448,373.94,1.870635,0.003305,0.003222,1.867330
4.66488,373.97,1.867519,0.003297,0.003215,1.864222
4.66528,374.01,1.864410,0.003289,0.003207,1.861121
4.66568,374.04,1.861309,0.003281,0.003199,1.858028
4.66608,374.07,1.858215,0.003274,0.003191,1.854941
4.66648,374.10,1.855128,0.003266,0.003184,1.851862
4.66688,374.13,1.852048,0.003258,0.003176,1.848790
4.66728,374.17,1.848975,0.003251,0.003168,1.845725
4.66768,374.20,1.845910,0.003243,0.003161,1.842667
4.66808,374.23,1.842851,0.003235,0.003153,1.839616
4.66848,374.26,1.839799,0.003228,0.003146,1.836572
4.66888,374.29,1.836755,0.003220,0.003138,1.833534
4.66928,374.33,1.833717,0.003213,0.003131,1.830504
4.66968,374.36,1.830686,0.003205,0.003123,1.827481
4.67008,374.39,1.827663,0.003198,0.003116,1.824465
4.67048,374.42,1.824646,0.003190,0.003108,1.821456
4.67088,374.45,1.821636,0.003183,0.003101,1.818453
4.67128,374.49,1.818633,0.003175,0.003093,1.815458
4.67168,374.52,1.815637,0.003168,0.003086,1.812469
4.67208,374.55,1.812648,0.003161,0.003079,1.809487
4.67248,374.58,1.809665,0.003153,0.003072,1.806512
4.67288,374.62,1.806690,0.003146,0.003064,1.803544
4.67328,374.65,1.803721,0.003139,0.003057,1.800582
4.67368,374.68,1.800759,0.003132,0.003050,1.797627
4.67408,374.71,1.797804,0.003124,0.003043,1.794679
4.67448,374.74,1.794855,0.003117,0.003035,1.791738
4.67488,374.78,1.791913,0.003110,0.003028,1.788803
4.67528,374.81,1.788978,0.003103,0.003021,1.785875
4.67568,374.84,1.786050,0.003096,0.003014,1.782954
4.67608,374.87,1.783128,0.003089,0.003007,1.780040
4.67648,374.90,1.780213,0.003082,0.003000,1.777132
4.67688,374.94,1.777305,0.003075,0.002993,1.774230
4.67728,374.97,1.774403,0.003068,0.002986,1.771335
4.67768,375.00,1.771508,0.003061,0.002979,1.768447
4.67808,375.03,1.768619,0.003054,0.002972,1.765566
4.67848,375.06,1.765737,0.003047,0.002965,1.762690
4.67888,375.10,1.762862,0.003040,0.002958,1.759822
4.67928,375.13,1.759993,0.003033,0.002951,1.756960
4.67968,375.16,1.757130,0.003026,0.002945,1.754104
4.68008,375.19,1.754274,0.003019,0.002938,1.751255
4.68048,375.22,1.751425,0.003012,0.002931,1.748412
4.68088,375.26,1.748582,0.003006,0.002924,1.745576
4.68128,375.29,1.745745,0.002999,0.002918,1.742746
4.68168,375.32,1.742915,0.002992,0.002911,1.739923
4.68208,375.35,1.740091,0.002985,0.002904,1.737105
4.68248,375.38,1.737273,0.002979,0.002897,1.734295
4.68288,375.42,1.734462,0.002972,0.002891,1.731490
4.68328,375.45,1.731658,0.002965,0.002884,1.728692
4.68368,375.48,1.728859,0.002959,0.002878,1.725900
4.68408,375.51,1.726067,0.002952,0.002871,1.723115
4.68448,375.55,1.723281,0.002945,0.002864,1.720336
4.68488,375.58,1.720502,0.002939,0.002858,1.717563
4.68528,375.61,1.717728,0.002932,0.002851,1.714796
4.68568,375.64,1.714961,0.002926,0.002845,1.712036
4.68608,375.67,1.712201,0.002919,0.002838,1.709281
4.68648,375.71,1.709446,0.002913,0.002832,1.706533
4.68688,375.74,1.706698,0.002906,0.002825,1.703791
4.68728,375.77,1.703955,0.002900,0.002819,1.701055
4.68768,375.80,1.701219,0.002894,0.002813,1.698326
4.68808,375.83,1.698489,0.002887,0.002806,1.695602
4.68848,375.87,1.695766,0.002881,0.002800,1.692885
4.68888,375.90,1.693048,0.002874,0.002794,1.690173
4.68928,375.93,1.690336,0.002868,0.002787,1.687468
4.68968,375.96,1.687631,0.002862,0.002781,1.684769
4.69008,375.99,1.684931,0.002856,0.002775,1.682076
4.69048,376.03,1.682238,0.002849,0.002769,1.679388
4.69088,376.06,1.679550,0.002843,0.002762,1.676707
4.69128,376.09,1.676869,0.002837,0.002756,1.674032
4.69168,376.12,1.674194,0.002831,0.002750,1.671363
4.69208,376.15,1.671524,0.002824,0.002744,1.668700
4.69248,376.19,1.668861,0.002818,0.002738,1.666042
4.69288,376.22,1.666203,0.002812,0.002732,1.663391
4.69328,376.25,1.663551,0.002806,0.002725,1.660745
4.69368,376.28,1.660906,0.002800,0.002719,1.658106
4.69408,376.31,1.658266,0.002794,0.002713,1.655472
4.69448,376.35,1.655632,0.002788,0.002707,1.652844
4.69488,376.38,1.653004,0.002782,0.002701,1.650222
4.69528,376.41,1.650382,0.002776,0.002695,1.647606
4.69568,376.44,1.647765,0.002770,0.002689,1.644995
4.69608,376.48,1.645155,0.002764,0.002683,1.642391
4.69648,376.51,1.642550,0.002758,0.002677,1.639792
4.69688,376.54,1.639951,0.002752,0.002672,1.637199
4.69728,376.57,1.637357,0.002746,0.002666,1.634612
4.69768,376.60,1.634770,0.002740,0.002660,1.632030
4.69808,376.64,1.632188,0.002734,0.002654,1.629454
4.69848,376.67,1.629612,0.002728,0.002648,1.626884
4.69888,376.70,1.627042,0.002722,0.002642,1.624319
4.69928,376.73,1.624477,0.002717,0.002636,1.621760
4.69968,376.76,1.621918,0.002711,0.002631,1.619207
