ppm,hz,total_with_exchange,total_carbon_bound,exchangeable pool (H2O/OH/COOH),EGDA O-CH2,EGMA CH2-OC(O),EGMA CH2-OH,EG O-CH2
3.40006,272.58,0.382307,0.004770,0.377538,0.000004,0.000044,0.000226,0.004191
3.40046,272.61,0.382628,0.004783,0.377846,0.000004,0.000044,0.000227,0.004204
3.40086,272.64,0.382950,0.004796,0.378154,0.000004,0.000045,0.000227,0.004217
3.40126,272.67,0.383272,0.004810,0.378462,0.000004,0.000045,0.000228,0.004230
3.40166,272.70,0.383594,0.004823,0.378771,0.000004,0.000045,0.000228,0.004243
3.40206,272.74,0.383917,0.004837,0.379081,0.000004,0.000045,0.000229,0.004256
3.40246,272.77,0.384241,0.004850,0.379390,0.000004,0.000045,0.000229,0.004270
3.40286,272.80,0.384564,0.004864,0.379701,0.000004,0.000045,0.000230,0.004283
3.40326,272.83,0.384888,0.004877,0.380011,0.000004,0.000045,0.000230,0.004296
3.40366,272.86,0.385213,0.004891,0.380322,0.000004,0.000045,0.000231,0.004310
3.40406,272.90,0.385538,0.004905,0.380633,0.000004,0.000045,0.000231,0.004323
3.40446,272.93,0.385864,0.004919,0.380945,0.000004,0.000045,0.000232,0.004337
3.40486,272.96,0.386190,0.004933,0.381257,0.000004,0.000045,0.000232,0.004350
3.40526,272.99,0.386516,0.004947,0.381569,0.000004,0.000045,0.000233,0.004364
3.40566,273.02,0.386843,0.004961,0.381882,0.000004,0.000045,0.000233,0.004378
3.40606,273.06,0.387170,0.004975,0.382195,0.000004,0.000045,0.000234,0.004391
3.40646,273.09,0.387498,0.004989,0.382508,0.000004,0.000045,0.000234,0.004405
3.40686,273.12,0.387826,0.005004,0.382822,0.000004,0.000045,0.000235,0.004419
3.40726,273.15,0.388155,0.005018,0.383137,0.000004,0.000045,0.000235,0.004433
3.40766,273.19,0.388484,0.005033,0.383451,0.000004,0.000045,0.000236,0.004447
3.40806,273.22,0.388813,0.005047,0.383766,0.000004,0.000045,0.000236,0.004461
3.40846,273.25,0.389143,0.005062,0.384082,0.000004,0.000045,0.000237,0.004475
3.40886,273.28,0.389474,0.005076,0.384397,0.000004,0.000045,0.000238,0.004490
3.40926,273.31,0.389805,0.005091,0.384714,0.000004,0.000045,0.000238,0.004504
3.40966,273.35,0.390136,0.005106,0.385030,0.000004,0.000045,0.000239,0.004518
3.41006,273.38,0.390468,0.005121,0.385347,0.000004,0.000046,0.000239,0.004533
3.41046,273.41,0.390800,0.005136,0.385664,0.000004,0.000046,0.000240,0.004547
3.41086,273.44,0.391133,0.005151,0.385982,0.000004,0.000046,0.000240,0.004562
3.41126,273.47,0.391466,0.005166,0.386300,0.000004,0.000046,0.000241,0.004577
3.41166,273.51,0.391800,0.005181,0.386619,0.000004,0.000046,0.000241,0.004591
3.41206,273.54,0.392134,0.005196,0.386938,0.000004,0.000046,0.000242,0.004606
3.41246,273.57,0.392468,0.005211,0.387257,0.000004,0.000046,0.000242,0.004621
3.41286,273.60,0.392803,0.005227,0.387577,0.000004,0.000046,0.000243,0.004636
3.41326,273.63,0.393139,0.005242,0.387897,0.000004,0.000046,0.000243,0.004651
3.41366,273.67,0.393475,0.005258,0.388217,0.000004,0.000046,0.000244,0.004666
3.41406,273.70,0.393811,0.005273,0.388538,0.000004,0.000046,0.000245,0.004681
3.41446,273.73,0.394148,0.005289,0.388859,0.000004,0.000046,0.000245,0.004697
3.41486,273.76,0.394485,0.005305,0.389181,0.000004,0.000046,0.000246,0.004712
3.41526,273.79,0.394823,0.005320,0.389503,0.000004,0.000046,0.000246,0.004727
3.41566,273.83,0.395162,0.005336,0.389825,0.000004,0.000046,0.000247,0.004743
3.41606,273.86,0.395500,0.005352,0.390148,0.000004,0.000046,0.000247,0.004758
3.41646,273.89,0.395840,0.005368,0.390471,0.000004,0.000046,0.000248,0.004774
3.41686,273.92,0.396179,0.005385,0.390795,0.000004,0.000046,0.000249,0.004790
3.41726,273.95,0.396520,0.005401,0.391119,0.000004,0.000046,0.000249,0.004805
3.41766,273.99,0.396860,0.005417,0.391443,0.000004,0.000046,0.000250,0.004821
3.41806,274.02,0.397201,0.005433,0.391768,0.000004,0.000046,0.000250,0.004837
3.41846,274.05,0.397543,0.005450,0.392093,0.000004,0.000046,0.000251,0.004853
3.41886,274.08,0.397885,0.005466,0.392419,0.000004,0.000047,0.000251,0.004869
3.41926,274.11,0.398228,0.005483,0.392745,0.000004,0.000047,0.000252,0.004885
3.41966,274.15,0.398571,0.005500,0.393071,0.000004,0.000047,0.000253,0.004902
3.42006,274.18,0.398914,0.005517,0.393398,0.000004,0.000047,0.000253,0.004918
3.42046,274.21,0.399259,0.005533,0.393725,0.000004,0.000047,0.000254,0.004934
3.42086,274.24,0.399603,0.005550,0.394053,0.000004,0.000047,0.000254,0.004951
3.42126,274.28,0.399948,0.005567,0.394381,0.000004,0.000047,0.000255,0.004967
3.42166,274.31,0.400294,0.005585,0.394709,0.000004,0.000047,0.000255,0.004984
3.42206,274.34,0.400640,0.005602,0.395038,0.000004,0.000047,0.000256,0.005001
3.42246,274.37,0.400986,0.005619,0.395367,0.000004,0.000047,0.000257,0.005018
3.42286,274.40,0.401333,0.005636,0.395697,0.000004,0.000047,0.000257,0.005035
3.42326,274.44,0.401681,0.005654,0.396027,0.000004,0.000047,0.000258,0.005052
3.42366,274.47,0.402029,0.005671,0.396357,0.000004,0.000047,0.000258,0.005069
3.42406,274.50,0.402377,0.005689,0.396688,0.000004,0.000047,0.000259,0.005086
3.42446,274.53,0.402726,0.005707,0.397019,0.000004,0.000047,0.000260,0.005103
3.42486,274.56,0.403076,0.005725,0.397351,0.000004,0.000047,0.000260,0.005121
3.42526,274.60,0.403426,0.005743,0.397683,0.000004,0.000047,0.000261,0.005138
3.42566,274.63,0.403776,0.005761,0.398016,0.000004,0.000047,0.000262,0.005155
3.42606,274.66,0.404127,0.005779,0.398348,0.000004,0.000047,0.000262,0.005173
3.42646,274.69,0.404479,0.005797,0.398682,0.000004,0.000047,0.000263,0.005191
3.42686,274.72,0.404831,0.005815,0.399016,0.000004,0.000047,0.000263,0.005209
3.42726,274.76,0.405183,0.005834,0.399350,0.000004,0.000047,0.000264,0.005227
3.42766,274.79,0.405536,0.005852,0.399684,0.000004,0.000048,0.000265,0.005244
3.42806,274.82,0.405890,0.005871,0.400019,0.000004,0.000048,0.000265,0.005263
3.42846,274.85,0.406244,0.005889,0.400355,0.000004,0.000048,0.000266,0.005281
3.42886,274.88,0.406598,0.005908,0.400690,0.000004,0.000048,0.000267,0.005299
3.42926,274.92,0.406954,0.005927,0.401027,0.000004,0.000048,0.000267,0.005317
3.42966,274.95,0.407309,0.005946,0.401363,0.000004,0.000048,0.000268,0.005336
3.43006,274.98,0.407665,0.005965,0.401700,0.000004,0.000048,0.000268,0.005354
3.43046,275.01,0.408022,0.005984,0.402038,0.000004,0.000048,0.000269,0.005373
3.43086,275.04,0.408379,0.006004,0.402376,0.000004,0.000048,0.000270,0.005392
3.43126,275.08,0.408737,0.006023,0.402714,0.000004,0.000048,0.000270,0.005411
3.43166,275.11,0.409095,0.006042,0.403053,0.000004,0.000048,0.000271,0.005430
3.43206,275.14,0.409454,0.006062,0.403392,0.000004,0.000048,0.000272,0.005449
3.43246,275.17,0.409813,0.006082,0.403731,0.000004,0.000048,0.000272,0.005468
3.43286,275.21,0.410173,0.006101,0.404071,0.000004,0.000048,0.000273,0.005487
3.43326,275.24,0.410533,0.006121,0.404412,0.000004,0.000048,0.000274,0.005506
3.43366,275.27,0.410894,0.006141,0.404753,0.000004,0.000048,0.000274,0.005526
3.43406,275.30,0.411255,0.006161,0.405094,0.000004,0.000048,0.000275,0.005545
3.43446,275.33,0.411617,0.006182,0.405435,0.000004,0.000048,0.000276,0.005565
3.43486,275.37,0.411979,0.006202,0.405778,0.000004,0.000048,0.000276,0.005585
3.43526,275.40,0.412342,0.006222,0.406120,0.000004,0.000048,0.000277,0.005605
3.43566,275.43,0.412706,0.006243,0.406463,0.000004,0.000048,0.000278,0.005625
3.43606,275.46,0.413070,0.006263,0.406807,0.000004,0.000049,0.000278,0.005645
3.43646,275.49,0.413434,0.006284,0.407150,0.000004,0.000049,0.000279,0.005665
3.43686,275.53,0.413800,0.006305,0.407495,0.000004,0.000049,0.000280,0.005685
3.43726,275.56,0.414165,0.006326,0.407839,0.000004,0.000049,0.000280,0.005705
3.43766,275.59,0.414531,0.006347,0.408184,0.000004,0.000049,0.000281,0.005726
3.43806,275.62,0.414898,0.006368,0.408530,0.000004,0.000049,0.000282,0.005747
3.43846,275.65,0.415265,0.006390,0.408876,0.000004,0.000049,0.000282,0.005767
3.43886,275.69,0.415633,0.006411,0.409222,0.000004,0.000049,0.000283,0.005788
3.43926,275.72,0.416002,0.006433,0.409569,0.000004,0.000049,0.000284,0.005809
3.43966,275.75,0.416371,0.006454,0.409917,0.000004,0.000049,0.000285,0.005830
3.44006,275.78,0.416740,0.006476,0.410264,0.000004,0.000049,0.000285,0.005851
3.44046,275.81,0.417110,0.006498,0.410612,0.000004,0.000049,0.000286,0.005873
3.44086,275.85,0.417481,0.006520,0.410961,0.000004,0.000049,0.000287,0.005894
3.44126,275.88,0.417852,0.006542,0.411310,0.000004,0.000049,0.000287,0.005916
3.44166,275.91,0.418224,0.006564,0.411659,0.000004,0.000049,0.000288,0.005937
3.44206,275.94,0.418596,0.006587,0.412009,0.000004,0.000049,0.000289,0.005959
3.44246,275.97,0.418969,0.006609,0.412360,0.000004,0.000049,0.000289,0.005981
3.44286,276.01,0.419342,0.006632,0.412711,0.000004,0.000049,0.000290,0.006003
3.44326,276.04,0.419716,0.006654,0.413062,0.000004,0.000049,0.000291,0.006025
3.44366,276.07,0.420091,0.006677,0.413413,0.000004,0.000049,0.000292,0.006047
3.44406,276.10,0.420466,0.006700,0.413766,0.000004,0.000050,0.000292,0.006070
3.44446,276.14,0.420842,0.006723,0.414118,0.000004,0.000050,0.000293,0.006092
3.44486,276.17,0.421218,0.006747,0.414471,0.000004,0.000050,0.000294,0.006115
3.44526,276.20,0.421595,0.006770,0.414825,0.000004,0.000050,0.000295,0.006138
3.44566,276.23,0.421972,0.006794,0.415178,0.000004,0.000050,0.000295,0.006161
3.44606,276.26,0.422350,0.006817,0.415533,0.000004,0.000050,0.000296,0.006184
3.44646,276.30,0.422729,0.006841,0.415888,0.000004,0.000050,0.000297,0.006207
3.44686,276.33,0.423108,0.006865,0.416243,0.000004,0.000050,0.000298,0.006230
3.44726,276.36,0.423488,0.006889,0.416599,0.000004,0.000050,0.000298,0.006253
3.44766,276.39,0.423868,0.006913,0.416955,0.000004,0.000050,0.000299,0.006277
3.44806,276.42,0.424249,0.006937,0.417311,0.000004,0.000050,0.000300,0.006301
3.44846,276.46,0.424630,0.006962,0.417668,0.000004,0.000050,0.000301,0.006324
3.44886,276.49,0.425012,0.006987,0.418026,0.000004,0.000050,0.000301,0.006348
3.44926,276.52,0.425395,0.007011,0.418384,0.000004,0.000050,0.000302,0.006372
3.44966,276.55,0.425778,0.007036,0.418742,0.000004,0.000050,0.000303,0.006397
3.45006,276.58,0.426162,0.007061,0.419101,0.000004,0.000050,0.000304,0.006421
3.45046,276.62,0.426547,0.007086,0.419460,0.000004,0.000050,0.000304,0.006445
3.45086,276.65,0.426932,0.007112,0.419820,0.000004,0.000050,0.000305,0.006470
3.45126,276.68,0.427317,0.007137,0.420180,0.000004,0.000050,0.000306,0.006495
3.45166,276.71,0.427704,0.007163,0.420541,0.000004,0.000050,0.000307,0.006520
3.45206,276.74,0.428090,0.007188,0.420902,0.000004,0.000051,0.000308,0.006545
3.45246,276.78,0.428478,0.007214,0.421264,0.000004,0.000051,0.000308,0.006570
3.45286,276.81,0.428866,0.007240,0.421626,0.000004,0.000051,0.000309,0.006595
3.45326,276.84,0.429255,0.007266,0.421988,0.000005,0.000051,0.000310,0.006621
3.45366,276.87,0.429644,0.007293,0.422351,0.000005,0.000051,0.000311,0.006647
3.45406,276.90,0.430034,0.007319,0.422715,0.000005,0.000051,0.000311,0.006672
3.45446,276.94,0.430424,0.007346,0.423079,0.000005,0.000051,0.000312,0.006698
3.45486,276.97,0.430816,0.007373,0.423443,0.000005,0.000051,0.000313,0.006724
3.45526,277.00,0.431207,0.007400,0.423808,0.000005,0.000051,0.000314,0.006751
3.45566,277.03,0.431600,0.007427,0.424173,0.000005,0.000051,0.000315,0.006777
3.45606,277.07,0.431993,0.007454,0.424539,0.000005,0.000051,0.000316,0.006804
3.45646,277.10,0.432386,0.007481,0.424905,0.000005,0.000051,0.000316,0.006830
3.45686,277.13,0.432781,0.007509,0.425272,0.000005,0.000051,0.000317,0.006857
3.45726,277.16,0.433176,0.007537,0.425639,0.000005,0.000051,0.000318,0.006884
3.45766,277.19,0.433571,0.007565,0.426006,0.000005,0.000051,0.000319,0.006911
3.45806,277.23,0.433967,0.007593,0.426375,0.000005,0.000051,0.000320,0.006939
3.45846,277.26,0.434364,0.007621,0.426743,0.000005,0.000051,0.000321,0.006966
3.45886,277.29,0.434762,0.007649,0.427112,0.000005,0.000051,0.000321,0.006994
3.45926,277.32,0.435160,0.007678,0.427482,0.000005,0.000051,0.000322,0.007022
3.45966,277.35,0.435558,0.007707,0.427852,0.000005,0.000052,0.000323,0.007050
3.46006,277.39,0.435958,0.007736,0.428222,0.000005,0.000052,0.000324,0.007078
3.46046,277.42,0.436358,0.007765,0.428593,0.000005,0.000052,0.000325,0.007106
3.46086,277.45,0.436758,0.007794,0.428964,0.000005,0.000052,0.000326,0.007135
3.46126,277.48,0.437160,0.007823,0.429336,0.000005,0.000052,0.000326,0.007163
3.46166,277.51,0.437562,0.007853,0.429709,0.000005,0.000052,0.000327,0.007192
3.46206,277.55,0.437964,0.007883,0.430081,0.000005,0.000052,0.000328,0.007221
3.46246,277.58,0.438368,0.007913,0.430455,0.000005,0.000052,0.000329,0.007251
3.46286,277.61,0.438772,0.007943,0.430829,0.000005,0.000052,0.000330,0.007280
3.46326,277.64,0.439176,0.007973,0.431203,0.000005,0.000052,0.000331,0.007310
3.46366,277.67,0.439581,0.008004,0.431578,0.000005,0.000052,0.000332,0.007339
3.46406,277.71,0.439987,0.008035,0.431953,0.000005,0.000052,0.000333,0.007369
3.46446,277.74,0.440394,0.008065,0.432328,0.000005,0.000052,0.000333,0.007399
3.46486,277.77,0.440801,0.008097,0.432705,0.000005,0.000052,0.000334,0.007430
3.46526,277.80,0.441209,0.008128,0.433081,0.000005,0.000052,0.000335,0.007460
3.46566,277.83,0.441618,0.008159,0.433458,0.000005,0.000052,0.000336,0.007491
3.46606,277.87,0.442027,0.008191,0.433836,0.000005,0.000052,0.000337,0.007522
3.46646,277.90,0.442437,0.008223,0.434214,0.000005,0.000052,0.000338,0.007553
3.46686,277.93,0.442848,0.008255,0.434593,0.000005,0.000052,0.000339,0.007584
3.46726,277.96,0.443259,0.008287,0.434972,0.000005,0.000053,0.000340,0.007615
3.46766,278.00,0.443671,0.008320,0.435352,0.000005,0.000053,0.000341,0.007647
3.46806,278.03,0.444084,0.008352,0.435732,0.000005,0.000053,0.000342,0.007679
3.46846,278.06,0.444497,0.008385,0.436112,0.000005,0.000053,0.000343,0.007711
3.46886,278.09,0.444911,0.008418,0.436493,0.000005,0.000053,0.000344,0.007743
3.46926,278.12,0.445326,0.008451,0.436875,0.000005,0.000053,0.000344,0.007776
3.46966,278.16,0.445742,0.008485,0.437257,0.000005,0.000053,0.000345,0.007808
3.47006,278.19,0.446158,0.008519,0.437639,0.000005,0.000053,0.000346,0.007841
3.47046,278.22,0.446575,0.008552,0.438023,0.000005,0.000053,0.000347,0.007874
3.47086,278.25,0.446993,0.008587,0.438406,0.000005,0.000053,0.000348,0.007907
3.47126,278.28,0.447411,0.008621,0.438790,0.000005,0.000053,0.000349,0.007941
3.47166,278.32,0.447830,0.008655,0.439175,0.000005,0.000053,0.000350,0.007974
3.47206,278.35,0.448250,0.008690,0.439560,0.000005,0.000053,0.000351,0.008008
3.47246,278.38,0.448670,0.008725,0.439945,0.000005,0.000053,0.000352,0.008042
3.47286,278.41,0.449092,0.008760,0.440331,0.000005,0.000053,0.000353,0.008077
3.47326,278.44,0.449514,0.008796,0.440718,0.000005,0.000053,0.000354,0.008111
3.47366,278.48,0.449936,0.008831,0.441105,0.000005,0.000053,0.000355,0.008146
3.47406,278.51,0.450360,0.008867,0.441492,0.000005,0.000053,0.000356,0.008181
3.47446,278.54,0.450784,0.008903,0.441880,0.000005,0.000054,0.000357,0.008216
3.47486,278.57,0.451209,0.008940,0.442269,0.000005,0.000054,0.000358,0.008252
3.47526,278.60,0.451634,0.008976,0.442658,0.000005,0.000054,0.000359,0.008287
3.47566,278.64,0.452061,0.009013,0.443047,0.000005,0.000054,0.000360,0.008323
3.47606,278.67,0.452488,0.009050,0.443437,0.000005,0.000054,0.000361,0.008360
3.47646,278.70,0.452916,0.009088,0.443828,0.000005,0.000054,0.000362,0.008396
3.47686,278.73,0.453344,0.009125,0.444219,0.000005,0.000054,0.000363,0.008433
3.47726,278.76,0.453774,0.009163,0.444611,0.000005,0.000054,0.000364,0.008469
3.47766,278.80,0.454204,0.009201,0.445003,0.000005,0.000054,0.000365,0.008506
3.47806,278.83,0.454635,0.009239,0.445395,0.000005,0.000054,0.000366,0.008544
3.47846,278.86,0.455066,0.009278,0.445788,0.000005,0.000054,0.000367,0.008581
3.47886,278.89,0.455499,0.009317,0.446182,0.000005,0.000054,0.000368,0.008619
3.47926,278.93,0.455932,0.009356,0.446576,0.000005,0.000054,0.000369,0.008657
3.47966,278.96,0.456366,0.009395,0.446971,0.000005,0.000054,0.000370,0.008696
3.48006,278.99,0.456800,0.009434,0.447366,0.000005,0.000054,0.000371,0.008734
3.48046,279.02,0.457236,0.009474,0.447762,0.000005,0.000054,0.000372,0.008773
3.48086,279.05,0.457672,0.009514,0.448158,0.000005,0.000054,0.000373,0.008812
3.48126,279.09,0.458109,0.009555,0.448555,0.000005,0.000054,0.000374,0.008852
3.48166,279.12,0.458547,0.009595,0.448952,0.000005,0.000055,0.000375,0.008891
3.48206,279.15,0.458986,0.009636,0.449350,0.000005,0.000055,0.000377,0.008931
3.48246,279.18,0.459425,0.009677,0.449748,0.000005,0.000055,0.000378,0.008971
3.48286,279.21,0.459865,0.009719,0.450147,0.000005,0.000055,0.000379,0.009012
3.48326,279.25,0.460307,0.009760,0.450546,0.000005,0.000055,0.000380,0.009053
3.48366,279.28,0.460748,0.009802,0.450946,0.000005,0.000055,0.000381,0.009094
3.48406,279.31,0.461191,0.009845,0.451346,0.000005,0.000055,0.000382,0.009135
3.48446,279.34,0.461634,0.009887,0.451747,0.000005,0.000055,0.000383,0.009176
3.48486,279.37,0.462079,0.009930,0.452149,0.000005,0.000055,0.000384,0.009218
3.48526,279.41,0.462524,0.009973,0.452551,0.000005,0.000055,0.000385,0.009260
3.48566,279.44,0.462970,0.010017,0.452953,0.000005,0.000055,0.000386,0.009303
3.48606,279.47,0.463417,0.010061,0.453356,0.000005,0.000055,0.000388,0.009345
3.48646,279.50,0.463864,0.010105,0.453760,0.000005,0.000055,0.000389,0.009389
3.48686,279.53,0.464312,0.010149,0.454164,0.000005,0.000055,0.000390,0.009432
3.48726,279.57,0.464762,0.010194,0.454568,0.000005,0.000055,0.000391,0.009475
3.48766,279.60,0.465212,0.010238,0.454973,0.000005,0.000055,0.000392,0.009519
3.48806,279.63,0.465663,0.010284,0.455379,0.000005,0.000055,0.000393,0.009564
3.48846,279.66,0.466115,0.010329,0.455785,0.000005,0.000056,0.000394,0.009608
3.48886,279.69,0.466567,0.010375,0.456192,0.000005,0.000056,0.000395,0.009653
3.48926,279.73,0.467021,0.010421,0.456599,0.000005,0.000056,0.000397,0.009698
3.48966,279.76,0.467475,0.010468,0.457007,0.000005,0.000056,0.000398,0.009743
3.49006,279.79,0.467930,0.010515,0.457415,0.000005,0.000056,0.000399,0.009789
3.49046,279.82,0.468386,0.010562,0.457824,0.000005,0.000056,0.000400,0.009835
3.49086,279.86,0.468843,0.010610,0.458234,0.000005,0.000056,0.000401,0.009882
3.49126,279.89,0.469301,0.010657,0.458644,0.000005,0.000056,0.000403,0.009929
3.49166,279.92,0.469760,0.010706,0.459054,0.000005,0.000056,0.000404,0.009976
3.49206,279.95,0.470219,0.010754,0.459465,0.000005,0.000056,0.000405,0.010023
3.49246,279.98,0.470680,0.010803,0.459877,0.000005,0.000056,0.000406,0.010071
3.49286,280.02,0.471141,0.010852,0.460289,0.000005,0.000056,0.000407,0.010119
3.49326,280.05,0.471603,0.010902,0.460701,0.000005,0.000056,0.000409,0.010167
3.49366,280.08,0.472067,0.010952,0.461115,0.000005,0.000056,0.000410,0.010216
3.49406,280.11,0.472531,0.011002,0.461528,0.000005,0.000056,0.000411,0.010265
3.49446,280.14,0.472996,0.011053,0.461943,0.000005,0.000056,0.000412,0.010315
3.49486,280.18,0.473461,0.011104,0.462358,0.000005,0.000057,0.000413,0.010365
3.49526,280.21,0.473928,0.011155,0.462773,0.000005,0.000057,0.000415,0.010415
3.49566,280.24,0.474396,0.011207,0.463189,0.000005,0.000057,0.000416,0.010466
3.49606,280.27,0.474865,0.011259,0.463606,0.000005,0.000057,0.000417,0.010517
3.49646,280.30,0.475334,0.011312,0.464023,0.000005,0.000057,0.000418,0.010568
3.49686,280.34,0.475805,0.011364,0.464440,0.000005,0.000057,0.000420,0.010620
3.49726,280.37,0.476276,0.011418,0.464858,0.000005,0.000057,0.000421,0.010672
3.49766,280.40,0.476749,0.011471,0.465277,0.000005,0.000057,0.000422,0.010724
3.49806,280.43,0.477222,0.011526,0.465696,0.000005,0.000057,0.000424,0.010777
3.49846,280.46,0.477696,0.011580,0.466116,0.000005,0.000057,0.000425,0.010830
3.49886,280.50,0.478172,0.011635,0.466537,0.000005,0.000057,0.000426,0.010884
3.49926,280.53,0.478648,0.011690,0.466958,0.000005,0.000057,0.000427,0.010938
3.49966,280.56,0.479125,0.011746,0.467379,0.000005,0.000057,0.000429,0.010993
3.50006,280.59,0.479603,0.011802,0.467801,0.000005,0.000057,0.000430,0.011047
3.50046,280.62,0.480082,0.011858,0.468224,0.000005,0.000057,0.000431,0.011103
3.50086,280.66,0.480562,0.011915,0.468647,0.000005,0.000057,0.000433,0.011158
3.50126,280.69,0.481044,0.011973,0.469071,0.000005,0.000057,0.000434,0.011214
3.50166,280.72,0.481526,0.012030,0.469495,0.000005,0.000058,0.000435,0.011271
3.50206,280.75,0.482009,0.012089,0.469920,0.000005,0.000058,0.000437,0.011328
3.50246,280.79,0.482493,0.012147,0.470346,0.000005,0.000058,0.000438,0.011385
3.50286,280.82,0.482978,0.012206,0.470772,0.000005,0.000058,0.000439,0.011443
3.50326,280.85,0.483464,0.012266,0.471198,0.000005,0.000058,0.000441,0.011501
3.50366,280.88,0.483952,0.012326,0.471626,0.000005,0.000058,0.000442,0.011560
3.50406,280.91,0.484440,0.012387,0.472053,0.000005,0.000058,0.000443,0.011619
3.50446,280.95,0.484929,0.012447,0.472482,0.000005,0.000058,0.000445,0.011679
3.50486,280.98,0.485419,0.012509,0.472911,0.000005,0.000058,0.000446,0.011739
3.50526,281.01,0.485911,0.012571,0.473340,0.000005,0.000058,0.000448,0.011800
3.50566,281.04,0.486403,0.012633,0.473770,0.000005,0.000058,0.000449,0.011861
3.50606,281.07,0.486897,0.012696,0.474201,0.000005,0.000058,0.000450,0.011922
3.50646,281.11,0.487391,0.012759,0.474632,0.000005,0.000058,0.000452,0.011984
3.50686,281.14,0.487887,0.012823,0.475064,0.000005,0.000058,0.000453,0.012047
3.50726,281.17,0.488383,0.012887,0.475496,0.000005,0.000058,0.000455,0.012109
3.50766,281.20,0.488881,0.012952,0.475929,0.000005,0.000059,0.000456,0.012173
3.50806,281.23,0.489380,0.013017,0.476363,0.000005,0.000059,0.000458,0.012237
3.50846,281.27,0.489880,0.013083,0.476797,0.000005,0.000059,0.000459,0.012301
3.50886,281.30,0.490381,0.013149,0.477231,0.000005,0.000059,0.000460,0.012366
3.50926,281.33,0.490883,0.013216,0.477667,0.000005,0.000059,0.000462,0.012432
3.50966,281.36,0.491386,0.013284,0.478103,0.000005,0.000059,0.000463,0.012498
3.51006,281.39,0.491891,0.013352,0.478539,0.000005,0.000059,0.000465,0.012564
3.51046,281.43,0.492396,0.013420,0.478976,0.000005,0.000059,0.000466,0.012631
3.51086,281.46,0.492903,0.013489,0.479414,0.000005,0.000059,0.000468,0.012699
3.51126,281.49,0.493411,0.013559,0.479852,0.000005,0.000059,0.000469,0.012767
3.51166,281.52,0.493920,0.013629,0.480291,0.000005,0.000059,0.000471,0.012836
3.51206,281.55,0.494430,0.013699,0.480730,0.000005,0.000059,0.000472,0.012905
3.51246,281.59,0.494941,0.013771,0.481170,0.000005,0.000059,0.000474,0.012975
3.51286,281.62,0.495453,0.013842,0.481611,0.000005,0.000059,0.000475,0.013045
3.51326,281.65,0.495967,0.013915,0.482052,0.000005,0.000059,0.000477,0.013116
3.51366,281.68,0.496482,0.013988,0.482494,0.000005,0.000059,0.000479,0.013187
3.51406,281.72,0.496998,0.014061,0.482936,0.000005,0.000060,0.000480,0.013260
3.51446,281.75,0.497515,0.014136,0.483379,0.000005,0.000060,0.000482,0.013332
3.51486,281.78,0.498033,0.014210,0.483823,0.000005,0.000060,0.000483,0.013405
3.51526,281.81,0.498553,0.014286,0.484267,0.000005,0.000060,0.000485,0.013479
3.51566,281.84,0.499073,0.014362,0.484712,0.000005,0.000060,0.000486,0.013554
3.51606,281.88,0.499595,0.014438,0.485157,0.000005,0.000060,0.000488,0.013629
3.51646,281.91,0.500119,0.014516,0.485603,0.000005,0.000060,0.000490,0.013705
3.51686,281.94,0.500643,0.014594,0.486050,0.000005,0.000060,0.000491,0.013781
3.51726,281.97,0.501169,0.014672,0.486497,0.000005,0.000060,0.000493,0.013858
3.51766,282.00,0.501696,0.014751,0.486945,0.000005,0.000060,0.000494,0.013936
3.51806,282.04,0.502224,0.014831,0.487393,0.000005,0.000060,0.000496,0.014014
3.51846,282.07,0.502754,0.014912,0.487842,0.000005,0.000060,0.000498,0.014093
3.51886,282.10,0.503285,0.014993,0.488292,0.000005,0.000060,0.000499,0.014173
3.51926,282.13,0.503817,0.015075,0.488742,0.000005,0.000060,0.000501,0.014253
3.51966,282.16,0.504350,0.015158,0.489193,0.000005,0.000060,0.000503,0.014334
3.52006,282.20,0.504885,0.015241,0.489644,0.000005,0.000061,0.000504,0.014416
3.52046,282.23,0.505421,0.015325,0.490096,0.000005,0.000061,0.000506,0.014498
3.52086,282.26,0.505959,0.015410,0.490549,0.000005,0.000061,0.000508,0.014581
3.52126,282.29,0.506497,0.015495,0.491002,0.000005,0.000061,0.000509,0.014665
3.52166,282.32,0.507038,0.015581,0.491456,0.000005,0.000061,0.000511,0.014750
3.52206,282.36,0.507579,0.015668,0.491911,0.000005,0.000061,0.000513,0.014835
3.52246,282.39,0.508122,0.015756,0.492366,0.000005,0.000061,0.000515,0.014921
3.52286,282.42,0.508666,0.015844,0.492822,0.000005,0.000061,0.000516,0.015008
3.52326,282.45,0.509212,0.015933,0.493278,0.000005,0.000061,0.000518,0.015095
3.52366,282.48,0.509759,0.016023,0.493735,0.000005,0.000061,0.000520,0.015183
3.52406,282.52,0.510307,0.016114,0.494193,0.000005,0.000061,0.000522,0.015273
3.52446,282.55,0.510857,0.016206,0.494651,0.000005,0.000061,0.000523,0.015362
3.52486,282.58,0.511408,0.016298,0.495110,0.000005,0.000061,0.000525,0.015453
3.52526,282.61,0.511961,0.016391,0.495570,0.000005,0.000061,0.000527,0.015544
3.52566,282.65,0.512515,0.016485,0.496030,0.000005,0.000061,0.000529,0.015637
3.52606,282.68,0.513071,0.016580,0.496491,0.000005,0.000062,0.000531,0.015730
3.52646,282.71,0.513628,0.016676,0.496952,0.000005,0.000062,0.000532,0.015824
3.52686,282.74,0.514186,0.016772,0.497414,0.000005,0.000062,0.000534,0.015918
3.52726,282.77,0.514747,0.016870,0.497877,0.000005,0.000062,0.000536,0.016014
3.52766,282.81,0.515308,0.016968,0.498340,0.000005,0.000062,0.000538,0.016111
3.52806,282.84,0.515871,0.017067,0.498804,0.000005,0.000062,0.000540,0.016208
3.52846,282.87,0.516436,0.017167,0.499269,0.000005,0.000062,0.000542,0.016306
3.52886,282.90,0.517002,0.017268,0.499734,0.000005,0.000062,0.000543,0.016405
3.52926,282.93,0.517570,0.017370,0.500200,0.000005,0.000062,0.000545,0.016505
3.52966,282.97,0.518139,0.017473,0.500667,0.000005,0.000062,0.000547,0.016606
3.53006,283.00,0.518710,0.017576,0.501134,0.000005,0.000062,0.000549,0.016708
3.53046,283.03,0.519283,0.017681,0.501602,0.000005,0.000062,0.000551,0.016811
3.53086,283.06,0.519857,0.017787,0.502070,0.000005,0.000062,0.000553,0.016915
3.53126,283.09,0.520432,0.017893,0.502539,0.000005,0.000062,0.000555,0.017019
3.53166,283.13,0.521010,0.018001,0.503009,0.000005,0.000063,0.000557,0.017125
3.53206,283.16,0.521589,0.018109,0.503479,0.000005,0.000063,0.000559,0.017232
3.53246,283.19,0.522169,0.018219,0.503950,0.000005,0.000063,0.000561,0.017339
3.53286,283.22,0.522752,0.018330,0.504422,0.000005,0.000063,0.000563,0.017448
3.53326,283.25,0.523336,0.018441,0.504894,0.000005,0.000063,0.000565,0.017558
3.53366,283.29,0.523921,0.018554,0.505367,0.000005,0.000063,0.000567,0.017669
3.53406,283.32,0.524509,0.018668,0.505841,0.000005,0.000063,0.000569,0.017780
3.53446,283.35,0.525098,0.018783,0.506315,0.000005,0.000063,0.000571,0.017893
3.53486,283.38,0.525689,0.018898,0.506790,0.000005,0.000063,0.000573,0.018007
3.53526,283.41,0.526281,0.019015,0.507266,0.000005,0.000063,0.000575,0.018122
3.53566,283.45,0.526876,0.019134,0.507742,0.000005,0.000063,0.000577,0.018238
3.53606,283.48,0.527472,0.019253,0.508219,0.000005,0.000063,0.000579,0.018356
3.53646,283.51,0.528070,0.019373,0.508697,0.000005,0.000063,0.000581,0.018474
3.53686,283.54,0.528670,0.019495,0.509175,0.000005,0.000063,0.000583,0.018593
3.53726,283.57,0.529271,0.019618,0.509654,0.000006,0.000064,0.000585,0.018714
3.53766,283.61,0.529875,0.019741,0.510133,0.000006,0.000064,0.000588,0.018836
3.53806,283.64,0.530480,0.019867,0.510614,0.000006,0.000064,0.000590,0.018959
3.53846,283.67,0.531087,0.019993,0.511095,0.000006,0.000064,0.000592,0.019083
3.53886,283.70,0.531697,0.020120,0.511576,0.000006,0.000064,0.000594,0.019209
3.53926,283.74,0.532308,0.020249,0.512058,0.000006,0.000064,0.000596,0.019336
3.53966,283.77,0.532921,0.020379,0.512541,0.000006,0.000064,0.000598,0.019464
3.54006,283.80,0.533536,0.020511,0.513025,0.000006,0.000064,0.000600,0.019593
3.54046,283.83,0.534153,0.020644,0.513509,0.000006,0.000064,0.000603,0.019723
3.54086,283.86,0.534772,0.020778,0.513994,0.000006,0.000064,0.000605,0.019855
3.54126,283.90,0.535393,0.020913,0.514480,0.000006,0.000064,0.000607,0.019988
3.54166,283.93,0.536016,0.021050,0.514966,0.000006,0.000064,0.000609,0.020123
3.54206,283.96,0.536641,0.021188,0.515453,0.000006,0.000064,0.000612,0.020259
3.54246,283.99,0.537268,0.021327,0.515941,0.000006,0.000065,0.000614,0.020396
3.54286,284.02,0.537897,0.021468,0.516429,0.000006,0.000065,0.000616,0.020535
3.54326,284.06,0.538528,0.021610,0.516918,0.000006,0.000065,0.000618,0.020675
3.54366,284.09,0.539162,0.021754,0.517408,0.000006,0.000065,0.000621,0.020816
3.54406,284.12,0.539797,0.021899,0.517898,0.000006,0.000065,0.000623,0.020959
3.54446,284.15,0.540435,0.022046,0.518389,0.000006,0.000065,0.000625,0.021104
3.54486,284.18,0.541075,0.022194,0.518881,0.000006,0.000065,0.000628,0.021249
3.54526,284.22,0.541717,0.022344,0.519373,0.000006,0.000065,0.000630,0.021397
3.54566,284.25,0.542361,0.022495,0.519866,0.000006,0.000065,0.000633,0.021546
3.54606,284.28,0.543008,0.022648,0.520360,0.000006,0.000065,0.000635,0.021696
3.54646,284.31,0.543657,0.022803,0.520855,0.000006,0.000065,0.000637,0.021849
3.54686,284.34,0.544308,0.022959,0.521350,0.000006,0.000065,0.000640,0.022002
3.54726,284.38,0.544962,0.023116,0.521846,0.000006,0.000065,0.000642,0.022158
3.54766,284.41,0.545618,0.023276,0.522342,0.000006,0.000065,0.000645,0.022315
3.54806,284.44,0.546276,0.023437,0.522839,0.000006,0.000066,0.000647,0.022473
3.54846,284.47,0.546937,0.023600,0.523337,0.000006,0.000066,0.000650,0.022634
3.54886,284.50,0.547600,0.023764,0.523836,0.000006,0.000066,0.000652,0.022796
3.54926,284.54,0.548266,0.023930,0.524335,0.000006,0.000066,0.000655,0.022959
3.54966,284.57,0.548934,0.024098,0.524836,0.000006,0.000066,0.000657,0.023125
3.55006,284.60,0.549605,0.024268,0.525336,0.000006,0.000066,0.000660,0.023292
3.55046,284.63,0.550278,0.024440,0.525838,0.000006,0.000066,0.000662,0.023462
3.55086,284.67,0.550953,0.024613,0.526340,0.000006,0.000066,0.000665,0.023633
3.55126,284.70,0.551632,0.024789,0.526843,0.000006,0.000066,0.000667,0.023806
3.55166,284.73,0.552313,0.024966,0.527346,0.000006,0.000066,0.000670,0.023980
3.55206,284.76,0.552996,0.025145,0.527851,0.000006,0.000066,0.000672,0.024157
3.55246,284.79,0.553683,0.025327,0.528356,0.000006,0.000066,0.000675,0.024336
3.55286,284.83,0.554372,0.025510,0.528862,0.000006,0.000066,0.000678,0.024516
3.55326,284.86,0.555063,0.025695,0.529368,0.000006,0.000067,0.000680,0.024699
3.55366,284.89,0.555758,0.025883,0.529875,0.000006,0.000067,0.000683,0.024884
3.55406,284.92,0.556455,0.026072,0.530383,0.000006,0.000067,0.000686,0.025071
3.55446,284.95,0.557155,0.026264,0.530892,0.000006,0.000067,0.000688,0.025260
3.55486,284.99,0.557858,0.026457,0.531401,0.000006,0.000067,0.000691,0.025451
3.55526,285.02,0.558564,0.026653,0.531911,0.000006,0.000067,0.000694,0.025644
3.55566,285.05,0.559273,0.026851,0.532422,0.000006,0.000067,0.000697,0.025839
3.55606,285.08,0.559985,0.027052,0.532933,0.000006,0.000067,0.000699,0.026037
3.55646,285.11,0.560700,0.027255,0.533445,0.000006,0.000067,0.000702,0.026237
3.55686,285.15,0.561418,0.027460,0.533958,0.000006,0.000067,0.000705,0.026439
3.55726,285.18,0.562139,0.027667,0.534472,0.000006,0.000067,0.000708,0.026644
3.55766,285.21,0.562863,0.027877,0.534986,0.000006,0.000067,0.000711,0.026851
3.55806,285.24,0.563590,0.028089,0.535501,0.000006,0.000067,0.000714,0.027060
3.55846,285.27,0.564321,0.028303,0.536017,0.000006,0.000068,0.000716,0.027272
3.55886,285.31,0.565054,0.028521,0.536534,0.000006,0.000068,0.000719,0.027486
3.55926,285.34,0.565791,0.028740,0.537051,0.000006,0.000068,0.000722,0.027703
3.55966,285.37,0.566532,0.028963,0.537569,0.000006,0.000068,0.000725,0.027922
3.56006,285.40,0.567275,0.029188,0.538088,0.000006,0.000068,0.000728,0.028144
3.56046,285.43,0.568022,0.029415,0.538607,0.000006,0.000068,0.000731,0.028369
3.56086,285.47,0.568773,0.029645,0.539128,0.000006,0.000068,0.000734,0.028596
3.56126,285.50,0.569527,0.029879,0.539648,0.000006,0.000068,0.000737,0.028827
3.56166,285.53,0.570285,0.030114,0.540170,0.000006,0.000068,0.000740,0.029059
3.56206,285.56,0.571046,0.030353,0.540693,0.000006,0.000068,0.000743,0.029295
3.56246,285.60,0.571811,0.030595,0.541216,0.000006,0.000068,0.000746,0.029534
3.56286,285.63,0.572579,0.030839,0.541740,0.000006,0.000068,0.000749,0.029775
3.56326,285.66,0.573351,0.031087,0.542265,0.000006,0.000069,0.000752,0.030020
3.56366,285.69,0.574127,0.031337,0.542790,0.000006,0.000069,0.000756,0.030267
3.56406,285.72,0.574907,0.031591,0.543316,0.000006,0.000069,0.000759,0.030518
3.56446,285.76,0.575691,0.031848,0.543843,0.000006,0.000069,0.000762,0.030771
3.56486,285.79,0.576478,0.032108,0.544371,0.000006,0.000069,0.000765,0.031028
3.56526,285.82,0.577270,0.032371,0.544899,0.000006,0.000069,0.000768,0.031288
3.56566,285.85,0.578066,0.032637,0.545428,0.000006,0.000069,0.000772,0.031551
3.56606,285.88,0.578866,0.032907,0.545958,0.000006,0.000069,0.000775,0.031818
3.56646,285.92,0.579670,0.033180,0.546489,0.000006,0.000069,0.000778,0.032088
3.56686,285.95,0.580478,0.033457,0.547021,0.000006,0.000069,0.000781,0.032361
3.56726,285.98,0.581290,0.033737,0.547553,0.000006,0.000069,0.000785,0.032638
3.56766,286.01,0.582107,0.034021,0.548086,0.000006,0.000069,0.000788,0.032919
3.56806,286.04,0.582928,0.034309,0.548620,0.000006,0.000070,0.000791,0.033203
3.56846,286.08,0.583754,0.034600,0.549154,0.000006,0.000070,0.000795,0.033491
3.56886,286.11,0.584584,0.034895,0.549689,0.000006,0.000070,0.000798,0.033782
3.56926,286.14,0.585419,0.035193,0.550226,0.000006,0.000070,0.000802,0.034078
3.56966,286.17,0.586258,0.035496,0.550762,0.000006,0.000070,0.000805,0.034377
3.57006,286.20,0.587103,0.035803,0.551300,0.000006,0.000070,0.000809,0.034680
3.57046,286.24,0.587952,0.036113,0.551838,0.000006,0.000070,0.000812,0.034987
3.57086,286.27,0.588806,0.036428,0.552377,0.000006,0.000070,0.000816,0.035299
3.57126,286.30,0.589664,0.036747,0.552917,0.000006,0.000070,0.000819,0.035614
3.57166,286.33,0.590528,0.037070,0.553458,0.000006,0.000070,0.000823,0.035934
3.57206,286.36,0.591397,0.037398,0.554000,0.000006,0.000070,0.000826,0.036258
3.57246,286.40,0.592272,0.037730,0.554542,0.000006,0.000070,0.000830,0.036586
3.57286,286.43,0.593151,0.038066,0.555085,0.000006,0.000071,0.000834,0.036919
3.57326,286.46,0.594036,0.038407,0.555629,0.000006,0.000071,0.000837,0.037256
3.57366,286.49,0.594926,0.038753,0.556173,0.000006,0.000071,0.000841,0.037598
3.57406,286.53,0.595822,0.039103,0.556719,0.000006,0.000071,0.000845,0.037945
3.57446,286.56,0.596723,0.039458,0.557265,0.000006,0.000071,0.000848,0.038296
3.57486,286.59,0.597630,0.039819,0.557812,0.000006,0.000071,0.000852,0.038653
3.57526,286.62,0.598543,0.040184,0.558360,0.000006,0.000071,0.000856,0.039014
3.57566,286.65,0.599462,0.040554,0.558908,0.000006,0.000071,0.000860,0.039381
3.57606,286.69,0.600387,0.040929,0.559458,0.000006,0.000071,0.000864,0.039752
3.57646,286.72,0.601318,0.041310,0.560008,0.000006,0.000071,0.000867,0.040129
3.57686,286.75,0.602255,0.041696,0.560559,0.000006,0.000071,0.000871,0.040511
3.57726,286.78,0.603198,0.042088,0.561110,0.000006,0.000071,0.000875,0.040899
3.57766,286.81,0.604148,0.042485,0.561663,0.000006,0.000072,0.000879,0.041292
3.57806,286.85,0.605104,0.042888,0.562216,0.000006,0.000072,0.000883,0.041691
3.57846,286.88,0.606067,0.043296,0.562770,0.000006,0.000072,0.000887,0.042096
3.57886,286.91,0.607036,0.043711,0.563325,0.000006,0.000072,0.000891,0.042507
3.57926,286.94,0.608013,0.044132,0.563881,0.000006,0.000072,0.000895,0.042923
3.57966,286.97,0.608996,0.044559,0.564438,0.000006,0.000072,0.000899,0.043346
3.58006,287.01,0.609987,0.044992,0.564995,0.000006,0.000072,0.000904,0.043775
3.58046,287.04,0.610984,0.045431,0.565553,0.000006,0.000072,0.000908,0.044210
3.58086,287.07,0.611989,0.045877,0.566112,0.000006,0.000072,0.000912,0.044652
3.58126,287.10,0.613002,0.046330,0.566672,0.000006,0.000072,0.000916,0.045101
3.58166,287.13,0.614022,0.046789,0.567232,0.000006,0.000072,0.000920,0.045556
3.58206,287.17,0.615050,0.047256,0.567794,0.000006,0.000073,0.000925,0.046018
3.58246,287.20,0.616085,0.047729,0.568356,0.000006,0.000073,0.000929,0.046487
3.58286,287.23,0.617129,0.048210,0.568919,0.000006,0.000073,0.000933,0.046964
3.58326,287.26,0.618181,0.048698,0.569483,0.000006,0.000073,0.000938,0.047447
3.58366,287.29,0.619241,0.049194,0.570048,0.000006,0.000073,0.000942,0.047938
3.58406,287.33,0.620310,0.049697,0.570613,0.000006,0.000073,0.000947,0.048437
3.58446,287.36,0.621387,0.050208,0.571180,0.000006,0.000073,0.000951,0.048944
3.58486,287.39,0.622473,0.050727,0.571747,0.000006,0.000073,0.000956,0.049458
3.58526,287.42,0.623569,0.051254,0.572315,0.000006,0.000073,0.000960,0.049981
3.58566,287.46,0.624673,0.051789,0.572883,0.000006,0.000073,0.000965,0.050512
3.58606,287.49,0.625786,0.052333,0.573453,0.000006,0.000073,0.000969,0.051051
3.58646,287.52,0.626910,0.052886,0.574024,0.000006,0.000074,0.000974,0.051599
3.58686,287.55,0.628042,0.053447,0.574595,0.000006,0.000074,0.000979,0.052156
3.58726,287.58,0.629185,0.054018,0.575167,0.000006,0.000074,0.000983,0.052722
3.58766,287.62,0.630338,0.054598,0.575740,0.000006,0.000074,0.000988,0.053297
3.58806,287.65,0.631501,0.055187,0.576314,0.000006,0.000074,0.000993,0.053881
3.58846,287.68,0.632674,0.055786,0.576889,0.000006,0.000074,0.000998,0.054475
3.58886,287.71,0.633859,0.056395,0.577464,0.000006,0.000074,0.001003,0.055079
3.58926,287.74,0.635054,0.057013,0.578041,0.000006,0.000074,0.001008,0.055693
3.58966,287.78,0.636260,0.057642,0.578618,0.000006,0.000074,0.001012,0.056317
3.59006,287.81,0.637478,0.058282,0.579196,0.000006,0.000074,0.001017,0.056952
3.59046,287.84,0.638707,0.058932,0.579775,0.000006,0.000074,0.001022,0.057598
3.59086,287.87,0.639948,0.059594,0.580354,0.000006,0.000075,0.001028,0.058254
3.59126,287.90,0.641202,0.060266,0.580935,0.000006,0.000075,0.001033,0.058922
3.59166,287.94,0.642467,0.060951,0.581517,0.000006,0.000075,0.001038,0.059601
3.59206,287.97,0.643745,0.061647,0.582099,0.000006,0.000075,0.001043,0.060291
3.59246,288.00,0.645037,0.062355,0.582682,0.000006,0.000075,0.001048,0.060994
3.59286,288.03,0.646341,0.063075,0.583266,0.000006,0.000075,0.001053,0.061709
3.59326,288.06,0.647659,0.063808,0.583851,0.000006,0.000075,0.001059,0.062437
3.59366,288.10,0.648990,0.064554,0.584437,0.000006,0.000075,0.001064,0.063177
3.59406,288.13,0.650336,0.065313,0.585023,0.000006,0.000075,0.001069,0.063931
3.59446,288.16,0.651696,0.066085,0.585611,0.000006,0.000075,0.001075,0.064698
3.59486,288.19,0.653071,0.066871,0.586199,0.000006,0.000075,0.001080,0.065479
3.59526,288.22,0.654460,0.067672,0.586788,0.000006,0.000076,0.001086,0.066274
3.59566,288.26,0.655865,0.068487,0.587378,0.000006,0.000076,0.001091,0.067084
3.59606,288.29,0.657286,0.069317,0.587969,0.000006,0.000076,0.001097,0.067908
3.59646,288.32,0.658723,0.070162,0.588561,0.000006,0.000076,0.001103,0.068747
3.59686,288.35,0.660177,0.071023,0.589154,0.000006,0.000076,0.001108,0.069602
3.59726,288.39,0.661647,0.071899,0.589748,0.000006,0.000076,0.001114,0.070473
3.59766,288.42,0.663135,0.072792,0.590342,0.000006,0.000076,0.001120,0.071361
3.59806,288.45,0.664640,0.073702,0.590937,0.000006,0.000076,0.001126,0.072265
3.59846,288.48,0.666163,0.074629,0.591534,0.000006,0.000076,0.001132,0.073186
3.59886,288.51,0.667705,0.075574,0.592131,0.000006,0.000076,0.001137,0.074125
3.59926,288.55,0.669266,0.076537,0.592729,0.000006,0.000076,0.001143,0.075082
3.59966,288.58,0.670846,0.077518,0.593328,0.000006,0.000077,0.001149,0.076057
3.60006,288.61,0.672446,0.078519,0.593927,0.000006,0.000077,0.001156,0.077051
3.60046,288.64,0.674066,0.079538,0.594528,0.000006,0.000077,0.001162,0.078065
3.60086,288.67,0.675708,0.080578,0.595130,0.000006,0.000077,0.001168,0.079099
3.60126,288.71,0.677371,0.081639,0.595732,0.000007,0.000077,0.001174,0.080153
3.60166,288.74,0.679056,0.082720,0.596335,0.000007,0.000077,0.001180,0.081228
3.60206,288.77,0.680763,0.083823,0.596940,0.000007,0.000077,0.001187,0.082325
3.60246,288.80,0.682494,0.084949,0.597545,0.000007,0.000077,0.001193,0.083444
3.60286,288.83,0.684248,0.086097,0.598151,0.000007,0.000077,0.001200,0.084586
3.60326,288.87,0.686026,0.087269,0.598758,0.000007,0.000077,0.001206,0.085751
3.60366,288.90,0.687830,0.088464,0.599366,0.000007,0.000078,0.001213,0.086940
3.60406,288.93,0.689659,0.089685,0.599974,0.000007,0.000078,0.001219,0.088154
3.60446,288.96,0.691515,0.090931,0.600584,0.000007,0.000078,0.001226,0.089393
3.60486,288.99,0.693397,0.092203,0.601195,0.000007,0.000078,0.001233,0.090658
3.60526,289.03,0.695308,0.093501,0.601806,0.000007,0.000078,0.001239,0.091950
3.60566,289.06,0.697246,0.094828,0.602419,0.000007,0.000078,0.001246,0.093270
3.60606,289.09,0.699215,0.096183,0.603032,0.000007,0.000078,0.001253,0.094618
3.60646,289.12,0.701213,0.097567,0.603646,0.000007,0.000078,0.001260,0.095995
3.60686,289.15,0.703242,0.098981,0.604261,0.000007,0.000078,0.001267,0.097402
3.60726,289.19,0.705303,0.100426,0.604877,0.000007,0.000078,0.001274,0.098840
3.60766,289.22,0.707397,0.101902,0.605494,0.000007,0.000079,0.001281,0.100309
3.60806,289.25,0.709524,0.103412,0.606112,0.000007,0.000079,0.001289,0.101812
3.60846,289.28,0.711686,0.104955,0.606731,0.000007,0.000079,0.001296,0.103348
3.60886,289.32,0.713884,0.106533,0.607351,0.000007,0.000079,0.001303,0.104918
3.60926,289.35,0.716118,0.108146,0.607972,0.000007,0.000079,0.001311,0.106524
3.60966,289.38,0.718390,0.109797,0.608593,0.000007,0.000079,0.001318,0.108167
3.61006,289.41,0.720701,0.111485,0.609216,0.000007,0.000079,0.001326,0.109848
3.61046,289.44,0.723052,0.113212,0.609839,0.000007,0.000079,0.001333,0.111568
3.61086,289.48,0.725444,0.114980,0.610464,0.000007,0.000079,0.001341,0.113328
3.61126,289.51,0.727878,0.116789,0.611089,0.000007,0.000079,0.001349,0.115129
3.61166,289.54,0.730357,0.118641,0.611715,0.000007,0.000080,0.001357,0.116973
3.61206,289.57,0.732880,0.120537,0.612343,0.000007,0.000080,0.001364,0.118861
3.61246,289.60,0.735450,0.122479,0.612971,0.000007,0.000080,0.001372,0.120795
3.61286,289.64,0.738068,0.124468,0.613600,0.000007,0.000080,0.001380,0.122776
3.61326,289.67,0.740735,0.126505,0.614230,0.000007,0.000080,0.001389,0.124805
3.61366,289.70,0.743454,0.128593,0.614861,0.000007,0.000080,0.001397,0.126884
3.61406,289.73,0.746225,0.130732,0.615493,0.000007,0.000080,0.001405,0.129015
3.61446,289.76,0.749051,0.132924,0.616126,0.000007,0.000080,0.001413,0.131199
3.61486,289.80,0.751932,0.135172,0.616760,0.000007,0.000080,0.001422,0.133439
3.61526,289.83,0.754872,0.137477,0.617395,0.000007,0.000080,0.001430,0.135735
3.61566,289.86,0.757872,0.139841,0.618031,0.000007,0.000081,0.001439,0.138090
3.61606,289.89,0.760933,0.142266,0.618668,0.000007,0.000081,0.001448,0.140506
3.61646,289.92,0.764059,0.144753,0.619305,0.000007,0.000081,0.001456,0.142986
3.61686,289.96,0.767251,0.147307,0.619944,0.000007,0.000081,0.001465,0.145530
3.61726,289.99,0.770511,0.149927,0.620584,0.000007,0.000081,0.001474,0.148142
3.61766,290.02,0.773842,0.152618,0.621224,0.000007,0.000081,0.001483,0.150823
3.61806,290.05,0.777247,0.155380,0.621866,0.000007,0.000081,0.001492,0.153577
3.61846,290.08,0.780727,0.158218,0.622509,0.000007,0.000081,0.001502,0.156405
3.61886,290.12,0.784286,0.161133,0.623152,0.000007,0.000081,0.001511,0.159311
3.61926,290.15,0.787926,0.164129,0.623797,0.000007,0.000082,0.001520,0.162298
3.61966,290.18,0.791650,0.167208,0.624442,0.000007,0.000082,0.001530,0.165367
3.62006,290.21,0.795462,0.170374,0.625089,0.000007,0.000082,0.001539,0.168523
3.62046,290.25,0.799365,0.173629,0.625736,0.000007,0.000082,0.001549,0.171768
3.62086,290.28,0.803361,0.176976,0.626385,0.000007,0.000082,0.001559,0.175106
3.62126,290.31,0.807455,0.180421,0.627034,0.000007,0.000082,0.001569,0.178541
3.62166,290.34,0.811650,0.183965,0.627685,0.000007,0.000082,0.001579,0.182075
3.62206,290.37,0.815950,0.187614,0.628336,0.000007,0.000082,0.001589,0.185714
3.62246,290.41,0.820359,0.191370,0.628989,0.000007,0.000082,0.001599,0.189460
3.62286,290.44,0.824881,0.195239,0.629642,0.000007,0.000082,0.001609,0.193318
3.62326,290.47,0.829520,0.199224,0.630296,0.000007,0.000083,0.001619,0.197293
3.62366,290.50,0.834282,0.203330,0.630952,0.000007,0.000083,0.001630,0.201389
3.62406,290.53,0.839171,0.207562,0.631608,0.000007,0.000083,0.001640,0.205611
3.62446,290.57,0.844192,0.211926,0.632266,0.000007,0.000083,0.001651,0.209963
3.62486,290.60,0.849350,0.216426,0.632924,0.000007,0.000083,0.001662,0.214453
3.62526,290.63,0.854652,0.221068,0.633584,0.000007,0.000083,0.001673,0.219084
3.62566,290.66,0.860102,0.225858,0.634244,0.000007,0.000083,0.001684,0.223863
3.62606,290.69,0.865708,0.230802,0.634905,0.000007,0.000083,0.001695,0.228796
3.62646,290.73,0.871475,0.235907,0.635568,0.000007,0.000083,0.001706,0.233889
3.62686,290.76,0.877411,0.241180,0.636231,0.000007,0.000084,0.001718,0.239151
3.62726,290.79,0.883523,0.246627,0.636896,0.000007,0.000084,0.001729,0.244586
3.62766,290.82,0.889818,0.252256,0.637561,0.000007,0.000084,0.001741,0.250204
3.62806,290.85,0.896304,0.258076,0.638228,0.000007,0.000084,0.001753,0.256012
3.62846,290.89,0.902990,0.264095,0.638895,0.000007,0.000084,0.001765,0.262019
3.62886,290.92,0.909885,0.270321,0.639564,0.000007,0.000084,0.001777,0.268233
3.62926,290.95,0.916997,0.276764,0.640234,0.000007,0.000084,0.001789,0.274663
3.62966,290.98,0.924337,0.283433,0.640904,0.000007,0.000084,0.001801,0.281320
3.63006,291.01,0.931916,0.290340,0.641576,0.000007,0.000084,0.001814,0.288215
3.63046,291.05,0.939743,0.297495,0.642249,0.000007,0.000085,0.001826,0.295357
3.63086,291.08,0.947831,0.304909,0.642922,0.000007,0.000085,0.001839,0.302758
3.63126,291.11,0.956192,0.312595,0.643597,0.000007,0.000085,0.001852,0.310432
3.63166,291.14,0.964839,0.320566,0.644273,0.000007,0.000085,0.001865,0.318390
3.63206,291.18,0.973785,0.328836,0.644950,0.000007,0.000085,0.001878,0.326646
3.63246,291.21,0.983045,0.337418,0.645628,0.000007,0.000085,0.001891,0.335215
3.63286,291.24,0.992635,0.346328,0.646306,0.000007,0.000085,0.001905,0.344112
3.63326,291.27,1.002570,0.355583,0.646986,0.000007,0.000085,0.001918,0.353353
3.63366,291.30,1.012867,0.365200,0.647667,0.000007,0.000085,0.001932,0.362956
3.63406,291.34,1.023545,0.375195,0.648350,0.000007,0.000086,0.001946,0.372938
3.63446,291.37,1.034623,0.385590,0.649033,0.000007,0.000086,0.001960,0.383319
3.63486,291.40,1.046121,0.396404,0.649717,0.000007,0.000086,0.001974,0.394118
3.63526,291.43,1.058061,0.407659,0.650402,0.000007,0.000086,0.001989,0.405359
3.63566,291.46,1.070466,0.419378,0.651088,0.000007,0.000086,0.002003,0.417063
3.63606,291.50,1.083360,0.431585,0.651776,0.000007,0.000086,0.002018,0.429255
3.63646,291.53,1.096770,0.444305,0.652464,0.000007,0.000086,0.002033,0.441961
3.63686,291.56,1.110721,0.457567,0.653154,0.000007,0.000086,0.002048,0.455208
3.63726,291.59,1.125244,0.471400,0.653844,0.000007,0.000086,0.002064,0.469025
3.63766,291.62,1.140370,0.485834,0.654536,0.000007,0.000087,0.002079,0.483443
3.63806,291.66,1.156130,0.500902,0.655229,0.000007,0.000087,0.002095,0.498496
3.63846,291.69,1.172561,0.516639,0.655922,0.000007,0.000087,0.002111,0.514217
3.63886,291.72,1.189699,0.533082,0.656617,0.000007,0.000087,0.002127,0.530644
3.63926,291.75,1.207584,0.550271,0.657313,0.000007,0.000087,0.002143,0.547816
3.63966,291.78,1.226257,0.568247,0.658010,0.000007,0.000087,0.002159,0.565776
3.64006,291.82,1.245763,0.587055,0.658708,0.000007,0.000087,0.002176,0.584567
3.64046,291.85,1.266149,0.606742,0.659407,0.000007,0.000087,0.002193,0.604237
3.64086,291.88,1.287466,0.627358,0.660108,0.000007,0.000088,0.002210,0.624836
3.64126,291.91,1.309766,0.648957,0.660809,0.000007,0.000088,0.002227,0.646418
3.64166,291.94,1.333105,0.671594,0.661511,0.000007,0.000088,0.002245,0.669037
3.64206,291.98,1.357545,0.695330,0.662215,0.000007,0.000088,0.002263,0.692756
3.64246,292.01,1.383148,0.720228,0.662920,0.000007,0.000088,0.002281,0.717636
3.64286,292.04,1.409981,0.746355,0.663625,0.000007,0.000088,0.002299,0.743745
3.64326,292.07,1.438115,0.773783,0.664332,0.000007,0.000088,0.002317,0.771154
3.64366,292.10,1.467625,0.802585,0.665040,0.000007,0.000088,0.002336,0.799937
3.64406,292.14,1.498590,0.832841,0.665749,0.000007,0.000088,0.002355,0.830175
3.64446,292.17,1.531093,0.864634,0.666459,0.000007,0.000089,0.002374,0.861948
3.64486,292.20,1.565221,0.898051,0.667171,0.000007,0.000089,0.002394,0.895345
3.64526,292.23,1.601065,0.933182,0.667883,0.000007,0.000089,0.002413,0.930456
3.64566,292.27,1.638718,0.970122,0.668596,0.000007,0.000089,0.002433,0.967377
3.64606,292.30,1.678281,1.008970,0.669311,0.000007,0.000089,0.002453,1.006204
3.64646,292.33,1.719853,1.049826,0.670027,0.000007,0.000089,0.002474,1.047040
3.64686,292.36,1.763539,1.092796,0.670744,0.000007,0.000089,0.002495,1.089989
3.64726,292.39,1.809445,1.137983,0.671462,0.000007,0.000089,0.002516,1.135155
3.64766,292.43,1.857676,1.185496,0.672181,0.000007,0.000090,0.002537,1.182646
3.64806,292.46,1.908340,1.235439,0.672901,0.000007,0.000090,0.002559,1.232568
3.64846,292.49,1.961539,1.287917,0.673622,0.000007,0.000090,0.002581,1.285024
3.64886,292.52,2.017373,1.343028,0.674345,0.000007,0.000090,0.002603,1.340113
3.64926,292.55,2.075934,1.400866,0.675068,0.000007,0.000090,0.002626,1.397928
3.64966,292.59,2.137306,1.461513,0.675793,0.000007,0.000090,0.002649,1.458552
3.65006,292.62,2.201557,1.525038,0.676519,0.000007,0.000090,0.002672,1.522054
3.65046,292.65,2.268738,1.591492,0.677246,0.000007,0.000090,0.002696,1.588484
3.65086,292.68,2.338876,1.660902,0.677974,0.000007,0.000091,0.002719,1.657871
3.65126,292.71,2.411970,1.733266,0.678704,0.000007,0.000091,0.002744,1.730210
3.65166,292.75,2.487980,1.808546,0.679434,0.000007,0.000091,0.002768,1.805465
3.65206,292.78,2.566823,1.886657,0.680166,0.000008,0.000091,0.002793,1.883552
3.65246,292.81,2.648364,1.967465,0.680898,0.000008,0.000091,0.002819,1.964334
3.65286,292.84,2.732403,2.050771,0.681632,0.000008,0.000091,0.002844,2.047614
3.65326,292.87,2.818671,2.136303,0.682367,0.000008,0.000091,0.002871,2.133120
3.65366,292.91,2.906815,2.223711,0.683104,0.000008,0.000091,0.002897,2.220501
3.65406,292.94,2.996391,2.312550,0.683841,0.000008,0.000092,0.002924,2.309313
3.65446,292.97,3.086856,2.402277,0.684580,0.000008,0.000092,0.002951,2.399013
3.65486,293.00,3.177563,2.492243,0.685319,0.000008,0.000092,0.002979,2.488952
3.65526,293.03,3.267753,2.581693,0.686060,0.000008,0.000092,0.003007,2.578373
3.65566,293.07,3.356562,2.669760,0.686803,0.000008,0.000092,0.003036,2.666411
3.65606,293.10,3.443024,2.755478,0.687546,0.000008,0.000092,0.003065,2.752101
3.65646,293.13,3.526082,2.837792,0.688290,0.000008,0.000092,0.003095,2.834385
3.65686,293.16,3.604613,2.915577,0.689036,0.000008,0.000092,0.003124,2.912140
3.65726,293.20,3.677447,2.987665,0.689783,0.000008,0.000093,0.003155,2.984197
3.65766,293.23,3.743410,3.052880,0.690531,0.000008,0.000093,0.003186,3.049381
3.65806,293.26,3.801357,3.110077,0.691280,0.000008,0.000093,0.003217,3.106547
3.65846,293.29,3.850219,3.158189,0.692030,0.000008,0.000093,0.003249,3.154627
3.65886,293.32,3.889051,3.196269,0.692782,0.000008,0.000093,0.003282,3.192674
3.65926,293.36,3.917070,3.223535,0.693535,0.000008,0.000093,0.003315,3.219908
3.65966,293.39,3.933701,3.239412,0.694289,0.000008,0.000093,0.003348,3.235751
3.66006,293.42,3.938601,3.243558,0.695044,0.000008,0.000093,0.003383,3.239862
3.66046,293.45,3.931682,3.235882,0.695800,0.000008,0.000094,0.003417,3.232151
3.66086,293.48,3.913110,3.216552,0.696558,0.000008,0.000094,0.003453,3.212787
3.66126,293.52,3.883302,3.185985,0.697316,0.000008,0.000094,0.003489,3.182184
3.66166,293.55,3.842900,3.144823,0.698076,0.000008,0.000094,0.003525,3.140985
3.66206,293.58,3.792740,3.093902,0.698838,0.000008,0.000094,0.003562,3.090027
3.66246,293.61,3.733811,3.034211,0.699600,0.000008,0.000094,0.003600,3.030298
3.66286,293.64,3.667209,2.966846,0.700364,0.000008,0.000094,0.003639,2.962894
3.66326,293.68,3.594093,2.892965,0.701128,0.000008,0.000095,0.003678,2.888974
3.66366,293.71,3.515640,2.813746,0.701894,0.000008,0.000095,0.003718,2.809715
3.66406,293.74,3.433009,2.730347,0.702662,0.000008,0.000095,0.003758,2.726276
3.66446,293.77,3.347305,2.643875,0.703430,0.000008,0.000095,0.003799,2.639762
3.66486,293.80,3.259559,2.555359,0.704200,0.000008,0.000095,0.003841,2.551204
3.66526,293.84,3.170707,2.465736,0.704971,0.000008,0.000095,0.003884,2.461538
3.66566,293.87,3.081581,2.375838,0.705743,0.000008,0.000095,0.003928,2.371597
3.66606,293.90,2.992907,2.286390,0.706517,0.000008,0.000095,0.003972,2.282104
3.66646,293.93,2.905298,2.198007,0.707291,0.000008,0.000096,0.004017,2.193676
3.66686,293.96,2.819269,2.111201,0.708067,0.000008,0.000096,0.004064,2.106824
3.66726,294.00,2.735232,2.026388,0.708844,0.000008,0.000096,0.004111,2.021964
3.66766,294.03,2.653515,1.943892,0.709623,0.000008,0.000096,0.004158,1.939420
3.66806,294.06,2.574365,1.863963,0.710403,0.000008,0.000096,0.004207,1.859442
3.66846,294.09,2.497961,1.786778,0.711183,0.000008,0.000096,0.004257,1.782208
3.66886,294.13,2.424422,1.712456,0.711966,0.000008,0.000096,0.004308,1.707835
3.66926,294.16,2.353816,1.641067,0.712749,0.000008,0.000097,0.004359,1.636394
3.66966,294.19,2.286170,1.572636,0.713534,0.000008,0.000097,0.004412,1.567911
3.67006,294.22,2.221477,1.507157,0.714320,0.000008,0.000097,0.004466,1.502378
3.67046,294.25,2.159701,1.444594,0.715107,0.000008,0.000097,0.004521,1.439760
3.67086,294.29,2.100786,1.384891,0.715896,0.000008,0.000097,0.004577,1.380000
3.67126,294.32,2.044659,1.327974,0.716685,0.000008,0.000097,0.004634,1.323026
3.67166,294.35,1.991233,1.273756,0.717476,0.000008,0.000097,0.004692,1.268750
3.67206,294.38,1.940413,1.222144,0.718269,0.000008,0.000097,0.004752,1.217078
3.67246,294.41,1.892098,1.173036,0.719062,0.000008,0.000098,0.004813,1.167909
3.67286,294.45,1.846184,1.126327,0.719857,0.000008,0.000098,0.004875,1.121138
3.67326,294.48,1.802565,1.081912,0.720653,0.000008,0.000098,0.004938,1.076659
3.67366,294.51,1.761134,1.039684,0.721451,0.000008,0.000098,0.005003,1.034366
3.67406,294.54,1.721787,0.999537,0.722249,0.000008,0.000098,0.005069,0.994154
3.67446,294.57,1.684419,0.961370,0.723050,0.000008,0.000098,0.005137,0.955919
3.67486,294.61,1.648932,0.925081,0.723851,0.000008,0.000098,0.005206,0.919560
3.67526,294.64,1.615226,0.890573,0.724653,0.000008,0.000099,0.005277,0.884982
3.67566,294.67,1.583210,0.857753,0.725457,0.000008,0.000099,0.005349,0.852089
3.67606,294.70,1.552794,0.826531,0.726263,0.000008,0.000099,0.005423,0.820793
3.67646,294.73,1.523891,0.796821,0.727069,0.000008,0.000099,0.005499,0.791008
3.67686,294.77,1.496420,0.768543,0.727877,0.000008,0.000099,0.005576,0.762652
3.67726,294.80,1.470304,0.741617,0.728686,0.000008,0.000099,0.005656,0.735647
3.67766,294.83,1.445468,0.715972,0.729497,0.000008,0.000099,0.005737,0.709920
3.67806,294.86,1.421844,0.691536,0.730308,0.000008,0.000100,0.005820,0.685401
3.67846,294.89,1.399366,0.668244,0.731122,0.000008,0.000100,0.005905,0.662025
3.67886,294.93,1.377971,0.646034,0.731936,0.000008,0.000100,0.005992,0.639728
3.67926,294.96,1.357600,0.624848,0.732752,0.000008,0.000100,0.006081,0.618452
3.67966,294.99,1.338198,0.604629,0.733569,0.000008,0.000100,0.006172,0.598142
3.68006,295.02,1.319713,0.585326,0.734387,0.000008,0.000100,0.006266,0.578745
3.68046,295.06,1.302096,0.566889,0.735207,0.000008,0.000100,0.006362,0.560212
3.68086,295.09,1.285301,0.549273,0.736028,0.000008,0.000101,0.006461,0.542497
3.68126,295.12,1.269284,0.532433,0.736851,0.000008,0.000101,0.006562,0.525556
3.68166,295.15,1.254003,0.516329,0.737674,0.000008,0.000101,0.006665,0.509349
3.68206,295.18,1.239422,0.500922,0.738500,0.000008,0.000101,0.006772,0.493835
3.68246,295.22,1.225502,0.486176,0.739326,0.000008,0.000101,0.006881,0.478980
3.68286,295.25,1.212210,0.472056,0.740154,0.000008,0.000101,0.006993,0.464748
3.68326,295.28,1.199514,0.458531,0.740983,0.000008,0.000101,0.007108,0.451108
3.68366,295.31,1.187384,0.445571,0.741814,0.000008,0.000102,0.007226,0.438029
3.68406,295.34,1.175791,0.433146,0.742645,0.000008,0.000102,0.007347,0.425483
3.68446,295.38,1.164709,0.421230,0.743479,0.000008,0.000102,0.007472,0.413443
3.68486,295.41,1.154112,0.409799,0.744313,0.000008,0.000102,0.007601,0.401883
3.68526,295.44,1.143976,0.398827,0.745149,0.000008,0.000102,0.007732,0.390779
3.68566,295.47,1.134279,0.388293,0.745987,0.000008,0.000102,0.007868,0.380109
3.68606,295.50,1.125001,0.378176,0.746825,0.000008,0.000103,0.008008,0.369852
3.68646,295.54,1.116120,0.368455,0.747665,0.000008,0.000103,0.008151,0.359988
3.68686,295.57,1.107619,0.359112,0.748507,0.000008,0.000103,0.008299,0.350497
3.68726,295.60,1.099480,0.350130,0.749350,0.000008,0.000103,0.008452,0.341363
3.68766,295.63,1.091686,0.341492,0.750194,0.000008,0.000103,0.008609,0.332568
3.68806,295.66,1.084222,0.333182,0.751040,0.000008,0.000103,0.008770,0.324095
3.68846,295.70,1.077072,0.325185,0.751887,0.000008,0.000103,0.008937,0.315932
3.68886,295.73,1.070222,0.317487,0.752735,0.000008,0.000104,0.009109,0.308062
3.68926,295.76,1.063660,0.310075,0.753585,0.000008,0.000104,0.009286,0.300473
3.68966,295.79,1.057373,0.302937,0.754436,0.000008,0.000104,0.009469,0.293152
3.69006,295.82,1.051350,0.296061,0.755289,0.000008,0.000104,0.009658,0.286086
3.69046,295.86,1.045578,0.289435,0.756143,0.000008,0.000104,0.009853,0.279265
3.69086,295.89,1.040048,0.283049,0.756998,0.000008,0.000104,0.010055,0.272678
3.69126,295.92,1.034749,0.276894,0.757855,0.000008,0.000104,0.010263,0.266315
3.69166,295.95,1.029673,0.270959,0.758714,0.000008,0.000105,0.010478,0.260165
3.69206,295.99,1.024810,0.265237,0.759573,0.000008,0.000105,0.010700,0.254220
3.69246,296.02,1.020152,0.259718,0.760434,0.000008,0.000105,0.010930,0.248471
3.69286,296.05,1.015691,0.254394,0.761297,0.000008,0.000105,0.011168,0.242909
3.69326,296.08,1.011420,0.249259,0.762161,0.000008,0.000105,0.011415,0.237528
3.69366,296.11,1.007332,0.244305,0.763026,0.000009,0.000105,0.011670,0.232318
3.69406,296.15,1.003419,0.239526,0.763893,0.000009,0.000106,0.011935,0.227275
3.69446,296.18,0.999676,0.234915,0.764762,0.000009,0.000106,0.012209,0.222389
3.69486,296.21,0.996097,0.230466,0.765631,0.000009,0.000106,0.012493,0.217656
3.69526,296.24,0.992676,0.226174,0.766502,0.000009,0.000106,0.012788,0.213069
3.69566,296.27,0.989408,0.222033,0.767375,0.000009,0.000106,0.013094,0.208622
3.69606,296.31,0.986287,0.218038,0.768249,0.000009,0.000106,0.013412,0.204309
3.69646,296.34,0.983310,0.214185,0.769125,0.000009,0.000107,0.013742,0.200126
3.69686,296.37,0.980471,0.210470,0.770002,0.000009,0.000107,0.014085,0.196068
3.69726,296.40,0.977768,0.206888,0.770880,0.000009,0.000107,0.014441,0.192129
3.69766,296.43,0.975195,0.203435,0.771760,0.000009,0.000107,0.014812,0.188306
3.69806,296.47,0.972749,0.200108,0.772641,0.000009,0.000107,0.015198,0.184593
3.69846,296.50,0.970427,0.196903,0.773524,0.000009,0.000107,0.015599,0.180987
3.69886,296.53,0.968227,0.193818,0.774408,0.000009,0.000107,0.016018,0.177483
3.69926,296.56,0.966144,0.190849,0.775294,0.000009,0.000108,0.016453,0.174078
3.69966,296.59,0.964176,0.187994,0.776181,0.000009,0.000108,0.016908,0.170769
3.70006,296.63,0.962321,0.185251,0.777070,0.000009,0.000108,0.017382,0.167551
3.70046,296.66,0.960576,0.182616,0.777960,0.000009,0.000108,0.017876,0.164422
3.70086,296.69,0.958941,0.180089,0.778852,0.000009,0.000108,0.018393,0.161378
3.70126,296.72,0.957412,0.177666,0.779745,0.000009,0.000108,0.018932,0.158416
3.70166,296.75,0.955988,0.175348,0.780640,0.000009,0.000109,0.019495,0.155534
3.70206,296.79,0.954668,0.173131,0.781536,0.000009,0.000109,0.020084,0.152729
3.70246,296.82,0.953450,0.171016,0.782434,0.000009,0.000109,0.020700,0.149998
3.70286,296.85,0.952334,0.169001,0.783333,0.000009,0.000109,0.021345,0.147338
3.70326,296.88,0.951319,0.167085,0.784234,0.000009,0.000109,0.022020,0.144747
3.70366,296.92,0.950404,0.165268,0.785136,0.000009,0.000109,0.022727,0.142223
3.70406,296.95,0.949588,0.163549,0.786040,0.000009,0.000110,0.023467,0.139763
3.70446,296.98,0.948873,0.161928,0.786945,0.000009,0.000110,0.024244,0.137366
3.70486,297.01,0.948257,0.160405,0.787852,0.000009,0.000110,0.025058,0.135029
3.70526,297.04,0.947740,0.158980,0.788760,0.000009,0.000110,0.025912,0.132750
3.70566,297.08,0.947324,0.157654,0.789670,0.000009,0.000110,0.026808,0.130527
3.70606,297.11,0.947008,0.156427,0.790581,0.000009,0.000110,0.027748,0.128360
3.70646,297.14,0.946794,0.155300,0.791494,0.000009,0.000111,0.028736,0.126245
3.70686,297.17,0.946682,0.154273,0.792408,0.000009,0.000111,0.029773,0.124181
3.70726,297.20,0.946673,0.153349,0.793324,0.000009,0.000111,0.030863,0.122167
3.70766,297.24,0.946769,0.152527,0.794242,0.000009,0.000111,0.032007,0.120201
3.70806,297.27,0.946971,0.151810,0.795161,0.000009,0.000111,0.033210,0.118281
3.70846,297.30,0.947281,0.151199,0.796081,0.000009,0.000111,0.034474,0.116406
3.70886,297.33,0.947699,0.150696,0.797003,0.000009,0.000112,0.035801,0.114575
3.70926,297.36,0.948229,0.150302,0.797927,0.000009,0.000112,0.037195,0.112786
3.70966,297.40,0.948871,0.150018,0.798852,0.000009,0.000112,0.038659,0.111039
3.71006,297.43,0.949626,0.149847,0.799779,0.000009,0.000112,0.040196,0.109331
3.71046,297.46,0.950498,0.149790,0.800708,0.000009,0.000112,0.041808,0.107662
3.71086,297.49,0.951486,0.149848,0.801638,0.000009,0.000112,0.043498,0.106031
3.71126,297.52,0.952592,0.150023,0.802569,0.000009,0.000113,0.045267,0.104435
3.71166,297.56,0.953816,0.150314,0.803502,0.000009,0.000113,0.047118,0.102876
3.71206,297.59,0.955159,0.150722,0.804437,0.000009,0.000113,0.049051,0.101350
3.71246,297.62,0.956619,0.151246,0.805373,0.000009,0.000113,0.051068,0.099858
3.71286,297.65,0.958196,0.151885,0.806311,0.000009,0.000113,0.053166,0.098398
3.71326,297.68,0.959886,0.152636,0.807250,0.000009,0.000113,0.055346,0.096970
3.71366,297.72,0.961686,0.153495,0.808191,0.000009,0.000114,0.057602,0.095572
3.71406,297.75,0.963590,0.154456,0.809134,0.000009,0.000114,0.059932,0.094204
3.71446,297.78,0.965591,0.155512,0.810078,0.000009,0.000114,0.062327,0.092865
3.71486,297.81,0.967679,0.156654,0.811024,0.000009,0.000114,0.064780,0.091553
3.71526,297.85,0.969841,0.157870,0.811972,0.000009,0.000114,0.067279,0.090270
3.71566,297.88,0.972065,0.159144,0.812921,0.000009,0.000115,0.069810,0.089012
3.71606,297.91,0.974331,0.160460,0.813871,0.000009,0.000115,0.072357,0.087781
3.71646,297.94,0.976620,0.161796,0.814824,0.000009,0.000115,0.074900,0.086575
3.71686,297.97,0.978908,0.163131,0.815778,0.000009,0.000115,0.077416,0.085393
3.71726,298.01,0.981170,0.164437,0.816733,0.000009,0.000115,0.079880,0.084235
3.71766,298.04,0.983375,0.165685,0.817690,0.000009,0.000115,0.082263,0.083100
3.71806,298.07,0.985494,0.166844,0.818649,0.000009,0.000116,0.084535,0.081988
3.71846,298.10,0.987492,0.167883,0.819610,0.000009,0.000116,0.086663,0.080898
3.71886,298.13,0.989338,0.168767,0.820572,0.000009,0.000116,0.088616,0.079829
3.71926,298.17,0.990999,0.169463,0.821536,0.000009,0.000116,0.090360,0.078781
3.71966,298.20,0.992442,0.169941,0.822501,0.000009,0.000116,0.091865,0.077754
3.72006,298.23,0.993640,0.170172,0.823468,0.000009,0.000116,0.093104,0.076746
3.72046,298.26,0.994569,0.170132,0.824437,0.000009,0.000117,0.094052,0.075757
3.72086,298.29,0.995208,0.169801,0.825407,0.000009,0.000117,0.094691,0.074788
3.72126,298.33,0.995547,0.169168,0.826379,0.000009,0.000117,0.095009,0.073837
3.72166,298.36,0.995578,0.168225,0.827353,0.000009,0.000117,0.094999,0.072903
3.72206,298.39,0.995302,0.166974,0.828328,0.000009,0.000117,0.094665,0.071987
3.72246,298.42,0.994729,0.165424,0.829305,0.000009,0.000118,0.094013,0.071088
3.72286,298.45,0.993873,0.163589,0.830284,0.000009,0.000118,0.093060,0.070206
3.72326,298.49,0.992754,0.161490,0.831264,0.000009,0.000118,0.091827,0.069340
3.72366,298.52,0.991398,0.159152,0.832246,0.000009,0.000118,0.090339,0.068490
3.72406,298.55,0.989834,0.156604,0.833230,0.000009,0.000118,0.088626,0.067655
3.72446,298.58,0.988094,0.153878,0.834215,0.000009,0.000119,0.086720,0.066835
3.72486,298.61,0.986208,0.151006,0.835203,0.000009,0.000119,0.084652,0.066030
3.72526,298.65,0.984211,0.148020,0.836191,0.000009,0.000119,0.082457,0.065239
3.72566,298.68,0.982133,0.144951,0.837182,0.000009,0.000119,0.080164,0.064463
3.72606,298.71,0.980002,0.141828,0.838174,0.000009,0.000119,0.077805,0.063700
3.72646,298.74,0.977847,0.138679,0.839168,0.000009,0.000119,0.075405,0.062950
3.72686,298.78,0.975691,0.135527,0.840164,0.000009,0.000120,0.072990,0.062214
3.72726,298.81,0.973556,0.132395,0.841161,0.000009,0.000120,0.070581,0.061490
3.72766,298.84,0.971459,0.129299,0.842160,0.000009,0.000120,0.068196,0.060778
3.72806,298.87,0.969416,0.126255,0.843161,0.000010,0.000120,0.065851,0.060079
3.72846,298.90,0.967439,0.123275,0.844164,0.000010,0.000120,0.063559,0.059392
3.72886,298.94,0.965538,0.120370,0.845168,0.000010,0.000121,0.061329,0.058717
3.72926,298.97,0.963722,0.117547,0.846174,0.000010,0.000121,0.059170,0.058053
3.72966,299.00,0.961994,0.114812,0.847182,0.000010,0.000121,0.057088,0.057400
3.73006,299.03,0.960359,0.112167,0.848192,0.000010,0.000121,0.055085,0.056757
3.73046,299.06,0.958820,0.109617,0.849203,0.000010,0.000121,0.053166,0.056126
3.73086,299.10,0.957377,0.107161,0.850216,0.000010,0.000122,0.051331,0.055505
3.73126,299.13,0.956031,0.104800,0.851231,0.000010,0.000122,0.049581,0.054894
3.73166,299.16,0.954780,0.102533,0.852247,0.000010,0.000122,0.047914,0.054293
3.73206,299.19,0.953623,0.100358,0.853266,0.000010,0.000122,0.046330,0.053702
3.73246,299.22,0.952559,0.098273,0.854286,0.000010,0.000122,0.044827,0.053121
3.73286,299.26,0.951584,0.096277,0.855308,0.000010,0.000123,0.043403,0.052548
3.73326,299.29,0.950697,0.094366,0.856331,0.000010,0.000123,0.042055,0.051985
3.73366,299.32,0.949894,0.092537,0.857357,0.000010,0.000123,0.040780,0.051431
3.73406,299.35,0.949172,0.090788,0.858384,0.000010,0.000123,0.039577,0.050886
3.73446,299.38,0.948529,0.089116,0.859413,0.000010,0.000123,0.038441,0.050349
3.73486,299.42,0.947961,0.087517,0.860444,0.000010,0.000123,0.037370,0.049821
3.73526,299.45,0.947465,0.085989,0.861476,0.000010,0.000124,0.036362,0.049301
3.73566,299.48,0.947039,0.084528,0.862511,0.000010,0.000124,0.035413,0.048788
3.73606,299.51,0.946679,0.083132,0.863547,0.000010,0.000124,0.034521,0.048284
3.73646,299.54,0.946382,0.081797,0.864585,0.000010,0.000124,0.033683,0.047788
3.73686,299.58,0.946147,0.080522,0.865625,0.000010,0.000124,0.032897,0.047299
3.73726,299.61,0.945970,0.079304,0.866666,0.000010,0.000125,0.032160,0.046818
3.73766,299.64,0.945850,0.078140,0.867710,0.000010,0.000125,0.031469,0.046343
3.73806,299.67,0.945783,0.077027,0.868755,0.000010,0.000125,0.030824,0.045876
3.73846,299.71,0.945767,0.075965,0.869802,0.000010,0.000125,0.030221,0.045416
3.73886,299.74,0.945801,0.074950,0.870851,0.000010,0.000125,0.029659,0.044963
3.73926,299.77,0.945882,0.073980,0.871902,0.000010,0.000126,0.029136,0.044517
3.73966,299.80,0.946009,0.073055,0.872955,0.000010,0.000126,0.028650,0.044077
3.74006,299.83,0.946180,0.072171,0.874009,0.000010,0.000126,0.028200,0.043643
3.74046,299.87,0.946393,0.071328,0.875066,0.000010,0.000126,0.027784,0.043216
3.74086,299.90,0.946647,0.070524,0.876124,0.000010,0.000126,0.027400,0.042796
3.74126,299.93,0.946941,0.069757,0.877184,0.000010,0.000127,0.027048,0.042381
3.74166,299.96,0.947272,0.069027,0.878246,0.000010,0.000127,0.026726,0.041972
3.74206,299.99,0.947640,0.068331,0.879310,0.000010,0.000127,0.026434,0.041569
3.74246,300.03,0.948044,0.067669,0.880375,0.000010,0.000127,0.026169,0.041172
3.74286,300.06,0.948483,0.067040,0.881443,0.000010,0.000128,0.025932,0.040780
3.74326,300.09,0.948955,0.066443,0.882512,0.000010,0.000128,0.025720,0.040394
3.74366,300.12,0.949461,0.065877,0.883583,0.000010,0.000128,0.025535,0.040014
3.74406,300.15,0.949998,0.065341,0.884657,0.000010,0.000128,0.025374,0.039638
3.74446,300.19,0.950566,0.064835,0.885732,0.000010,0.000128,0.025237,0.039268
3.74486,300.22,0.951166,0.064357,0.886809,0.000010,0.000129,0.025124,0.038903
3.74526,300.25,0.951795,0.063907,0.887887,0.000010,0.000129,0.025034,0.038544
3.74566,300.28,0.952454,0.063485,0.888968,0.000010,0.000129,0.024967,0.038189
3.74606,300.31,0.953142,0.063091,0.890051,0.000010,0.000129,0.024922,0.037839
3.74646,300.35,0.953858,0.062722,0.891136,0.000010,0.000129,0.024899,0.037493
3.74686,300.38,0.954603,0.062381,0.892222,0.000010,0.000130,0.024898,0.037153
3.74726,300.41,0.955376,0.062065,0.893311,0.000010,0.000130,0.024918,0.036817
3.74766,300.44,0.956177,0.061776,0.894401,0.000010,0.000130,0.024960,0.036485
3.74806,300.47,0.957005,0.061512,0.895493,0.000010,0.000130,0.025023,0.036158
3.74846,300.51,0.957861,0.061273,0.896587,0.000010,0.000130,0.025107,0.035836
3.74886,300.54,0.958744,0.061061,0.897684,0.000010,0.000131,0.025213,0.035517
3.74926,300.57,0.959655,0.060873,0.898782,0.000010,0.000131,0.025339,0.035203
3.74966,300.60,0.960593,0.060712,0.899882,0.000010,0.000131,0.025488,0.034893
3.75006,300.64,0.961559,0.060576,0.900984,0.000010,0.000131,0.025657,0.034587
3.75046,300.67,0.962553,0.060465,0.902088,0.000010,0.000132,0.025849,0.034285
3.75086,300.70,0.963575,0.060381,0.903194,0.000010,0.000132,0.026063,0.033987
3.75126,300.73,0.964625,0.060324,0.904302,0.000010,0.000132,0.026299,0.033693
3.75166,300.76,0.965704,0.060292,0.905412,0.000010,0.000132,0.026558,0.033403
3.75206,300.80,0.966812,0.060288,0.906523,0.000010,0.000132,0.026841,0.033116
3.75246,300.83,0.967949,0.060312,0.907637,0.000010,0.000133,0.027147,0.032833
3.75286,300.86,0.969116,0.060363,0.908753,0.000010,0.000133,0.027478,0.032554
3.75326,300.89,0.970314,0.060443,0.909871,0.000010,0.000133,0.027834,0.032278
3.75366,300.92,0.971543,0.060553,0.910991,0.000010,0.000133,0.028215,0.032005
3.75406,300.96,0.972804,0.060692,0.912113,0.000010,0.000134,0.028623,0.031736
3.75446,300.99,0.974098,0.060862,0.913236,0.000010,0.000134,0.029059,0.031471
3.75486,301.02,0.975426,0.061063,0.914362,0.000010,0.000134,0.029522,0.031208
3.75526,301.05,0.976788,0.061298,0.915490,0.000010,0.000134,0.030015,0.030949
3.75566,301.08,0.978185,0.061565,0.916620,0.000010,0.000134,0.030539,0.030694
3.75606,301.12,0.979620,0.061868,0.917752,0.000010,0.000135,0.031094,0.030441
3.75646,301.15,0.981092,0.062206,0.918886,0.000010,0.000135,0.031682,0.030191
3.75686,301.18,0.982604,0.062582,0.920022,0.000010,0.000135,0.032304,0.029945
3.75726,301.21,0.984156,0.062996,0.921160,0.000010,0.000135,0.032962,0.029701
3.75766,301.24,0.985751,0.063451,0.922300,0.000011,0.000136,0.033656,0.029461
3.75806,301.28,0.987389,0.063947,0.923442,0.000011,0.000136,0.034390,0.029223
3.75846,301.31,0.989073,0.064487,0.924586,0.000011,0.000136,0.035165,0.028988
3.75886,301.34,0.990805,0.065072,0.925732,0.000011,0.000136,0.035982,0.028756
3.75926,301.37,0.992586,0.065705,0.926880,0.000011,0.000136,0.036844,0.028527
3.75966,301.40,0.994418,0.066388,0.928031,0.000011,0.000137,0.037753,0.028300
3.76006,301.44,0.996305,0.067122,0.929183,0.000011,0.000137,0.038711,0.028076
3.76046,301.47,0.998249,0.067911,0.930337,0.000011,0.000137,0.039721,0.027855
3.76086,301.50,1.000251,0.068757,0.931494,0.000011,0.000137,0.040786,0.027637
3.76126,301.53,1.002316,0.069663,0.932653,0.000011,0.000138,0.041908,0.027421
3.76166,301.56,1.004446,0.070632,0.933813,0.000011,0.000138,0.043090,0.027207
3.76206,301.60,1.006643,0.071667,0.934976,0.000011,0.000138,0.044336,0.026996
3.76246,301.63,1.008913,0.072772,0.936141,0.000011,0.000138,0.045649,0.026787
3.76286,301.66,1.011258,0.073950,0.937308,0.000011,0.000139,0.047033,0.026581
3.76326,301.69,1.013681,0.075204,0.938477,0.000011,0.000139,0.048491,0.026377
3.76366,301.73,1.016188,0.076540,0.939648,0.000011,0.000139,0.050028,0.026176
3.76406,301.76,1.018783,0.077961,0.940822,0.000011,0.000139,0.051649,0.025976
3.76446,301.79,1.021469,0.079472,0.941997,0.000011,0.000140,0.053356,0.025779
3.76486,301.82,1.024252,0.081077,0.943175,0.000011,0.000140,0.055156,0.025585
3.76526,301.85,1.027137,0.082782,0.944354,0.000011,0.000140,0.057054,0.025392
3.76566,301.89,1.030128,0.084592,0.945536,0.000011,0.000140,0.059053,0.025202
3.76606,301.92,1.033232,0.086512,0.946720,0.000011,0.000140,0.061161,0.025013
3.76646,301.95,1.036454,0.088547,0.947906,0.000011,0.000141,0.063383,0.024827
3.76686,301.98,1.039798,0.090704,0.949095,0.000011,0.000141,0.065723,0.024643
3.76726,302.01,1.043273,0.092988,0.950285,0.000011,0.000141,0.068189,0.024461
3.76766,302.05,1.046882,0.095404,0.951478,0.000011,0.000141,0.070785,0.024281
3.76806,302.08,1.050632,0.097960,0.952672,0.000011,0.000142,0.073519,0.024103
3.76846,302.11,1.054529,0.100660,0.953869,0.000011,0.000142,0.076395,0.023927
3.76886,302.14,1.058578,0.103509,0.955069,0.000011,0.000142,0.079418,0.023753
3.76926,302.17,1.062784,0.106514,0.956270,0.000011,0.000142,0.082595,0.023580
3.76966,302.21,1.067152,0.109678,0.957473,0.000011,0.000143,0.085930,0.023410
3.77006,302.24,1.071685,0.113006,0.958679,0.000011,0.000143,0.089426,0.023241
3.77046,302.27,1.076386,0.116499,0.959887,0.000011,0.000143,0.093086,0.023074
3.77086,302.30,1.081258,0.120160,0.961097,0.000011,0.000143,0.096912,0.022909
3.77126,302.33,1.086298,0.123989,0.962309,0.000011,0.000144,0.100904,0.022746
3.77166,302.37,1.091506,0.127982,0.963524,0.000011,0.000144,0.105058,0.022584
3.77206,302.40,1.096877,0.132136,0.964741,0.000011,0.000144,0.109372,0.022425
3.77246,302.43,1.102402,0.136443,0.965960,0.000011,0.000144,0.113836,0.022267
3.77286,302.46,1.108072,0.140891,0.967181,0.000011,0.000145,0.118441,0.022110
3.77326,302.49,1.113870,0.145466,0.968404,0.000011,0.000145,0.123171,0.021955
3.77366,302.53,1.119778,0.150148,0.969630,0.000011,0.000145,0.128006,0.021802
3.77406,302.56,1.125770,0.154912,0.970858,0.000011,0.000145,0.132921,0.021650
3.77446,302.59,1.131816,0.159729,0.972088,0.000011,0.000146,0.137888,0.021500
3.77486,302.62,1.137881,0.164561,0.973320,0.000011,0.000146,0.142868,0.021352
3.77526,302.66,1.143922,0.169367,0.974555,0.000011,0.000146,0.147821,0.021205
3.77566,302.69,1.149890,0.174098,0.975792,0.000011,0.000146,0.152698,0.021059
3.77606,302.72,1.155733,0.178702,0.977031,0.000011,0.000147,0.157445,0.020915
3.77646,302.75,1.161391,0.183119,0.978273,0.000011,0.000147,0.162004,0.020773
3.77686,302.78,1.166803,0.187286,0.979516,0.000011,0.000147,0.166312,0.020632
3.77726,302.82,1.171902,0.191139,0.980763,0.000011,0.000147,0.170305,0.020492
3.77766,302.85,1.176624,0.194613,0.982011,0.000011,0.000148,0.173917,0.020354
3.77806,302.88,1.180905,0.197644,0.983262,0.000011,0.000148,0.177084,0.020217
3.77846,302.91,1.184686,0.200172,0.984514,0.000011,0.000148,0.179747,0.020082
3.77886,302.94,1.187914,0.202145,0.985770,0.000011,0.000148,0.181854,0.019948
3.77926,302.98,1.190547,0.203519,0.987027,0.000011,0.000149,0.183361,0.019815
3.77966,303.01,1.192551,0.204263,0.988287,0.000011,0.000149,0.184237,0.019683
3.78006,303.04,1.193908,0.204358,0.989549,0.000011,0.000149,0.184462,0.019553
3.78046,303.07,1.194613,0.203799,0.990814,0.000011,0.000150,0.184031,0.019424
3.78086,303.10,1.194675,0.202594,0.992081,0.000011,0.000150,0.182954,0.019297
3.78126,303.14,1.194118,0.200768,0.993350,0.000011,0.000150,0.181254,0.019170
3.78166,303.17,1.192977,0.198356,0.994622,0.000011,0.000150,0.178966,0.019045
3.78206,303.20,1.191299,0.195404,0.995896,0.000011,0.000151,0.176138,0.018921
3.78246,303.23,1.189139,0.191967,0.997172,0.000011,0.000151,0.172824,0.018799
3.78286,303.26,1.186558,0.188107,0.998451,0.000011,0.000151,0.169086,0.018677
3.78326,303.30,1.183620,0.183888,0.999732,0.000011,0.000151,0.164986,0.018557
3.78366,303.33,1.180390,0.179375,1.001015,0.000012,0.000152,0.160592,0.018438
3.78406,303.36,1.176933,0.174632,1.002301,0.000012,0.000152,0.155967,0.018320
3.78446,303.39,1.173310,0.169721,1.003589,0.000012,0.000152,0.151173,0.018203
3.78486,303.42,1.169579,0.164699,1.004879,0.000012,0.000152,0.146266,0.018087
3.78526,303.46,1.165791,0.159618,1.006172,0.000012,0.000153,0.141300,0.017972
3.78566,303.49,1.161992,0.154525,1.007468,0.000012,0.000153,0.136320,0.017859
3.78606,303.52,1.158224,0.149458,1.008766,0.000012,0.000153,0.131366,0.017746
3.78646,303.55,1.154520,0.144454,1.010066,0.000012,0.000154,0.126473,0.017635
3.78686,303.59,1.150908,0.139540,1.011368,0.000012,0.000154,0.121669,0.017524
3.78726,303.62,1.147412,0.134738,1.012673,0.000012,0.000154,0.116976,0.017415
3.78766,303.65,1.144049,0.130068,1.013981,0.000012,0.000154,0.112414,0.017306
3.78806,303.68,1.140834,0.125543,1.015291,0.000012,0.000155,0.107996,0.017199
3.78846,303.71,1.137776,0.121173,1.016603,0.000012,0.000155,0.103732,0.017093
3.78886,303.75,1.134882,0.116964,1.017918,0.000012,0.000155,0.099628,0.016987
3.78926,303.78,1.132155,0.112920,1.019235,0.000012,0.000156,0.095689,0.016883
3.78966,303.81,1.129598,0.109043,1.020555,0.000012,0.000156,0.091915,0.016779
3.79006,303.84,1.127210,0.105332,1.021877,0.000012,0.000156,0.088307,0.016677
3.79046,303.87,1.124988,0.101786,1.023202,0.000012,0.000156,0.084862,0.016575
3.79086,303.91,1.122930,0.098401,1.024529,0.000012,0.000157,0.081578,0.016475
3.79126,303.94,1.121032,0.095174,1.025859,0.000012,0.000157,0.078450,0.016375
3.79166,303.97,1.119289,0.092098,1.027191,0.000012,0.000157,0.075473,0.016276
3.79206,304.00,1.117696,0.089170,1.028525,0.000012,0.000157,0.072643,0.016178
3.79246,304.03,1.116246,0.086384,1.029862,0.000012,0.000158,0.069953,0.016081
3.79286,304.07,1.114935,0.083733,1.031202,0.000012,0.000158,0.067398,0.015985
3.79326,304.10,1.113757,0.081212,1.032544,0.000012,0.000158,0.064973,0.015889
3.79366,304.13,1.112705,0.078816,1.033889,0.000012,0.000159,0.062670,0.015795
3.79406,304.16,1.111773,0.076537,1.035236,0.000012,0.000159,0.060485,0.015701
3.79446,304.19,1.110957,0.074371,1.036586,0.000012,0.000159,0.058412,0.015608
3.79486,304.23,1.110251,0.072313,1.037938,0.000012,0.000159,0.056445,0.015516
3.79526,304.26,1.109648,0.070356,1.039293,0.000012,0.000160,0.054579,0.015425
3.79566,304.29,1.109145,0.068495,1.040650,0.000012,0.000160,0.052809,0.015335
3.79606,304.32,1.108736,0.066726,1.042010,0.000012,0.000160,0.051129,0.015245
3.79646,304.35,1.108416,0.065044,1.043372,0.000012,0.000161,0.049535,0.015156
3.79686,304.39,1.108182,0.063444,1.044738,0.000012,0.000161,0.048024,0.015068
3.79726,304.42,1.108028,0.061923,1.046105,0.000012,0.000161,0.046589,0.014981
3.79766,304.45,1.107951,0.060475,1.047475,0.000012,0.000162,0.045228,0.014895
3.79806,304.48,1.107946,0.059098,1.048848,0.000012,0.000162,0.043936,0.014809
3.79846,304.52,1.108011,0.057788,1.050224,0.000012,0.000162,0.042711,0.014724
3.79886,304.55,1.108142,0.056541,1.051602,0.000012,0.000162,0.041548,0.014639
3.79926,304.58,1.108336,0.055354,1.052982,0.000012,0.000163,0.040444,0.014556
3.79966,304.61,1.108589,0.054224,1.054365,0.000012,0.000163,0.039397,0.014473
3.80006,304.64,1.108900,0.053149,1.055751,0.000012,0.000163,0.038404,0.014391
3.80046,304.68,1.109265,0.052125,1.057140,0.000012,0.000164,0.037462,0.014309
3.80086,304.71,1.109681,0.051151,1.058531,0.000012,0.000164,0.036568,0.014228
3.80126,304.74,1.110148,0.050223,1.059924,0.000012,0.000164,0.035720,0.014148
3.80166,304.77,1.110661,0.049340,1.061321,0.000012,0.000165,0.034916,0.014069
3.80206,304.80,1.111220,0.048500,1.062720,0.000012,0.000165,0.034155,0.013990
3.80246,304.84,1.111823,0.047701,1.064122,0.000012,0.000165,0.033433,0.013912
3.80286,304.87,1.112467,0.046941,1.065526,0.000012,0.000165,0.032750,0.013835
3.80326,304.90,1.113151,0.046218,1.066933,0.000012,0.000166,0.032104,0.013758
3.80366,304.93,1.113873,0.045531,1.068343,0.000012,0.000166,0.031493,0.013682
3.80406,304.96,1.114633,0.044878,1.069755,0.000012,0.000166,0.030916,0.013606
3.80446,305.00,1.115428,0.044258,1.071170,0.000012,0.000167,0.030371,0.013531
3.80486,305.03,1.116258,0.043671,1.072588,0.000012,0.000167,0.029857,0.013457
3.80526,305.06,1.117122,0.043113,1.074008,0.000012,0.000167,0.029373,0.013383
3.80566,305.09,1.118017,0.042586,1.075431,0.000012,0.000168,0.028918,0.013310
3.80606,305.12,1.118944,0.042087,1.076857,0.000013,0.000168,0.028492,0.013237
3.80646,305.16,1.119902,0.041616,1.078286,0.000013,0.000168,0.028092,0.013166
3.80686,305.19,1.120889,0.041171,1.079717,0.000013,0.000169,0.027719,0.013094
3.80726,305.22,1.121904,0.040753,1.081151,0.000013,0.000169,0.027371,0.013023
3.80766,305.25,1.122948,0.040360,1.082588,0.000013,0.000169,0.027048,0.012953
3.80806,305.28,1.124020,0.039992,1.084028,0.000013,0.000170,0.026749,0.012884
3.80846,305.32,1.125118,0.039648,1.085470,0.000013,0.000170,0.026474,0.012815
3.80886,305.35,1.126243,0.039328,1.086915,0.000013,0.000170,0.026222,0.012746
3.80926,305.38,1.127394,0.039031,1.088363,0.000013,0.000171,0.025993,0.012678
3.80966,305.41,1.128571,0.038757,1.089814,0.000013,0.000171,0.025786,0.012611
3.81006,305.45,1.129773,0.038506,1.091267,0.000013,0.000171,0.025602,0.012544
3.81046,305.48,1.131000,0.038277,1.092723,0.000013,0.000171,0.025439,0.012477
3.81086,305.51,1.132252,0.038070,1.094183,0.000013,0.000172,0.025297,0.012412
3.81126,305.54,1.133529,0.037885,1.095644,0.000013,0.000172,0.025177,0.012346
3.81166,305.57,1.134830,0.037721,1.097109,0.000013,0.000172,0.025078,0.012282
3.81206,305.61,1.136156,0.037580,1.098576,0.000013,0.000173,0.025001,0.012217
3.81246,305.64,1.137507,0.037460,1.100047,0.000013,0.000173,0.024945,0.012153
3.81286,305.67,1.138882,0.037362,1.101520,0.000013,0.000173,0.024910,0.012090
3.81326,305.70,1.140282,0.037286,1.102996,0.000013,0.000174,0.024896,0.012027
3.81366,305.73,1.141707,0.037232,1.104475,0.000013,0.000174,0.024904,0.011965
3.81406,305.77,1.143157,0.037200,1.105956,0.000013,0.000174,0.024934,0.011903
3.81446,305.80,1.144632,0.037191,1.107441,0.000013,0.000175,0.024986,0.011842
3.81486,305.83,1.146133,0.037205,1.108928,0.000013,0.000175,0.025060,0.011781
3.81526,305.86,1.147660,0.037242,1.110418,0.000013,0.000175,0.025157,0.011721
3.81566,305.89,1.149214,0.037303,1.111911,0.000013,0.000176,0.025278,0.011661
3.81606,305.93,1.150795,0.037388,1.113407,0.000013,0.000176,0.025422,0.011601
3.81646,305.96,1.152404,0.037497,1.114906,0.000013,0.000176,0.025591,0.011542
3.81686,305.99,1.154041,0.037633,1.116408,0.000013,0.000177,0.025784,0.011484
3.81726,306.02,1.155707,0.037794,1.117913,0.000013,0.000177,0.026004,0.011425
3.81766,306.05,1.157403,0.037983,1.119421,0.000013,0.000177,0.026249,0.011368
3.81806,306.09,1.159130,0.038199,1.120931,0.000013,0.000178,0.026523,0.011311
3.81846,306.12,1.160889,0.038444,1.122445,0.000013,0.000178,0.026825,0.011254
3.81886,306.15,1.162680,0.038719,1.123961,0.000013,0.000179,0.027156,0.011197
3.81926,306.18,1.164506,0.039026,1.125480,0.000013,0.000179,0.027518,0.011141
3.81966,306.21,1.166367,0.039364,1.127003,0.000013,0.000179,0.027911,0.011086
3.82006,306.25,1.168264,0.039736,1.128528,0.000013,0.000180,0.028338,0.011031
3.82046,306.28,1.170199,0.040143,1.130056,0.000013,0.000180,0.028799,0.010976
3.82086,306.31,1.172174,0.040586,1.131588,0.000013,0.000180,0.029297,0.010922
3.82126,306.34,1.174189,0.041068,1.133122,0.000013,0.000181,0.029832,0.010868
3.82166,306.38,1.176248,0.041589,1.134659,0.000013,0.000181,0.030407,0.010814
3.82206,306.41,1.178351,0.042152,1.136199,0.000013,0.000181,0.031023,0.010761
3.82246,306.44,1.180501,0.042759,1.137742,0.000013,0.000182,0.031682,0.010708
3.82286,306.47,1.182700,0.043412,1.139289,0.000013,0.000182,0.032387,0.010656
3.82326,306.50,1.184950,0.044112,1.140838,0.000013,0.000182,0.033139,0.010604
3.82366,306.54,1.187253,0.044863,1.142390,0.000013,0.000183,0.033941,0.010552
3.82406,306.57,1.189612,0.045667,1.143945,0.000013,0.000183,0.034796,0.010501
3.82446,306.60,1.192030,0.046526,1.145504,0.000013,0.000183,0.035706,0.010450
3.82486,306.63,1.194508,0.047443,1.147065,0.000013,0.000184,0.036673,0.010400
3.82526,306.66,1.197051,0.048421,1.148629,0.000013,0.000184,0.037701,0.010350
3.82566,306.70,1.199659,0.049462,1.150197,0.000013,0.000185,0.038791,0.010300
3.82606,306.73,1.202338,0.050570,1.151768,0.000014,0.000185,0.039948,0.010250
3.82646,306.76,1.205088,0.051747,1.153341,0.000014,0.000185,0.041174,0.010201
3.82686,306.79,1.207914,0.052996,1.154918,0.000014,0.000186,0.042471,0.010153
3.82726,306.82,1.210818,0.054320,1.156498,0.000014,0.000186,0.043843,0.010104
3.82766,306.86,1.213802,0.055721,1.158081,0.000014,0.000186,0.045292,0.010056
3.82806,306.89,1.216869,0.057202,1.159667,0.000014,0.000187,0.046820,0.010009
3.82846,306.92,1.220021,0.058765,1.161256,0.000014,0.000187,0.048430,0.009961
3.82886,306.95,1.223259,0.060411,1.162848,0.000014,0.000187,0.050123,0.009914
3.82926,306.98,1.226585,0.062142,1.164444,0.000014,0.000188,0.051900,0.009868
3.82966,307.02,1.229999,0.063957,1.166042,0.000014,0.000188,0.053762,0.009821
3.83006,307.05,1.233501,0.065857,1.167644,0.000014,0.000189,0.055707,0.009775
3.83046,307.08,1.237088,0.067840,1.169249,0.000014,0.000189,0.057735,0.009730
3.83086,307.11,1.240759,0.069902,1.170857,0.000014,0.000189,0.059842,0.009684
3.83126,307.14,1.244507,0.072039,1.172468,0.000014,0.000190,0.062024,0.009639
3.83166,307.18,1.248327,0.074245,1.174082,0.000014,0.000190,0.064275,0.009594
3.83206,307.21,1.252211,0.076511,1.175700,0.000014,0.000190,0.066585,0.009550
3.83246,307.24,1.256147,0.078826,1.177321,0.000014,0.000191,0.068944,0.009506
3.83286,307.27,1.260122,0.081177,1.178945,0.000014,0.000191,0.071338,0.009462
3.83326,307.31,1.264119,0.083547,1.180572,0.000014,0.000192,0.073751,0.009419
3.83366,307.34,1.268119,0.085917,1.182202,0.000014,0.000192,0.076164,0.009375
3.83406,307.37,1.272100,0.088264,1.183836,0.000014,0.000192,0.078554,0.009332
3.83446,307.40,1.276036,0.090563,1.185473,0.000014,0.000193,0.080895,0.009290
3.83486,307.43,1.279899,0.092786,1.187113,0.000014,0.000193,0.083160,0.009247
3.83526,307.47,1.283660,0.094903,1.188756,0.000014,0.000194,0.085319,0.009205
3.83566,307.50,1.287285,0.096882,1.190403,0.000014,0.000194,0.087339,0.009164
3.83606,307.53,1.290743,0.098690,1.192053,0.000014,0.000194,0.089188,0.009122
3.83646,307.56,1.294000,0.100294,1.193706,0.000014,0.000195,0.090834,0.009081
3.83686,307.59,1.297027,0.101665,1.195362,0.000014,0.000195,0.092244,0.009040
3.83726,307.63,1.299794,0.102772,1.197022,0.000014,0.000195,0.093392,0.008999
3.83766,307.66,1.302277,0.103592,1.198685,0.000014,0.000196,0.094252,0.008959
3.83806,307.69,1.304457,0.104105,1.200352,0.000014,0.000196,0.094805,0.008919
3.83846,307.72,1.306320,0.104298,1.202021,0.000014,0.000197,0.095038,0.008879
3.83886,307.75,1.307860,0.104166,1.203694,0.000014,0.000197,0.094944,0.008840
3.83926,307.79,1.309077,0.103707,1.205371,0.000014,0.000197,0.094524,0.008800
3.83966,307.82,1.309980,0.102930,1.207050,0.000014,0.000198,0.093786,0.008761
3.84006,307.85,1.310583,0.101850,1.208733,0.000014,0.000198,0.092744,0.008722
3.84046,307.88,1.310906,0.100486,1.210420,0.000014,0.000199,0.091419,0.008684
3.84086,307.91,1.310974,0.098864,1.212110,0.000014,0.000199,0.089835,0.008646
3.84126,307.95,1.310816,0.097013,1.213803,0.000014,0.000200,0.088022,0.008608
3.84166,307.98,1.310464,0.094964,1.215499,0.000014,0.000200,0.086010,0.008570
3.84206,308.01,1.309949,0.092750,1.217199,0.000014,0.000200,0.083833,0.008532
3.84246,308.04,1.309306,0.090403,1.218902,0.000014,0.000201,0.081523,0.008495
3.84286,308.07,1.308564,0.087955,1.220609,0.000014,0.000201,0.079111,0.008458
3.84326,308.11,1.307755,0.085435,1.222319,0.000014,0.000202,0.076628,0.008421
3.84366,308.14,1.306905,0.082872,1.224033,0.000014,0.000202,0.074101,0.008385
3.84406,308.17,1.306040,0.080290,1.225750,0.000015,0.000202,0.071555,0.008348
3.84446,308.20,1.305180,0.077710,1.227471,0.000015,0.000203,0.069010,0.008312
3.84486,308.24,1.304346,0.075151,1.229194,0.000015,0.000203,0.066488,0.008277
3.84526,308.27,1.303552,0.072630,1.230922,0.000015,0.000204,0.064002,0.008241
3.84566,308.30,1.302812,0.070159,1.232653,0.000015,0.000204,0.061566,0.008206
3.84606,308.33,1.302136,0.067749,1.234387,0.000015,0.000205,0.059190,0.008170
3.84646,308.36,1.301532,0.065408,1.236125,0.000015,0.000205,0.056883,0.008135
3.84686,308.40,1.301007,0.063141,1.237866,0.000015,0.000205,0.054651,0.008101
3.84726,308.43,1.300564,0.060952,1.239611,0.000015,0.000206,0.052497,0.008066
3.84766,308.46,1.300205,0.058846,1.241360,0.000015,0.000206,0.050424,0.008032
3.84806,308.49,1.299933,0.056822,1.243111,0.000015,0.000207,0.048433,0.007998
3.84846,308.52,1.299748,0.054881,1.244867,0.000015,0.000207,0.046526,0.007964
3.84886,308.56,1.299648,0.053023,1.246626,0.000015,0.000208,0.044701,0.007931
3.84926,308.59,1.299634,0.051245,1.248388,0.000015,0.000208,0.042957,0.007897
3.84966,308.62,1.299702,0.049548,1.250154,0.000015,0.000208,0.041292,0.007864
3.85006,308.65,1.299851,0.047927,1.251924,0.000015,0.000209,0.039704,0.007831
3.85046,308.68,1.300079,0.046381,1.253697,0.000015,0.000209,0.038191,0.007798
3.85086,308.72,1.300382,0.044907,1.255474,0.000015,0.000210,0.036749,0.007766
3.85126,308.75,1.300757,0.043503,1.257255,0.000015,0.000210,0.035376,0.007733
3.85166,308.78,1.301202,0.042164,1.259039,0.000015,0.000211,0.034069,0.007701
3.85206,308.81,1.301714,0.040888,1.260826,0.000015,0.000211,0.032825,0.007669
3.85246,308.84,1.302290,0.039673,1.262618,0.000015,0.000211,0.031641,0.007637
3.85286,308.88,1.302927,0.038514,1.264413,0.000015,0.000212,0.030514,0.007606
3.85326,308.91,1.303622,0.037411,1.266211,0.000015,0.000212,0.029441,0.007574
3.85366,308.94,1.304372,0.036358,1.268013,0.000015,0.000213,0.028420,0.007543
3.85406,308.97,1.305175,0.035355,1.269819,0.000015,0.000213,0.027447,0.007512
3.85446,309.00,1.306027,0.034399,1.271629,0.000015,0.000214,0.026521,0.007481
3.85486,309.04,1.306928,0.033486,1.273442,0.000015,0.000214,0.025638,0.007451
3.85526,309.07,1.307874,0.032615,1.275259,0.000015,0.000215,0.024797,0.007420
3.85566,309.10,1.308863,0.031783,1.277080,0.000015,0.000215,0.023995,0.007390
3.85606,309.13,1.309892,0.030988,1.278904,0.000015,0.000216,0.023230,0.007360
3.85646,309.17,1.310961,0.030229,1.280732,0.000015,0.000216,0.022500,0.007330
3.85686,309.20,1.312067,0.029503,1.282564,0.000015,0.000216,0.021804,0.007300
3.85726,309.23,1.313208,0.028809,1.284399,0.000015,0.000217,0.021139,0.007271
3.85766,309.26,1.314383,0.028145,1.286239,0.000015,0.000217,0.020503,0.007242
3.85806,309.29,1.315590,0.027509,1.288082,0.000015,0.000218,0.019896,0.007212
3.85846,309.33,1.316828,0.026899,1.289928,0.000015,0.000218,0.019315,0.007184
3.85886,309.36,1.318094,0.026315,1.291779,0.000015,0.000219,0.018759,0.007155
3.85926,309.39,1.319389,0.025755,1.293633,0.000015,0.000219,0.018228,0.007126
3.85966,309.42,1.320709,0.025218,1.295492,0.000015,0.000220,0.017718,0.007098
3.86006,309.45,1.322056,0.024702,1.297354,0.000016,0.000220,0.017230,0.007069
3.86046,309.49,1.323426,0.024207,1.299219,0.000016,0.000221,0.016763,0.007041
3.86086,309.52,1.324820,0.023731,1.301089,0.000016,0.000221,0.016314,0.007013
3.86126,309.55,1.326236,0.023273,1.302963,0.000016,0.000222,0.015884,0.006985
3.86166,309.58,1.327673,0.022833,1.304840,0.000016,0.000222,0.015471,0.006958
3.86206,309.61,1.329130,0.022409,1.306721,0.000016,0.000223,0.015074,0.006930
3.86246,309.65,1.330607,0.022001,1.308606,0.000016,0.000223,0.014693,0.006903
3.86286,309.68,1.332103,0.021609,1.310495,0.000016,0.000224,0.014327,0.006876
3.86326,309.71,1.333618,0.021230,1.312388,0.000016,0.000224,0.013975,0.006849
3.86366,309.74,1.335149,0.020865,1.314284,0.000016,0.000225,0.013636,0.006822
3.86406,309.77,1.336697,0.020512,1.316185,0.000016,0.000225,0.013310,0.006795
3.86446,309.81,1.338262,0.020172,1.318090,0.000016,0.000226,0.012996,0.006769
3.86486,309.84,1.339842,0.019844,1.319998,0.000016,0.000226,0.012694,0.006743
3.86526,309.87,1.341437,0.019527,1.321910,0.000016,0.000226,0.012402,0.006716
3.86566,309.90,1.343047,0.019220,1.323827,0.000016,0.000227,0.012121,0.006690
3.86606,309.93,1.344671,0.018924,1.325747,0.000016,0.000227,0.011850,0.006664
3.86646,309.97,1.346308,0.018637,1.327671,0.000016,0.000228,0.011589,0.006639
3.86686,310.00,1.347959,0.018359,1.329599,0.000016,0.000228,0.011336,0.006613
3.86726,310.03,1.349622,0.018090,1.331532,0.000016,0.000229,0.011093,0.006588
3.86766,310.06,1.351298,0.017830,1.333468,0.000016,0.000229,0.010857,0.006562
3.86806,310.09,1.352986,0.017578,1.335408,0.000016,0.000230,0.010629,0.006537
3.86846,310.13,1.354685,0.017333,1.337352,0.000016,0.000230,0.010409,0.006512
3.86886,310.16,1.356396,0.017096,1.339301,0.000016,0.000231,0.010196,0.006487
3.86926,310.19,1.358119,0.016866,1.341253,0.000016,0.000232,0.009990,0.006463
3.86966,310.22,1.359851,0.016642,1.343209,0.000016,0.000232,0.009791,0.006438
3.87006,310.26,1.361595,0.016425,1.345170,0.000016,0.000233,0.009598,0.006414
3.87046,310.29,1.363349,0.016214,1.347134,0.000016,0.000233,0.009411,0.006389
3.87086,310.32,1.365112,0.016009,1.349103,0.000016,0.000234,0.009230,0.006365
3.87126,310.35,1.366886,0.015810,1.351076,0.000016,0.000234,0.009054,0.006341
3.87166,310.38,1.368669,0.015617,1.353052,0.000016,0.000235,0.008884,0.006317
3.87206,310.42,1.370461,0.015428,1.355033,0.000016,0.000235,0.008719,0.006293
3.87246,310.45,1.372263,0.015245,1.357018,0.000016,0.000236,0.008559,0.006270
3.87286,310.48,1.374074,0.015066,1.359007,0.000016,0.000236,0.008403,0.006246
3.87326,310.51,1.375893,0.014893,1.361001,0.000016,0.000237,0.008252,0.006223
3.87366,310.54,1.377721,0.014723,1.362998,0.000016,0.000237,0.008106,0.006200
3.87406,310.58,1.379558,0.014558,1.365000,0.000016,0.000238,0.007963,0.006177
3.87446,310.61,1.381403,0.014397,1.367006,0.000016,0.000238,0.007825,0.006154
3.87486,310.64,1.383256,0.014241,1.369016,0.000017,0.000239,0.007691,0.006131
3.87526,310.67,1.385117,0.014088,1.371030,0.000017,0.000239,0.007560,0.006108
3.87566,310.70,1.386986,0.013938,1.373048,0.000017,0.000240,0.007433,0.006085
3.87606,310.74,1.388863,0.013793,1.375071,0.000017,0.000240,0.007309,0.006063
3.87646,310.77,1.390748,0.013650,1.377098,0.000017,0.000241,0.007188,0.006041
3.87686,310.80,1.392640,0.013511,1.379129,0.000017,0.000242,0.007071,0.006018
3.87726,310.83,1.394540,0.013376,1.381164,0.000017,0.000242,0.006957,0.005996
3.87766,310.86,1.396447,0.013243,1.383204,0.000017,0.000243,0.006846,0.005974
3.87806,310.90,1.398361,0.013114,1.385248,0.000017,0.000243,0.006738,0.005952
3.87846,310.93,1.400283,0.012987,1.387296,0.000017,0.000244,0.006632,0.005931
3.87886,310.96,1.402212,0.012863,1.389349,0.000017,0.000244,0.006530,0.005909
3.87926,310.99,1.404147,0.012742,1.391405,0.000017,0.000245,0.006429,0.005888
3.87966,311.02,1.406090,0.012623,1.393467,0.000017,0.000245,0.006332,0.005866
3.88006,311.06,1.408039,0.012507,1.395532,0.000017,0.000246,0.006236,0.005845
3.88046,311.09,1.409995,0.012394,1.397602,0.000017,0.000247,0.006143,0.005824
3.88086,311.12,1.411958,0.012282,1.399676,0.000017,0.000247,0.006053,0.005803
3.88126,311.15,1.413928,0.012173,1.401755,0.000017,0.000248,0.005964,0.005782
3.88166,311.19,1.415904,0.012067,1.403838,0.000017,0.000248,0.005878,0.005761
3.88206,311.22,1.417887,0.011962,1.405925,0.000017,0.000249,0.005793,0.005740
3.88246,311.25,1.419876,0.011860,1.408017,0.000017,0.000249,0.005711,0.005720
3.88286,311.28,1.421872,0.011759,1.410113,0.000017,0.000250,0.005630,0.005699
3.88326,311.31,1.423874,0.011661,1.412213,0.000017,0.000251,0.005552,0.005679
3.88366,311.35,1.425883,0.011564,1.414318,0.000017,0.000251,0.005475,0.005659
3.88406,311.38,1.427897,0.011469,1.416428,0.000017,0.000252,0.005400,0.005638
3.88446,311.41,1.429918,0.011376,1.418542,0.000017,0.000252,0.005326,0.005618
3.88486,311.44,1.431945,0.011285,1.420660,0.000017,0.000253,0.005255,0.005598
3.88526,311.47,1.433979,0.011196,1.422783,0.000017,0.000253,0.005184,0.005579
3.88566,311.51,1.436018,0.011108,1.424910,0.000017,0.000254,0.005116,0.005559
3.88606,311.54,1.438064,0.011022,1.427042,0.000017,0.000255,0.005048,0.005539
3.88646,311.57,1.440116,0.010937,1.429179,0.000017,0.000255,0.004983,0.005520
3.88686,311.60,1.442173,0.010854,1.431320,0.000017,0.000256,0.004918,0.005500
3.88726,311.63,1.444237,0.010772,1.433465,0.000017,0.000256,0.004855,0.005481
3.88766,311.67,1.446307,0.010691,1.435615,0.000017,0.000257,0.004793,0.005462
3.88806,311.70,1.448382,0.010612,1.437770,0.000018,0.000258,0.004733,0.005443
3.88846,311.73,1.450464,0.010535,1.439929,0.000018,0.000258,0.004674,0.005424
3.88886,311.76,1.452551,0.010458,1.442093,0.000018,0.000259,0.004616,0.005405
3.88926,311.79,1.454645,0.010383,1.444261,0.000018,0.000259,0.004559,0.005386
3.88966,311.83,1.456744,0.010310,1.446434,0.000018,0.000260,0.004503,0.005367
3.89006,311.86,1.458849,0.010237,1.448612,0.000018,0.000261,0.004449,0.005349
3.89046,311.89,1.460960,0.010166,1.450794,0.000018,0.000261,0.004395,0.005330
3.89086,311.92,1.463077,0.010095,1.452981,0.000018,0.000262,0.004343,0.005312
3.89126,311.95,1.465199,0.010026,1.455173,0.000018,0.000262,0.004292,0.005293
3.89166,311.99,1.467327,0.009958,1.457369,0.000018,0.000263,0.004241,0.005275
3.89206,312.02,1.469461,0.009891,1.459570,0.000018,0.000264,0.004192,0.005257
3.89246,312.05,1.471601,0.009825,1.461776,0.000018,0.000264,0.004143,0.005239
3.89286,312.08,1.473747,0.009760,1.463986,0.000018,0.000265,0.004096,0.005221
3.89326,312.12,1.475898,0.009696,1.466202,0.000018,0.000266,0.004049,0.005203
3.89366,312.15,1.478055,0.009633,1.468422,0.000018,0.000266,0.004003,0.005185
3.89406,312.18,1.480217,0.009571,1.470646,0.000018,0.000267,0.003958,0.005168
3.89446,312.21,1.482386,0.009510,1.472876,0.000018,0.000267,0.003914,0.005150
3.89486,312.24,1.484560,0.009450,1.475110,0.000018,0.000268,0.003871,0.005133
3.89526,312.28,1.486739,0.009390,1.477349,0.000018,0.000269,0.003828,0.005115
3.89566,312.31,1.488924,0.009332,1.479593,0.000018,0.000269,0.003786,0.005098
3.89606,312.34,1.491115,0.009274,1.481841,0.000018,0.000270,0.003745,0.005081
3.89646,312.37,1.493312,0.009217,1.484095,0.000018,0.000271,0.003705,0.005064
3.89686,312.40,1.495514,0.009161,1.486353,0.000018,0.000271,0.003665,0.005046
3.89726,312.44,1.497722,0.009106,1.488616,0.000018,0.000272,0.003626,0.005029
3.89766,312.47,1.499936,0.009051,1.490884,0.000018,0.000273,0.003588,0.005013
3.89806,312.50,1.502155,0.008998,1.493157,0.000018,0.000273,0.003550,0.004996
3.89846,312.53,1.504379,0.008945,1.495435,0.000018,0.000274,0.003514,0.004979
3.89886,312.56,1.506610,0.008892,1.497718,0.000018,0.000275,0.003477,0.004962
3.89926,312.60,1.508846,0.008841,1.500005,0.000018,0.000275,0.003441,0.004946
3.89966,312.63,1.511087,0.008790,1.502298,0.000018,0.000276,0.003406,0.004929
3.90007,312.66,1.513335,0.008739,1.504595,0.000018,0.000277,0.003372,0.004913
3.90047,312.69,1.515588,0.008690,1.506898,0.000019,0.000277,0.003338,0.004897
3.90087,312.72,1.517846,0.008641,1.509205,0.000019,0.000278,0.003304,0.004880
3.90127,312.76,1.520110,0.008592,1.511518,0.000019,0.000279,0.003272,0.004864
3.90167,312.79,1.522380,0.008545,1.513835,0.000019,0.000279,0.003239,0.004848
3.90207,312.82,1.524655,0.008497,1.516158,0.000019,0.000280,0.003207,0.004832
3.90247,312.85,1.526936,0.008451,1.518485,0.000019,0.000281,0.003176,0.004816
3.90287,312.88,1.529223,0.008405,1.520818,0.000019,0.000281,0.003145,0.004801
3.90327,312.92,1.531515,0.008359,1.523155,0.000019,0.000282,0.003115,0.004785
3.90367,312.95,1.533813,0.008315,1.525498,0.000019,0.000283,0.003085,0.004769
3.90407,312.98,1.536116,0.008270,1.527846,0.000019,0.000283,0.003056,0.004754
3.90447,313.01,1.538425,0.008227,1.530199,0.000019,0.000284,0.003027,0.004738
3.90487,313.05,1.540740,0.008183,1.532557,0.000019,0.000285,0.002998,0.004723
3.90527,313.08,1.543060,0.008140,1.534920,0.000019,0.000286,0.002970,0.004707
3.90567,313.11,1.545386,0.008098,1.537288,0.000019,0.000286,0.002943,0.004692
3.90607,313.14,1.547718,0.008057,1.539661,0.000019,0.000287,0.002916,0.004677
3.90647,313.17,1.550055,0.008015,1.542040,0.000019,0.000288,0.002889,0.004662
3.90687,313.21,1.552398,0.007974,1.544424,0.000019,0.000288,0.002862,0.004646
3.90727,313.24,1.554747,0.007934,1.546812,0.000019,0.000289,0.002836,0.004631
3.90767,313.27,1.557101,0.007894,1.549207,0.000019,0.000290,0.002811,0.004617
3.90807,313.30,1.559461,0.007855,1.551606,0.000019,0.000291,0.002785,0.004602
3.90847,313.33,1.561826,0.007816,1.554010,0.000019,0.000291,0.002761,0.004587
3.90887,313.37,1.564198,0.007777,1.556420,0.000019,0.000292,0.002736,0.004572
3.90927,313.40,1.566575,0.007739,1.558835,0.000019,0.000293,0.002712,0.004558
3.90967,313.43,1.568957,0.007702,1.561256,0.000019,0.000293,0.002688,0.004543
3.91007,313.46,1.571346,0.007664,1.563681,0.000019,0.000294,0.002665,0.004528
3.91047,313.49,1.573740,0.007627,1.566112,0.000019,0.000295,0.002641,0.004514
3.91087,313.53,1.576140,0.007591,1.568549,0.000019,0.000296,0.002619,0.004500
3.91127,313.56,1.578545,0.007555,1.570990,0.000019,0.000296,0.002596,0.004485
3.91167,313.59,1.580957,0.007519,1.573437,0.000020,0.000297,0.002574,0.004471
3.91207,313.62,1.583374,0.007484,1.575890,0.000020,0.000298,0.002552,0.004457
3.91247,313.65,1.585796,0.007449,1.578347,0.000020,0.000299,0.002531,0.004443
3.91287,313.69,1.588225,0.007414,1.580811,0.000020,0.000299,0.002509,0.004429
3.91327,313.72,1.590659,0.007380,1.583279,0.000020,0.000300,0.002488,0.004415
3.91367,313.75,1.593099,0.007346,1.585753,0.000020,0.000301,0.002468,0.004401
3.91407,313.78,1.595545,0.007313,1.588232,0.000020,0.000302,0.002447,0.004387
3.91447,313.81,1.597997,0.007279,1.590717,0.000020,0.000302,0.002427,0.004373
3.91487,313.85,1.600454,0.007247,1.593208,0.000020,0.000303,0.002407,0.004360
3.91527,313.88,1.602917,0.007214,1.595703,0.000020,0.000304,0.002387,0.004346
3.91567,313.91,1.605387,0.007182,1.598205,0.000020,0.000305,0.002368,0.004333
3.91607,313.94,1.607861,0.007150,1.600711,0.000020,0.000306,0.002349,0.004319
3.91647,313.98,1.610342,0.007118,1.603224,0.000020,0.000306,0.002330,0.004306
3.91687,314.01,1.612829,0.007087,1.605742,0.000020,0.000307,0.002311,0.004292
3.91727,314.04,1.615321,0.007056,1.608265,0.000020,0.000308,0.002293,0.004279
3.91767,314.07,1.617820,0.007026,1.610794,0.000020,0.000309,0.002275,0.004266
3.91807,314.10,1.620324,0.006995,1.613329,0.000020,0.000310,0.002257,0.004252
3.91847,314.14,1.622834,0.006965,1.615869,0.000020,0.000310,0.002239,0.004239
3.91887,314.17,1.625350,0.006935,1.618415,0.000020,0.000311,0.002222,0.004226
3.91927,314.20,1.627872,0.006906,1.620966,0.000020,0.000312,0.002205,0.004213
3.91967,314.23,1.630400,0.006877,1.623523,0.000020,0.000313,0.002188,0.004200
3.92007,314.26,1.632934,0.006848,1.626086,0.000020,0.000314,0.002171,0.004187
3.92047,314.30,1.635474,0.006819,1.628654,0.000020,0.000314,0.002154,0.004175
3.92087,314.33,1.638019,0.006791,1.631228,0.000020,0.000315,0.002138,0.004162
3.92127,314.36,1.640571,0.006763,1.633808,0.000020,0.000316,0.002122,0.004149
3.92167,314.39,1.643129,0.006735,1.636394,0.000020,0.000317,0.002106,0.004136
3.92207,314.42,1.645692,0.006707,1.638985,0.000021,0.000318,0.002090,0.004124
3.92247,314.46,1.648262,0.006680,1.641582,0.000021,0.000318,0.002074,0.004111
3.92287,314.49,1.650838,0.006653,1.644185,0.000021,0.000319,0.002059,0.004099
3.92327,314.52,1.653420,0.006626,1.646794,0.000021,0.000320,0.002043,0.004086
3.92367,314.55,1.656007,0.006599,1.649408,0.000021,0.000321,0.002028,0.004074
3.92407,314.58,1.658601,0.006573,1.652028,0.000021,0.000322,0.002013,0.004062
3.92447,314.62,1.661201,0.006547,1.654654,0.000021,0.000323,0.001999,0.004049
3.92487,314.65,1.663807,0.006521,1.657286,0.000021,0.000323,0.001984,0.004037
3.92527,314.68,1.666419,0.006495,1.659924,0.000021,0.000324,0.001970,0.004025
3.92567,314.71,1.669037,0.006470,1.662568,0.000021,0.000325,0.001956,0.004013
3.92607,314.74,1.671662,0.006444,1.665217,0.000021,0.000326,0.001942,0.004001
3.92647,314.78,1.674292,0.006419,1.667873,0.000021,0.000327,0.001928,0.003989
3.92687,314.81,1.676929,0.006395,1.670534,0.000021,0.000328,0.001914,0.003977
3.92727,314.84,1.679572,0.006370,1.673202,0.000021,0.000329,0.001900,0.003965
3.92767,314.87,1.682221,0.006346,1.675875,0.000021,0.000330,0.001887,0.003953
3.92807,314.91,1.684876,0.006321,1.678554,0.000021,0.000330,0.001874,0.003941
3.92847,314.94,1.687537,0.006297,1.681240,0.000021,0.000331,0.001861,0.003930
3.92887,314.97,1.690205,0.006274,1.683931,0.000021,0.000332,0.001848,0.003918
3.92927,315.00,1.692878,0.006250,1.686628,0.000021,0.000333,0.001835,0.003906
3.92967,315.03,1.695558,0.006227,1.689332,0.000021,0.000334,0.001822,0.003895
3.93007,315.07,1.698245,0.006203,1.692041,0.000021,0.000335,0.001810,0.003883
3.93047,315.10,1.700937,0.006180,1.694757,0.000021,0.000336,0.001797,0.003872
3.93087,315.13,1.703636,0.006158,1.697478,0.000021,0.000337,0.001785,0.003860
3.93127,315.16,1.706341,0.006135,1.700206,0.000021,0.000338,0.001773,0.003849
3.93167,315.19,1.709053,0.006113,1.702940,0.000022,0.000338,0.001761,0.003838
3.93207,315.23,1.711770,0.006090,1.705680,0.000022,0.000339,0.001749,0.003827
3.93247,315.26,1.714495,0.006068,1.708426,0.000022,0.000340,0.001737,0.003815
3.93287,315.29,1.717225,0.006046,1.711179,0.000022,0.000341,0.001726,0.003804
3.93327,315.32,1.719962,0.006025,1.713937,0.000022,0.000342,0.001714,0.003793
3.93367,315.35,1.722705,0.006003,1.716702,0.000022,0.000343,0.001703,0.003782
3.93407,315.39,1.725455,0.005982,1.719473,0.000022,0.000344,0.001692,0.003771
3.93447,315.42,1.728211,0.005961,1.722250,0.000022,0.000345,0.001681,0.003760
3.93487,315.45,1.730974,0.005940,1.725034,0.000022,0.000346,0.001669,0.003749
3.93527,315.48,1.733743,0.005919,1.727824,0.000022,0.000347,0.001659,0.003738
3.93567,315.51,1.736518,0.005898,1.730620,0.000022,0.000348,0.001648,0.003727
3.93607,315.55,1.739300,0.005878,1.733422,0.000022,0.000349,0.001637,0.003717
3.93647,315.58,1.742088,0.005857,1.736231,0.000022,0.000350,0.001627,0.003706
3.93687,315.61,1.744883,0.005837,1.739046,0.000022,0.000351,0.001616,0.003695
3.93727,315.64,1.747685,0.005817,1.741868,0.000022,0.000352,0.001606,0.003685
3.93767,315.67,1.750493,0.005797,1.744695,0.000022,0.000353,0.001596,0.003674
3.93807,315.71,1.753307,0.005777,1.747530,0.000022,0.000354,0.001585,0.003663
3.93847,315.74,1.756128,0.005758,1.750370,0.000022,0.000355,0.001575,0.003653
3.93887,315.77,1.758956,0.005738,1.753218,0.000022,0.000356,0.001565,0.003642
3.93927,315.80,1.761790,0.005719,1.756071,0.000022,0.000356,0.001556,0.003632
3.93967,315.84,1.764631,0.005700,1.758931,0.000022,0.000357,0.001546,0.003622
3.94007,315.87,1.767479,0.005681,1.761798,0.000022,0.000358,0.001536,0.003611
3.94047,315.90,1.770333,0.005662,1.764671,0.000022,0.000359,0.001527,0.003601
3.94087,315.93,1.773194,0.005643,1.767551,0.000023,0.000360,0.001517,0.003591
3.94127,315.96,1.776062,0.005625,1.770437,0.000023,0.000361,0.001508,0.003581
3.94167,316.00,1.778936,0.005606,1.773330,0.000023,0.000362,0.001499,0.003570
3.94207,316.03,1.781817,0.005588,1.776229,0.000023,0.000364,0.001489,0.003560
3.94247,316.06,1.784705,0.005570,1.779135,0.000023,0.000365,0.001480,0.003550
3.94287,316.09,1.787599,0.005552,1.782047,0.000023,0.000366,0.001471,0.003540
3.94327,316.12,1.790501,0.005534,1.784967,0.000023,0.000367,0.001462,0.003530
3.94367,316.16,1.793409,0.005516,1.787892,0.000023,0.000368,0.001454,0.003520
3.94407,316.19,1.796324,0.005499,1.790825,0.000023,0.000369,0.001445,0.003510
3.94447,316.22,1.799245,0.005481,1.793764,0.000023,0.000370,0.001436,0.003501
3.94487,316.25,1.802174,0.005464,1.796710,0.000023,0.000371,0.001428,0.003491
3.94527,316.28,1.805109,0.005447,1.799663,0.000023,0.000372,0.001419,0.003481
3.94567,316.32,1.808052,0.005430,1.802622,0.000023,0.000373,0.001411,0.003471
3.94607,316.35,1.811001,0.005413,1.805588,0.000023,0.000374,0.001402,0.003462
3.94647,316.38,1.813957,0.005396,1.808561,0.000023,0.000375,0.001394,0.003452
3.94687,316.41,1.816920,0.005379,1.811541,0.000023,0.000376,0.001386,0.003442
3.94727,316.44,1.819890,0.005362,1.814528,0.000023,0.000377,0.001378,0.003433
3.94767,316.48,1.822867,0.005346,1.817521,0.000023,0.000378,0.001370,0.003423
3.94807,316.51,1.825851,0.005330,1.820521,0.000023,0.000379,0.001362,0.003414
3.94847,316.54,1.828842,0.005313,1.823529,0.000023,0.000380,0.001354,0.003404
3.94887,316.57,1.831840,0.005297,1.826543,0.000023,0.000381,0.001346,0.003395
3.94927,316.60,1.834845,0.005281,1.829564,0.000024,0.000383,0.001339,0.003385
3.94967,316.64,1.837857,0.005265,1.832592,0.000024,0.000384,0.001331,0.003376
3.95007,316.67,1.840876,0.005249,1.835627,0.000024,0.000385,0.001323,0.003367
3.95047,316.70,1.843902,0.005234,1.838669,0.000024,0.000386,0.001316,0.003358
3.95087,316.73,1.846936,0.005218,1.841717,0.000024,0.000387,0.001308,0.003348
3.95127,316.77,1.849976,0.005203,1.844773,0.000024,0.000388,0.001301,0.003339
3.95167,316.80,1.853024,0.005187,1.847836,0.000024,0.000389,0.001294,0.003330
3.95207,316.83,1.856078,0.005172,1.850906,0.000024,0.000390,0.001286,0.003321
3.95247,316.86,1.859140,0.005157,1.853983,0.000024,0.000391,0.001279,0.003312
3.95287,316.89,1.862209,0.005142,1.857068,0.000024,0.000393,0.001272,0.003303
3.95327,316.93,1.865286,0.005127,1.860159,0.000024,0.000394,0.001265,0.003294
3.95367,316.96,1.868369,0.005112,1.863257,0.000024,0.000395,0.001258,0.003285
3.95407,316.99,1.871460,0.005097,1.866363,0.000024,0.000396,0.001251,0.003276
3.95447,317.02,1.874558,0.005083,1.869476,0.000024,0.000397,0.001244,0.003267
3.95487,317.05,1.877664,0.005068,1.872596,0.000024,0.000398,0.001237,0.003258
3.95527,317.09,1.880776,0.005054,1.875723,0.000024,0.000400,0.001230,0.003249
3.95567,317.12,1.883897,0.005039,1.878857,0.000024,0.000401,0.001224,0.003241
3.95607,317.15,1.887024,0.005025,1.881999,0.000024,0.000402,0.001217,0.003232
3.95647,317.18,1.890159,0.005011,1.885148,0.000024,0.000403,0.001210,0.003223
3.95687,317.21,1.893301,0.004997,1.888304,0.000024,0.000404,0.001204,0.003215
3.95727,317.25,1.896451,0.004983,1.891467,0.000025,0.000406,0.001197,0.003206
3.95767,317.28,1.899608,0.004969,1.894638,0.000025,0.000407,0.001191,0.003197
3.95807,317.31,1.902772,0.004956,1.897817,0.000025,0.000408,0.001185,0.003189
3.95847,317.34,1.905944,0.004942,1.901002,0.000025,0.000409,0.001178,0.003180
3.95887,317.37,1.909124,0.004928,1.904195,0.000025,0.000410,0.001172,0.003172
3.95927,317.41,1.912310,0.004915,1.907396,0.000025,0.000412,0.001166,0.003163
3.95967,317.44,1.915505,0.004902,1.910603,0.000025,0.000413,0.001160,0.003155
3.96007,317.47,1.918707,0.004888,1.913819,0.000025,0.000414,0.001154,0.003146
3.96047,317.50,1.921917,0.004875,1.917042,0.000025,0.000415,0.001148,0.003138
3.96087,317.53,1.925134,0.004862,1.920272,0.000025,0.000417,0.001142,0.003130
3.96127,317.57,1.928359,0.004849,1.923510,0.000025,0.000418,0.001136,0.003121
3.96167,317.60,1.931591,0.004836,1.926755,0.000025,0.000419,0.001130,0.003113
3.96207,317.63,1.934831,0.004823,1.930008,0.000025,0.000420,0.001124,0.003105
3.96247,317.66,1.938079,0.004810,1.933269,0.000025,0.000422,0.001118,0.003097
3.96287,317.70,1.941334,0.004798,1.936537,0.000025,0.000423,0.001112,0.003089
3.96327,317.73,1.944598,0.004785,1.939813,0.000025,0.000424,0.001106,0.003080
3.96367,317.76,1.947869,0.004773,1.943096,0.000025,0.000425,0.001101,0.003072
3.96407,317.79,1.951147,0.004760,1.946387,0.000025,0.000427,0.001095,0.003064
3.96447,317.82,1.954434,0.004748,1.949686,0.000025,0.000428,0.001090,0.003056
3.96487,317.86,1.957728,0.004736,1.952992,0.000026,0.000429,0.001084,0.003048
3.96527,317.89,1.961030,0.004724,1.956307,0.000026,0.000431,0.001079,0.003040
3.96567,317.92,1.964340,0.004711,1.959629,0.000026,0.000432,0.001073,0.003032
3.96607,317.95,1.967658,0.004699,1.962958,0.000026,0.000433,0.001068,0.003024
3.96647,317.98,1.970983,0.004688,1.966296,0.000026,0.000435,0.001062,0.003016
3.96687,318.02,1.974317,0.004676,1.969641,0.000026,0.000436,0.001057,0.003009
3.96727,318.05,1.977658,0.004664,1.972994,0.000026,0.000437,0.001052,0.003001
3.96767,318.08,1.981008,0.004652,1.976356,0.000026,0.000439,0.001046,0.002993
3.96807,318.11,1.984365,0.004641,1.979725,0.000026,0.000440,0.001041,0.002985
3.96847,318.14,1.987731,0.004629,1.983101,0.000026,0.000441,0.001036,0.002977
3.96887,318.18,1.991104,0.004618,1.986486,0.000026,0.000443,0.001031,0.002970
3.96927,318.21,1.994485,0.004606,1.989879,0.000026,0.000444,0.001026,0.002962
3.96967,318.24,1.997875,0.004595,1.993280,0.000026,0.000446,0.001021,0.002954
3.97007,318.27,2.001272,0.004584,1.996689,0.000026,0.000447,0.001016,0.002947
3.97047,318.30,2.004678,0.004573,2.000105,0.000026,0.000448,0.001011,0.002939
3.97087,318.34,2.008092,0.004561,2.003530,0.000026,0.000450,0.001006,0.002932
3.97127,318.37,2.011514,0.004550,2.006963,0.000026,0.000451,0.001001,0.002924
3.97167,318.40,2.014944,0.004540,2.010404,0.000027,0.000453,0.000996,0.002917
3.97207,318.43,2.018382,0.004529,2.013853,0.000027,0.000454,0.000991,0.002909
3.97247,318.46,2.021828,0.004518,2.017310,0.000027,0.000455,0.000987,0.002902
3.97287,318.50,2.025283,0.004507,2.020776,0.000027,0.000457,0.000982,0.002894
3.97327,318.53,2.028746,0.004497,2.024249,0.000027,0.000458,0.000977,0.002887
3.97367,318.56,2.032217,0.004486,2.027731,0.000027,0.000460,0.000973,0.002880
3.97407,318.59,2.035697,0.004475,2.031221,0.000027,0.000461,0.000968,0.002872
3.97447,318.63,2.039185,0.004465,2.034719,0.000027,0.000463,0.000963,0.002865
3.97487,318.66,2.042681,0.004455,2.038226,0.000027,0.000464,0.000959,0.002858
3.97527,318.69,2.046185,0.004444,2.041741,0.000027,0.000466,0.000954,0.002851
3.97567,318.72,2.049698,0.004434,2.045264,0.000027,0.000467,0.000950,0.002843
3.97607,318.75,2.053219,0.004424,2.048795,0.000027,0.000469,0.000945,0.002836
3.97647,318.79,2.056749,0.004414,2.052335,0.000027,0.000470,0.000941,0.002829
3.97687,318.82,2.060287,0.004404,2.055884,0.000027,0.000472,0.000936,0.002822
3.97727,318.85,2.063834,0.004394,2.059440,0.000027,0.000473,0.000932,0.002815
3.97767,318.88,2.067389,0.004384,2.063005,0.000027,0.000475,0.000928,0.002808
3.97807,318.91,2.070953,0.004374,2.066579,0.000027,0.000476,0.000923,0.002801
3.97847,318.95,2.074525,0.004364,2.070161,0.000028,0.000478,0.000919,0.002794
3.97887,318.98,2.078106,0.004355,2.073751,0.000028,0.000479,0.000915,0.002787
3.97927,319.01,2.081696,0.004345,2.077351,0.000028,0.000481,0.000911,0.002780
3.97967,319.04,2.085294,0.004336,2.080958,0.000028,0.000482,0.000906,0.002773
3.98007,319.07,2.088900,0.004326,2.084574,0.000028,0.000484,0.000902,0.002766
3.98047,319.11,2.092516,0.004317,2.088199,0.000028,0.000486,0.000898,0.002759
3.98087,319.14,2.096140,0.004307,2.091833,0.000028,0.000487,0.000894,0.002752
3.98127,319.17,2.099773,0.004298,2.095475,0.000028,0.000489,0.000890,0.002745
3.98167,319.20,2.103414,0.004289,2.099126,0.000028,0.000490,0.000886,0.002738
3.98207,319.23,2.107065,0.004280,2.102785,0.000028,0.000492,0.000882,0.002732
3.98247,319.27,2.110724,0.004270,2.106453,0.000028,0.000494,0.000878,0.002725
3.98287,319.30,2.114392,0.004261,2.110130,0.000028,0.000495,0.000874,0.002718
3.98327,319.33,2.118068,0.004252,2.113816,0.000028,0.000497,0.000870,0.002711
3.98367,319.36,2.121754,0.004243,2.117510,0.000028,0.000499,0.000866,0.002705
3.98407,319.39,2.125448,0.004235,2.121214,0.000028,0.000500,0.000862,0.002698
3.98447,319.43,2.129152,0.004226,2.124926,0.000028,0.000502,0.000859,0.002691
3.98487,319.46,2.132864,0.004217,2.128647,0.000029,0.000504,0.000855,0.002685
3.98527,319.49,2.136585,0.004208,2.132377,0.000029,0.000505,0.000851,0.002678
3.98567,319.52,2.140316,0.004200,2.136116,0.000029,0.000507,0.000847,0.002672
3.98607,319.55,2.144055,0.004191,2.139864,0.000029,0.000509,0.000843,0.002665
3.98647,319.59,2.147803,0.004183,2.143621,0.000029,0.000510,0.000840,0.002658
3.98687,319.62,2.151560,0.004174,2.147386,0.000029,0.000512,0.000836,0.002652
3.98727,319.65,2.155327,0.004166,2.151161,0.000029,0.000514,0.000832,0.002645
3.98767,319.68,2.159102,0.004157,2.154945,0.000029,0.000515,0.000829,0.002639
3.98807,319.72,2.162887,0.004149,2.158738,0.000029,0.000517,0.000825,0.002633
3.98847,319.75,2.166681,0.004141,2.162540,0.000029,0.000519,0.000822,0.002626
3.98887,319.78,2.170484,0.004133,2.166351,0.000029,0.000521,0.000818,0.002620
3.98927,319.81,2.174296,0.004124,2.170172,0.000029,0.000522,0.000814,0.002613
3.98967,319.84,2.178118,0.004116,2.174001,0.000029,0.000524,0.000811,0.002607
3.99007,319.88,2.181948,0.004108,2.177840,0.000029,0.000526,0.000807,0.002601
3.99047,319.91,2.185788,0.004100,2.181688,0.000029,0.000528,0.000804,0.002595
3.99087,319.94,2.189638,0.004093,2.185545,0.000030,0.000530,0.000801,0.002588
3.99127,319.97,2.193496,0.004085,2.189412,0.000030,0.000531,0.000797,0.002582
3.99167,320.00,2.197364,0.004077,2.193288,0.000030,0.000533,0.000794,0.002576
3.99207,320.04,2.201242,0.004069,2.197173,0.000030,0.000535,0.000790,0.002570
3.99247,320.07,2.205129,0.004062,2.201067,0.000030,0.000537,0.000787,0.002563
3.99287,320.10,2.209025,0.004054,2.204971,0.000030,0.000539,0.000784,0.002557
3.99327,320.13,2.212931,0.004046,2.208884,0.000030,0.000541,0.000780,0.002551
3.99367,320.16,2.216846,0.004039,2.212807,0.000030,0.000543,0.000777,0.002545
3.99407,320.20,2.220771,0.004031,2.216739,0.000030,0.000544,0.000774,0.002539
3.99447,320.23,2.224705,0.004024,2.220681,0.000030,0.000546,0.000771,0.002533
3.99487,320.26,2.228649,0.004017,2.224632,0.000030,0.000548,0.000767,0.002527
3.99527,320.29,2.232602,0.004009,2.228593,0.000030,0.000550,0.000764,0.002521
3.99567,320.32,2.236565,0.004002,2.232563,0.000030,0.000552,0.000761,0.002515
3.99607,320.36,2.240538,0.003995,2.236543,0.000030,0.000554,0.000758,0.002509
3.99647,320.39,2.244521,0.003988,2.240533,0.000031,0.000556,0.000755,0.002503
3.99687,320.42,2.248513,0.003981,2.244532,0.000031,0.000558,0.000752,0.002497
3.99727,320.45,2.252515,0.003974,2.248541,0.000031,0.000560,0.000748,0.002491
3.99767,320.48,2.256526,0.003967,2.252560,0.000031,0.000562,0.000745,0.002485
3.99807,320.52,2.260548,0.003960,2.256588,0.000031,0.000564,0.000742,0.002479
3.99847,320.55,2.264579,0.003953,2.260626,0.000031,0.000566,0.000739,0.002473
3.99887,320.58,2.268620,0.003946,2.264674,0.000031,0.000568,0.000736,0.002468
3.99927,320.61,2.272671,0.003939,2.268732,0.000031,0.000570,0.000733,0.002462
3.99967,320.65,2.276732,0.003932,2.272799,0.000031,0.000572,0.000730,0.002456
4.00007,320.68,2.280802,0.003926,2.276877,0.000031,0.000574,0.000727,0.002450
4.00047,320.71,2.284883,0.003919,2.280964,0.000031,0.000576,0.000724,0.002444
4.00087,320.74,2.288974,0.003913,2.285061,0.000031,0.000578,0.000721,0.002439
4.00127,320.77,2.293074,0.003906,2.289168,0.000031,0.000580,0.000718,0.002433
4.00167,320.81,2.297185,0.003900,2.293286,0.000031,0.000582,0.000716,0.002427
4.00207,320.84,2.301306,0.003893,2.297413,0.000032,0.000584,0.000713,0.002422
4.00247,320.87,2.305437,0.003887,2.301550,0.000032,0.000586,0.000710,0.002416
4.00287,320.90,2.309578,0.003880,2.305697,0.000032,0.000589,0.000707,0.002410
4.00327,320.93,2.313729,0.003874,2.309855,0.000032,0.000591,0.000704,0.002405
4.00367,320.97,2.317890,0.003868,2.314022,0.000032,0.000593,0.000701,0.002399
4.00407,321.00,2.322062,0.003862,2.318200,0.000032,0.000595,0.000699,0.002394
4.00447,321.03,2.326244,0.003856,2.322388,0.000032,0.000597,0.000696,0.002388
4.00487,321.06,2.330436,0.003850,2.326586,0.000032,0.000599,0.000693,0.002383
4.00527,321.09,2.334638,0.003844,2.330794,0.000032,0.000602,0.000690,0.002377
4.00567,321.13,2.338850,0.003838,2.335013,0.000032,0.000604,0.000688,0.002372
4.00607,321.16,2.343073,0.003832,2.339242,0.000032,0.000606,0.000685,0.002366
4.00647,321.19,2.347307,0.003826,2.343481,0.000032,0.000608,0.000682,0.002361
4.00687,321.22,2.351550,0.003820,2.347731,0.000032,0.000611,0.000680,0.002355
4.00727,321.25,2.355805,0.003814,2.351990,0.000033,0.000613,0.000677,0.002350
4.00767,321.29,2.360069,0.003808,2.356261,0.000033,0.000615,0.000674,0.002344
4.00807,321.32,2.364344,0.003803,2.360542,0.000033,0.000617,0.000672,0.002339
4.00847,321.35,2.368630,0.003797,2.364833,0.000033,0.000620,0.000669,0.002334
4.00887,321.38,2.372926,0.003791,2.369135,0.000033,0.000622,0.000666,0.002328
4.00927,321.41,2.377233,0.003786,2.373447,0.000033,0.000624,0.000664,0.002323
4.00967,321.45,2.381550,0.003780,2.377770,0.000033,0.000627,0.000661,0.002318
4.01007,321.48,2.385878,0.003775,2.382103,0.000033,0.000629,0.000659,0.002312
4.01047,321.51,2.390217,0.003770,2.386447,0.000033,0.000631,0.000656,0.002307
4.01087,321.54,2.394566,0.003764,2.390802,0.000033,0.000634,0.000654,0.002302
4.01127,321.58,2.398926,0.003759,2.395168,0.000033,0.000636,0.000651,0.002297
4.01167,321.61,2.403297,0.003754,2.399544,0.000033,0.000639,0.000649,0.002291
4.01207,321.64,2.407679,0.003748,2.403930,0.000034,0.000641,0.000646,0.002286
4.01247,321.67,2.412071,0.003743,2.408328,0.000034,0.000643,0.000644,0.002281
4.01287,321.70,2.416475,0.003738,2.412737,0.000034,0.000646,0.000641,0.002276
4.01327,321.74,2.420889,0.003733,2.417156,0.000034,0.000648,0.000639,0.002271
4.01367,321.77,2.425314,0.003728,2.421586,0.000034,0.000651,0.000637,0.002266
4.01407,321.80,2.429750,0.003723,2.426027,0.000034,0.000653,0.000634,0.002260
4.01447,321.83,2.434197,0.003718,2.430479,0.000034,0.000656,0.000632,0.002255
4.01487,321.86,2.438655,0.003713,2.434942,0.000034,0.000658,0.000629,0.002250
4.01527,321.90,2.443124,0.003708,2.439415,0.000034,0.000661,0.000627,0.002245
4.01567,321.93,2.447604,0.003703,2.443900,0.000034,0.000663,0.000625,0.002240
4.01607,321.96,2.452095,0.003699,2.448396,0.000034,0.000666,0.000622,0.002235
4.01647,321.99,2.456597,0.003694,2.452903,0.000034,0.000669,0.000620,0.002230
4.01687,322.02,2.461110,0.003689,2.457421,0.000035,0.000671,0.000618,0.002225
4.01727,322.06,2.465635,0.003685,2.461950,0.000035,0.000674,0.000615,0.002220
4.01767,322.09,2.470171,0.003680,2.466491,0.000035,0.000676,0.000613,0.002215
4.01807,322.12,2.474718,0.003676,2.471042,0.000035,0.000679,0.000611,0.002210
4.01847,322.15,2.479276,0.003671,2.475605,0.000035,0.000682,0.000609,0.002205
4.01887,322.18,2.483846,0.003667,2.480179,0.000035,0.000684,0.000606,0.002200
4.01927,322.22,2.488427,0.003662,2.484764,0.000035,0.000687,0.000604,0.002196
4.01967,322.25,2.493019,0.003658,2.489361,0.000035,0.000690,0.000602,0.002191
4.02007,322.28,2.497623,0.003654,2.493969,0.000035,0.000693,0.000600,0.002186
4.02047,322.31,2.502238,0.003649,2.498588,0.000035,0.000695,0.000598,0.002181
4.02087,322.34,2.506864,0.003645,2.503219,0.000035,0.000698,0.000595,0.002176
4.02127,322.38,2.511503,0.003641,2.507862,0.000036,0.000701,0.000593,0.002171
4.02167,322.41,2.516152,0.003637,2.512515,0.000036,0.000704,0.000591,0.002166
4.02207,322.44,2.520813,0.003633,2.517181,0.000036,0.000707,0.000589,0.002162
4.02247,322.47,2.525486,0.003629,2.521857,0.000036,0.000709,0.000587,0.002157
4.02287,322.51,2.530171,0.003625,2.526546,0.000036,0.000712,0.000585,0.002152
4.02327,322.54,2.534867,0.003621,2.531246,0.000036,0.000715,0.000583,0.002147
4.02367,322.57,2.539574,0.003617,2.535957,0.000036,0.000718,0.000581,0.002143
4.02407,322.60,2.544294,0.003613,2.540681,0.000036,0.000721,0.000578,0.002138
4.02447,322.63,2.549025,0.003609,2.545416,0.000036,0.000724,0.000576,0.002133
4.02487,322.67,2.553768,0.003606,2.550162,0.000036,0.000727,0.000574,0.002129
4.02527,322.70,2.558523,0.003602,2.554921,0.000036,0.000730,0.000572,0.002124
4.02567,322.73,2.563289,0.003598,2.559691,0.000037,0.000733,0.000570,0.002119
4.02607,322.76,2.568068,0.003595,2.564473,0.000037,0.000736,0.000568,0.002115
4.02647,322.79,2.572858,0.003591,2.569267,0.000037,0.000739,0.000566,0.002110
4.02687,322.83,2.577661,0.003588,2.574073,0.000037,0.000742,0.000564,0.002106
4.02727,322.86,2.582475,0.003584,2.578891,0.000037,0.000745,0.000562,0.002101
4.02767,322.89,2.587301,0.003581,2.583721,0.000037,0.000748,0.000560,0.002096
4.02807,322.92,2.592140,0.003577,2.588563,0.000037,0.000751,0.000558,0.002092
4.02847,322.95,2.596990,0.003574,2.593416,0.000037,0.000754,0.000556,0.002087
4.02887,322.99,2.601853,0.003571,2.598282,0.000037,0.000757,0.000554,0.002083
4.02927,323.02,2.606728,0.003567,2.603160,0.000037,0.000760,0.000552,0.002078
4.02967,323.05,2.611615,0.003564,2.608050,0.000038,0.000764,0.000550,0.002074
4.03007,323.08,2.616514,0.003561,2.612953,0.000038,0.000767,0.000549,0.002069
4.03047,323.11,2.621425,0.003558,2.617867,0.000038,0.000770,0.000547,0.002065
4.03087,323.15,2.626349,0.003555,2.622794,0.000038,0.000773,0.000545,0.002060
4.03127,323.18,2.631285,0.003552,2.627733,0.000038,0.000777,0.000543,0.002056
4.03167,323.21,2.636233,0.003549,2.632684,0.000038,0.000780,0.000541,0.002052
4.03207,323.24,2.641194,0.003546,2.637648,0.000038,0.000783,0.000539,0.002047
4.03247,323.27,2.646167,0.003543,2.642624,0.000038,0.000786,0.000537,0.002043
4.03287,323.31,2.651153,0.003540,2.647612,0.000038,0.000790,0.000535,0.002038
4.03327,323.34,2.656151,0.003538,2.652613,0.000038,0.000793,0.000534,0.002034
4.03367,323.37,2.661161,0.003535,2.657627,0.000039,0.000797,0.000532,0.002030
4.03407,323.40,2.666184,0.003532,2.662652,0.000039,0.000800,0.000530,0.002025
4.03447,323.44,2.671220,0.003529,2.667691,0.000039,0.000803,0.000528,0.002021
4.03487,323.47,2.676269,0.003527,2.672742,0.000039,0.000807,0.000526,0.002017
4.03527,323.50,2.681330,0.003524,2.677805,0.000039,0.000810,0.000525,0.002012
4.03567,323.53,2.686403,0.003522,2.682881,0.000039,0.000814,0.000523,0.002008
4.03607,323.56,2.691490,0.003519,2.687970,0.000039,0.000817,0.000521,0.002004
4.03647,323.60,2.696589,0.003517,2.693072,0.000039,0.000821,0.000519,0.002000
4.03687,323.63,2.701701,0.003515,2.698186,0.000039,0.000825,0.000518,0.001995
4.03727,323.66,2.706826,0.003512,2.703313,0.000039,0.000828,0.000516,0.001991
4.03767,323.69,2.711963,0.003510,2.708453,0.000040,0.000832,0.000514,0.001987
4.03807,323.72,2.717114,0.003508,2.713606,0.000040,0.000835,0.000512,0.001983
4.03847,323.76,2.722277,0.003506,2.718772,0.000040,0.000839,0.000511,0.001979
4.03887,323.79,2.727454,0.003503,2.723950,0.000040,0.000843,0.000509,0.001974
4.03927,323.82,2.732643,0.003501,2.729142,0.000040,0.000847,0.000507,0.001970
4.03967,323.85,2.737846,0.003499,2.734346,0.000040,0.000850,0.000505,0.001966
4.04007,323.88,2.743061,0.003497,2.739564,0.000040,0.000854,0.000504,0.001962
4.04047,323.92,2.748290,0.003495,2.744795,0.000040,0.000858,0.000502,0.001958
4.04087,323.95,2.753532,0.003494,2.750038,0.000040,0.000862,0.000500,0.001954
4.04127,323.98,2.758787,0.003492,2.755295,0.000041,0.000866,0.000499,0.001950
4.04167,324.01,2.764055,0.003490,2.760565,0.000041,0.000869,0.000497,0.001946
4.04207,324.04,2.769337,0.003488,2.765848,0.000041,0.000873,0.000496,0.001941
4.04247,324.08,2.774631,0.003487,2.771145,0.000041,0.000877,0.000494,0.001937
4.04287,324.11,2.779940,0.003485,2.776455,0.000041,0.000881,0.000492,0.001933
4.04327,324.14,2.785261,0.003483,2.781778,0.000041,0.000885,0.000491,0.001929
4.04367,324.17,2.790596,0.003482,2.787114,0.000041,0.000889,0.000489,0.001925
4.04407,324.20,2.795944,0.003480,2.792464,0.000041,0.000893,0.000487,0.001921
4.04447,324.24,2.801306,0.003479,2.797827,0.000041,0.000898,0.000486,0.001917
4.04487,324.27,2.806681,0.003477,2.803204,0.000042,0.000902,0.000484,0.001913
4.04527,324.30,2.812070,0.003476,2.808594,0.000042,0.000906,0.000483,0.001909
4.04567,324.33,2.817473,0.003475,2.813998,0.000042,0.000910,0.000481,0.001905
4.04607,324.37,2.822889,0.003474,2.819415,0.000042,0.000914,0.000480,0.001901
4.04647,324.40,2.828318,0.003472,2.824846,0.000042,0.000918,0.000478,0.001898
4.04687,324.43,2.833762,0.003471,2.830290,0.000042,0.000923,0.000477,0.001894
4.04727,324.46,2.839219,0.003470,2.835749,0.000042,0.000927,0.000475,0.001890
4.04767,324.49,2.844690,0.003469,2.841220,0.000042,0.000931,0.000473,0.001886
4.04807,324.53,2.850174,0.003468,2.846706,0.000042,0.000936,0.000472,0.001882
4.04847,324.56,2.855673,0.003467,2.852206,0.000043,0.000940,0.000470,0.001878
4.04887,324.59,2.861185,0.003466,2.857719,0.000043,0.000944,0.000469,0.001874
4.04927,324.62,2.866712,0.003466,2.863246,0.000043,0.000949,0.000467,0.001870
4.04967,324.65,2.872252,0.003465,2.868787,0.000043,0.000953,0.000466,0.001866
4.05007,324.69,2.877806,0.003464,2.874342,0.000043,0.000958,0.000464,0.001863
4.05047,324.72,2.883374,0.003463,2.879911,0.000043,0.000963,0.000463,0.001859
4.05087,324.75,2.888957,0.003463,2.885494,0.000043,0.000967,0.000461,0.001855
4.05127,324.78,2.894553,0.003462,2.891091,0.000043,0.000972,0.000460,0.001851
4.05167,324.81,2.900164,0.003462,2.896702,0.000044,0.000976,0.000459,0.001847
4.05207,324.85,2.905789,0.003461,2.902327,0.000044,0.000981,0.000457,0.001844
4.05247,324.88,2.911428,0.003461,2.907967,0.000044,0.000986,0.000456,0.001840
4.05287,324.91,2.917081,0.003461,2.913620,0.000044,0.000991,0.000454,0.001836
4.05327,324.94,2.922748,0.003460,2.919288,0.000044,0.000995,0.000453,0.001832
4.05367,324.97,2.928430,0.003460,2.924970,0.000044,0.001000,0.000451,0.001829
4.05407,325.01,2.934126,0.003460,2.930666,0.000044,0.001005,0.000450,0.001825
4.05447,325.04,2.939837,0.003460,2.936377,0.000044,0.001010,0.000449,0.001821
4.05487,325.07,2.945562,0.003460,2.942102,0.000045,0.001015,0.000447,0.001818
4.05527,325.10,2.951302,0.003460,2.947842,0.000045,0.001020,0.000446,0.001814
4.05567,325.13,2.957056,0.003460,2.953596,0.000045,0.001025,0.000444,0.001810
4.05607,325.17,2.962824,0.003460,2.959364,0.000045,0.001030,0.000443,0.001807
4.05647,325.20,2.968608,0.003460,2.965147,0.000045,0.001035,0.000442,0.001803
4.05687,325.23,2.974405,0.003460,2.970945,0.000045,0.001040,0.000440,0.001799
4.05727,325.26,2.980218,0.003461,2.976757,0.000045,0.001046,0.000439,0.001796
4.05767,325.30,2.986045,0.003461,2.982584,0.000045,0.001051,0.000438,0.001792
4.05807,325.33,2.991887,0.003461,2.988426,0.000046,0.001056,0.000436,0.001789
4.05847,325.36,2.997744,0.003462,2.994282,0.000046,0.001061,0.000435,0.001785
4.05887,325.39,3.003616,0.003462,3.000153,0.000046,0.001067,0.000434,0.001781
4.05927,325.42,3.009502,0.003463,3.006039,0.000046,0.001072,0.000432,0.001778
4.05967,325.46,3.015404,0.003464,3.011940,0.000046,0.001078,0.000431,0.001774
4.06007,325.49,3.021320,0.003464,3.017856,0.000046,0.001083,0.000430,0.001771
4.06047,325.52,3.027251,0.003465,3.023786,0.000046,0.001089,0.000428,0.001767
4.06087,325.55,3.033198,0.003466,3.029732,0.000047,0.001094,0.000427,0.001764
4.06127,325.58,3.039159,0.003467,3.035692,0.000047,0.001100,0.000426,0.001760
4.06167,325.62,3.045136,0.003468,3.041668,0.000047,0.001106,0.000424,0.001757
4.06207,325.65,3.051127,0.003469,3.047658,0.000047,0.001111,0.000423,0.001753
4.06247,325.68,3.057134,0.003470,3.053664,0.000047,0.001117,0.000422,0.001750
4.06287,325.71,3.063156,0.003471,3.059685,0.000047,0.001123,0.000421,0.001746
4.06327,325.74,3.069194,0.003472,3.065721,0.000047,0.001129,0.000419,0.001743
4.06367,325.78,3.075246,0.003474,3.071773,0.000047,0.001135,0.000418,0.001739
4.06407,325.81,3.081314,0.003475,3.077839,0.000048,0.001141,0.000417,0.001736
4.06447,325.84,3.087398,0.003476,3.083921,0.000048,0.001147,0.000416,0.001732
4.06487,325.87,3.093496,0.003478,3.090019,0.000048,0.001153,0.000414,0.001729
4.06527,325.90,3.099611,0.003479,3.096131,0.000048,0.001159,0.000413,0.001726
4.06567,325.94,3.105740,0.003481,3.102259,0.000048,0.001165,0.000412,0.001722
4.06607,325.97,3.111886,0.003483,3.108403,0.000048,0.001171,0.000411,0.001719
4.06647,326.00,3.118047,0.003484,3.114562,0.000048,0.001177,0.000409,0.001715
4.06687,326.03,3.124223,0.003486,3.120737,0.000049,0.001184,0.000408,0.001712
4.06727,326.06,3.130415,0.003488,3.126927,0.000049,0.001190,0.000407,0.001709
4.06767,326.10,3.136623,0.003490,3.133133,0.000049,0.001196,0.000406,0.001705
4.06807,326.13,3.142847,0.003492,3.139355,0.000049,0.001203,0.000405,0.001702
4.06847,326.16,3.149086,0.003494,3.145592,0.000049,0.001209,0.000403,0.001699
4.06887,326.19,3.155342,0.003496,3.151845,0.000049,0.001216,0.000402,0.001695
4.06927,326.23,3.161613,0.003499,3.158114,0.000050,0.001223,0.000401,0.001692
4.06967,326.26,3.167900,0.003501,3.164399,0.000050,0.001229,0.000400,0.001689
4.07007,326.29,3.174203,0.003503,3.170699,0.000050,0.001236,0.000399,0.001685
4.07047,326.32,3.180522,0.003506,3.177016,0.000050,0.001243,0.000397,0.001682
4.07087,326.35,3.186857,0.003508,3.183348,0.000050,0.001250,0.000396,0.001679
4.07127,326.39,3.193208,0.003511,3.189697,0.000050,0.001257,0.000395,0.001676
4.07167,326.42,3.199575,0.003514,3.196061,0.000050,0.001264,0.000394,0.001672
4.07207,326.45,3.205958,0.003516,3.202442,0.000051,0.001271,0.000393,0.001669
4.07247,326.48,3.212358,0.003519,3.208838,0.000051,0.001278,0.000392,0.001666
4.07287,326.51,3.218773,0.003522,3.215251,0.000051,0.001285,0.000391,0.001663
4.07327,326.55,3.225205,0.003525,3.221680,0.000051,0.001292,0.000389,0.001660
4.07367,326.58,3.231654,0.003528,3.228125,0.000051,0.001300,0.000388,0.001656
4.07407,326.61,3.238118,0.003531,3.234587,0.000051,0.001307,0.000387,0.001653
4.07447,326.64,3.244599,0.003535,3.241065,0.000052,0.001315,0.000386,0.001650
4.07487,326.67,3.251097,0.003538,3.247559,0.000052,0.001322,0.000385,0.001647
4.07527,326.71,3.257611,0.003541,3.254070,0.000052,0.001330,0.000384,0.001644
4.07567,326.74,3.264141,0.003545,3.260597,0.000052,0.001337,0.000383,0.001640
4.07607,326.77,3.270689,0.003548,3.267140,0.000052,0.001345,0.000382,0.001637
4.07647,326.80,3.277252,0.003552,3.273700,0.000052,0.001353,0.000381,0.001634
4.07687,326.83,3.283833,0.003556,3.280277,0.000052,0.001361,0.000379,0.001631
4.07727,326.87,3.290430,0.003560,3.286870,0.000053,0.001369,0.000378,0.001628
4.07767,326.90,3.297043,0.003564,3.293480,0.000053,0.001377,0.000377,0.001625
4.07807,326.93,3.303674,0.003568,3.300106,0.000053,0.001385,0.000376,0.001622
4.07847,326.96,3.310321,0.003572,3.306750,0.000053,0.001393,0.000375,0.001619
4.07887,326.99,3.316986,0.003576,3.313410,0.000053,0.001401,0.000374,0.001615
4.07927,327.03,3.323667,0.003580,3.320086,0.000053,0.001409,0.000373,0.001612
4.07967,327.06,3.330365,0.003585,3.326780,0.000054,0.001418,0.000372,0.001609
4.08007,327.09,3.337080,0.003589,3.333491,0.000054,0.001426,0.000371,0.001606
4.08047,327.12,3.343812,0.003594,3.340218,0.000054,0.001435,0.000370,0.001603
4.08087,327.16,3.350561,0.003598,3.346963,0.000054,0.001443,0.000369,0.001600
4.08127,327.19,3.357327,0.003603,3.353724,0.000054,0.001452,0.000368,0.001597
4.08167,327.22,3.364111,0.003608,3.360503,0.000054,0.001461,0.000367,0.001594
4.08207,327.25,3.370911,0.003613,3.367298,0.000055,0.001470,0.000366,0.001591
4.08247,327.28,3.377729,0.003618,3.374111,0.000055,0.001479,0.000365,0.001588
4.08287,327.32,3.384564,0.003623,3.380941,0.000055,0.001488,0.000364,0.001585
4.08327,327.35,3.391416,0.003628,3.387788,0.000055,0.001497,0.000363,0.001582
4.08367,327.38,3.398286,0.003634,3.394652,0.000055,0.001506,0.000362,0.001579
4.08407,327.41,3.405173,0.003639,3.401534,0.000056,0.001516,0.000361,0.001576
4.08447,327.44,3.412078,0.003645,3.408433,0.000056,0.001525,0.000360,0.001573
4.08487,327.48,3.419000,0.003651,3.415349,0.000056,0.001535,0.000359,0.001570
4.08527,327.51,3.425940,0.003656,3.422283,0.000056,0.001544,0.000358,0.001567
4.08567,327.54,3.432897,0.003662,3.429234,0.000056,0.001554,0.000357,0.001564
4.08607,327.57,3.439872,0.003668,3.436203,0.000056,0.001564,0.000356,0.001561
4.08647,327.60,3.446864,0.003675,3.443190,0.000057,0.001574,0.000355,0.001558
4.08687,327.64,3.453874,0.003681,3.450193,0.000057,0.001584,0.000354,0.001555
4.08727,327.67,3.460902,0.003687,3.457215,0.000057,0.001594,0.000353,0.001553
4.08767,327.70,3.467948,0.003694,3.464254,0.000057,0.001604,0.000352,0.001550
4.08807,327.73,3.475011,0.003700,3.471311,0.000057,0.001614,0.000351,0.001547
4.08847,327.76,3.482093,0.003707,3.478386,0.000058,0.001625,0.000350,0.001544
4.08887,327.80,3.489192,0.003714,3.485478,0.000058,0.001635,0.000349,0.001541
4.08927,327.83,3.496309,0.003721,3.492589,0.000058,0.001646,0.000348,0.001538
4.08967,327.86,3.503445,0.003728,3.499717,0.000058,0.001657,0.000347,0.001535
4.09007,327.89,3.510598,0.003735,3.506863,0.000058,0.001668,0.000346,0.001532
4.09047,327.92,3.517769,0.003742,3.514027,0.000058,0.001679,0.000345,0.001530
4.09087,327.96,3.524959,0.003750,3.521209,0.000059,0.001690,0.000344,0.001527
4.09127,327.99,3.532166,0.003757,3.528409,0.000059,0.001701,0.000343,0.001524
4.09167,328.02,3.539392,0.003765,3.535627,0.000059,0.001712,0.000342,0.001521
4.09207,328.05,3.546636,0.003773,3.542863,0.000059,0.001724,0.000341,0.001518
4.09247,328.08,3.553899,0.003781,3.550118,0.000059,0.001735,0.000340,0.001515
4.09287,328.12,3.561180,0.003789,3.557390,0.000060,0.001747,0.000340,0.001513
4.09327,328.15,3.568479,0.003797,3.564681,0.000060,0.001759,0.000339,0.001510
4.09367,328.18,3.575796,0.003806,3.571990,0.000060,0.001771,0.000338,0.001507
4.09407,328.21,3.583132,0.003814,3.579318,0.000060,0.001783,0.000337,0.001504
4.09447,328.25,3.590487,0.003823,3.586664,0.000060,0.001795,0.000336,0.001502
4.09487,328.28,3.597860,0.003832,3.594028,0.000061,0.001808,0.000335,0.001499
4.09527,328.31,3.605252,0.003841,3.601411,0.000061,0.001820,0.000334,0.001496
4.09567,328.34,3.612662,0.003850,3.608812,0.000061,0.001833,0.000333,0.001493
4.09607,328.37,3.620091,0.003860,3.616232,0.000061,0.001846,0.000332,0.001491
4.09647,328.41,3.627539,0.003869,3.623670,0.000061,0.001859,0.000331,0.001488
4.09687,328.44,3.635005,0.003879,3.631127,0.000062,0.001872,0.000331,0.001485
4.09727,328.47,3.642491,0.003888,3.638602,0.000062,0.001885,0.000330,0.001482
4.09767,328.50,3.649995,0.003898,3.646097,0.000062,0.001898,0.000329,0.001480
4.09807,328.53,3.657518,0.003909,3.653609,0.000062,0.001912,0.000328,0.001477
4.09847,328.57,3.665060,0.003919,3.661141,0.000062,0.001925,0.000327,0.001474
4.09887,328.60,3.672621,0.003929,3.668692,0.000063,0.001939,0.000326,0.001472
4.09927,328.63,3.680201,0.003940,3.676261,0.000063,0.001953,0.000325,0.001469
4.09967,328.66,3.687800,0.003951,3.683850,0.000063,0.001968,0.000324,0.001466
4.10007,328.69,3.695419,0.003962,3.691457,0.000063,0.001982,0.000324,0.001464
4.10047,328.73,3.703056,0.003973,3.699083,0.000064,0.001996,0.000323,0.001461
4.10087,328.76,3.710712,0.003984,3.706728,0.000064,0.002011,0.000322,0.001458
4.10127,328.79,3.718388,0.003996,3.714393,0.000064,0.002026,0.000321,0.001456
4.10167,328.82,3.726083,0.004008,3.722076,0.000064,0.002041,0.000320,0.001453
4.10207,328.85,3.733798,0.004019,3.729778,0.000064,0.002056,0.000319,0.001450
4.10247,328.89,3.741532,0.004032,3.737500,0.000065,0.002072,0.000319,0.001448
4.10287,328.92,3.749285,0.004044,3.745241,0.000065,0.002087,0.000318,0.001445
4.10327,328.95,3.757058,0.004056,3.753001,0.000065,0.002103,0.000317,0.001443
4.10367,328.98,3.764850,0.004069,3.760781,0.000065,0.002119,0.000316,0.001440
4.10407,329.01,3.772662,0.004082,3.768579,0.000066,0.002135,0.000315,0.001437
4.10447,329.05,3.780493,0.004095,3.776398,0.000066,0.002151,0.000314,0.001435
4.10487,329.08,3.788344,0.004109,3.784235,0.000066,0.002168,0.000314,0.001432
4.10527,329.11,3.796214,0.004122,3.792092,0.000066,0.002185,0.000313,0.001430
4.10567,329.14,3.804105,0.004136,3.799969,0.000066,0.002202,0.000312,0.001427
4.10607,329.18,3.812015,0.004150,3.807865,0.000067,0.002219,0.000311,0.001425
4.10647,329.21,3.819945,0.004164,3.815781,0.000067,0.002236,0.000310,0.001422
4.10687,329.24,3.827895,0.004179,3.823716,0.000067,0.002254,0.000310,0.001419
4.10727,329.27,3.835864,0.004193,3.831671,0.000067,0.002272,0.000309,0.001417
4.10767,329.30,3.843854,0.004208,3.839645,0.000068,0.002290,0.000308,0.001414
4.10807,329.34,3.851863,0.004224,3.847640,0.000068,0.002308,0.000307,0.001412
4.10847,329.37,3.859893,0.004239,3.855654,0.000068,0.002327,0.000306,0.001409
4.10887,329.40,3.867943,0.004255,3.863688,0.000068,0.002346,0.000306,0.001407
4.10927,329.43,3.876012,0.004271,3.871742,0.000069,0.002365,0.000305,0.001404
4.10967,329.46,3.884102,0.004287,3.879815,0.000069,0.002384,0.000304,0.001402
4.11007,329.50,3.892212,0.004304,3.887909,0.000069,0.002404,0.000303,0.001399
4.11047,329.53,3.900343,0.004320,3.896022,0.000069,0.002424,0.000303,0.001397
4.11087,329.56,3.908493,0.004337,3.904156,0.000070,0.002444,0.000302,0.001394
4.11127,329.59,3.916664,0.004355,3.912310,0.000070,0.002464,0.000301,0.001392
4.11167,329.62,3.924856,0.004372,3.920483,0.000070,0.002485,0.000300,0.001389
4.11207,329.66,3.933067,0.004390,3.928677,0.000070,0.002506,0.000300,0.001387
4.11247,329.69,3.941300,0.004409,3.936891,0.000071,0.002527,0.000299,0.001385
4.11287,329.72,3.949552,0.004427,3.945125,0.000071,0.002548,0.000298,0.001382
4.11327,329.75,3.957825,0.004446,3.953379,0.000071,0.002570,0.000297,0.001380
4.11367,329.78,3.966119,0.004465,3.961654,0.000071,0.002592,0.000297,0.001377
4.11407,329.82,3.974434,0.004485,3.969949,0.000072,0.002615,0.000296,0.001375
4.11447,329.85,3.982769,0.004504,3.978264,0.000072,0.002638,0.000295,0.001372
4.11487,329.88,3.991125,0.004525,3.986600,0.000072,0.002661,0.000294,0.001370
4.11527,329.91,3.999501,0.004545,3.994956,0.000072,0.002684,0.000294,0.001368
4.11567,329.94,4.007899,0.004566,4.003333,0.000073,0.002708,0.000293,0.001365
4.11607,329.98,4.016317,0.004587,4.011730,0.000073,0.002732,0.000292,0.001363
4.11647,330.01,4.024756,0.004609,4.020147,0.000073,0.002756,0.000291,0.001360
4.11687,330.04,4.033216,0.004631,4.028585,0.000073,0.002781,0.000291,0.001358
4.11727,330.07,4.041697,0.004653,4.037044,0.000074,0.002806,0.000290,0.001356
4.11767,330.11,4.050199,0.004676,4.045523,0.000074,0.002832,0.000289,0.001353
4.11807,330.14,4.058722,0.004699,4.054023,0.000074,0.002858,0.000289,0.001351
4.11847,330.17,4.067266,0.004722,4.062544,0.000075,0.002884,0.000288,0.001349
4.11887,330.20,4.075832,0.004746,4.071086,0.000075,0.002911,0.000287,0.001346
4.11927,330.23,4.084418,0.004770,4.079648,0.000075,0.002938,0.000286,0.001344
4.11967,330.27,4.093026,0.004795,4.088231,0.000075,0.002966,0.000286,0.001342
4.12007,330.30,4.101655,0.004820,4.096835,0.000076,0.002994,0.000285,0.001339
4.12047,330.33,4.110305,0.004846,4.105460,0.000076,0.003022,0.000284,0.001337
4.12087,330.36,4.118977,0.004872,4.114105,0.000076,0.003051,0.000284,0.001335
4.12127,330.39,4.127670,0.004898,4.122772,0.000076,0.003080,0.000283,0.001332
4.12167,330.43,4.136385,0.004925,4.131460,0.000077,0.003110,0.000282,0.001330
4.12207,330.46,4.145121,0.004953,4.140168,0.000077,0.003140,0.000282,0.001328
4.12247,330.49,4.153879,0.004981,4.148898,0.000077,0.003171,0.000281,0.001325
4.12287,330.52,4.162658,0.005009,4.157649,0.000078,0.003202,0.000280,0.001323
4.12327,330.55,4.171459,0.005038,4.166421,0.000078,0.003234,0.000279,0.001321
4.12367,330.59,4.180282,0.005068,4.175214,0.000078,0.003266,0.000279,0.001318
4.12407,330.62,4.189126,0.005098,4.184028,0.000079,0.003299,0.000278,0.001316
4.12447,330.65,4.197992,0.005129,4.192864,0.000079,0.003332,0.000277,0.001314
4.12487,330.68,4.206880,0.005160,4.201720,0.000079,0.003366,0.000277,0.001312
4.12527,330.71,4.215790,0.005192,4.210598,0.000079,0.003401,0.000276,0.001309
4.12567,330.75,4.224722,0.005224,4.219498,0.000080,0.003436,0.000275,0.001307
4.12607,330.78,4.233676,0.005257,4.228419,0.000080,0.003471,0.000275,0.001305
4.12647,330.81,4.242651,0.005291,4.237361,0.000080,0.003507,0.000274,0.001303
4.12687,330.84,4.251649,0.005325,4.246324,0.000081,0.003544,0.000273,0.001300
4.12727,330.87,4.260669,0.005360,4.255309,0.000081,0.003582,0.000273,0.001298
4.12767,330.91,4.269711,0.005395,4.264316,0.000081,0.003620,0.000272,0.001296
4.12807,330.94,4.278775,0.005431,4.273344,0.000082,0.003659,0.000271,0.001294
4.12847,330.97,4.287862,0.005468,4.282393,0.000082,0.003698,0.000271,0.001292
4.12887,331.00,4.296970,0.005506,4.291464,0.000082,0.003738,0.000270,0.001289
4.12927,331.04,4.306102,0.005544,4.300557,0.000083,0.003779,0.000270,0.001287
4.12967,331.07,4.315255,0.005583,4.309672,0.000083,0.003821,0.000269,0.001285
4.13007,331.10,4.324431,0.005623,4.318808,0.000083,0.003864,0.000268,0.001283
4.13047,331.13,4.333629,0.005664,4.327965,0.000084,0.003907,0.000268,0.001281
4.13087,331.16,4.342850,0.005705,4.337145,0.000084,0.003951,0.000267,0.001278
4.13127,331.20,4.352094,0.005748,4.346346,0.000084,0.003996,0.000266,0.001276
4.13167,331.23,4.361360,0.005791,4.355569,0.000084,0.004041,0.000266,0.001274
4.13207,331.26,4.370649,0.005835,4.364814,0.000085,0.004088,0.000265,0.001272
4.13247,331.29,4.379960,0.005880,4.374080,0.000085,0.004135,0.000264,0.001270
4.13287,331.32,4.389295,0.005926,4.383369,0.000086,0.004184,0.000264,0.001268
4.13327,331.36,4.398652,0.005973,4.392679,0.000086,0.004233,0.000263,0.001266
4.13367,331.39,4.408032,0.006020,4.402012,0.000086,0.004283,0.000263,0.001263
4.13407,331.42,4.417435,0.006069,4.411366,0.000087,0.004334,0.000262,0.001261
4.13447,331.45,4.426861,0.006119,4.420742,0.000087,0.004387,0.000261,0.001259
4.13487,331.48,4.436310,0.006170,4.430140,0.000087,0.004440,0.000261,0.001257
4.13527,331.52,4.445782,0.006222,4.439561,0.000088,0.004494,0.000260,0.001255
4.13567,331.55,4.455278,0.006275,4.449003,0.000088,0.004550,0.000260,0.001253
4.13607,331.58,4.464796,0.006329,4.458467,0.000088,0.004606,0.000259,0.001251
4.13647,331.61,4.474338,0.006384,4.467954,0.000089,0.004664,0.000258,0.001249
4.13687,331.64,4.483904,0.006441,4.477463,0.000089,0.004723,0.000258,0.001247
4.13727,331.68,4.493492,0.006499,4.486993,0.000089,0.004783,0.000257,0.001244
4.13767,331.71,4.503104,0.006558,4.496546,0.000090,0.004845,0.000256,0.001242
4.13807,331.74,4.512740,0.006618,4.506122,0.000090,0.004908,0.000256,0.001240
4.13847,331.77,4.522399,0.006680,4.515719,0.000090,0.004972,0.000255,0.001238
4.13887,331.80,4.532082,0.006743,4.525339,0.000091,0.005037,0.000255,0.001236
4.13927,331.84,4.541789,0.006808,4.534981,0.000091,0.005104,0.000254,0.001234
4.13967,331.87,4.551519,0.006874,4.544645,0.000092,0.005173,0.000254,0.001232
4.14007,331.90,4.561273,0.006942,4.554331,0.000092,0.005243,0.000253,0.001230
4.14047,331.93,4.571051,0.007011,4.564040,0.000092,0.005314,0.000252,0.001228
4.14087,331.97,4.580854,0.007082,4.573771,0.000093,0.005388,0.000252,0.001226
4.14127,332.00,4.590680,0.007155,4.583525,0.000093,0.005462,0.000251,0.001224
4.14167,332.03,4.600530,0.007229,4.593301,0.000093,0.005539,0.000251,0.001222
4.14207,332.06,4.610405,0.007305,4.603100,0.000094,0.005617,0.000250,0.001220
4.14247,332.09,4.620304,0.007383,4.612921,0.000094,0.005698,0.000249,0.001218
4.14287,332.13,4.630227,0.007463,4.622764,0.000095,0.005780,0.000249,0.001216
4.14327,332.16,4.640174,0.007545,4.632630,0.000095,0.005864,0.000248,0.001214
4.14367,332.19,4.650147,0.007629,4.642518,0.000095,0.005950,0.000248,0.001212
4.14407,332.22,4.660143,0.007714,4.652429,0.000096,0.006038,0.000247,0.001210
4.14447,332.25,4.670165,0.007803,4.662362,0.000096,0.006128,0.000247,0.001208
4.14487,332.29,4.680211,0.007893,4.672318,0.000097,0.006221,0.000246,0.001206
4.14527,332.32,4.690283,0.007986,4.682297,0.000097,0.006316,0.000246,0.001204
4.14567,332.35,4.700379,0.008081,4.692298,0.000097,0.006413,0.000245,0.001202
4.14607,332.38,4.710500,0.008178,4.702322,0.000098,0.006513,0.000244,0.001200
4.14647,332.41,4.720647,0.008279,4.712368,0.000098,0.006615,0.000244,0.001198
4.14687,332.45,4.730818,0.008381,4.722437,0.000099,0.006720,0.000243,0.001196
4.14727,332.48,4.741016,0.008487,4.732529,0.000099,0.006828,0.000243,0.001194
4.14767,332.51,4.751238,0.008596,4.742643,0.000100,0.006939,0.000242,0.001192
4.14807,332.54,4.761487,0.008707,4.752780,0.000100,0.007052,0.000242,0.001190
4.14847,332.57,4.771761,0.008822,4.762939,0.000100,0.007169,0.000241,0.001188
4.14887,332.61,4.782061,0.008939,4.773122,0.000101,0.007289,0.000241,0.001186
4.14927,332.64,4.792387,0.009060,4.783327,0.000101,0.007412,0.000240,0.001184
4.14967,332.67,4.802740,0.009185,4.793555,0.000102,0.007538,0.000239,0.001182
4.15007,332.70,4.813118,0.009313,4.803805,0.000102,0.007669,0.000239,0.001180
4.15047,332.73,4.823523,0.009445,4.814078,0.000103,0.007802,0.000238,0.001178
4.15087,332.77,4.833955,0.009581,4.824374,0.000103,0.007940,0.000238,0.001176
4.15127,332.80,4.844413,0.009720,4.834693,0.000103,0.008082,0.000237,0.001175
4.15167,332.83,4.854899,0.009864,4.845035,0.000104,0.008228,0.000237,0.001173
4.15207,332.86,4.865411,0.010012,4.855399,0.000104,0.008378,0.000236,0.001171
4.15247,332.90,4.875951,0.010165,4.865786,0.000105,0.008533,0.000236,0.001169
4.15287,332.93,4.886519,0.010322,4.876196,0.000105,0.008692,0.000235,0.001167
4.15327,332.96,4.897114,0.010485,4.886629,0.000106,0.008856,0.000235,0.001165
4.15367,332.99,4.907737,0.010652,4.897085,0.000106,0.009026,0.000234,0.001163
4.15407,333.02,4.918388,0.010825,4.907563,0.000107,0.009200,0.000234,0.001161
4.15447,333.06,4.929067,0.011003,4.918064,0.000107,0.009381,0.000233,0.001159
4.15487,333.09,4.939775,0.011187,4.928589,0.000108,0.009567,0.000233,0.001158
4.15527,333.12,4.950512,0.011377,4.939135,0.000108,0.009759,0.000232,0.001156
4.15567,333.15,4.961279,0.011573,4.949705,0.000109,0.009957,0.000232,0.001154
4.15607,333.18,4.972074,0.011776,4.960298,0.000109,0.010162,0.000231,0.001152
4.15647,333.22,4.982899,0.011986,4.970913,0.000110,0.010373,0.000231,0.001150
4.15687,333.25,4.993755,0.012203,4.981552,0.000110,0.010592,0.000230,0.001148
4.15727,333.28,5.004640,0.012427,4.992213,0.000111,0.010819,0.000230,0.001146
4.15767,333.31,5.015557,0.012660,5.002897,0.000111,0.011053,0.000229,0.001145
4.15807,333.34,5.026504,0.012900,5.013604,0.000112,0.011295,0.000229,0.001143
4.15847,333.38,5.037483,0.013149,5.024333,0.000112,0.011546,0.000228,0.001141
4.15887,333.41,5.048494,0.013408,5.035086,0.000113,0.011806,0.000228,0.001139
4.15927,333.44,5.059536,0.013675,5.045861,0.000113,0.012076,0.000227,0.001137
4.15967,333.47,5.070612,0.013953,5.056660,0.000114,0.012355,0.000227,0.001135
4.16007,333.50,5.081721,0.014241,5.067481,0.000114,0.012645,0.000226,0.001134
4.16047,333.54,5.092864,0.014539,5.078325,0.000115,0.012945,0.000226,0.001132
4.16087,333.57,5.104041,0.014849,5.089191,0.000115,0.013257,0.000225,0.001130
4.16127,333.60,5.115253,0.015172,5.100081,0.000116,0.013581,0.000225,0.001128
4.16167,333.63,5.126500,0.015507,5.110993,0.000116,0.013918,0.000224,0.001126
4.16207,333.66,5.137783,0.015855,5.121929,0.000117,0.014268,0.000224,0.001125
4.16247,333.70,5.149103,0.016217,5.132887,0.000117,0.014632,0.000223,0.001123
4.16287,333.73,5.160461,0.016593,5.143868,0.000118,0.015010,0.000223,0.001121
4.16327,333.76,5.171857,0.016986,5.154871,0.000118,0.015404,0.000222,0.001119
4.16367,333.79,5.183292,0.017394,5.165898,0.000119,0.015814,0.000222,0.001117
4.16407,333.83,5.194766,0.017820,5.176947,0.000119,0.016242,0.000221,0.001116
4.16447,333.86,5.206282,0.018263,5.188019,0.000120,0.016687,0.000221,0.001114
4.16487,333.89,5.217839,0.018726,5.199114,0.000121,0.017151,0.000220,0.001112
4.16527,333.92,5.229440,0.019209,5.210231,0.000121,0.017636,0.000220,0.001110
4.16567,333.95,5.241084,0.019713,5.221371,0.000122,0.018142,0.000219,0.001109
4.16607,333.99,5.252773,0.020239,5.232534,0.000122,0.018670,0.000219,0.001107
4.16647,334.02,5.264509,0.020789,5.243720,0.000123,0.019221,0.000218,0.001105
4.16687,334.05,5.276292,0.021364,5.254928,0.000123,0.019798,0.000218,0.001103
4.16727,334.08,5.288124,0.021965,5.266159,0.000124,0.020401,0.000217,0.001102
4.16767,334.11,5.300007,0.022594,5.277413,0.000125,0.021031,0.000217,0.001100
4.16807,334.15,5.311941,0.023253,5.288689,0.000125,0.021692,0.000217,0.001098
4.16847,334.18,5.323930,0.023942,5.299988,0.000126,0.022383,0.000216,0.001096
4.16887,334.21,5.335974,0.024665,5.311309,0.000126,0.023107,0.000216,0.001095
4.16927,334.24,5.348075,0.025422,5.322653,0.000127,0.023866,0.000215,0.001093
4.16967,334.27,5.360236,0.026216,5.334020,0.000128,0.024661,0.000215,0.001091
4.17007,334.31,5.372458,0.027049,5.345409,0.000128,0.025496,0.000214,0.001090
4.17047,334.34,5.384743,0.027923,5.356821,0.000129,0.026372,0.000214,0.001088
4.17087,334.37,5.397095,0.028840,5.368255,0.000130,0.027290,0.000213,0.001086
4.17127,334.40,5.409515,0.029803,5.379711,0.000130,0.028255,0.000213,0.001084
4.17167,334.43,5.422005,0.030815,5.391190,0.000131,0.029268,0.000212,0.001083
4.17207,334.47,5.434569,0.031877,5.402692,0.000131,0.030332,0.000212,0.001081
4.17247,334.50,5.447209,0.032994,5.414216,0.000132,0.031450,0.000212,0.001079
4.17287,334.53,5.459928,0.034167,5.425762,0.000133,0.032625,0.000211,0.001078
4.17327,334.56,5.472729,0.035399,5.437330,0.000133,0.033859,0.000211,0.001076
4.17367,334.59,5.485615,0.036694,5.448921,0.000134,0.035155,0.000210,0.001074
4.17407,334.63,5.498588,0.038054,5.460534,0.000135,0.036517,0.000210,0.001073
4.17447,334.66,5.511652,0.039483,5.472169,0.000135,0.037947,0.000209,0.001071
4.17487,334.69,5.524810,0.040983,5.483827,0.000136,0.039448,0.000209,0.001069
4.17527,334.72,5.538063,0.042557,5.495506,0.000137,0.041024,0.000208,0.001068
4.17567,334.76,5.551416,0.044207,5.507208,0.000137,0.042676,0.000208,0.001066
4.17607,334.79,5.564869,0.045937,5.518932,0.000138,0.044407,0.000208,0.001064
4.17647,334.82,5.578425,0.047747,5.530678,0.000139,0.046218,0.000207,0.001063
4.17687,334.85,5.592085,0.049639,5.542446,0.000140,0.048112,0.000207,0.001061
4.17727,334.88,5.605850,0.051614,5.554236,0.000140,0.050088,0.000206,0.001059
4.17767,334.92,5.619720,0.053672,5.566048,0.000141,0.052148,0.000206,0.001058
4.17807,334.95,5.633693,0.055811,5.577882,0.000142,0.054288,0.000205,0.001056
4.17847,334.98,5.647767,0.058030,5.589737,0.000142,0.056508,0.000205,0.001055
4.17887,335.01,5.661939,0.060324,5.601615,0.000143,0.058803,0.000205,0.001053
4.17927,335.04,5.676201,0.062687,5.613514,0.000144,0.061168,0.000204,0.001051
4.17967,335.08,5.690547,0.065112,5.625435,0.000145,0.063594,0.000204,0.001050
4.18007,335.11,5.704967,0.067589,5.637378,0.000145,0.066073,0.000203,0.001048
4.18047,335.14,5.719448,0.070106,5.649342,0.000146,0.068591,0.000203,0.001046
4.18087,335.17,5.733974,0.072646,5.661328,0.000147,0.071132,0.000202,0.001045
4.18127,335.20,5.748528,0.075192,5.673336,0.000148,0.073680,0.000202,0.001043
4.18167,335.24,5.763088,0.077723,5.685365,0.000148,0.076212,0.000202,0.001042
4.18207,335.27,5.777629,0.080214,5.697415,0.000149,0.078704,0.000201,0.001040
4.18247,335.30,5.792125,0.082638,5.709487,0.000150,0.081130,0.000201,0.001038
4.18287,335.33,5.806546,0.084966,5.721580,0.000151,0.083459,0.000200,0.001037
4.18327,335.36,5.820861,0.087166,5.733695,0.000151,0.085660,0.000200,0.001035
4.18367,335.40,5.835036,0.089206,5.745830,0.000152,0.087701,0.000200,0.001034
4.18407,335.43,5.849040,0.091053,5.757987,0.000153,0.089550,0.000199,0.001032
4.18447,335.46,5.862841,0.092676,5.770165,0.000154,0.091174,0.000199,0.001031
4.18487,335.49,5.876409,0.094045,5.782364,0.000155,0.092544,0.000198,0.001029
4.18527,335.52,5.889718,0.095134,5.794584,0.000156,0.093634,0.000198,0.001027
4.18567,335.56,5.902748,0.095922,5.806825,0.000156,0.094424,0.000198,0.001026
4.18607,335.59,5.915482,0.096394,5.819087,0.000157,0.094897,0.000197,0.001024
4.18647,335.62,5.927911,0.096541,5.831370,0.000158,0.095045,0.000197,0.001023
4.18687,335.65,5.940034,0.096361,5.843673,0.000159,0.094866,0.000196,0.001021
4.18727,335.69,5.951856,0.095859,5.855997,0.000160,0.094365,0.000196,0.001020
4.18767,335.72,5.963390,0.095048,5.868342,0.000161,0.093555,0.000196,0.001018
4.18807,335.75,5.974652,0.093945,5.880707,0.000162,0.092453,0.000195,0.001017
4.18847,335.78,5.985668,0.092575,5.893093,0.000162,0.091084,0.000195,0.001015
4.18887,335.81,5.996464,0.090965,5.905499,0.000163,0.089476,0.000194,0.001014
4.18927,335.85,6.007072,0.089147,5.917926,0.000164,0.087658,0.000194,0.001012
4.18967,335.88,6.017524,0.087152,5.930372,0.000165,0.085664,0.000194,0.001010
4.19007,335.91,6.027852,0.085013,5.942839,0.000166,0.083526,0.000193,0.001009
4.19047,335.94,6.038088,0.082762,5.955326,0.000167,0.081276,0.000193,0.001007
4.19087,335.97,6.048263,0.080430,5.967833,0.000168,0.078945,0.000192,0.001006
4.19127,336.01,6.058405,0.078045,5.980360,0.000169,0.076562,0.000192,0.001004
4.19167,336.04,6.068541,0.075634,5.992907,0.000170,0.074151,0.000192,0.001003
4.19207,336.07,6.078692,0.073218,6.005474,0.000171,0.071737,0.000191,0.001001
4.19247,336.10,6.088879,0.070819,6.018060,0.000172,0.069338,0.000191,0.001000
4.19287,336.13,6.099118,0.068452,6.030666,0.000173,0.066972,0.000191,0.000998
4.19327,336.17,6.109423,0.066132,6.043292,0.000174,0.064653,0.000190,0.000997
4.19367,336.20,6.119807,0.063870,6.055937,0.000175,0.062392,0.000190,0.000995
4.19407,336.23,6.130276,0.061675,6.068601,0.000175,0.060199,0.000189,0.000994
4.19447,336.26,6.140839,0.059555,6.081285,0.000176,0.058079,0.000189,0.000992
4.19487,336.29,6.151500,0.057512,6.093987,0.000177,0.056037,0.000189,0.000991
4.19527,336.33,6.162261,0.055552,6.106709,0.000179,0.054078,0.000188,0.000989
4.19567,336.36,6.173126,0.053676,6.119450,0.000180,0.052202,0.000188,0.000988
4.19607,336.39,6.184094,0.051884,6.132210,0.000181,0.050411,0.000188,0.000986
4.19647,336.42,6.195165,0.050176,6.144988,0.000182,0.048705,0.000187,0.000985
4.19687,336.45,6.206338,0.048552,6.157786,0.000183,0.047081,0.000187,0.000984
4.19727,336.49,6.217611,0.047009,6.170602,0.000184,0.045540,0.000186,0.000982
4.19767,336.52,6.228983,0.045547,6.183436,0.000185,0.044078,0.000186,0.000981
4.19807,336.55,6.240451,0.044162,6.196289,0.000186,0.042693,0.000186,0.000979
4.19847,336.58,6.252011,0.042851,6.209160,0.000187,0.041384,0.000185,0.000978
4.19887,336.62,6.263662,0.041613,6.222049,0.000188,0.040146,0.000185,0.000976
4.19927,336.65,6.275401,0.040444,6.234957,0.000189,0.038978,0.000185,0.000975
4.19967,336.68,6.287224,0.039342,6.247882,0.000190,0.037877,0.000184,0.000973
4.20007,336.71,6.299129,0.038303,6.260825,0.000191,0.036839,0.000184,0.000972
4.20047,336.74,6.311112,0.037326,6.273786,0.000193,0.035862,0.000183,0.000970
4.20087,336.78,6.323171,0.036406,6.286765,0.000194,0.034943,0.000183,0.000969
4.20127,336.81,6.335303,0.035541,6.299761,0.000195,0.034079,0.000183,0.000968
4.20167,336.84,6.347505,0.034730,6.312775,0.000196,0.033268,0.000182,0.000966
4.20207,336.87,6.359775,0.033969,6.325806,0.000197,0.032508,0.000182,0.000965
4.20247,336.90,6.372110,0.033256,6.338854,0.000198,0.031795,0.000182,0.000963
4.20287,336.94,6.384508,0.032589,6.351919,0.000200,0.031129,0.000181,0.000962
4.20327,336.97,6.396966,0.031965,6.365001,0.000201,0.030506,0.000181,0.000961
4.20367,337.00,6.409483,0.031383,6.378100,0.000202,0.029924,0.000181,0.000959
4.20407,337.03,6.422057,0.030841,6.391216,0.000203,0.029383,0.000180,0.000958
4.20447,337.06,6.434685,0.030337,6.404348,0.000204,0.028879,0.000180,0.000956
4.20487,337.10,6.447365,0.029869,6.417496,0.000206,0.028412,0.000180,0.000955
4.20527,337.13,6.460097,0.029436,6.430661,0.000207,0.027980,0.000179,0.000953
4.20567,337.16,6.472879,0.029037,6.443842,0.000208,0.027581,0.000179,0.000952
4.20607,337.19,6.485709,0.028669,6.457039,0.000210,0.027214,0.000179,0.000951
4.20647,337.22,6.498585,0.028332,6.470252,0.000211,0.026877,0.000178,0.000949
4.20687,337.26,6.511507,0.028025,6.483481,0.000212,0.026571,0.000178,0.000948
4.20727,337.29,6.524472,0.027747,6.496726,0.000213,0.026293,0.000178,0.000947
4.20767,337.32,6.537481,0.027496,6.509985,0.000215,0.026042,0.000177,0.000945
4.20807,337.35,6.550533,0.027272,6.523261,0.000216,0.025819,0.000177,0.000944
4.20847,337.38,6.563625,0.027074,6.536551,0.000217,0.025621,0.000177,0.000942
4.20887,337.42,6.576757,0.026901,6.549856,0.000219,0.025448,0.000176,0.000941
4.20927,337.45,6.589929,0.026752,6.563177,0.000220,0.025300,0.000176,0.000940
4.20967,337.48,6.603139,0.026627,6.576512,0.000222,0.025176,0.000175,0.000938
4.21007,337.51,6.616388,0.026526,6.589862,0.000223,0.025075,0.000175,0.000937
4.21047,337.54,6.629674,0.026448,6.603226,0.000224,0.024997,0.000175,0.000936
4.21087,337.58,6.642996,0.026392,6.616604,0.000226,0.024941,0.000174,0.000934
4.21127,337.61,6.656355,0.026358,6.629997,0.000227,0.024908,0.000174,0.000933
4.21167,337.64,6.669750,0.026346,6.643403,0.000229,0.024896,0.000174,0.000931
4.21207,337.67,6.683180,0.026356,6.656824,0.000230,0.024906,0.000173,0.000930
4.21247,337.71,6.696645,0.026387,6.670258,0.000232,0.024937,0.000173,0.000929
4.21287,337.74,6.710145,0.026440,6.683705,0.000233,0.024990,0.000173,0.000927
4.21327,337.77,6.723680,0.026513,6.697166,0.000235,0.025064,0.000173,0.000926
4.21367,337.80,6.737249,0.026609,6.710640,0.000236,0.025159,0.000172,0.000925
4.21407,337.83,6.750852,0.026725,6.724127,0.000238,0.025276,0.000172,0.000923
4.21447,337.87,6.764490,0.026863,6.737627,0.000240,0.025414,0.000172,0.000922
4.21487,337.90,6.778162,0.027022,6.751140,0.000241,0.025573,0.000171,0.000921
4.21527,337.93,6.791868,0.027203,6.764665,0.000243,0.025754,0.000171,0.000919
4.21567,337.96,6.805608,0.027406,6.778202,0.000244,0.025957,0.000171,0.000918
4.21607,337.99,6.819383,0.027631,6.791752,0.000246,0.026183,0.000170,0.000917
4.21647,338.03,6.833192,0.027879,6.805313,0.000248,0.026431,0.000170,0.000916
4.21687,338.06,6.847037,0.028151,6.818886,0.000249,0.026702,0.000170,0.000914
4.21727,338.09,6.860916,0.028445,6.832471,0.000251,0.026997,0.000169,0.000913
4.21767,338.12,6.874831,0.028764,6.846067,0.000253,0.027316,0.000169,0.000912
4.21807,338.15,6.888782,0.029108,6.859674,0.000254,0.027659,0.000169,0.000910
4.21847,338.19,6.902770,0.029477,6.873293,0.000256,0.028028,0.000168,0.000909
4.21887,338.22,6.916794,0.029873,6.886922,0.000258,0.028424,0.000168,0.000908
4.21927,338.25,6.930856,0.030295,6.900562,0.000260,0.028846,0.000168,0.000906
4.21967,338.28,6.944957,0.030745,6.914212,0.000261,0.029296,0.000167,0.000905
4.22007,338.31,6.959096,0.031224,6.927872,0.000263,0.029775,0.000167,0.000904
4.22047,338.35,6.973276,0.031733,6.941543,0.000265,0.030283,0.000167,0.000902
4.22087,338.38,6.987496,0.032273,6.955223,0.000267,0.030823,0.000166,0.000901
4.22127,338.41,7.001758,0.032845,6.968913,0.000269,0.031395,0.000166,0.000900
4.22167,338.44,7.016063,0.033451,6.982613,0.000271,0.032000,0.000166,0.000899
4.22207,338.47,7.030413,0.034091,6.996321,0.000273,0.032641,0.000166,0.000897
4.22247,338.51,7.044807,0.034769,7.010039,0.000275,0.033318,0.000165,0.000896
4.22287,338.54,7.059249,0.035484,7.023765,0.000277,0.034033,0.000165,0.000895
4.22327,338.57,7.073739,0.036239,7.037500,0.000278,0.034787,0.000165,0.000894
4.22367,338.60,7.088280,0.037036,7.051244,0.000280,0.035584,0.000164,0.000892
4.22407,338.64,7.102872,0.037876,7.064995,0.000282,0.036424,0.000164,0.000891
4.22447,338.67,7.117518,0.038763,7.078755,0.000285,0.037310,0.000164,0.000890
4.22487,338.70,7.132220,0.039698,7.092522,0.000287,0.038244,0.000163,0.000888
4.22527,338.73,7.146980,0.040683,7.106297,0.000289,0.039229,0.000163,0.000887
4.22567,338.76,7.161800,0.041721,7.120079,0.000291,0.040267,0.000163,0.000886
4.22607,338.80,7.176684,0.042816,7.133868,0.000293,0.041361,0.000162,0.000885
4.22647,338.83,7.191633,0.043969,7.147664,0.000295,0.042514,0.000162,0.000883
4.22687,338.86,7.206651,0.045185,7.161466,0.000297,0.043729,0.000162,0.000882
4.22727,338.89,7.221741,0.046466,7.175275,0.000299,0.045009,0.000162,0.000881
4.22767,338.92,7.236906,0.047816,7.189090,0.000302,0.046359,0.000161,0.000880
4.22807,338.96,7.252149,0.049238,7.202911,0.000304,0.047781,0.000161,0.000879
4.22847,338.99,7.267475,0.050738,7.216737,0.000306,0.049279,0.000161,0.000877
4.22887,339.02,7.282887,0.052318,7.230569,0.000308,0.050859,0.000160,0.000876
4.22927,339.05,7.298390,0.053984,7.244406,0.000311,0.052524,0.000160,0.000875
4.22967,339.08,7.313988,0.055740,7.258248,0.000313,0.054279,0.000160,0.000874
4.23007,339.12,7.329685,0.057591,7.272094,0.000315,0.056129,0.000160,0.000872
4.23047,339.15,7.345487,0.059541,7.285945,0.000318,0.058079,0.000159,0.000871
4.23087,339.18,7.361398,0.061598,7.299800,0.000320,0.060134,0.000159,0.000870
4.23127,339.21,7.377424,0.063765,7.313659,0.000323,0.062301,0.000159,0.000869
4.23167,339.24,7.393570,0.066048,7.327522,0.000325,0.064583,0.000158,0.000867
4.23207,339.28,7.409842,0.068454,7.341388,0.000328,0.066988,0.000158,0.000866
4.23247,339.31,7.426245,0.070988,7.355257,0.000330,0.069521,0.000158,0.000865
4.23287,339.34,7.442785,0.073656,7.369129,0.000333,0.072188,0.000158,0.000864
4.23327,339.37,7.459467,0.076463,7.383004,0.000335,0.074994,0.000157,0.000863
4.23367,339.40,7.476297,0.079417,7.396881,0.000338,0.077946,0.000157,0.000861
4.23407,339.44,7.493280,0.082520,7.410760,0.000341,0.081049,0.000157,0.000860
4.23447,339.47,7.510420,0.085780,7.424640,0.000343,0.084307,0.000156,0.000859
4.23487,339.50,7.527722,0.089199,7.438523,0.000346,0.087725,0.000156,0.000858
4.23527,339.53,7.545187,0.092781,7.452406,0.000349,0.091306,0.000156,0.000857
4.23567,339.57,7.562819,0.096529,7.466291,0.000352,0.095053,0.000156,0.000855
4.23607,339.60,7.580618,0.100442,7.480176,0.000355,0.098965,0.000155,0.000854
4.23647,339.63,7.598582,0.104520,7.494061,0.000357,0.103041,0.000155,0.000853
4.23687,339.66,7.616707,0.108760,7.507947,0.000360,0.107279,0.000155,0.000852
4.23727,339.69,7.634987,0.113154,7.521833,0.000363,0.111672,0.000154,0.000851
4.23767,339.73,7.653412,0.117695,7.535718,0.000366,0.116211,0.000154,0.000850
4.23807,339.76,7.671970,0.122368,7.549602,0.000369,0.120883,0.000154,0.000848
4.23847,339.79,7.690642,0.127156,7.563486,0.000372,0.125670,0.000154,0.000847
4.23887,339.82,7.709406,0.132038,7.577368,0.000375,0.130551,0.000153,0.000846
4.23927,339.85,7.728234,0.136986,7.591248,0.000378,0.135497,0.000153,0.000845
4.23967,339.89,7.747092,0.141966,7.605126,0.000382,0.140475,0.000153,0.000844
4.24007,339.92,7.765942,0.146940,7.619003,0.000385,0.145447,0.000153,0.000843
4.24047,339.95,7.784737,0.151861,7.632876,0.000388,0.150366,0.000152,0.000841
4.24087,339.98,7.803427,0.156679,7.646747,0.000391,0.155183,0.000152,0.000840
4.24127,340.01,7.821953,0.161338,7.660615,0.000395,0.159840,0.000152,0.000839
4.24167,340.05,7.840257,0.165777,7.674479,0.000398,0.164277,0.000151,0.000838
4.24207,340.08,7.858272,0.169932,7.688340,0.000401,0.168430,0.000151,0.000837
4.24247,340.11,7.875933,0.173737,7.702196,0.000405,0.172233,0.000151,0.000836
4.24287,340.14,7.893176,0.177127,7.716048,0.000408,0.175621,0.000151,0.000834
4.24327,340.17,7.909938,0.180042,7.729896,0.000412,0.178534,0.000150,0.000833
4.24367,340.21,7.926163,0.182424,7.743738,0.000415,0.180914,0.000150,0.000832
4.24407,340.24,7.941802,0.184227,7.757575,0.000419,0.182714,0.000150,0.000831
4.24447,340.27,7.956818,0.185411,7.771406,0.000423,0.183896,0.000150,0.000830
4.24487,340.30,7.971184,0.185952,7.785232,0.000426,0.184435,0.000149,0.000829
4.24527,340.33,7.984889,0.185839,7.799051,0.000430,0.184319,0.000149,0.000828
4.24567,340.37,7.997936,0.185073,7.812863,0.000434,0.183551,0.000149,0.000827
4.24607,340.40,8.010339,0.183671,7.826669,0.000438,0.182146,0.000149,0.000825
4.24647,340.43,8.022129,0.181663,7.840467,0.000442,0.180136,0.000148,0.000824
4.24687,340.46,8.033348,0.179091,7.854257,0.000446,0.177562,0.000148,0.000823
4.24727,340.50,8.044045,0.176006,7.868039,0.000450,0.174474,0.000148,0.000822
4.24767,340.53,8.054279,0.172466,7.881814,0.000454,0.170931,0.000147,0.000821
4.24807,340.56,8.064114,0.168535,7.895579,0.000458,0.166997,0.000147,0.000820
4.24847,340.59,8.073612,0.164277,7.909335,0.000462,0.162737,0.000147,0.000819
4.24887,340.62,8.082840,0.159758,7.923082,0.000466,0.158215,0.000147,0.000818
4.24927,340.66,8.091860,0.155040,7.936820,0.000471,0.153494,0.000146,0.000816
4.24967,340.69,8.100731,0.150184,7.950547,0.000475,0.148635,0.000146,0.000815
4.25007,340.72,8.109507,0.145243,7.964264,0.000480,0.143691,0.000146,0.000814
4.25047,340.75,8.118237,0.140267,7.977970,0.000484,0.138712,0.000146,0.000813
4.25087,340.78,8.126964,0.135299,7.991665,0.000489,0.133741,0.000145,0.000812
4.25127,340.82,8.135725,0.130376,8.005348,0.000493,0.128815,0.000145,0.000811
4.25167,340.85,8.144550,0.125529,8.019020,0.000498,0.123965,0.000145,0.000810
4.25207,340.88,8.153464,0.120784,8.032680,0.000503,0.119216,0.000145,0.000809
4.25247,340.91,8.162488,0.116161,8.046326,0.000507,0.114590,0.000144,0.000808
4.25287,340.94,8.171636,0.111676,8.059960,0.000512,0.110101,0.000144,0.000807
4.25327,340.98,8.180921,0.107340,8.073581,0.000517,0.105762,0.000144,0.000805
4.25367,341.01,8.190351,0.103163,8.087188,0.000522,0.101580,0.000144,0.000804
4.25407,341.04,8.199929,0.099148,8.100781,0.000527,0.097562,0.000143,0.000803
4.25447,341.07,8.209657,0.095298,8.114359,0.000533,0.093708,0.000143,0.000802
4.25487,341.10,8.219538,0.091614,8.127923,0.000538,0.090021,0.000143,0.000801
4.25527,341.14,8.229567,0.088095,8.141472,0.000543,0.086498,0.000143,0.000800
4.25567,341.17,8.239743,0.084738,8.155005,0.000549,0.083137,0.000142,0.000799
4.25607,341.20,8.250062,0.081540,8.168522,0.000554,0.079934,0.000142,0.000798
4.25647,341.23,8.260518,0.078495,8.182023,0.000560,0.076885,0.000142,0.000797
4.25687,341.26,8.271106,0.075599,8.195507,0.000565,0.073985,0.000142,0.000796
4.25727,341.30,8.281821,0.072847,8.208974,0.000571,0.071229,0.000141,0.000795
4.25767,341.33,8.292656,0.070233,8.222423,0.000577,0.068610,0.000141,0.000794
4.25807,341.36,8.303605,0.067751,8.235855,0.000583,0.066123,0.000141,0.000793
4.25847,341.39,8.314663,0.065394,8.249268,0.000589,0.063762,0.000141,0.000792
4.25887,341.43,8.325822,0.063158,8.262663,0.000595,0.061521,0.000141,0.000790
4.25927,341.46,8.337076,0.061037,8.276039,0.000601,0.059395,0.000140,0.000789
4.25967,341.49,8.348420,0.059025,8.289395,0.000608,0.057378,0.000140,0.000788
4.26007,341.52,8.359847,0.057116,8.302732,0.000614,0.055464,0.000140,0.000787
4.26047,341.55,8.371353,0.055305,8.316048,0.000620,0.053648,0.000140,0.000786
4.26087,341.59,8.382931,0.053588,8.329344,0.000627,0.051925,0.000139,0.000785
4.26127,341.62,8.394577,0.051959,8.342618,0.000634,0.050291,0.000139,0.000784
4.26167,341.65,8.406285,0.050414,8.355871,0.000641,0.048740,0.000139,0.000783
4.26207,341.68,8.418051,0.048948,8.369103,0.000648,0.047269,0.000139,0.000782
4.26247,341.71,8.429870,0.047558,8.382312,0.000655,0.045873,0.000138,0.000781
4.26287,341.75,8.441737,0.046239,8.395498,0.000662,0.044549,0.000138,0.000780
4.26327,341.78,8.453650,0.044988,8.408661,0.000669,0.043292,0.000138,0.000779
4.26367,341.81,8.465603,0.043802,8.421801,0.000676,0.042099,0.000138,0.000778
4.26407,341.84,8.477593,0.042676,8.434917,0.000684,0.040968,0.000137,0.000777
4.26447,341.87,8.489617,0.041609,8.448008,0.000692,0.039894,0.000137,0.000776
4.26487,341.91,8.501672,0.040597,8.461075,0.000699,0.038875,0.000137,0.000775
4.26527,341.94,8.513754,0.039637,8.474117,0.000707,0.037908,0.000137,0.000774
4.26567,341.97,8.525859,0.038726,8.487133,0.000715,0.036991,0.000137,0.000773
4.26607,342.00,8.537987,0.037864,8.500123,0.000724,0.036122,0.000136,0.000772
4.26647,342.03,8.550133,0.037046,8.513087,0.000732,0.035297,0.000136,0.000771
4.26687,342.07,8.562296,0.036272,8.526024,0.000740,0.034516,0.000136,0.000770
4.26727,342.10,8.574472,0.035539,8.538933,0.000749,0.033775,0.000136,0.000769
4.26767,342.13,8.586660,0.034845,8.551815,0.000758,0.033074,0.000135,0.000768
4.26807,342.16,8.598858,0.034189,8.564669,0.000767,0.032410,0.000135,0.000767
4.26847,342.19,8.611063,0.033569,8.577494,0.000776,0.031782,0.000135,0.000766
4.26887,342.23,8.623273,0.032983,8.590290,0.000785,0.031189,0.000135,0.000765
4.26927,342.26,8.635488,0.032431,8.603057,0.000794,0.030629,0.000134,0.000764
4.26967,342.29,8.647705,0.031911,8.615794,0.000804,0.030100,0.000134,0.000763
4.27007,342.32,8.659922,0.031421,8.628500,0.000814,0.029602,0.000134,0.000762
4.27047,342.36,8.672138,0.030961,8.641176,0.000823,0.029133,0.000134,0.000761
4.27087,342.39,8.684351,0.030530,8.653821,0.000834,0.028693,0.000134,0.000760
4.27127,342.42,8.696561,0.030127,8.666434,0.000844,0.028281,0.000133,0.000759
4.27167,342.45,8.708765,0.029750,8.679015,0.000854,0.027895,0.000133,0.000758
4.27207,342.48,8.720963,0.029399,8.691564,0.000865,0.027535,0.000133,0.000757
4.27247,342.52,8.733154,0.029074,8.704080,0.000876,0.027200,0.000133,0.000756
4.27287,342.55,8.745336,0.028774,8.716562,0.000887,0.026890,0.000132,0.000755
4.27327,342.58,8.757508,0.028497,8.729011,0.000898,0.026603,0.000132,0.000754
4.27367,342.61,8.769670,0.028245,8.741425,0.000910,0.026340,0.000132,0.000753
4.27407,342.64,8.781820,0.028015,8.753805,0.000921,0.026100,0.000132,0.000752
4.27447,342.68,8.793958,0.027808,8.766149,0.000933,0.025883,0.000132,0.000751
4.27487,342.71,8.806082,0.027624,8.778458,0.000945,0.025688,0.000131,0.000750
4.27527,342.74,8.818193,0.027462,8.790731,0.000958,0.025514,0.000131,0.000749
4.27567,342.77,8.830289,0.027321,8.802968,0.000970,0.025362,0.000131,0.000748
4.27607,342.80,8.842370,0.027203,8.815167,0.000983,0.025232,0.000131,0.000747
4.27647,342.84,8.854435,0.027106,8.827330,0.000997,0.025123,0.000131,0.000746
4.27687,342.87,8.866484,0.027030,8.839454,0.001010,0.025035,0.000130,0.000745
4.27727,342.90,8.878516,0.026976,8.851540,0.001024,0.024969,0.000130,0.000744
4.27767,342.93,8.890531,0.026944,8.863587,0.001038,0.024924,0.000130,0.000743
4.27807,342.96,8.902528,0.026933,8.875596,0.001052,0.024900,0.000130,0.000742
4.27847,343.00,8.914508,0.026944,8.887564,0.001066,0.024898,0.000129,0.000741
4.27887,343.03,8.926470,0.026977,8.899493,0.001081,0.024917,0.000129,0.000740
4.27927,343.06,8.938413,0.027032,8.911381,0.001096,0.024958,0.000129,0.000739
4.27967,343.09,8.950338,0.027110,8.923228,0.001112,0.025022,0.000129,0.000738
4.28007,343.12,8.962244,0.027210,8.935033,0.001128,0.025108,0.000129,0.000737
4.28047,343.16,8.974132,0.027335,8.946797,0.001144,0.025217,0.000128,0.000736
4.28087,343.19,8.986001,0.027482,8.958519,0.001160,0.025350,0.000128,0.000735
4.28127,343.22,8.997852,0.027655,8.970197,0.001177,0.025507,0.000128,0.000735
4.28167,343.25,9.009685,0.027852,8.981832,0.001194,0.025688,0.000128,0.000734
4.28207,343.29,9.021500,0.028076,8.993424,0.001212,0.025895,0.000128,0.000733
4.28247,343.32,9.033297,0.028325,9.004971,0.001230,0.026128,0.000127,0.000732
4.28287,343.35,9.045077,0.028603,9.016474,0.001248,0.026388,0.000127,0.000731
4.28327,343.38,9.056840,0.028908,9.027932,0.001267,0.026676,0.000127,0.000730
4.28367,343.41,9.068587,0.029243,9.039344,0.001286,0.026993,0.000127,0.000729
4.28407,343.45,9.080319,0.029609,9.050710,0.001306,0.027340,0.000127,0.000728
4.28447,343.48,9.092036,0.030006,9.062030,0.001326,0.027718,0.000126,0.000727
4.28487,343.51,9.103739,0.030436,9.073303,0.001346,0.028129,0.000126,0.000726
4.28527,343.54,9.115429,0.030900,9.084528,0.001367,0.028573,0.000126,0.000725
4.28567,343.57,9.127106,0.031400,9.095706,0.001389,0.029053,0.000126,0.000724
4.28607,343.61,9.138774,0.031938,9.106836,0.001411,0.029570,0.000126,0.000723
4.28647,343.64,9.150431,0.032515,9.117916,0.001433,0.030125,0.000125,0.000722
4.28687,343.67,9.162080,0.033132,9.128948,0.001456,0.030721,0.000125,0.000721
4.28727,343.70,9.173723,0.033793,9.139930,0.001480,0.031359,0.000125,0.000721
4.28767,343.73,9.185360,0.034499,9.150862,0.001504,0.032042,0.000125,0.000720
4.28807,343.77,9.196994,0.035251,9.161743,0.001529,0.032771,0.000125,0.000719
4.28847,343.80,9.208627,0.036054,9.172573,0.001554,0.033549,0.000124,0.000718
4.28887,343.83,9.220260,0.036908,9.183352,0.001580,0.034378,0.000124,0.000717
4.28927,343.86,9.231895,0.037816,9.194079,0.001607,0.035261,0.000124,0.000716
4.28967,343.89,9.243535,0.038782,9.204753,0.001634,0.036201,0.000124,0.000715
4.29007,343.93,9.255182,0.039807,9.215375,0.001662,0.037199,0.000124,0.000714
4.29047,343.96,9.266838,0.040895,9.225943,0.001691,0.038259,0.000123,0.000713
4.29087,343.99,9.278506,0.042048,9.236458,0.001720,0.039384,0.000123,0.000712
4.29127,344.02,9.290188,0.043269,9.246919,0.001751,0.040576,0.000123,0.000711
4.29167,344.05,9.301886,0.044561,9.257325,0.001782,0.041839,0.000123,0.000711
4.29207,344.09,9.313603,0.045928,9.267676,0.001814,0.043174,0.000123,0.000710
4.29247,344.12,9.325342,0.047371,9.277971,0.001846,0.044586,0.000122,0.000709
4.29287,344.15,9.337104,0.048893,9.288210,0.001880,0.046076,0.000122,0.000708
4.29327,344.18,9.348890,0.050497,9.298393,0.001914,0.047646,0.000122,0.000707
4.29367,344.22,9.360704,0.052184,9.308520,0.001950,0.049299,0.000122,0.000706
4.29407,344.25,9.372544,0.053956,9.318588,0.001986,0.051035,0.000122,0.000705
4.29447,344.28,9.384413,0.055813,9.328600,0.002024,0.052856,0.000121,0.000704
4.29487,344.31,9.396308,0.057756,9.338553,0.002062,0.054762,0.000121,0.000703
4.29527,344.34,9.408230,0.059783,9.348447,0.002102,0.056750,0.000121,0.000703
4.29567,344.38,9.420174,0.061892,9.358282,0.002142,0.058820,0.000121,0.000702
4.29607,344.41,9.432137,0.064079,9.368058,0.002184,0.060967,0.000121,0.000701
4.29647,344.44,9.444113,0.066340,9.377774,0.002227,0.063185,0.000120,0.000700
4.29687,344.47,9.456095,0.068665,9.387429,0.002271,0.065468,0.000120,0.000699
4.29727,344.50,9.468071,0.071047,9.397024,0.002317,0.067805,0.000120,0.000698
4.29767,344.54,9.480029,0.073472,9.406557,0.002364,0.070184,0.000120,0.000697
4.29807,344.57,9.491954,0.075926,9.416029,0.002412,0.072590,0.000120,0.000696
4.29847,344.60,9.503828,0.078390,9.425438,0.002462,0.075006,0.000119,0.000695
4.29887,344.63,9.515629,0.080844,9.434785,0.002514,0.077409,0.000119,0.000695
4.29927,344.66,9.527333,0.083264,9.444069,0.002567,0.079777,0.000119,0.000694
4.29967,344.70,9.538913,0.085623,9.453290,0.002621,0.082083,0.000119,0.000693
4.30007,344.73,9.550339,0.087892,9.462447,0.002678,0.084297,0.000119,0.000692
4.30047,344.76,9.561579,0.090040,9.471540,0.002736,0.086388,0.000119,0.000691
4.30087,344.79,9.572602,0.092034,9.480567,0.002796,0.088323,0.000118,0.000690
4.30127,344.82,9.583373,0.093842,9.489530,0.002858,0.090070,0.000118,0.000689
4.30167,344.86,9.593860,0.095432,9.498428,0.002922,0.091597,0.000118,0.000689
4.30207,344.89,9.604034,0.096775,9.507259,0.002988,0.092875,0.000118,0.000688
4.30247,344.92,9.613867,0.097843,9.516024,0.003056,0.093876,0.000118,0.000687
4.30287,344.95,9.623337,0.098615,9.524722,0.003127,0.094578,0.000117,0.000686
4.30327,344.98,9.632428,0.099075,9.533354,0.003199,0.094966,0.000117,0.000685
4.30367,345.02,9.641130,0.099213,9.541917,0.003275,0.095030,0.000117,0.000684
4.30407,345.05,9.649439,0.099026,9.550413,0.003353,0.094766,0.000117,0.000683
4.30447,345.08,9.657360,0.098520,9.558840,0.003434,0.094180,0.000117,0.000683
4.30487,345.11,9.664903,0.097704,9.567199,0.003518,0.093282,0.000117,0.000682
4.30527,345.15,9.672086,0.096598,9.575488,0.003604,0.092090,0.000116,0.000681
4.30567,345.18,9.678931,0.095224,9.583708,0.003694,0.090627,0.000116,0.000680
4.30607,345.21,9.685466,0.093609,9.591857,0.003787,0.088920,0.000116,0.000679
4.30647,345.24,9.691721,0.091784,9.599937,0.003884,0.087000,0.000116,0.000678
4.30687,345.27,9.697727,0.089782,9.607945,0.003984,0.084898,0.000116,0.000678
4.30727,345.31,9.703517,0.087634,9.615883,0.004088,0.082648,0.000115,0.000677
4.30767,345.34,9.709123,0.085374,9.623749,0.004196,0.080281,0.000115,0.000676
4.30807,345.37,9.714576,0.083033,9.631543,0.004308,0.077829,0.000115,0.000675
4.30847,345.40,9.719903,0.080639,9.639264,0.004424,0.075320,0.000115,0.000674
4.30887,345.43,9.725132,0.078219,9.646913,0.004545,0.072779,0.000115,0.000673
4.30927,345.47,9.730285,0.075796,9.654489,0.004671,0.070232,0.000115,0.000673
4.30967,345.50,9.735382,0.073391,9.661992,0.004802,0.067696,0.000114,0.000672
4.31007,345.53,9.740441,0.071020,9.669420,0.004938,0.065191,0.000114,0.000671
4.31047,345.56,9.745475,0.068700,9.676775,0.005080,0.062730,0.000114,0.000670
4.31087,345.59,9.750496,0.066441,9.684055,0.005228,0.060324,0.000114,0.000669
4.31127,345.63,9.755513,0.064253,9.691260,0.005381,0.057983,0.000114,0.000668
4.31167,345.66,9.760533,0.062143,9.698390,0.005542,0.055714,0.000114,0.000668
4.31207,345.69,9.765561,0.060117,9.705444,0.005709,0.053522,0.000113,0.000667
4.31247,345.72,9.770601,0.058178,9.712423,0.005883,0.051410,0.000113,0.000666
4.31287,345.75,9.775654,0.056329,9.719325,0.006066,0.049380,0.000113,0.000665
4.31327,345.79,9.780721,0.054571,9.726150,0.006256,0.047432,0.000113,0.000664
4.31367,345.82,9.785803,0.052904,9.732899,0.006454,0.045568,0.000113,0.000664
4.31407,345.85,9.790898,0.051328,9.739570,0.006662,0.043785,0.000112,0.000663
4.31447,345.88,9.796004,0.049841,9.746163,0.006879,0.042082,0.000112,0.000662
4.31487,345.91,9.801121,0.048443,9.752678,0.007106,0.040458,0.000112,0.000661
4.31527,345.95,9.806246,0.047130,9.759116,0.007344,0.038909,0.000112,0.000660
4.31567,345.98,9.811376,0.045902,9.765474,0.007593,0.037433,0.000112,0.000659
4.31607,346.01,9.816510,0.044756,9.771753,0.007853,0.036027,0.000112,0.000659
4.31647,346.04,9.821643,0.043690,9.777953,0.008126,0.034689,0.000111,0.000658
4.31687,346.07,9.826775,0.042701,9.784074,0.008413,0.033415,0.000111,0.000657
4.31727,346.11,9.831902,0.041788,9.790114,0.008713,0.032203,0.000111,0.000656
4.31767,346.14,9.837023,0.040948,9.796074,0.009028,0.031048,0.000111,0.000655
4.31807,346.17,9.842133,0.040179,9.801954,0.009359,0.029950,0.000111,0.000655
4.31847,346.20,9.847233,0.039480,9.807753,0.009706,0.028904,0.000111,0.000654
4.31887,346.24,9.852318,0.038848,9.813470,0.010071,0.027908,0.000110,0.000653
4.31927,346.27,9.857388,0.038282,9.819107,0.010454,0.026960,0.000110,0.000652
4.31967,346.30,9.862441,0.037780,9.824661,0.010857,0.026057,0.000110,0.000652
4.32007,346.33,9.867475,0.037342,9.830133,0.011280,0.025196,0.000110,0.000651
4.32047,346.36,9.872489,0.036965,9.835523,0.011725,0.024376,0.000110,0.000650
4.32087,346.40,9.877481,0.036650,9.840831,0.012193,0.023593,0.000110,0.000649
4.32127,346.43,9.882451,0.036395,9.846055,0.012685,0.022847,0.000109,0.000648
4.32167,346.46,9.887396,0.036200,9.851197,0.013203,0.022135,0.000109,0.000648
4.32207,346.49,9.892318,0.036063,9.856255,0.013748,0.021455,0.000109,0.000647
4.32247,346.52,9.897214,0.035985,9.861229,0.014320,0.020805,0.000109,0.000646
4.32287,346.56,9.902085,0.035965,9.866119,0.014922,0.020184,0.000109,0.000645
4.32327,346.59,9.906929,0.036004,9.870926,0.015555,0.019591,0.000109,0.000644
4.32367,346.62,9.911747,0.036100,9.875647,0.016220,0.019023,0.000108,0.000644
4.32407,346.65,9.916538,0.036253,9.880284,0.016917,0.018480,0.000108,0.000643
4.32447,346.68,9.921301,0.036464,9.884836,0.017649,0.017960,0.000108,0.000642
4.32487,346.72,9.926035,0.036733,9.889303,0.018416,0.017462,0.000108,0.000641
4.32527,346.75,9.930742,0.037057,9.893684,0.019219,0.016985,0.000108,0.000641
4.32567,346.78,9.935418,0.037438,9.897980,0.020059,0.016527,0.000108,0.000640
4.32607,346.81,9.940064,0.037874,9.902190,0.020935,0.016089,0.000107,0.000639
4.32647,346.84,9.944678,0.038364,9.906313,0.021847,0.015667,0.000107,0.000638
4.32687,346.88,9.949257,0.038907,9.910351,0.022795,0.015263,0.000107,0.000638
4.32727,346.91,9.953801,0.039499,9.914301,0.023776,0.014875,0.000107,0.000637
4.32767,346.94,9.958304,0.040139,9.918165,0.024790,0.014501,0.000107,0.000636
4.32807,346.97,9.962765,0.040822,9.921942,0.025834,0.014143,0.000107,0.000635
4.32847,347.00,9.967177,0.041545,9.925632,0.026902,0.013798,0.000107,0.000634
4.32887,347.04,9.971535,0.042301,9.929235,0.027991,0.013465,0.000106,0.000634
4.32927,347.07,9.975833,0.043083,9.932749,0.029094,0.013146,0.000106,0.000633
4.32967,347.10,9.980061,0.043884,9.936177,0.030204,0.012838,0.000106,0.000632
4.33007,347.13,9.984211,0.044695,9.939516,0.031312,0.012541,0.000106,0.000631
4.33047,347.17,9.988271,0.045504,9.942767,0.032409,0.012255,0.000106,0.000631
4.33087,347.20,9.992230,0.046301,9.945930,0.033482,0.011979,0.000106,0.000630
4.33127,347.23,9.996075,0.047071,9.949004,0.034519,0.011713,0.000105,0.000629
4.33167,347.26,9.999791,0.047802,9.951990,0.035507,0.011457,0.000105,0.000628
4.33207,347.29,10.003364,0.048477,9.954886,0.036432,0.011209,0.000105,0.000628
4.33247,347.33,10.006778,0.049083,9.957694,0.037278,0.010969,0.000105,0.000627
4.33287,347.36,10.010018,0.049605,9.960413,0.038033,0.010738,0.000105,0.000626
4.33327,347.39,10.013072,0.050029,9.963043,0.038681,0.010514,0.000105,0.000625
4.33367,347.42,10.015924,0.050341,9.965583,0.039210,0.010298,0.000105,0.000625
4.33407,347.45,10.018565,0.050531,9.968034,0.039610,0.010089,0.000104,0.000624
4.33447,347.49,10.020985,0.050590,9.970395,0.039873,0.009886,0.000104,0.000623
4.33487,347.52,10.023179,0.050513,9.972666,0.039993,0.009690,0.000104,0.000622
4.33527,347.55,10.025143,0.050296,9.974847,0.039966,0.009500,0.000104,0.000622
4.33567,347.58,10.026878,0.049939,9.976938,0.039795,0.009316,0.000104,0.000621
4.33607,347.61,10.028386,0.049447,9.978939,0.039481,0.009138,0.000104,0.000620
4.33647,347.65,10.029675,0.048825,9.980850,0.039033,0.008965,0.000103,0.000620
4.33687,347.68,10.030754,0.048083,9.982671,0.038460,0.008798,0.000103,0.000619
4.33727,347.71,10.031632,0.047232,9.984401,0.037772,0.008635,0.000103,0.000618
4.33767,347.74,10.032324,0.046284,9.986040,0.036983,0.008477,0.000103,0.000617
4.33807,347.77,10.032842,0.045253,9.987589,0.036106,0.008324,0.000103,0.000617
4.33847,347.81,10.033202,0.044155,9.989047,0.035157,0.008176,0.000103,0.000616
4.33887,347.84,10.033416,0.043002,9.990415,0.034149,0.008031,0.000103,0.000615
4.33927,347.87,10.033500,0.041809,9.991691,0.033098,0.007891,0.000102,0.000614
4.33967,347.90,10.033465,0.040589,9.992876,0.032015,0.007755,0.000102,0.000614
4.34007,347.93,10.033324,0.039353,9.993971,0.030913,0.007622,0.000102,0.000613
4.34047,347.97,10.033088,0.038113,9.994974,0.029803,0.007493,0.000102,0.000612
4.34087,348.00,10.032765,0.036879,9.995886,0.028694,0.007368,0.000102,0.000612
4.34127,348.03,10.032365,0.035657,9.996708,0.027596,0.007246,0.000102,0.000611
4.34167,348.06,10.031893,0.034455,9.997437,0.026513,0.007127,0.000102,0.000610
4.34207,348.10,10.031355,0.033279,9.998076,0.025454,0.007012,0.000101,0.000609
4.34247,348.13,10.030756,0.032133,9.998623,0.024421,0.006899,0.000101,0.000609
4.34287,348.16,10.030099,0.031019,9.999079,0.023418,0.006789,0.000101,0.000608
4.34327,348.19,10.029386,0.029942,9.999444,0.022448,0.006683,0.000101,0.000607
4.34367,348.22,10.028619,0.028902,9.999717,0.021513,0.006579,0.000101,0.000607
4.34407,348.26,10.027799,0.027901,9.999899,0.020614,0.006477,0.000101,0.000606
4.34447,348.29,10.026927,0.026938,9.999989,0.019751,0.006378,0.000100,0.000605
4.34487,348.32,10.026003,0.026015,9.999988,0.018925,0.006282,0.000100,0.000604
4.34527,348.35,10.025025,0.025130,9.999896,0.018135,0.006188,0.000100,0.000604
4.34567,348.38,10.023995,0.024283,9.999712,0.017381,0.006096,0.000100,0.000603
4.34607,348.42,10.022909,0.023473,9.999437,0.016661,0.006006,0.000100,0.000602
4.34647,348.45,10.021769,0.022699,9.999070,0.015976,0.005919,0.000100,0.000602
4.34687,348.48,10.020572,0.021960,9.998612,0.015323,0.005834,0.000100,0.000601
4.34727,348.51,10.019317,0.021254,9.998063,0.014701,0.005750,0.000099,0.000600
4.34767,348.54,10.018003,0.020580,9.997422,0.014110,0.005669,0.000099,0.000600
4.34807,348.58,10.016628,0.019938,9.996690,0.013548,0.005589,0.000099,0.000599
4.34847,348.61,10.015192,0.019324,9.995867,0.013013,0.005512,0.000099,0.000598
4.34887,348.64,10.013692,0.018739,9.994953,0.012505,0.005436,0.000099,0.000597
4.34927,348.67,10.012128,0.018181,9.993948,0.012021,0.005361,0.000099,0.000597
4.34967,348.70,10.010499,0.017648,9.992851,0.011562,0.005289,0.000099,0.000596
4.35007,348.74,10.008802,0.017139,9.991664,0.011124,0.005218,0.000098,0.000595
4.35047,348.77,10.007038,0.016652,9.990385,0.010709,0.005148,0.000098,0.000595
4.35087,348.80,10.005204,0.016188,9.989016,0.010313,0.005081,0.000098,0.000594
4.35127,348.83,10.003300,0.015744,9.987556,0.009937,0.005014,0.000098,0.000593
4.35167,348.86,10.001325,0.015320,9.986005,0.009579,0.004949,0.000098,0.000593
4.35207,348.90,9.999278,0.014915,9.984364,0.009237,0.004885,0.000098,0.000592
4.35247,348.93,9.997158,0.014526,9.982632,0.008912,0.004823,0.000098,0.000591
4.35287,348.96,9.994964,0.014155,9.980809,0.008603,0.004762,0.000098,0.000591
4.35327,348.99,9.992695,0.013799,9.978896,0.008308,0.004702,0.000097,0.000590
4.35367,349.03,9.990351,0.013458,9.976893,0.008026,0.004644,0.000097,0.000589
4.35407,349.06,9.987931,0.013131,9.974800,0.007758,0.004586,0.000097,0.000589
4.35447,349.09,9.985435,0.012818,9.972617,0.007501,0.004530,0.000097,0.000588
4.35487,349.12,9.982861,0.012518,9.970343,0.007257,0.004475,0.000097,0.000587
4.35527,349.15,9.980209,0.012229,9.967981,0.007023,0.004421,0.000097,0.000587
4.35567,349.19,9.977480,0.011952,9.965528,0.006799,0.004368,0.000097,0.000586
4.35607,349.22,9.974671,0.011685,9.962986,0.006586,0.004316,0.000096,0.000585
4.35647,349.25,9.971784,0.011429,9.960354,0.006382,0.004265,0.000096,0.000584
4.35687,349.28,9.968817,0.011183,9.957633,0.006186,0.004215,0.000096,0.000584
4.35727,349.31,9.965770,0.010946,9.954823,0.005999,0.004166,0.000096,0.000583
4.35767,349.35,9.962643,0.010718,9.951925,0.005820,0.004118,0.000096,0.000582
4.35807,349.38,9.959435,0.010498,9.948937,0.005648,0.004071,0.000096,0.000582
4.35847,349.41,9.956147,0.010286,9.945861,0.005483,0.004025,0.000096,0.000581
4.35887,349.44,9.952778,0.010082,9.942696,0.005325,0.003980,0.000095,0.000580
4.35927,349.47,9.949328,0.009885,9.939443,0.005174,0.003935,0.000095,0.000580
4.35967,349.51,9.945797,0.009695,9.936102,0.005028,0.003891,0.000095,0.000579
4.36007,349.54,9.942185,0.009512,9.932673,0.004888,0.003848,0.000095,0.000578
4.36047,349.57,9.938491,0.009335,9.929156,0.004754,0.003806,0.000095,0.000578
4.36087,349.60,9.934715,0.009163,9.925552,0.004625,0.003765,0.000095,0.000577
4.36127,349.63,9.930858,0.008998,9.921860,0.004501,0.003724,0.000095,0.000577
4.36167,349.67,9.926919,0.008838,9.918081,0.004382,0.003684,0.000095,0.000576
4.36207,349.70,9.922898,0.008683,9.914215,0.004267,0.003645,0.000094,0.000575
4.36247,349.73,9.918795,0.008533,9.910262,0.004157,0.003606,0.000094,0.000575
4.36287,349.76,9.914611,0.008388,9.906223,0.004050,0.003568,0.000094,0.000574
4.36327,349.79,9.910345,0.008247,9.902098,0.003947,0.003531,0.000094,0.000573
4.36367,349.83,9.905997,0.008111,9.897886,0.003849,0.003495,0.000094,0.000573
4.36407,349.86,9.901567,0.007979,9.893588,0.003753,0.003459,0.000094,0.000572
4.36447,349.89,9.897056,0.007851,9.889205,0.003661,0.003423,0.000094,0.000571
4.36487,349.92,9.892463,0.007726,9.884737,0.003573,0.003388,0.000093,0.000571
4.36527,349.96,9.887788,0.007606,9.880183,0.003487,0.003354,0.000093,0.000570
4.36567,349.99,9.883032,0.007488,9.875544,0.003404,0.003320,0.000093,0.000569
4.36607,350.02,9.878195,0.007375,9.870820,0.003325,0.003287,0.000093,0.000569
4.36647,350.05,9.873276,0.007264,9.866012,0.003247,0.003255,0.000093,0.000568
4.36687,350.08,9.868277,0.007157,9.861120,0.003173,0.003223,0.000093,0.000567
4.36727,350.12,9.863196,0.007052,9.856144,0.003101,0.003191,0.000093,0.000567
4.36767,350.15,9.858035,0.006951,9.851084,0.003031,0.003160,0.000093,0.000566
4.36807,350.18,9.852793,0.006852,9.845941,0.002964,0.003130,0.000092,0.000566
4.36847,350.21,9.847470,0.006756,9.840715,0.002898,0.003099,0.000092,0.000565
4.36887,350.24,9.842067,0.006662,9.835405,0.002835,0.003070,0.000092,0.000564
4.36927,350.28,9.836584,0.006571,9.830014,0.002774,0.003041,0.000092,0.000564
4.36967,350.31,9.831021,0.006482,9.824539,0.002714,0.003012,0.000092,0.000563
4.37007,350.34,9.825379,0.006395,9.818983,0.002657,0.002984,0.000092,0.000562
4.37047,350.37,9.819656,0.006311,9.813345,0.002601,0.002956,0.000092,0.000562
4.37087,350.40,9.813855,0.006229,9.807626,0.002547,0.002929,0.000092,0.000561
4.37127,350.44,9.807974,0.006149,9.801825,0.002495,0.002902,0.000091,0.000560
4.37167,350.47,9.802014,0.006071,9.795944,0.002444,0.002875,0.000091,0.000560
4.37207,350.50,9.795976,0.005994,9.789982,0.002395,0.002849,0.000091,0.000559
4.37247,350.53,9.789859,0.005920,9.783940,0.002347,0.002823,0.000091,0.000559
4.37287,350.56,9.783664,0.005847,9.777817,0.002300,0.002798,0.000091,0.000558
4.37327,350.60,9.777392,0.005776,9.771616,0.002255,0.002772,0.000091,0.000557
4.37367,350.63,9.771041,0.005707,9.765334,0.002211,0.002748,0.000091,0.000557
4.37407,350.66,9.764613,0.005639,9.758974,0.002169,0.002723,0.000091,0.000556
4.37447,350.69,9.758109,0.005573,9.752536,0.002127,0.002699,0.000090,0.000555
4.37487,350.72,9.751527,0.005508,9.746019,0.002087,0.002676,0.000090,0.000555
4.37527,350.76,9.744868,0.005445,9.739423,0.002048,0.002653,0.000090,0.000554
4.37567,350.79,9.738134,0.005383,9.732751,0.002010,0.002630,0.000090,0.000554
4.37607,350.82,9.731323,0.005323,9.726001,0.001973,0.002607,0.000090,0.000553
4.37647,350.85,9.724437,0.005264,9.719173,0.001937,0.002585,0.000090,0.000552
4.37687,350.89,9.717475,0.005206,9.712270,0.001902,0.002563,0.000090,0.000552
4.37727,350.92,9.710439,0.005149,9.705290,0.001868,0.002541,0.000090,0.000551
4.37767,350.95,9.703327,0.005094,9.698234,0.001834,0.002519,0.000089,0.000550
4.37807,350.98,9.696142,0.005039,9.691102,0.001802,0.002498,0.000089,0.000550
4.37847,351.01,9.688882,0.004986,9.683895,0.001770,0.002477,0.000089,0.000549
4.37887,351.05,9.681548,0.004934,9.676614,0.001740,0.002457,0.000089,0.000549
4.37927,351.08,9.674141,0.004883,9.669257,0.001710,0.002437,0.000089,0.000548
4.37967,351.11,9.666660,0.004833,9.661827,0.001681,0.002417,0.000089,0.000547
4.38007,351.14,9.659107,0.004784,9.654323,0.001652,0.002397,0.000089,0.000547
4.38047,351.17,9.651481,0.004736,9.646745,0.001624,0.002377,0.000089,0.000546
4.38087,351.21,9.643784,0.004689,9.639095,0.001597,0.002358,0.000089,0.000546
4.38127,351.24,9.636014,0.004643,9.631371,0.001571,0.002339,0.000088,0.000545
4.38167,351.27,9.628173,0.004598,9.623576,0.001545,0.002320,0.000088,0.000544
4.38207,351.30,9.620262,0.004553,9.615708,0.001520,0.002302,0.000088,0.000544
4.38247,351.33,9.612279,0.004510,9.607769,0.001495,0.002284,0.000088,0.000543
4.38287,351.37,9.604226,0.004467,9.599759,0.001471,0.002266,0.000088,0.000543
4.38327,351.40,9.596103,0.004425,9.591678,0.001448,0.002248,0.000088,0.000542
4.38367,351.43,9.587911,0.004384,9.583527,0.001425,0.002230,0.000088,0.000541
4.38407,351.46,9.579649,0.004343,9.575306,0.001403,0.002213,0.000088,0.000541
4.38447,351.49,9.571319,0.004304,9.567015,0.001381,0.002196,0.000087,0.000540
4.38487,351.53,9.562920,0.004265,9.558655,0.001360,0.002179,0.000087,0.000540
4.38527,351.56,9.554453,0.004226,9.550226,0.001339,0.002162,0.000087,0.000539
4.38567,351.59,9.545918,0.004189,9.541729,0.001318,0.002146,0.000087,0.000538
4.38607,351.62,9.537316,0.004152,9.533164,0.001299,0.002129,0.000087,0.000538
4.38647,351.65,9.528647,0.004116,9.524531,0.001279,0.002113,0.000087,0.000537
4.38687,351.69,9.519911,0.004080,9.515832,0.001260,0.002097,0.000087,0.000537
4.38727,351.72,9.511110,0.004045,9.507065,0.001241,0.002082,0.000087,0.000536
4.38767,351.75,9.502242,0.004010,9.498232,0.001223,0.002066,0.000087,0.000535
4.38807,351.78,9.493310,0.003976,9.489333,0.001205,0.002051,0.000086,0.000535
4.38847,351.82,9.484312,0.003943,9.480369,0.001188,0.002036,0.000086,0.000534
4.38887,351.85,9.475250,0.003910,9.471340,0.001171,0.002021,0.000086,0.000534
4.38927,351.88,9.466124,0.003878,9.462246,0.001154,0.002006,0.000086,0.000533
4.38967,351.91,9.456934,0.003846,9.453087,0.001138,0.001991,0.000086,0.000533
4.39007,351.94,9.447681,0.003815,9.443865,0.001122,0.001977,0.000086,0.000532
4.39047,351.98,9.438364,0.003785,9.434580,0.001106,0.001962,0.000086,0.000531
4.39087,352.01,9.428986,0.003754,9.425231,0.001091,0.001948,0.000086,0.000531
4.39127,352.04,9.419545,0.003725,9.415821,0.001076,0.001934,0.000085,0.000530
4.39167,352.07,9.410043,0.003695,9.406347,0.001061,0.001921,0.000085,0.000530
4.39207,352.10,9.400479,0.003667,9.396813,0.001047,0.001907,0.000085,0.000529
4.39247,352.14,9.390855,0.003638,9.387217,0.001033,0.001893,0.000085,0.000528
4.39287,352.17,9.381170,0.003610,9.377560,0.001019,0.001880,0.000085,0.000528
4.39327,352.20,9.371426,0.003583,9.367843,0.001005,0.001867,0.000085,0.000527
4.39367,352.23,9.361622,0.003556,9.358066,0.000992,0.001854,0.000085,0.000527
4.39407,352.26,9.351758,0.003529,9.348229,0.000979,0.001841,0.000085,0.000526
4.39447,352.30,9.341836,0.003503,9.338334,0.000966,0.001828,0.000085,0.000526
4.39487,352.33,9.331856,0.003477,9.328379,0.000953,0.001816,0.000084,0.000525
4.39527,352.36,9.321818,0.003451,9.318367,0.000941,0.001803,0.000084,0.000524
4.39567,352.39,9.311723,0.003426,9.308297,0.000929,0.001791,0.000084,0.000524
4.39607,352.42,9.301571,0.003402,9.298169,0.000917,0.001779,0.000084,0.000523
4.39647,352.46,9.291362,0.003377,9.287985,0.000905,0.001767,0.000084,0.000523
4.39687,352.49,9.281098,0.003353,9.277744,0.000894,0.001755,0.000084,0.000522
4.39727,352.52,9.270777,0.003329,9.267448,0.000883,0.001743,0.000084,0.000522
4.39767,352.55,9.260402,0.003306,9.257096,0.000872,0.001731,0.000084,0.000521
4.39807,352.58,9.249972,0.003283,9.246689,0.000861,0.001720,0.000084,0.000520
4.39847,352.62,9.239487,0.003260,9.236227,0.000850,0.001708,0.000083,0.000520
4.39887,352.65,9.228949,0.003238,9.225711,0.000840,0.001697,0.000083,0.000519
4.39927,352.68,9.218357,0.003216,9.215141,0.000830,0.001686,0.000083,0.000519
4.39967,352.71,9.207712,0.003194,9.204518,0.000820,0.001675,0.000083,0.000518
4.40007,352.75,9.197015,0.003172,9.193843,0.000810,0.001664,0.000083,0.000518
4.40047,352.78,9.186266,0.003151,9.183115,0.000800,0.001653,0.000083,0.000517
4.40087,352.81,9.175465,0.003130,9.172335,0.000791,0.001642,0.000083,0.000517
4.40127,352.84,9.164613,0.003110,9.161503,0.000782,0.001632,0.000083,0.000516
4.40167,352.87,9.153710,0.003089,9.150621,0.000772,0.001621,0.000083,0.000515
4.40207,352.91,9.142757,0.003069,9.139688,0.000763,0.001611,0.000083,0.000515
4.40247,352.94,9.131754,0.003049,9.128705,0.000754,0.001600,0.000082,0.000514
4.40287,352.97,9.120702,0.003030,9.117672,0.000746,0.001590,0.000082,0.000514
4.40327,353.00,9.109601,0.003011,9.106591,0.000737,0.001580,0.000082,0.000513
4.40367,353.03,9.098452,0.002991,9.095460,0.000729,0.001570,0.000082,0.000513
4.40407,353.07,9.087254,0.002973,9.084281,0.000721,0.001560,0.000082,0.000512
4.40447,353.10,9.076009,0.002954,9.073055,0.000712,0.001551,0.000082,0.000512
4.40487,353.13,9.064717,0.002936,9.061781,0.000704,0.001541,0.000082,0.000511
4.40527,353.16,9.053378,0.002918,9.050460,0.000697,0.001531,0.000082,0.000510
4.40567,353.19,9.041993,0.002900,9.039093,0.000689,0.001522,0.000082,0.000510
4.40607,353.23,9.030562,0.002882,9.027680,0.000681,0.001512,0.000081,0.000509
4.40647,353.26,9.019085,0.002864,9.016221,0.000674,0.001503,0.000081,0.000509
4.40687,353.29,9.007564,0.002847,9.004717,0.000666,0.001494,0.000081,0.000508
4.40727,353.32,8.995999,0.002830,8.993169,0.000659,0.001485,0.000081,0.000508
4.40767,353.35,8.984390,0.002813,8.981576,0.000652,0.001476,0.000081,0.000507
4.40807,353.39,8.972737,0.002797,8.969940,0.000645,0.001467,0.000081,0.000507
4.40847,353.42,8.961041,0.002780,8.958260,0.000638,0.001458,0.000081,0.000506
4.40887,353.45,8.949302,0.002764,8.946538,0.000631,0.001449,0.000081,0.000506
4.40927,353.48,8.937521,0.002748,8.934774,0.000625,0.001440,0.000081,0.000505
4.40967,353.51,8.925699,0.002732,8.922967,0.000618,0.001432,0.000080,0.000504
4.41007,353.55,8.913836,0.002716,8.911119,0.000612,0.001423,0.000080,0.000504
4.41047,353.58,8.901931,0.002701,8.899230,0.000605,0.001415,0.000080,0.000503
4.41087,353.61,8.889986,0.002686,8.887301,0.000599,0.001406,0.000080,0.000503
4.41127,353.64,8.878002,0.002670,8.875331,0.000593,0.001398,0.000080,0.000502
4.41167,353.68,8.865978,0.002656,8.863322,0.000587,0.001390,0.000080,0.000502
4.41207,353.71,8.853915,0.002641,8.851274,0.000581,0.001382,0.000080,0.000501
4.41247,353.74,8.841813,0.002626,8.839187,0.000575,0.001374,0.000080,0.000501
4.41287,353.77,8.829673,0.002612,8.827062,0.000569,0.001366,0.000080,0.000500
4.41327,353.80,8.817496,0.002597,8.814899,0.000563,0.001358,0.000080,0.000500
4.41367,353.84,8.805282,0.002583,8.802698,0.000558,0.001350,0.000079,0.000499
4.41407,353.87,8.793030,0.002569,8.790461,0.000552,0.001342,0.000079,0.000499
4.41447,353.90,8.780743,0.002555,8.778187,0.000547,0.001335,0.000079,0.000498
4.41487,353.93,8.768419,0.002542,8.765878,0.000541,0.001327,0.000079,0.000498
4.41527,353.96,8.756060,0.002528,8.753532,0.000536,0.001319,0.000079,0.000497
4.41567,354.00,8.743667,0.002515,8.741152,0.000531,0.001312,0.000079,0.000497
4.41607,354.03,8.731238,0.002502,8.728737,0.000526,0.001304,0.000079,0.000496
4.41647,354.06,8.718776,0.002488,8.716287,0.000521,0.001297,0.000079,0.000495
4.41687,354.09,8.706280,0.002475,8.703804,0.000516,0.001290,0.000079,0.000495
4.41727,354.12,8.693750,0.002463,8.691288,0.000511,0.001283,0.000079,0.000494
4.41767,354.16,8.681188,0.002450,8.678738,0.000506,0.001275,0.000078,0.000494
4.41807,354.19,8.668594,0.002437,8.666156,0.000501,0.001268,0.000078,0.000493
4.41847,354.22,8.655968,0.002425,8.653543,0.000496,0.001261,0.000078,0.000493
4.41887,354.25,8.643310,0.002413,8.640897,0.000492,0.001254,0.000078,0.000492
4.41927,354.28,8.630621,0.002401,8.628221,0.000487,0.001247,0.000078,0.000492
4.41967,354.32,8.617902,0.002388,8.615513,0.000482,0.001240,0.000078,0.000491
4.42007,354.35,8.605152,0.002377,8.602776,0.000478,0.001234,0.000078,0.000491
4.42047,354.38,8.592373,0.002365,8.590008,0.000474,0.001227,0.000078,0.000490
4.42087,354.41,8.579564,0.002353,8.577211,0.000469,0.001220,0.000078,0.000490
4.42127,354.44,8.566727,0.002342,8.564386,0.000465,0.001214,0.000078,0.000489
4.42167,354.48,8.553861,0.002330,8.551531,0.000461,0.001207,0.000077,0.000489
4.42207,354.51,8.540967,0.002319,8.538649,0.000456,0.001201,0.000077,0.000488
4.42247,354.54,8.528046,0.002308,8.525739,0.000452,0.001194,0.000077,0.000488
4.42287,354.57,8.515098,0.002296,8.512801,0.000448,0.001188,0.000077,0.000487
4.42327,354.61,8.502122,0.002285,8.499837,0.000444,0.001181,0.000077,0.000487
4.42367,354.64,8.489121,0.002275,8.486846,0.000440,0.001175,0.000077,0.000486
4.42407,354.67,8.476093,0.002264,8.473830,0.000436,0.001169,0.000077,0.000486
4.42447,354.70,8.463040,0.002253,8.460787,0.000433,0.001163,0.000077,0.000485
4.42487,354.73,8.449962,0.002243,8.447720,0.000429,0.001157,0.000077,0.000485
4.42527,354.77,8.436860,0.002232,8.434628,0.000425,0.001150,0.000077,0.000484
4.42567,354.80,8.423733,0.002222,8.421511,0.000421,0.001144,0.000077,0.000484
4.42607,354.83,8.410583,0.002211,8.408371,0.000418,0.001138,0.000076,0.000483
4.42647,354.86,8.397409,0.002201,8.395207,0.000414,0.001132,0.000076,0.000483
4.42687,354.89,8.384212,0.002191,8.382020,0.000411,0.001127,0.000076,0.000482
4.42727,354.93,8.370992,0.002181,8.368811,0.000407,0.001121,0.000076,0.000482
4.42767,354.96,8.357750,0.002171,8.355579,0.000404,0.001115,0.000076,0.000481
4.42807,354.99,8.344487,0.002161,8.342326,0.000400,0.001109,0.000076,0.000481
4.42847,355.02,8.331202,0.002152,8.329051,0.000397,0.001104,0.000076,0.000480
4.42887,355.05,8.317897,0.002142,8.315754,0.000393,0.001098,0.000076,0.000480
4.42927,355.09,8.304570,0.002133,8.302438,0.000390,0.001092,0.000076,0.000479
4.42967,355.12,8.291224,0.002123,8.289101,0.000387,0.001087,0.000076,0.000479
4.43007,355.15,8.277858,0.002114,8.275744,0.000384,0.001081,0.000075,0.000478
4.43047,355.18,8.264473,0.002105,8.262368,0.000380,0.001076,0.000075,0.000478
4.43087,355.21,8.251068,0.002095,8.248973,0.000377,0.001070,0.000075,0.000477
4.43127,355.25,8.237645,0.002086,8.235559,0.000374,0.001065,0.000075,0.000477
4.43167,355.28,8.224204,0.002077,8.222127,0.000371,0.001060,0.000075,0.000476
4.43207,355.31,8.210745,0.002068,8.208677,0.000368,0.001054,0.000075,0.000476
4.43247,355.34,8.197269,0.002059,8.195210,0.000365,0.001049,0.000075,0.000475
4.43287,355.37,8.183776,0.002051,8.181725,0.000362,0.001044,0.000075,0.000475
4.43327,355.41,8.170266,0.002042,8.168224,0.000359,0.001039,0.000075,0.000474
4.43367,355.44,8.156740,0.002033,8.154706,0.000356,0.001033,0.000075,0.000474
4.43407,355.47,8.143198,0.002025,8.141173,0.000354,0.001028,0.000075,0.000473
4.43447,355.50,8.129640,0.002016,8.127624,0.000351,0.001023,0.000074,0.000473
4.43487,355.53,8.116068,0.002008,8.114060,0.000348,0.001018,0.000074,0.000472
4.43527,355.57,8.102481,0.001999,8.100481,0.000345,0.001013,0.000074,0.000472
4.43567,355.60,8.088879,0.001991,8.086888,0.000342,0.001008,0.000074,0.000471
4.43607,355.63,8.075264,0.001983,8.073281,0.000340,0.001003,0.000074,0.000471
4.43647,355.66,8.061635,0.001975,8.059660,0.000337,0.000999,0.000074,0.000470
4.43687,355.70,8.047992,0.001967,8.046026,0.000335,0.000994,0.000074,0.000470
4.43727,355.73,8.034337,0.001959,8.032378,0.000332,0.000989,0.000074,0.000469
4.43767,355.76,8.020670,0.001951,8.018719,0.000329,0.000984,0.000074,0.000469
4.43807,355.79,8.006990,0.001943,8.005047,0.000327,0.000979,0.000074,0.000468
4.43847,355.82,7.993298,0.001935,7.991363,0.000324,0.000975,0.000074,0.000468
4.43887,355.86,7.979595,0.001928,7.977668,0.000322,0.000970,0.000073,0.000467
4.43927,355.89,7.965881,0.001920,7.963962,0.000319,0.000966,0.000073,0.000467
4.43967,355.92,7.952157,0.001912,7.950244,0.000317,0.000961,0.000073,0.000466
4.44007,355.95,7.938422,0.001905,7.936517,0.000315,0.000956,0.000073,0.000466
4.44047,355.98,7.924677,0.001897,7.922779,0.000312,0.000952,0.000073,0.000465
4.44087,356.02,7.910922,0.001890,7.909032,0.000310,0.000947,0.000073,0.000465
4.44127,356.05,7.897158,0.001882,7.895275,0.000308,0.000943,0.000073,0.000465
4.44167,356.08,7.883385,0.001875,7.881510,0.000305,0.000939,0.000073,0.000464
4.44207,356.11,7.869604,0.001868,7.867736,0.000303,0.000934,0.000073,0.000464
4.44247,356.14,7.855814,0.001861,7.853953,0.000301,0.000930,0.000073,0.000463
4.44287,356.18,7.842016,0.001854,7.840162,0.000299,0.000925,0.000073,0.000463
4.44327,356.21,7.828211,0.001847,7.826364,0.000296,0.000921,0.000072,0.000462
4.44367,356.24,7.814398,0.001840,7.812559,0.000294,0.000917,0.000072,0.000462
4.44407,356.27,7.800579,0.001833,7.798746,0.000292,0.000913,0.000072,0.000461
4.44447,356.30,7.786753,0.001826,7.784927,0.000290,0.000908,0.000072,0.000461
4.44487,356.34,7.772920,0.001819,7.771101,0.000288,0.000904,0.000072,0.000460
4.44527,356.37,7.759082,0.001812,7.757270,0.000286,0.000900,0.000072,0.000460
4.44567,356.40,7.745238,0.001805,7.743433,0.000284,0.000896,0.000072,0.000459
4.44607,356.43,7.731389,0.001799,7.729590,0.000282,0.000892,0.000072,0.000459
4.44647,356.46,7.717535,0.001792,7.715743,0.000280,0.000888,0.000072,0.000458
4.44687,356.50,7.703676,0.001785,7.701891,0.000278,0.000884,0.000072,0.000458
4.44727,356.53,7.689813,0.001779,7.688034,0.000276,0.000880,0.000072,0.000457
4.44767,356.56,7.675946,0.001772,7.674173,0.000274,0.000876,0.000071,0.000457
4.44807,356.59,7.662075,0.001766,7.660309,0.000272,0.000872,0.000071,0.000457
4.44847,356.63,7.648201,0.001760,7.646441,0.000270,0.000868,0.000071,0.000456
4.44887,356.66,7.634324,0.001753,7.632570,0.000268,0.000864,0.000071,0.000456
4.44927,356.69,7.620443,0.001747,7.618697,0.000266,0.000860,0.000071,0.000455
4.44967,356.72,7.606561,0.001741,7.604820,0.000264,0.000857,0.000071,0.000455
4.45007,356.75,7.592676,0.001734,7.590942,0.000263,0.000853,0.000071,0.000454
4.45047,356.79,7.578790,0.001728,7.577061,0.000261,0.000849,0.000071,0.000454
4.45087,356.82,7.564902,0.001722,7.563179,0.000259,0.000845,0.000071,0.000453
4.45127,356.85,7.551012,0.001716,7.549296,0.000257,0.000842,0.000071,0.000453
4.45167,356.88,7.537122,0.001710,7.535412,0.000256,0.000838,0.000071,0.000452
4.45207,356.91,7.523231,0.001704,7.521526,0.000254,0.000834,0.000071,0.000452
4.45247,356.95,7.509339,0.001698,7.507641,0.000252,0.000830,0.000070,0.000451
4.45287,356.98,7.495447,0.001692,7.493755,0.000250,0.000827,0.000070,0.000451
4.45327,357.01,7.481556,0.001686,7.479870,0.000249,0.000823,0.000070,0.000451
4.45367,357.04,7.467665,0.001681,7.465984,0.000247,0.000820,0.000070,0.000450
4.45407,357.07,7.453775,0.001675,7.452100,0.000245,0.000816,0.000070,0.000450
4.45447,357.11,7.439886,0.001669,7.438216,0.000244,0.000813,0.000070,0.000449
4.45487,357.14,7.425998,0.001663,7.424334,0.000242,0.000809,0.000070,0.000449
4.45527,357.17,7.412111,0.001658,7.410453,0.000241,0.000806,0.000070,0.000448
4.45567,357.20,7.398227,0.001652,7.396574,0.000239,0.000802,0.000070,0.000448
4.45607,357.23,7.384344,0.001647,7.382698,0.000237,0.000799,0.000070,0.000447
4.45647,357.27,7.370464,0.001641,7.368823,0.000236,0.000795,0.000070,0.000447
4.45687,357.30,7.356587,0.001636,7.354951,0.000234,0.000792,0.000070,0.000447
4.45727,357.33,7.342712,0.001630,7.341082,0.000233,0.000789,0.000069,0.000446
4.45767,357.36,7.328841,0.001625,7.327216,0.000231,0.000785,0.000069,0.000446
4.45807,357.39,7.314973,0.001619,7.313354,0.000230,0.000782,0.000069,0.000445
4.45847,357.43,7.301109,0.001614,7.299495,0.000228,0.000779,0.000069,0.000445
4.45887,357.46,7.287248,0.001609,7.285640,0.000227,0.000775,0.000069,0.000444
4.45927,357.49,7.273392,0.001604,7.271789,0.000225,0.000772,0.000069,0.000444
4.45967,357.52,7.259541,0.001598,7.257942,0.000224,0.000769,0.000069,0.000443
4.46007,357.56,7.245694,0.001593,7.244101,0.000223,0.000766,0.000069,0.000443
4.46047,357.59,7.231852,0.001588,7.230264,0.000221,0.000762,0.000069,0.000442
4.46087,357.62,7.218015,0.001583,7.216432,0.000220,0.000759,0.000069,0.000442
4.46127,357.65,7.204184,0.001578,7.202606,0.000218,0.000756,0.000069,0.000442
4.46167,357.68,7.190358,0.001573,7.188785,0.000217,0.000753,0.000069,0.000441
4.46207,357.72,7.176538,0.001568,7.174970,0.000216,0.000750,0.000068,0.000441
4.46247,357.75,7.162724,0.001563,7.161162,0.000214,0.000747,0.000068,0.000440
4.46287,357.78,7.148917,0.001558,7.147359,0.000213,0.000744,0.000068,0.000440
4.46327,357.81,7.135117,0.001553,7.133564,0.000212,0.000741,0.000068,0.000439
4.46367,357.84,7.121323,0.001548,7.119775,0.000210,0.000738,0.000068,0.000439
4.46407,357.88,7.107536,0.001543,7.105993,0.000209,0.000735,0.000068,0.000439
4.46447,357.91,7.093757,0.001538,7.092218,0.000208,0.000732,0.000068,0.000438
4.46487,357.94,7.079985,0.001533,7.078451,0.000206,0.000729,0.000068,0.000438
4.46527,357.97,7.066221,0.001529,7.064692,0.000205,0.000726,0.000068,0.000437
4.46567,358.00,7.052465,0.001524,7.050941,0.000204,0.000723,0.000068,0.000437
4.46607,358.04,7.038717,0.001519,7.037197,0.000203,0.000720,0.000068,0.000436
4.46647,358.07,7.024977,0.001515,7.023463,0.000202,0.000717,0.000068,0.000436
4.46687,358.10,7.011246,0.001510,7.009736,0.000200,0.000714,0.000068,0.000436
4.46727,358.13,6.997524,0.001505,6.996019,0.000199,0.000711,0.000067,0.000435
4.46767,358.16,6.983811,0.001501,6.982310,0.000198,0.000708,0.000067,0.000435
4.46807,358.20,6.970107,0.001496,6.968611,0.000197,0.000706,0.000067,0.000434
4.46847,358.23,6.956413,0.001492,6.954921,0.000196,0.000703,0.000067,0.000434
4.46887,358.26,6.942728,0.001487,6.941241,0.000194,0.000700,0.000067,0.000433
4.46927,358.29,6.929054,0.001483,6.927571,0.000193,0.000697,0.000067,0.000433
4.46967,358.32,6.915389,0.001478,6.913911,0.000192,0.000694,0.000067,0.000433
4.47007,358.36,6.901734,0.001474,6.900261,0.000191,0.000692,0.000067,0.000432
4.47047,358.39,6.888091,0.001469,6.886621,0.000190,0.000689,0.000067,0.000432
4.47087,358.42,6.874457,0.001465,6.872992,0.000189,0.000686,0.000067,0.000431
4.47127,358.45,6.860835,0.001461,6.859374,0.000188,0.000684,0.000067,0.000431
4.47167,358.49,6.847223,0.001456,6.845767,0.000187,0.000681,0.000067,0.000430
4.47207,358.52,6.833623,0.001452,6.832171,0.000185,0.000678,0.000066,0.000430
4.47247,358.55,6.820035,0.001448,6.818587,0.000184,0.000676,0.000066,0.000430
4.47287,358.58,6.806457,0.001444,6.805014,0.000183,0.000673,0.000066,0.000429
4.47327,358.61,6.792892,0.001440,6.791453,0.000182,0.000670,0.000066,0.000429
4.47367,358.65,6.779339,0.001435,6.777903,0.000181,0.000668,0.000066,0.000428
4.47407,358.68,6.765798,0.001431,6.764366,0.000180,0.000665,0.000066,0.000428
4.47447,358.71,6.752269,0.001427,6.750842,0.000179,0.000663,0.000066,0.000427
4.47487,358.74,6.738752,0.001423,6.737329,0.000178,0.000660,0.000066,0.000427
4.47527,358.77,6.725249,0.001419,6.723830,0.000177,0.000657,0.000066,0.000427
4.47567,358.81,6.711758,0.001415,6.710343,0.000176,0.000655,0.000066,0.000426
4.47607,358.84,6.698280,0.001411,6.696869,0.000175,0.000652,0.000066,0.000426
4.47647,358.87,6.684816,0.001407,6.683409,0.000174,0.000650,0.000066,0.000425
4.47687,358.90,6.671364,0.001403,6.669961,0.000173,0.000647,0.000066,0.000425
4.47727,358.93,6.657927,0.001399,6.656528,0.000172,0.000645,0.000065,0.000424
4.47767,358.97,6.644503,0.001395,6.643108,0.000171,0.000643,0.000065,0.000424
4.47807,359.00,6.631092,0.001391,6.629701,0.000170,0.000640,0.000065,0.000424
4.47847,359.03,6.617696,0.001387,6.616309,0.000169,0.000638,0.000065,0.000423
4.47887,359.06,6.604314,0.001383,6.602931,0.000168,0.000635,0.000065,0.000423
4.47927,359.09,6.590947,0.001380,6.589567,0.000167,0.000633,0.000065,0.000422
4.47967,359.13,6.577593,0.001376,6.576218,0.000167,0.000631,0.000065,0.000422
4.48007,359.16,6.564255,0.001372,6.562883,0.000166,0.000628,0.000065,0.000422
4.48047,359.19,6.550931,0.001368,6.549563,0.000165,0.000626,0.000065,0.000421
4.48087,359.22,6.537622,0.001364,6.536258,0.000164,0.000623,0.000065,0.000421
4.48127,359.25,6.524328,0.001361,6.522968,0.000163,0.000621,0.000065,0.000420
4.48167,359.29,6.511050,0.001357,6.509693,0.000162,0.000619,0.000065,0.000420
4.48207,359.32,6.497787,0.001353,6.496433,0.000161,0.000617,0.000065,0.000420
4.48247,359.35,6.484539,0.001350,6.483189,0.000160,0.000614,0.000065,0.000419
4.48287,359.38,6.471307,0.001346,6.469961,0.000159,0.000612,0.000064,0.000419
4.48327,359.42,6.458091,0.001342,6.456748,0.000159,0.000610,0.000064,0.000418
4.48367,359.45,6.444890,0.001339,6.443551,0.000158,0.000607,0.000064,0.000418
4.48407,359.48,6.431706,0.001335,6.430371,0.000157,0.000605,0.000064,0.000418
4.48447,359.51,6.418538,0.001332,6.417206,0.000156,0.000603,0.000064,0.000417
4.48487,359.54,6.405386,0.001328,6.404058,0.000155,0.000601,0.000064,0.000417
4.48527,359.58,6.392251,0.001325,6.390926,0.000154,0.000599,0.000064,0.000416
4.48567,359.61,6.379132,0.001321,6.377811,0.000154,0.000596,0.000064,0.000416
4.48607,359.64,6.366030,0.001318,6.364713,0.000153,0.000594,0.000064,0.000415
4.48647,359.67,6.352945,0.001314,6.351631,0.000152,0.000592,0.000064,0.000415
4.48687,359.70,6.339877,0.001311,6.338566,0.000151,0.000590,0.000064,0.000415
4.48727,359.74,6.326825,0.001307,6.325518,0.000150,0.000588,0.000064,0.000414
4.48767,359.77,6.313792,0.001304,6.312488,0.000150,0.000586,0.000064,0.000414
4.48807,359.80,6.300775,0.001300,6.299475,0.000149,0.000584,0.000063,0.000413
4.48847,359.83,6.287776,0.001297,6.286479,0.000148,0.000582,0.000063,0.000413
4.48887,359.86,6.274794,0.001294,6.273500,0.000147,0.000579,0.000063,0.000413
4.48927,359.90,6.261830,0.001290,6.260540,0.000147,0.000577,0.000063,0.000412
4.48967,359.93,6.248884,0.001287,6.247597,0.000146,0.000575,0.000063,0.000412
4.49007,359.96,6.235956,0.001284,6.234672,0.000145,0.000573,0.000063,0.000412
4.49047,359.99,6.223045,0.001280,6.221765,0.000144,0.000571,0.000063,0.000411
4.49087,360.02,6.210153,0.001277,6.208876,0.000144,0.000569,0.000063,0.000411
4.49127,360.06,6.197279,0.001274,6.196005,0.000143,0.000567,0.000063,0.000410
4.49167,360.09,6.184424,0.001271,6.183153,0.000142,0.000565,0.000063,0.000410
4.49207,360.12,6.171586,0.001267,6.170319,0.000141,0.000563,0.000063,0.000410
4.49247,360.15,6.158768,0.001264,6.157503,0.000141,0.000561,0.000063,0.000409
4.49287,360.18,6.145968,0.001261,6.144706,0.000140,0.000559,0.000063,0.000409
4.49327,360.22,6.133186,0.001258,6.131928,0.000139,0.000557,0.000063,0.000408
4.49367,360.25,6.120424,0.001255,6.119169,0.000139,0.000555,0.000062,0.000408
4.49407,360.28,6.107680,0.001252,6.106428,0.000138,0.000553,0.000062,0.000408
4.49447,360.31,6.094955,0.001249,6.093707,0.000137,0.000551,0.000062,0.000407
4.49487,360.35,6.082250,0.001245,6.081005,0.000137,0.000550,0.000062,0.000407
4.49527,360.38,6.069564,0.001242,6.068321,0.000136,0.000548,0.000062,0.000406
4.49567,360.41,6.056897,0.001239,6.055657,0.000135,0.000546,0.000062,0.000406
4.49607,360.44,6.044249,0.001236,6.043013,0.000134,0.000544,0.000062,0.000406
4.49647,360.47,6.031621,0.001233,6.030388,0.000134,0.000542,0.000062,0.000405
4.49687,360.51,6.019012,0.001230,6.017782,0.000133,0.000540,0.000062,0.000405
4.49727,360.54,6.006424,0.001227,6.005196,0.000133,0.000538,0.000062,0.000404
4.49767,360.57,5.993854,0.001224,5.992630,0.000132,0.000536,0.000062,0.000404
4.49807,360.60,5.981305,0.001221,5.980084,0.000131,0.000534,0.000062,0.000404
4.49847,360.63,5.968775,0.001218,5.967557,0.000131,0.000533,0.000062,0.000403
4.49887,360.67,5.956266,0.001215,5.955051,0.000130,0.000531,0.000062,0.000403
4.49927,360.70,5.943776,0.001212,5.942564,0.000129,0.000529,0.000062,0.000403
4.49967,360.73,5.931307,0.001210,5.930097,0.000129,0.000527,0.000061,0.000402
4.50008,360.76,5.918858,0.001207,5.917651,0.000128,0.000525,0.000061,0.000402
4.50048,360.79,5.906429,0.001204,5.905225,0.000127,0.000524,0.000061,0.000401
4.50088,360.83,5.894020,0.001201,5.892820,0.000127,0.000522,0.000061,0.000401
4.50128,360.86,5.881632,0.001198,5.880434,0.000126,0.000520,0.000061,0.000401
4.50168,360.89,5.869265,0.001195,5.868069,0.000126,0.000518,0.000061,0.000400
4.50208,360.92,5.856918,0.001192,5.855725,0.000125,0.000517,0.000061,0.000400
4.50248,360.95,5.844591,0.001190,5.843402,0.000124,0.000515,0.000061,0.000399
4.50288,360.99,5.832285,0.001187,5.831099,0.000124,0.000513,0.000061,0.000399
4.50328,361.02,5.820000,0.001184,5.818816,0.000123,0.000511,0.000061,0.000399
4.50368,361.05,5.807736,0.001181,5.806555,0.000123,0.000510,0.000061,0.000398
4.50408,361.08,5.795493,0.001178,5.794315,0.000122,0.000508,0.000061,0.000398
4.50448,361.11,5.783271,0.001176,5.782095,0.000122,0.000506,0.000061,0.000398
4.50488,361.15,5.771069,0.001173,5.769896,0.000121,0.000505,0.000061,0.000397
4.50528,361.18,5.758889,0.001170,5.757719,0.000120,0.000503,0.000060,0.000397
4.50568,361.21,5.746730,0.001168,5.745562,0.000120,0.000501,0.000060,0.000396
4.50608,361.24,5.734592,0.001165,5.733427,0.000119,0.000500,0.000060,0.000396
4.50648,361.28,5.722475,0.001162,5.721313,0.000119,0.000498,0.000060,0.000396
4.50688,361.31,5.710380,0.001160,5.709221,0.000118,0.000496,0.000060,0.000395
4.50728,361.34,5.698306,0.001157,5.697149,0.000118,0.000495,0.000060,0.000395
4.50768,361.37,5.686253,0.001154,5.685099,0.000117,0.000493,0.000060,0.000395
4.50808,361.40,5.674222,0.001152,5.673071,0.000117,0.000491,0.000060,0.000394
4.50848,361.44,5.662213,0.001149,5.661064,0.000116,0.000490,0.000060,0.000394
4.50888,361.47,5.650225,0.001146,5.649078,0.000115,0.000488,0.000060,0.000393
4.50928,361.50,5.638258,0.001144,5.637114,0.000115,0.000487,0.000060,0.000393
4.50968,361.53,5.626313,0.001141,5.625172,0.000114,0.000485,0.000060,0.000393
4.51008,361.56,5.614390,0.001139,5.613252,0.000114,0.000483,0.000060,0.000392
4.51048,361.60,5.602489,0.001136,5.601353,0.000113,0.000482,0.000060,0.000392
4.51088,361.63,5.590609,0.001134,5.589476,0.000113,0.000480,0.000060,0.000392
4.51128,361.66,5.578752,0.001131,5.577620,0.000112,0.000479,0.000059,0.000391
4.51168,361.69,5.566916,0.001129,5.565787,0.000112,0.000477,0.000059,0.000391
4.51208,361.72,5.555102,0.001126,5.553976,0.000111,0.000476,0.000059,0.000391
4.51248,361.76,5.543310,0.001124,5.542186,0.000111,0.000474,0.000059,0.000390
4.51288,361.79,5.531540,0.001121,5.530419,0.000110,0.000473,0.000059,0.000390
4.51328,361.82,5.519792,0.001119,5.518673,0.000110,0.000471,0.000059,0.000389
4.51368,361.85,5.508066,0.001116,5.506950,0.000109,0.000470,0.000059,0.000389
4.51408,361.88,5.496362,0.001114,5.495249,0.000109,0.000468,0.000059,0.000389
4.51448,361.92,5.484681,0.001111,5.483569,0.000108,0.000467,0.000059,0.000388
4.51488,361.95,5.473021,0.001109,5.471912,0.000108,0.000465,0.000059,0.000388
4.51528,361.98,5.461384,0.001106,5.460278,0.000107,0.000464,0.000059,0.000388
4.51568,362.01,5.449769,0.001104,5.448665,0.000107,0.000462,0.000059,0.000387
4.51608,362.04,5.438176,0.001102,5.437075,0.000106,0.000461,0.000059,0.000387
4.51648,362.08,5.426606,0.001099,5.425507,0.000106,0.000459,0.000059,0.000387
4.51688,362.11,5.415058,0.001097,5.413961,0.000106,0.000458,0.000059,0.000386
4.51728,362.14,5.403532,0.001095,5.402438,0.000105,0.000456,0.000059,0.000386
4.51768,362.17,5.392029,0.001092,5.390937,0.000105,0.000455,0.000058,0.000385
4.51808,362.21,5.380548,0.001090,5.379458,0.000104,0.000454,0.000058,0.000385
4.51848,362.24,5.369090,0.001088,5.368002,0.000104,0.000452,0.000058,0.000385
4.51888,362.27,5.357654,0.001085,5.356569,0.000103,0.000451,0.000058,0.000384
4.51928,362.30,5.346240,0.001083,5.345158,0.000103,0.000449,0.000058,0.000384
4.51968,362.33,5.334850,0.001081,5.333769,0.000102,0.000448,0.000058,0.000384
4.52008,362.37,5.323481,0.001078,5.322403,0.000102,0.000446,0.000058,0.000383
4.52048,362.40,5.312135,0.001076,5.311059,0.000102,0.000445,0.000058,0.000383
4.52088,362.43,5.300812,0.001074,5.299738,0.000101,0.000444,0.000058,0.000383
4.52128,362.46,5.289511,0.001072,5.288440,0.000101,0.000442,0.000058,0.000382
4.52168,362.49,5.278233,0.001069,5.277164,0.000100,0.000441,0.000058,0.000382
4.52208,362.53,5.266978,0.001067,5.265911,0.000100,0.000440,0.000058,0.000382
4.52248,362.56,5.255745,0.001065,5.254681,0.000099,0.000438,0.000058,0.000381
4.52288,362.59,5.244535,0.001063,5.243473,0.000099,0.000437,0.000058,0.000381
4.52328,362.62,5.233348,0.001060,5.232288,0.000099,0.000436,0.000058,0.000380
4.52368,362.65,5.222184,0.001058,5.221125,0.000098,0.000434,0.000057,0.000380
4.52408,362.69,5.211042,0.001056,5.209986,0.000098,0.000433,0.000057,0.000380
4.52448,362.72,5.199922,0.001054,5.198869,0.000097,0.000432,0.000057,0.000379
4.52488,362.75,5.188826,0.001052,5.187774,0.000097,0.000430,0.000057,0.000379
4.52528,362.78,5.177752,0.001049,5.176703,0.000096,0.000429,0.000057,0.000379
4.52568,362.81,5.166702,0.001047,5.165654,0.000096,0.000428,0.000057,0.000378
4.52608,362.85,5.155674,0.001045,5.154628,0.000096,0.000426,0.000057,0.000378
4.52648,362.88,5.144668,0.001043,5.143625,0.000095,0.000425,0.000057,0.000378
4.52688,362.91,5.133686,0.001041,5.132645,0.000095,0.000424,0.000057,0.000377
4.52728,362.94,5.122726,0.001039,5.121687,0.000094,0.000422,0.000057,0.000377
4.52768,362.97,5.111789,0.001037,5.110752,0.000094,0.000421,0.000057,0.000377
4.52808,363.01,5.100875,0.001035,5.099841,0.000094,0.000420,0.000057,0.000376
4.52848,363.04,5.089984,0.001033,5.088951,0.000093,0.000419,0.000057,0.000376
4.52888,363.07,5.079116,0.001030,5.078085,0.000093,0.000417,0.000057,0.000376
4.52928,363.10,5.068270,0.001028,5.067242,0.000093,0.000416,0.000057,0.000375
4.52968,363.14,5.057448,0.001026,5.056421,0.000092,0.000415,0.000057,0.000375
4.53008,363.17,5.046648,0.001024,5.045623,0.000092,0.000414,0.000057,0.000375
4.53048,363.20,5.035871,0.001022,5.034849,0.000091,0.000412,0.000056,0.000374
4.53088,363.23,5.025117,0.001020,5.024096,0.000091,0.000411,0.000056,0.000374
4.53128,363.26,5.014385,0.001018,5.013367,0.000091,0.000410,0.000056,0.000374
4.53168,363.30,5.003677,0.001016,5.002661,0.000090,0.000409,0.000056,0.000373
4.53208,363.33,4.992992,0.001014,4.991977,0.000090,0.000408,0.000056,0.000373
4.53248,363.36,4.982329,0.001012,4.981317,0.000090,0.000406,0.000056,0.000372
4.53288,363.39,4.971689,0.001010,4.970679,0.000089,0.000405,0.000056,0.000372
4.53328,363.42,4.961072,0.001008,4.960064,0.000089,0.000404,0.000056,0.000372
4.53368,363.46,4.950478,0.001006,4.949472,0.000088,0.000403,0.000056,0.000371
4.53408,363.49,4.939907,0.001004,4.938903,0.000088,0.000402,0.000056,0.000371
4.53448,363.52,4.929358,0.001002,4.928356,0.000088,0.000400,0.000056,0.000371
4.53488,363.55,4.918833,0.001000,4.917833,0.000087,0.000399,0.000056,0.000370
4.53528,363.58,4.908330,0.000998,4.907332,0.000087,0.000398,0.000056,0.000370
4.53568,363.62,4.897850,0.000996,4.896854,0.000087,0.000397,0.000056,0.000370
4.53608,363.65,4.887393,0.000995,4.886399,0.000086,0.000396,0.000056,0.000369
4.53648,363.68,4.876959,0.000993,4.875967,0.000086,0.000395,0.000056,0.000369
4.53688,363.71,4.866548,0.000991,4.865557,0.000086,0.000393,0.000055,0.000369
4.53728,363.74,4.856159,0.000989,4.855170,0.000085,0.000392,0.000055,0.000368
4.53768,363.78,4.845793,0.000987,4.844807,0.000085,0.000391,0.000055,0.000368
4.53808,363.81,4.835450,0.000985,4.834465,0.000085,0.000390,0.000055,0.000368
4.53848,363.84,4.825130,0.000983,4.824147,0.000084,0.000389,0.000055,0.000367
4.53888,363.87,4.814833,0.000981,4.813852,0.000084,0.000388,0.000055,0.000367
4.53928,363.90,4.804558,0.000979,4.803579,0.000084,0.000387,0.000055,0.000367
4.53968,363.94,4.794306,0.000977,4.793329,0.000083,0.000385,0.000055,0.000366
4.54008,363.97,4.784077,0.000976,4.783102,0.000083,0.000384,0.000055,0.000366
4.54048,364.00,4.773871,0.000974,4.772897,0.000083,0.000383,0.000055,0.000366
4.54088,364.03,4.763687,0.000972,4.762715,0.000082,0.000382,0.000055,0.000365
4.54128,364.06,4.753526,0.000970,4.752556,0.000082,0.000381,0.000055,0.000365
4.54168,364.10,4.743388,0.000968,4.742420,0.000082,0.000380,0.000055,0.000365
4.54208,364.13,4.733272,0.000966,4.732306,0.000081,0.000379,0.000055,0.000364
4.54248,364.16,4.723179,0.000965,4.722215,0.000081,0.000378,0.000055,0.000364
4.54288,364.19,4.713109,0.000963,4.712146,0.000081,0.000377,0.000055,0.000364
4.54328,364.23,4.703061,0.000961,4.702100,0.000081,0.000376,0.000055,0.000363
4.54368,364.26,4.693036,0.000959,4.692077,0.000080,0.000375,0.000055,0.000363
4.54408,364.29,4.683034,0.000957,4.682077,0.000080,0.000374,0.000054,0.000363
4.54448,364.32,4.673054,0.000956,4.672098,0.000080,0.000372,0.000054,0.000362
4.54488,364.35,4.663097,0.000954,4.662143,0.000079,0.000371,0.000054,0.000362
4.54528,364.39,4.653162,0.000952,4.652210,0.000079,0.000370,0.000054,0.000362
4.54568,364.42,4.643250,0.000950,4.642300,0.000079,0.000369,0.000054,0.000361
4.54608,364.45,4.633361,0.000949,4.632412,0.000078,0.000368,0.000054,0.000361
4.54648,364.48,4.623493,0.000947,4.622547,0.000078,0.000367,0.000054,0.000361
4.54688,364.51,4.613649,0.000945,4.612704,0.000078,0.000366,0.000054,0.000360
4.54728,364.55,4.603827,0.000943,4.602883,0.000078,0.000365,0.000054,0.000360
4.54768,364.58,4.594027,0.000942,4.593085,0.000077,0.000364,0.000054,0.000360
4.54808,364.61,4.584250,0.000940,4.583310,0.000077,0.000363,0.000054,0.000360
4.54848,364.64,4.574495,0.000938,4.573557,0.000077,0.000362,0.000054,0.000359
4.54888,364.67,4.564762,0.000937,4.563826,0.000076,0.000361,0.000054,0.000359
4.54928,364.71,4.555052,0.000935,4.554117,0.000076,0.000360,0.000054,0.000359
4.54968,364.74,4.545365,0.000933,4.544431,0.000076,0.000359,0.000054,0.000358
4.55008,364.77,4.535699,0.000932,4.534768,0.000076,0.000358,0.000054,0.000358
4.55048,364.80,4.526056,0.000930,4.525126,0.000075,0.000357,0.000054,0.000358
4.55088,364.83,4.516435,0.000928,4.515507,0.000075,0.000356,0.000053,0.000357
4.55128,364.87,4.506837,0.000927,4.505910,0.000075,0.000355,0.000053,0.000357
4.55168,364.90,4.497260,0.000925,4.496335,0.000074,0.000354,0.000053,0.000357
4.55208,364.93,4.487706,0.000923,4.486783,0.000074,0.000353,0.000053,0.000356
4.55248,364.96,4.478174,0.000922,4.477253,0.000074,0.000352,0.000053,0.000356
4.55288,364.99,4.468664,0.000920,4.467744,0.000074,0.000351,0.000053,0.000356
4.55328,365.03,4.459177,0.000918,4.458258,0.000073,0.000350,0.000053,0.000355
4.55368,365.06,4.449711,0.000917,4.448794,0.000073,0.000349,0.000053,0.000355
4.55408,365.09,4.440268,0.000915,4.439353,0.000073,0.000348,0.000053,0.000355
4.55448,365.12,4.430846,0.000913,4.429933,0.000073,0.000347,0.000053,0.000354
4.55488,365.16,4.421447,0.000912,4.420535,0.000072,0.000346,0.000053,0.000354
4.55528,365.19,4.412070,0.000910,4.411159,0.000072,0.000346,0.000053,0.000354
4.55568,365.22,4.402714,0.000909,4.401806,0.000072,0.000345,0.000053,0.000353
4.55608,365.25,4.393381,0.000907,4.392474,0.000072,0.000344,0.000053,0.000353
4.55648,365.28,4.384069,0.000905,4.383164,0.000071,0.000343,0.000053,0.000353
4.55688,365.32,4.374780,0.000904,4.373876,0.000071,0.000342,0.000053,0.000352
4.55728,365.35,4.365512,0.000902,4.364610,0.000071,0.000341,0.000053,0.000352
4.55768,365.38,4.356266,0.000901,4.355365,0.000070,0.000340,0.000053,0.000352
4.55808,365.41,4.347042,0.000899,4.346143,0.000070,0.000339,0.000052,0.000352
4.55848,365.44,4.337840,0.000898,4.336942,0.000070,0.000338,0.000052,0.000351
4.55888,365.48,4.328659,0.000896,4.327763,0.000070,0.000337,0.000052,0.000351
4.55928,365.51,4.319500,0.000895,4.318606,0.000069,0.000336,0.000052,0.000351
4.55968,365.54,4.310363,0.000893,4.309470,0.000069,0.000335,0.000052,0.000350
4.56008,365.57,4.301248,0.000891,4.300356,0.000069,0.000335,0.000052,0.000350
4.56048,365.60,4.292154,0.000890,4.291264,0.000069,0.000334,0.000052,0.000350
4.56088,365.64,4.283082,0.000888,4.282194,0.000069,0.000333,0.000052,0.000349
4.56128,365.67,4.274031,0.000887,4.273144,0.000068,0.000332,0.000052,0.000349
4.56168,365.70,4.265002,0.000885,4.264117,0.000068,0.000331,0.000052,0.000349
4.56208,365.73,4.255995,0.000884,4.255111,0.000068,0.000330,0.000052,0.000348
4.56248,365.76,4.247009,0.000882,4.246126,0.000068,0.000329,0.000052,0.000348
4.56288,365.80,4.238044,0.000881,4.237163,0.000067,0.000328,0.000052,0.000348
4.56328,365.83,4.229101,0.000879,4.228222,0.000067,0.000327,0.000052,0.000348
4.56368,365.86,4.220179,0.000878,4.219301,0.000067,0.000327,0.000052,0.000347
4.56408,365.89,4.211279,0.000876,4.210402,0.000067,0.000326,0.000052,0.000347
4.56448,365.92,4.202400,0.000875,4.201525,0.000066,0.000325,0.000052,0.000347
4.56488,365.96,4.193542,0.000873,4.192669,0.000066,0.000324,0.000052,0.000346
4.56528,365.99,4.184705,0.000872,4.183833,0.000066,0.000323,0.000052,0.000346
4.56568,366.02,4.175890,0.000870,4.175020,0.000066,0.000322,0.000051,0.000346
4.56608,366.05,4.167096,0.000869,4.166227,0.000065,0.000322,0.000051,0.000345
4.56648,366.09,4.158323,0.000868,4.157456,0.000065,0.000321,0.000051,0.000345
4.56688,366.12,4.149571,0.000866,4.148705,0.000065,0.000320,0.000051,0.000345
4.56728,366.15,4.140841,0.000865,4.139976,0.000065,0.000319,0.000051,0.000344
4.56768,366.18,4.132131,0.000863,4.131268,0.000065,0.000318,0.000051,0.000344
4.56808,366.21,4.123442,0.000862,4.122581,0.000064,0.000317,0.000051,0.000344
4.56848,366.25,4.114775,0.000860,4.113914,0.000064,0.000317,0.000051,0.000344
4.56888,366.28,4.106128,0.000859,4.105269,0.000064,0.000316,0.000051,0.000343
4.56928,366.31,4.097502,0.000858,4.096645,0.000064,0.000315,0.000051,0.000343
4.56968,366.34,4.088897,0.000856,4.088041,0.000063,0.000314,0.000051,0.000343
4.57008,366.37,4.080313,0.000855,4.079459,0.000063,0.000313,0.000051,0.000342
4.57048,366.41,4.071750,0.000853,4.070897,0.000063,0.000312,0.000051,0.000342
4.57088,366.44,4.063208,0.000852,4.062356,0.000063,0.000312,0.000051,0.000342
4.57128,366.47,4.054686,0.000851,4.053836,0.000063,0.000311,0.000051,0.000341
4.57168,366.50,4.046185,0.000849,4.045336,0.000062,0.000310,0.000051,0.000341
4.57208,366.53,4.037705,0.000848,4.036857,0.000062,0.000309,0.000051,0.000341
4.57248,366.57,4.029245,0.000846,4.028399,0.000062,0.000308,0.000051,0.000341
4.57288,366.60,4.020806,0.000845,4.019961,0.000062,0.000308,0.000051,0.000340
4.57328,366.63,4.012388,0.000844,4.011544,0.000062,0.000307,0.000050,0.000340
4.57368,366.66,4.003990,0.000842,4.003148,0.000061,0.000306,0.000050,0.000340
4.57408,366.69,3.995612,0.000841,3.994772,0.000061,0.000305,0.000050,0.000339
4.57448,366.73,3.987255,0.000840,3.986416,0.000061,0.000305,0.000050,0.000339
4.57488,366.76,3.978919,0.000838,3.978081,0.000061,0.000304,0.000050,0.000339
4.57528,366.79,3.970603,0.000837,3.969766,0.000061,0.000303,0.000050,0.000338
4.57568,366.82,3.962307,0.000836,3.961471,0.000060,0.000302,0.000050,0.000338
4.57608,366.85,3.954031,0.000834,3.953197,0.000060,0.000301,0.000050,0.000338
4.57648,366.89,3.945776,0.000833,3.944943,0.000060,0.000301,0.000050,0.000338
4.57688,366.92,3.937541,0.000832,3.936710,0.000060,0.000300,0.000050,0.000337
4.57728,366.95,3.929326,0.000830,3.928496,0.000060,0.000299,0.000050,0.000337
4.57768,366.98,3.921132,0.000829,3.920303,0.000059,0.000298,0.000050,0.000337
4.57808,367.02,3.912957,0.000828,3.912130,0.000059,0.000298,0.000050,0.000336
4.57848,367.05,3.904803,0.000826,3.903976,0.000059,0.000297,0.000050,0.000336
4.57888,367.08,3.896668,0.000825,3.895843,0.000059,0.000296,0.000050,0.000336
4.57928,367.11,3.888554,0.000824,3.887730,0.000059,0.000295,0.000050,0.000336
4.57968,367.14,3.880459,0.000822,3.879637,0.000058,0.000295,0.000050,0.000335
4.58008,367.18,3.872385,0.000821,3.871564,0.000058,0.000294,0.000050,0.000335
4.58048,367.21,3.864330,0.000820,3.863510,0.000058,0.000293,0.000050,0.000335
4.58088,367.24,3.856295,0.000818,3.855477,0.000058,0.000292,0.000050,0.000334
4.58128,367.27,3.848280,0.000817,3.847463,0.000058,0.000292,0.000049,0.000334
4.58168,367.30,3.840285,0.000816,3.839469,0.000057,0.000291,0.000049,0.000334
4.58208,367.34,3.832310,0.000815,3.831495,0.000057,0.000290,0.000049,0.000333
4.58248,367.37,3.824354,0.000813,3.823541,0.000057,0.000290,0.000049,0.000333
4.58288,367.40,3.816418,0.000812,3.815606,0.000057,0.000289,0.000049,0.000333
4.58328,367.43,3.808501,0.000811,3.807691,0.000057,0.000288,0.000049,0.000333
4.58368,367.46,3.800605,0.000810,3.799795,0.000057,0.000287,0.000049,0.000332
4.58408,367.50,3.792727,0.000808,3.791919,0.000056,0.000287,0.000049,0.000332
4.58448,367.53,3.784869,0.000807,3.784062,0.000056,0.000286,0.000049,0.000332
4.58488,367.56,3.777031,0.000806,3.776225,0.000056,0.000285,0.000049,0.000331
4.58528,367.59,3.769212,0.000805,3.768407,0.000056,0.000285,0.000049,0.000331
4.58568,367.62,3.761412,0.000803,3.760609,0.000056,0.000284,0.000049,0.000331
4.58608,367.66,3.753632,0.000802,3.752830,0.000055,0.000283,0.000049,0.000331
4.58648,367.69,3.745871,0.000801,3.745070,0.000055,0.000283,0.000049,0.000330
4.58688,367.72,3.738129,0.000800,3.737330,0.000055,0.000282,0.000049,0.000330
4.58728,367.75,3.730407,0.000798,3.729608,0.000055,0.000281,0.000049,0.000330
4.58768,367.78,3.722703,0.000797,3.721906,0.000055,0.000280,0.000049,0.000329
4.58808,367.82,3.715019,0.000796,3.714223,0.000055,0.000280,0.000049,0.000329
4.58848,367.85,3.707354,0.000795,3.706559,0.000054,0.000279,0.000049,0.000329
4.58888,367.88,3.699708,0.000794,3.698915,0.000054,0.000278,0.000049,0.000329
4.58928,367.91,3.692081,0.000792,3.691289,0.000054,0.000278,0.000048,0.000328
4.58968,367.95,3.684473,0.000791,3.683682,0.000054,0.000277,0.000048,0.000328
4.59008,367.98,3.676884,0.000790,3.676094,0.000054,0.000276,0.000048,0.000328
4.59048,368.01,3.669314,0.000789,3.668525,0.000054,0.000276,0.000048,0.000327
4.59088,368.04,3.661763,0.000788,3.660975,0.000053,0.000275,0.000048,0.000327
4.59128,368.07,3.654230,0.000786,3.653444,0.000053,0.000274,0.000048,0.000327
4.59168,368.11,3.646716,0.000785,3.645931,0.000053,0.000274,0.000048,0.000327
4.59208,368.14,3.639221,0.000784,3.638437,0.000053,0.000273,0.000048,0.000326
4.59248,368.17,3.631745,0.000783,3.630962,0.000053,0.000272,0.000048,0.000326
4.59288,368.20,3.624287,0.000782,3.623506,0.000053,0.000272,0.000048,0.000326
4.59328,368.23,3.616848,0.000781,3.616068,0.000052,0.000271,0.000048,0.000326
4.59368,368.27,3.609428,0.000779,3.608648,0.000052,0.000270,0.000048,0.000325
4.59408,368.30,3.602026,0.000778,3.601248,0.000052,0.000270,0.000048,0.000325
4.59448,368.33,3.594642,0.000777,3.593865,0.000052,0.000269,0.000048,0.000325
4.59488,368.36,3.587277,0.000776,3.586501,0.000052,0.000269,0.000048,0.000324
4.59528,368.39,3.579931,0.000775,3.579156,0.000052,0.000268,0.000048,0.000324
4.59568,368.43,3.572603,0.000774,3.571829,0.000051,0.000267,0.000048,0.000324
4.59608,368.46,3.565293,0.000772,3.564520,0.000051,0.000267,0.000048,0.000324
4.59648,368.49,3.558001,0.000771,3.557230,0.000051,0.000266,0.000048,0.000323
4.59688,368.52,3.550728,0.000770,3.549958,0.000051,0.000265,0.000048,0.000323
4.59728,368.55,3.543473,0.000769,3.542704,0.000051,0.000265,0.000048,0.000323
4.59768,368.59,3.536236,0.000768,3.535468,0.000051,0.000264,0.000047,0.000322
4.59808,368.62,3.529017,0.000767,3.528250,0.000051,0.000263,0.000047,0.000322
4.59848,368.65,3.521816,0.000766,3.521050,0.000050,0.000263,0.000047,0.000322
4.59888,368.68,3.514633,0.000765,3.513869,0.000050,0.000262,0.000047,0.000322
4.59928,368.71,3.507468,0.000763,3.506705,0.000050,0.000262,0.000047,0.000321
4.59968,368.75,3.500322,0.000762,3.499559,0.000050,0.000261,0.000047,0.000321
4.60008,368.78,3.493193,0.000761,3.492432,0.000050,0.000260,0.000047,0.000321
4.60048,368.81,3.486082,0.000760,3.485322,0.000050,0.000260,0.000047,0.000321
4.60088,368.84,3.478989,0.000759,3.478230,0.000049,0.000259,0.000047,0.000320
4.60128,368.88,3.471913,0.000758,3.471155,0.000049,0.000259,0.000047,0.000320
4.60168,368.91,3.464856,0.000757,3.464099,0.000049,0.000258,0.000047,0.000320
4.60208,368.94,3.457816,0.000756,3.457060,0.000049,0.000257,0.000047,0.000319
4.60248,368.97,3.450793,0.000755,3.450039,0.000049,0.000257,0.000047,0.000319
4.60288,369.00,3.443789,0.000754,3.443035,0.000049,0.000256,0.000047,0.000319
4.60328,369.04,3.436802,0.000752,3.436049,0.000049,0.000256,0.000047,0.000319
4.60368,369.07,3.429832,0.000751,3.429081,0.000048,0.000255,0.000047,0.000318
4.60408,369.10,3.422880,0.000750,3.422130,0.000048,0.000254,0.000047,0.000318
4.60448,369.13,3.415946,0.000749,3.415197,0.000048,0.000254,0.000047,0.000318
4.60488,369.16,3.409029,0.000748,3.408281,0.000048,0.000253,0.000047,0.000318
4.60528,369.20,3.402129,0.000747,3.401382,0.000048,0.000253,0.000047,0.000317
4.60568,369.23,3.395247,0.000746,3.394501,0.000048,0.000252,0.000047,0.000317
4.60608,369.26,3.388382,0.000745,3.387637,0.000048,0.000251,0.000047,0.000317
4.60648,369.29,3.381534,0.000744,3.380790,0.000047,0.000251,0.000046,0.000317
4.60688,369.32,3.374703,0.000743,3.373960,0.000047,0.000250,0.000046,0.000316
4.60728,369.36,3.367890,0.000742,3.367148,0.000047,0.000250,0.000046,0.000316
4.60768,369.39,3.361094,0.000741,3.360353,0.000047,0.000249,0.000046,0.000316
4.60808,369.42,3.354314,0.000740,3.353575,0.000047,0.000249,0.000046,0.000315
4.60848,369.45,3.347552,0.000739,3.346814,0.000047,0.000248,0.000046,0.000315
4.60888,369.48,3.340807,0.000738,3.340070,0.000047,0.000247,0.000046,0.000315
4.60928,369.52,3.334079,0.000737,3.333342,0.000046,0.000247,0.000046,0.000315
4.60968,369.55,3.327368,0.000736,3.326632,0.000046,0.000246,0.000046,0.000314
4.61008,369.58,3.320674,0.000735,3.319939,0.000046,0.000246,0.000046,0.000314
4.61048,369.61,3.313996,0.000734,3.313263,0.000046,0.000245,0.000046,0.000314
4.61088,369.64,3.307335,0.000732,3.306603,0.000046,0.000245,0.000046,0.000314
4.61128,369.68,3.300691,0.000731,3.299960,0.000046,0.000244,0.000046,0.000313
4.61168,369.71,3.294064,0.000730,3.293334,0.000046,0.000244,0.000046,0.000313
4.61208,369.74,3.287454,0.000729,3.286724,0.000046,0.000243,0.000046,0.000313
4.61248,369.77,3.280860,0.000728,3.280132,0.000045,0.000242,0.000046,0.000313
4.61288,369.81,3.274283,0.000727,3.273555,0.000045,0.000242,0.000046,0.000312
4.61328,369.84,3.267722,0.000726,3.266996,0.000045,0.000241,0.000046,0.000312
4.61368,369.87,3.261178,0.000725,3.260453,0.000045,0.000241,0.000046,0.000312
4.61408,369.90,3.254650,0.000724,3.253926,0.000045,0.000240,0.000046,0.000311
4.61448,369.93,3.248139,0.000723,3.247416,0.000045,0.000240,0.000046,0.000311
4.61488,369.97,3.241644,0.000722,3.240922,0.000045,0.000239,0.000046,0.000311
4.61528,370.00,3.235166,0.000721,3.234444,0.000045,0.000239,0.000045,0.000311
4.61568,370.03,3.228704,0.000720,3.227983,0.000044,0.000238,0.000045,0.000310
4.61608,370.06,3.222258,0.000719,3.221538,0.000044,0.000238,0.000045,0.000310
4.61648,370.09,3.215828,0.000718,3.215110,0.000044,0.000237,0.000045,0.000310
4.61688,370.13,3.209415,0.000717,3.208697,0.000044,0.000237,0.000045,0.000310
4.61728,370.16,3.203017,0.000716,3.202301,0.000044,0.000236,0.000045,0.000309
4.61768,370.19,3.196636,0.000715,3.195921,0.000044,0.000235,0.000045,0.000309
4.61808,370.22,3.190271,0.000715,3.189557,0.000044,0.000235,0.000045,0.000309
4.61848,370.25,3.183922,0.000714,3.183208,0.000044,0.000234,0.000045,0.000309
4.61888,370.29,3.177589,0.000713,3.176876,0.000043,0.000234,0.000045,0.000308
4.61928,370.32,3.171272,0.000712,3.170560,0.000043,0.000233,0.000045,0.000308
4.61968,370.35,3.164971,0.000711,3.164260,0.000043,0.000233,0.000045,0.000308
4.62008,370.38,3.158685,0.000710,3.157976,0.000043,0.000232,0.000045,0.000308
4.62048,370.41,3.152416,0.000709,3.151707,0.000043,0.000232,0.000045,0.000307
4.62088,370.45,3.146162,0.000708,3.145454,0.000043,0.000231,0.000045,0.000307
4.62128,370.48,3.139924,0.000707,3.139217,0.000043,0.000231,0.000045,0.000307
4.62168,370.51,3.133702,0.000706,3.132996,0.000043,0.000230,0.000045,0.000307
4.62208,370.54,3.127495,0.000705,3.126791,0.000042,0.000230,0.000045,0.000306
4.62248,370.57,3.121305,0.000704,3.120601,0.000042,0.000229,0.000045,0.000306
4.62288,370.61,3.115129,0.000703,3.114426,0.000042,0.000229,0.000045,0.000306
4.62328,370.64,3.108970,0.000702,3.108267,0.000042,0.000228,0.000045,0.000306
4.62368,370.67,3.102825,0.000701,3.102124,0.000042,0.000228,0.000045,0.000305
4.62408,370.70,3.096697,0.000700,3.095996,0.000042,0.000227,0.000045,0.000305
4.62448,370.74,3.090583,0.000699,3.089884,0.000042,0.000227,0.000044,0.000305
4.62488,370.77,3.084485,0.000698,3.083787,0.000042,0.000226,0.000044,0.000305
4.62528,370.80,3.078403,0.000697,3.077705,0.000042,0.000226,0.000044,0.000304
4.62568,370.83,3.072336,0.000696,3.071639,0.000041,0.000225,0.000044,0.000304
4.62608,370.86,3.066284,0.000696,3.065588,0.000041,0.000225,0.000044,0.000304
4.62648,370.90,3.060247,0.000695,3.059552,0.000041,0.000224,0.000044,0.000304
4.62688,370.93,3.054225,0.000694,3.053532,0.000041,0.000224,0.000044,0.000303
4.62728,370.96,3.048219,0.000693,3.047526,0.000041,0.000223,0.000044,0.000303
4.62768,370.99,3.042228,0.000692,3.041536,0.000041,0.000223,0.000044,0.000303
4.62808,371.02,3.036252,0.000691,3.035561,0.000041,0.000222,0.000044,0.000303
4.62848,371.06,3.030290,0.000690,3.029600,0.000041,0.000222,0.000044,0.000302
4.62888,371.09,3.024344,0.000689,3.023655,0.000040,0.000221,0.000044,0.000302
4.62928,371.12,3.018413,0.000688,3.017725,0.000040,0.000221,0.000044,0.000302
4.62968,371.15,3.012497,0.000687,3.011810,0.000040,0.000221,0.000044,0.000302
4.63008,371.18,3.006596,0.000686,3.005909,0.000040,0.000220,0.000044,0.000301
4.63048,371.22,3.000709,0.000686,3.000024,0.000040,0.000220,0.000044,0.000301
4.63088,371.25,2.994837,0.000685,2.994153,0.000040,0.000219,0.000044,0.000301
4.63128,371.28,2.988981,0.000684,2.988297,0.000040,0.000219,0.000044,0.000301
4.63168,371.31,2.983138,0.000683,2.982456,0.000040,0.000218,0.000044,0.000300
4.63208,371.34,2.977311,0.000682,2.976629,0.000040,0.000218,0.000044,0.000300
4.63248,371.38,2.971498,0.000681,2.970817,0.000040,0.000217,0.000044,0.000300
4.63288,371.41,2.965700,0.000680,2.965020,0.000039,0.000217,0.000044,0.000300
4.63328,371.44,2.959916,0.000679,2.959237,0.000039,0.000216,0.000044,0.000299
4.63368,371.47,2.954147,0.000678,2.953469,0.000039,0.000216,0.000044,0.000299
4.63408,371.50,2.948393,0.000678,2.947715,0.000039,0.000215,0.000043,0.000299
4.63448,371.54,2.942653,0.000677,2.941976,0.000039,0.000215,0.000043,0.000299
4.63488,371.57,2.936927,0.000676,2.936251,0.000039,0.000214,0.000043,0.000298
4.63528,371.60,2.931216,0.000675,2.930541,0.000039,0.000214,0.000043,0.000298
4.63568,371.63,2.925519,0.000674,2.924845,0.000039,0.000214,0.000043,0.000298
4.63608,371.67,2.919836,0.000673,2.919163,0.000039,0.000213,0.000043,0.000298
4.63648,371.70,2.914168,0.000672,2.913495,0.000038,0.000213,0.000043,0.000297
4.63688,371.73,2.908514,0.000672,2.907842,0.000038,0.000212,0.000043,0.000297
4.63728,371.76,2.902874,0.000671,2.902203,0.000038,0.000212,0.000043,0.000297
4.63768,371.79,2.897248,0.000670,2.896578,0.000038,0.000211,0.000043,0.000297
4.63808,371.83,2.891636,0.000669,2.890967,0.000038,0.000211,0.000043,0.000296
4.63848,371.86,2.886039,0.000668,2.885371,0.000038,0.000210,0.000043,0.000296
4.63888,371.89,2.880455,0.000667,2.879788,0.000038,0.000210,0.000043,0.000296
4.63928,371.92,2.874886,0.000666,2.874219,0.000038,0.000210,0.000043,0.000296
4.63968,371.95,2.869330,0.000666,2.868665,0.000038,0.000209,0.000043,0.000295
4.64008,371.99,2.863789,0.000665,2.863124,0.000038,0.000209,0.000043,0.000295
4.64048,372.02,2.858261,0.000664,2.857597,0.000037,0.000208,0.000043,0.000295
4.64088,372.05,2.852747,0.000663,2.852084,0.000037,0.000208,0.000043,0.000295
4.64128,372.08,2.847247,0.000662,2.846585,0.000037,0.000207,0.000043,0.000294
4.64168,372.11,2.841761,0.000661,2.841100,0.000037,0.000207,0.000043,0.000294
4.64208,372.15,2.836289,0.000661,2.835628,0.000037,0.000206,0.000043,0.000294
4.64248,372.18,2.830830,0.000660,2.830170,0.000037,0.000206,0.000043,0.000294
4.64288,372.21,2.825385,0.000659,2.824726,0.000037,0.000206,0.000043,0.000294
4.64328,372.24,2.819953,0.000658,2.819295,0.000037,0.000205,0.000043,0.000293
4.64368,372.27,2.814536,0.000657,2.813878,0.000037,0.000205,0.000043,0.000293
4.64408,372.31,2.809131,0.000656,2.808475,0.000037,0.000204,0.000042,0.000293
4.64448,372.34,2.803741,0.000656,2.803085,0.000037,0.000204,0.000042,0.000293
4.64488,372.37,2.798363,0.000655,2.797709,0.000036,0.000204,0.000042,0.000292
4.64528,372.40,2.793000,0.000654,2.792346,0.000036,0.000203,0.000042,0.000292
4.64568,372.43,2.787649,0.000653,2.786996,0.000036,0.000203,0.000042,0.000292
4.64608,372.47,2.782312,0.000652,2.781660,0.000036,0.000202,0.000042,0.000292
4.64648,372.50,2.776989,0.000652,2.776337,0.000036,0.000202,0.000042,0.000291
4.64688,372.53,2.771679,0.000651,2.771028,0.000036,0.000201,0.000042,0.000291
4.64728,372.56,2.766382,0.000650,2.765732,0.000036,0.000201,0.000042,0.000291
4.64768,372.60,2.761098,0.000649,2.760449,0.000036,0.000201,0.000042,0.000291
4.64808,372.63,2.755827,0.000648,2.755179,0.000036,0.000200,0.000042,0.000290
4.64848,372.66,2.750570,0.000648,2.749922,0.000036,0.000200,0.000042,0.000290
4.64888,372.69,2.745326,0.000647,2.744679,0.000036,0.000199,0.000042,0.000290
4.64928,372.72,2.740095,0.000646,2.739449,0.000035,0.000199,0.000042,0.000290
4.64968,372.76,2.734877,0.000645,2.734231,0.000035,0.000199,0.000042,0.000289
4.65008,372.79,2.729671,0.000644,2.729027,0.000035,0.000198,0.000042,0.000289
4.65048,372.82,2.724479,0.000644,2.723836,0.000035,0.000198,0.000042,0.000289
4.65088,372.85,2.719300,0.000643,2.718658,0.000035,0.000197,0.000042,0.000289
4.65128,372.88,2.714134,0.000642,2.713492,0.000035,0.000197,0.000042,0.000289
4.65168,372.92,2.708981,0.000641,2.708340,0.000035,0.000197,0.000042,0.000288
4.65208,372.95,2.703840,0.000640,2.703200,0.000035,0.000196,0.000042,0.000288
4.65248,372.98,2.698713,0.000640,2.698073,0.000035,0.000196,0.000042,0.000288
4.65288,373.01,2.693598,0.000639,2.692959,0.000035,0.000195,0.000042,0.000288
4.65328,373.04,2.688496,0.000638,2.687858,0.000035,0.000195,0.000042,0.000287
4.65368,373.08,2.683407,0.000637,2.682769,0.000034,0.000195,0.000042,0.000287
4.65408,373.11,2.678330,0.000637,2.677693,0.000034,0.000194,0.000042,0.000287
4.65448,373.14,2.673266,0.000636,2.672630,0.000034,0.000194,0.000041,0.000287
4.65488,373.17,2.668214,0.000635,2.667579,0.000034,0.000193,0.000041,0.000286
4.65528,373.20,2.663176,0.000634,2.662541,0.000034,0.000193,0.000041,0.000286
4.65568,373.24,2.658149,0.000633,2.657516,0.000034,0.000193,0.000041,0.000286
4.65608,373.27,2.653136,0.000633,2.652503,0.000034,0.000192,0.000041,0.000286
4.65648,373.30,2.648134,0.000632,2.647502,0.000034,0.000192,0.000041,0.000286
4.65688,373.33,2.643145,0.000631,2.642514,0.000034,0.000191,0.000041,0.000285
4.65728,373.36,2.638169,0.000630,2.637538,0.000034,0.000191,0.000041,0.000285
4.65768,373.40,2.633205,0.000630,2.632575,0.000034,0.000191,0.000041,0.000285
4.65808,373.43,2.628253,0.000629,2.627624,0.000034,0.000190,0.000041,0.000285
4.65848,373.46,2.623313,0.000628,2.622685,0.000033,0.000190,0.000041,0.000284
4.65888,373.49,2.618386,0.000627,2.617759,0.000033,0.000190,0.000041,0.000284
4.65928,373.52,2.613471,0.000627,2.612845,0.000033,0.000189,0.000041,0.000284
4.65968,373.56,2.608568,0.000626,2.607942,0.000033,0.000189,0.000041,0.000284
4.66008,373.59,2.603678,0.000625,2.603053,0.000033,0.000188,0.000041,0.000284
4.66048,373.62,2.598799,0.000624,2.598175,0.000033,0.000188,0.000041,0.000283
4.66088,373.65,2.593933,0.000624,2.593309,0.000033,0.000188,0.000041,0.000283
4.66128,373.69,2.589079,0.000623,2.588456,0.000033,0.000187,0.000041,0.000283
4.66168,373.72,2.584236,0.000622,2.583614,0.000033,0.000187,0.000041,0.000283
4.66208,373.75,2.579406,0.000621,2.578785,0.000033,0.000187,0.000041,0.000282
4.66248,373.78,2.574588,0.000621,2.573967,0.000033,0.000186,0.000041,0.000282
4.66288,373.81,2.569781,0.000620,2.569161,0.000033,0.000186,0.000041,0.000282
4.66328,373.85,2.564987,0.000619,2.564368,0.000032,0.000185,0.000041,0.000282
4.66368,373.88,2.560204,0.000619,2.559586,0.000032,0.000185,0.000041,0.000281
4.66408,373.91,2.555434,0.000618,2.554816,0.000032,0.000185,0.000041,0.000281
4.66448,373.94,2.550675,0.000617,2.550057,0.000032,0.000184,0.000041,0.000281
4.66488,373.97,2.545927,0.000616,2.545311,0.000032,0.000184,0.000041,0.000281
4.66528,374.01,2.541192,0.000616,2.540576,0.000032,0.000184,0.000040,0.000281
4.66568,374.04,2.536468,0.000615,2.535853,0.000032,0.000183,0.000040,0.000280
4.66608,374.07,2.531756,0.000614,2.531142,0.000032,0.000183,0.000040,0.000280
4.66648,374.10,2.527056,0.000613,2.526442,0.000032,0.000183,0.000040,0.000280
4.66688,374.13,2.522367,0.000613,2.521754,0.000032,0.000182,0.000040,0.000280
4.66728,374.17,2.517690,0.000612,2.517078,0.000032,0.000182,0.000040,0.000279
4.66768,374.20,2.513024,0.000611,2.512413,0.000032,0.000182,0.000040,0.000279
4.66808,374.23,2.508370,0.000611,2.507759,0.000032,0.000181,0.000040,0.000279
4.66848,374.26,2.503727,0.000610,2.503117,0.000031,0.000181,0.000040,0.000279
4.66888,374.29,2.499096,0.000609,2.498486,0.000031,0.000180,0.000040,0.000279
4.66928,374.33,2.494476,0.000608,2.493867,0.000031,0.000180,0.000040,0.000278
4.66968,374.36,2.489867,0.000608,2.489260,0.000031,0.000180,0.000040,0.000278
4.67008,374.39,2.485270,0.000607,2.484663,0.000031,0.000179,0.000040,0.000278
4.67048,374.42,2.480684,0.000606,2.480078,0.000031,0.000179,0.000040,0.000278
4.67088,374.45,2.476110,0.000606,2.475504,0.000031,0.000179,0.000040,0.000277
4.67128,374.49,2.471547,0.000605,2.470942,0.000031,0.000178,0.000040,0.000277
4.67168,374.52,2.466995,0.000604,2.466390,0.000031,0.000178,0.000040,0.000277
4.67208,374.55,2.462454,0.000604,2.461850,0.000031,0.000178,0.000040,0.000277
4.67248,374.58,2.457924,0.000603,2.457321,0.000031,0.000177,0.000040,0.000277
4.67288,374.62,2.453406,0.000602,2.452804,0.000031,0.000177,0.000040,0.000276
4.67328,374.65,2.448898,0.000602,2.448297,0.000031,0.000177,0.000040,0.000276
4.67368,374.68,2.444402,0.000601,2.443801,0.000030,0.000176,0.000040,0.000276
4.67408,374.71,2.439917,0.000600,2.439317,0.000030,0.000176,0.000040,0.000276
4.67448,374.74,2.435442,0.000599,2.434843,0.000030,0.000176,0.000040,0.000276
4.67488,374.78,2.430979,0.000599,2.430380,0.000030,0.000175,0.000040,0.000275
4.67528,374.81,2.426527,0.000598,2.425929,0.000030,0.000175,0.000040,0.000275
4.67568,374.84,2.422085,0.000597,2.421488,0.000030,0.000175,0.000040,0.000275
4.67608,374.87,2.417655,0.000597,2.417058,0.000030,0.000174,0.000039,0.000275
4.67648,374.90,2.413235,0.000596,2.412639,0.000030,0.000174,0.000039,0.000274
4.67688,374.94,2.408826,0.000595,2.408231,0.000030,0.000174,0.000039,0.000274
4.67728,374.97,2.404428,0.000595,2.403834,0.000030,0.000173,0.000039,0.000274
4.67768,375.00,2.400041,0.000594,2.399447,0.000030,0.000173,0.000039,0.000274
4.67808,375.03,2.395664,0.000593,2.395071,0.000030,0.000173,0.000039,0.000274
4.67848,375.06,2.391299,0.000593,2.390706,0.000030,0.000172,0.000039,0.000273
4.67888,375.10,2.386944,0.000592,2.386351,0.000030,0.000172,0.000039,0.000273
4.67928,375.13,2.382599,0.000591,2.382008,0.000030,0.000172,0.000039,0.000273
4.67968,375.16,2.378265,0.000591,2.377674,0.000029,0.000171,0.000039,0.000273
4.68008,375.19,2.373942,0.000590,2.373352,0.000029,0.000171,0.000039,0.000272
4.68048,375.22,2.369629,0.000589,2.369040,0.000029,0.000171,0.000039,0.000272
4.68088,375.26,2.365327,0.000589,2.364738,0.000029,0.000170,0.000039,0.000272
4.68128,375.29,2.361035,0.000588,2.360447,0.000029,0.000170,0.000039,0.000272
4.68168,375.32,2.356754,0.000587,2.356167,0.000029,0.000170,0.000039,0.000272
4.68208,375.35,2.352483,0.000587,2.351896,0.000029,0.000169,0.000039,0.000271
4.68248,375.38,2.348223,0.000586,2.347637,0.000029,0.000169,0.000039,0.000271
4.68288,375.42,2.343973,0.000585,2.343387,0.000029,0.000169,0.000039,0.000271
4.68328,375.45,2.339733,0.000585,2.339148,0.000029,0.000168,0.000039,0.000271
4.68368,375.48,2.335504,0.000584,2.334920,0.000029,0.000168,0.000039,0.000271
4.68408,375.51,2.331285,0.000583,2.330701,0.000029,0.000168,0.000039,0.000270
4.68448,375.55,2.327076,0.000583,2.326493,0.000029,0.000168,0.000039,0.000270
4.68488,375.58,2.322878,0.000582,2.322295,0.000029,0.000167,0.000039,0.000270
4.68528,375.61,2.318689,0.000582,2.318108,0.000029,0.000167,0.000039,0.000270
4.68568,375.64,2.314511,0.000581,2.313930,0.000028,0.000167,0.000039,0.000270
4.68608,375.67,2.310343,0.000580,2.309763,0.000028,0.000166,0.000039,0.000269
4.68648,375.71,2.306185,0.000580,2.305606,0.000028,0.000166,0.000039,0.000269
4.68688,375.74,2.302038,0.000579,2.301459,0.000028,0.000166,0.000039,0.000269
4.68728,375.77,2.297900,0.000578,2.297322,0.000028,0.000165,0.000039,0.000269
4.68768,375.80,2.293772,0.000578,2.293195,0.000028,0.000165,0.000038,0.000268
4.68808,375.83,2.289655,0.000577,2.289078,0.000028,0.000165,0.000038,0.000268
4.68848,375.87,2.285547,0.000576,2.284971,0.000028,0.000164,0.000038,0.000268
4.68888,375.90,2.281449,0.000576,2.280874,0.000028,0.000164,0.000038,0.000268
4.68928,375.93,2.277362,0.000575,2.276787,0.000028,0.000164,0.000038,0.000268
4.68968,375.96,2.273284,0.000574,2.272709,0.000028,0.000164,0.000038,0.000267
4.69008,375.99,2.269216,0.000574,2.268642,0.000028,0.000163,0.000038,0.000267
4.69048,376.03,2.265158,0.000573,2.264585,0.000028,0.000163,0.000038,0.000267
4.69088,376.06,2.261109,0.000573,2.260537,0.000028,0.000163,0.000038,0.000267
4.69128,376.09,2.257071,0.000572,2.256499,0.000028,0.000162,0.000038,0.000267
4.69168,376.12,2.253042,0.000571,2.252471,0.000027,0.000162,0.000038,0.000266
4.69208,376.15,2.249023,0.000571,2.248452,0.000027,0.000162,0.000038,0.000266
4.69248,376.19,2.245014,0.000570,2.244444,0.000027,0.000161,0.000038,0.000266
4.69288,376.22,2.241014,0.000569,2.240445,0.000027,0.000161,0.000038,0.000266
4.69328,376.25,2.237024,0.000569,2.236455,0.000027,0.000161,0.000038,0.000266
4.69368,376.28,2.233044,0.000568,2.232476,0.000027,0.000161,0.000038,0.000265
4.69408,376.31,2.229073,0.000568,2.228506,0.000027,0.000160,0.000038,0.000265
4.69448,376.35,2.225112,0.000567,2.224545,0.000027,0.000160,0.000038,0.000265
4.69488,376.38,2.221160,0.000566,2.220594,0.000027,0.000160,0.000038,0.000265
4.69528,376.41,2.217218,0.000566,2.216652,0.000027,0.000159,0.000038,0.000265
4.69568,376.44,2.213286,0.000565,2.212720,0.000027,0.000159,0.000038,0.000264
4.69608,376.48,2.209363,0.000565,2.208798,0.000027,0.000159,0.000038,0.000264
4.69648,376.51,2.205449,0.000564,2.204885,0.000027,0.000159,0.000038,0.000264
4.69688,376.54,2.201545,0.000563,2.200981,0.000027,0.000158,0.000038,0.000264
4.69728,376.57,2.197650,0.000563,2.197087,0.000027,0.000158,0.000038,0.000264
4.69768,376.60,2.193764,0.000562,2.193202,0.000027,0.000158,0.000038,0.000263
4.69808,376.64,2.189888,0.000562,2.189326,0.000027,0.000157,0.000038,0.000263
4.69848,376.67,2.186021,0.000561,2.185460,0.000026,0.000157,0.000038,0.000263
4.69888,376.70,2.182163,0.000560,2.181603,0.000026,0.000157,0.000038,0.000263
4.69928,376.73,2.178315,0.000560,2.177755,0.000026,0.000157,0.000038,0.000263
4.69968,376.76,2.174476,0.000559,2.173917,0.000026,0.000156,0.000037,0.000262
